molecule_id,smiles
m_005e53,CN(Cc1ncccc1C(=O)O)CC1(c2ccc(Br)cc2)CC1;Cc1ccc(C(=O)NCC(=O)Nc2ccc(Br)c(C)c2)cc1C;O=C(O)c1cccnc1CN1CCC(c2ccccc2Br)CC1;N#Cc1ccc(OCC(=O)Nc2ccc(-c3cn4ccsc4n3)cc2)cc1;CN1C(=O)c2ccc(S(=O)(=O)N3CCC(F)(F)C(CO)C3)cc2C1=O;CC1=CC(OC(=O)CCC(=O)O)=C2C=CC=CC2=C1OC(=O)CCC(=O)O;COC(=O)C[C@H](OC(=O)/C=C/C1=CC=C(O)C(O)=C1)C1=CC=C(O)C(O)=C1;COC(=O)C[C@@H](OC(=O)/C=C/C1=CC=C(O)C(O)=C1)C1=CC=C(O)C(O)=C1;COC(=O)C1=CC(OC)=CC=C1C(=O)C1=CC(OC)=C(O)C=C1C(=O)OC;COC1=CC=C([C@]2(COC(C)=O)COC3=CC(O)=CC(O)=C3C2=O)C=C1O;CC(=O)OC1=CC=C([C@H]2OC3=CC(O)=CC(O)=C3C[C@H]2O)C=C1OC(C)=O;CC(=O)OC1=CC(O)=C2C[C@@H](OC(C)=O)[C@@H](C3=CC=C(O)C(O)=C3)OC2=C1;COC1=CC(C[C@@H](OC(=O)C=CC2=CC=C(O)C(O)=C2)C(=O)O)=CC=C1O;COC1=CC(C[C@@H](OC(=O)/C=C/C2=CC=C(O)C(O)=C2)C(=O)O)=CC=C1O;COC1=CC(/C=C/C(=O)O[C@H](CC2=CC=C(O)C(O)=C2)C(=O)O)=CC=C1O;COC1=CC=C(C=CC(=O)OC(CC2=CC=C(O)C(O)=C2)C(=O)O)C=C1O;CC(=O)CCC1=C(O)C=C2O[C@H](C3=CC=C(O)C(O)=C3)[C@@H](O)C(=O)C2=C1O;O=C1C(O)=C(C2=CC=C(O)C=C2)OC2=CC(O)=CC(OCC(CO)CO)=C12;O=C(C1=CC=CC=C1)C1=CC=C(O[C@@H]2O[C@H](C(=O)O)[C@@H](O)[C@H](O)[C@H]2O)C=C1;COC1=C(OC)C(O)=C2C(=O)C(OC)=C(C3=CC=C(O)C=C3)OC2=C1OC;COC1=C(O)C(OC)=C2OC(C3=CC=C(O)C=C3)=C(OC)C(=O)C2=C1OC;C[C@@](O)(C[C@@H]1C=C(CO)C(=O)O1)[C@H]1COC2=CC=C3C=CC(=O)OC3=C2O1;C[C@@](O)(C[C@@H]1C=C(CO)C(=O)O1)[C@@H]1COC2=CC=C3C=CC(=O)OC3=C2O1;COC1=CC=CC2=C1OC1=C3C[C@H](C(O)(CO)CO)OC3=CC(O)=C1C2=O;COC1=CC=C(C2=C(OC)C(=O)C3=C(O)C(OC)=C(O)C(OC)=C3O2)C=C1
m_006153,COc1ccc(N2CC(C(=O)Nc3nncn3C3CC3)CC2=O)cc1;CN1C(=O)CC(C(=O)Nc2cccc(C(N)=O)c2)C1c1ccnn1C;CC(=O)Nc1ccc(C(=O)CSc2ccc(C(C)(C)C)cc2)cc1;O=C(Nc1ccn(CC(F)(F)F)n1)c1cc(C2CCCCC2)n[nH]1;CC(c1ccc(F)cc1F)N1CCN(CC(=O)NCC(=O)O)CC1;COC1=CC2=C(C=C1OC)[C@H](CC1=CC=C(O)C=C1)N(C(C)=O)CC2;COC1=CC2=C(C=C1OC)[C@@H](CC1=CC=C(O)C=C1)N(C(C)=O)CC2;COC1=CC=C(CC(=O)N2CCC3=CC(OC)=C(OC)C=C3C2)C=C1;COC1=CC=C(C(=O)CN2CCC3=CC(OC)=C(OC)C=C3C2)C=C1;COC1=CC2=C(C=C1OC)[C@H](C)N(C(=O)COC1=CC=CC=C1)CC2;COC1=CC=C([C@H]2C3=CC(OC)=C(OC)C=C3CCN2C(C)=O)C=C1;COC1=CC=C([C@@H]2C3=CC(OC)=C(OC)C=C3CCN2C(C)=O)C=C1;COC1=CC=C(C(=O)N2CCC3=CC(OC)=C(OC)C=C3C2C)C=C1;COC1=CC=C(CCNC(=O)[C@H]2OCCC3=CC=CC=C32)C=C1OC;COC1=CC=C(CCNC(=O)[C@@H]2OCCC3=CC=CC=C32)C=C1OC;CCOC1=CC2=C(C=C1OCC)[C@H](C1=CC=C(C(=O)O)C=C1)NCC2;CCOC1=CC2=C(C=C1OCC)[C@@H](C1=CC=C(C(=O)O)C=C1)NCC2;COC(=O)C1CCN(CC2=CC(=O)OC3=CC4=C(C=C23)CCC4)CC1;COC1=CC=C(CC(=O)N[C@H]2[C@H](O)[C@H](O)C[C@@H]2C2=CC=CC=C2)C=C1;COC1=CC2=C(C=C1OC)[C@H]1CC3=CC=C(OC)C(O)=C3[C@@H](C2)N1C;COC1=CC2=C(C=C1OC)[C@@H]1CC3=CC=C(OC)C(O)=C3[C@H](C2)N1C;COC1=CC=C(CCNC(=O)[C@H]2COC3=CC=CC=C3C2)C=C1OC;COC1=CC=C(CCNC(=O)[C@@H]2COC3=CC=CC=C3C2)C=C1OC;COC(=O)[C@]1(CC2=CC=CC=C2)NCCC2=CC(OC)=C(OC)C=C21;COC(=O)[C@@]1(CC2=CC=CC=C2)NCCC2=CC(OC)=C(OC)C=C21
m_00b5aa,COc1ccnc(CN2CCOCC3(CCCC3)C2)c1OC;Cn1c(C2CCCCN2Cc2ccncc2)nc2ccccc21;CN(Cc1cccnc1)CC1CCN(c2ccc(C#N)cc2)C1;CCn1ccnc(N2CCC(NC3CCCOC3)CC2)c1=O;Cc1cccc(NCC2CCN(Cc3cccc(C#N)c3)C2)n1;CC1=CC=C(CN2CC[C@H](C3=NC4=CC(C)=CC=C4O3)C2)C=C1;O[C@H](C#CCN1CCCC[C@@H]1C1=CC=CN=C1)C1=CC=CC=C1;O[C@@H](C#CCN1CCCC[C@@H]1C1=CC=CN=C1)C1=CC=CC=C1;CC1(C(=O)O)C=C2CCC3C(C)(CO)CCCC3(C)C2CC1;C[C@@]12CCO[C@H]1C1=CC[C@H]3[C@](O)(CO)CCC[C@]3(C)[C@H]1CC2;C[C@@]12CCO[C@H]1C1=CC[C@H]3[C@@](O)(CO)CCC[C@]3(C)[C@H]1CC2;C[C@@]12CCO[C@@H]1C1=CC[C@H]3[C@](O)(CO)CCC[C@]3(C)[C@H]1CC2;C[C@@]12CCO[C@@H]1C1=CC[C@H]3[C@@](O)(CO)CCC[C@]3(C)[C@H]1CC2;CC(=O)OCCCC[C@H]1O[C@H]2CCCC[C@H]2C2=CCCC[C@H]21;CC(=O)OCCCC[C@H]1O[C@H]2CCCC[C@H]2C2=CCCC[C@@H]21;CC(=O)OCCCC[C@@H]1O[C@H]2CCCC[C@H]2C2=CCCC[C@H]21;CC(=O)OCCCC[C@@H]1O[C@H]2CCCC[C@H]2C2=CCCC[C@@H]21;CC(=O)OCCCCC1OC2CCCC[C@H]2C2=CCCCC21;CC12CCC(O)C=C1CC(O)C1C2CCC2(C)C(O)CCC12;CCCNC(=O)C[C@H]1CCN(C(=O)C2=CC=CO2)C[C@@H]1CC;CCCNC(=O)C[C@@H]1CCN(C(=O)C2=CC=CO2)C[C@@H]1CC;CCCCCCCCCCCCC1=CC=CC(O)=C1C(=O)O;CC1=CC=CC(OC[C@]2(CNC3CCC3)C[C@@H](O)[C@@H](O)C2)=N1;C[C@]12CC[C@H]3C(=CC[C@@H]4[C@]3(C)CCC[C@@]4(C)O)[C@H]1OC[C@@H]2O;C[C@]12CCC[C@](C)(O)[C@@H]1CC=C1[C@@H]2CC[C@]2(C)[C@@H](O)CO[C@@H]12
m_01e922,CC(C)C1OCCC1C(=O)Nc1ccc(N)nc1;COc1ccc(NC(=O)N2CCCC(C)C2)cn1;Cc1cc(-c2nnn(CCC(N)=O)n2)ccc1F;CC(C)Oc1ncccc1CNC(=O)N1CCC1;Cc1noc(C)c1C(C)CNc1ccc(F)cn1;COC(=O)[C@H](CC(C)C)NC(=O)C1=CC=CC=C1;CCCCCCNC(=O)C1=CC=C(OCC)C=C1;CC(C)CCC(=O)NCC(=O)C1=CC=C(O)C=C1;CC(C)CC(=O)[C@@H](C)OC(=O)C1=CC=CC=C1N;CCOC1=CC=CC=C1C=CC(=O)NCC(=O)O;CC(C)CNC(=O)CCC1=CC=C2OCOC2=C1;CC(C)CN[C@H]1[C@H](O)[C@H](O)C[C@@H]1C1=CC=CC=C1;COC[C@@H]1CCCN1C(=O)C1=CC=CC=C1OC;CCOC1=CC=C(C=C(NC(C)=O)C(=O)O)C=C1;COC1=CC=C(C(=O)CCN2CCOCC2)C=C1;CCCCCCCCOC(=O)C1=CC=C(N)C=C1;CCCCCCCC(=O)[C@@H](C)C(=O)N1C=CC=C1;O=C(O)C1CC(C(=O)O)N(CC2=CC=CC=C2)C1;CCCCCC(=O)NC1=CC=C(C(=O)OC)C=C1;CN1[C@@H]2CCC[C@H]1C[C@@H](OC(=O)C1=CC=CO1)C2;C/C=C/CCCCC(=O)[C@@H](C)C(=O)N1C=CCC1;CCCCCCCCC(=O)CC(=O)C1=CC=CN1;COC1=CC2=C(C=C1O)[C@H](CC(C)C)N(C)CC2;COC1=CC2=C(C=C1O)[C@@H](CC(C)C)N(C)CC2;CC(=O)N(CC1=CC=CO1)[C@H](C)CCC=C(C)C
m_0259d4,Cc1ccc(-c2nc(CCNC(=O)NCCn3ccnc3)co2)cc1;O=C(NCCCn1ccnc1)NCCc1coc(-c2ccccc2)n1;Cc1ccc2[nH]c(C(=O)N3CCOC(Cn4ccnn4)C3)cc2c1C;COc1ccc(-n2nc(C(=O)NC(C)c3cnn(C)c3)cc2C)cc1;Cc1nnc2n1CC(C(N)=O)N(C(=O)CCC=Cc1ccccc1)C2;CNC(=O)[C@@H]1CC2=CC=CC=C2CN1C(=O)CCN1C(C)=CC=C1C;CCOC1=CC=C(NC(=O)C2=C(C)OC3=CC=C(OCC)C=C23)C=C1;CC1=C(C)C2=CC3=C(OC(=O)C(CC(=O)NC4CC4)=C3C)C(C)=C2O1;CC1=CC=C(C2=CN3C[C@H](CNC(=O)C4CCCC4)OCC3=N2)C=C1;CN1CCOC(OC(=O)CCC(C2=CC=CC=C2)C2=CC=CC=C2)C1;CC1=C(C)C2=C(O1)C1=C(C=C2C)OC(=O)C(CC(=O)NC2CC2)=C1C;COC(=O)C1=CC=C(NC(=O)C2(C3=CC=CC=C3)CCOCC2)C=C1;CCOC(=O)C1=C(C)N(C2=CC=C(OC)C=C2)C2=CC=C(OC)C=C12;COC1=CC=C(CCNC(=O)C2=C(C)C3=CC=CC=C3O2)C=C1OC;CCOC1=CC=C2OC(C)=C(C(=O)NC3=CC=CC=C3OCC)C2=C1;CC1=COC2=CC3=C(C=C12)C(C)=C(CC(=O)N1CCCCC1)C(=O)O3;CC1=COC2=C1C(C)=CC1=C2C(C)=C(CC(=O)N2CCCC2)C(=O)O1;COC1=C2OCOC2=CC2=C1[C@H](CC(=O)C1=CC=CC=C1)N(C)CC2;COC1=C2OCOC2=CC2=C1[C@@H](CC(=O)C1=CC=CC=C1)N(C)CC2;CC(=O)NC1=CC=CC=C1CCNCCC1=CC=CC=C1NC(C)=O;O=C(N[C@H]1CO[C@H]2[C@@H]1OC[C@H]2OCC1=CC=CC=C1)C1=CC=CC=C1;COC1=CC2=C(C=C1CNC(=O)C=CC1=CC=CC=C1)OCCCO2;CC1=COC2=CC3=C(C=C12)C(C)=C(CCC(=O)N1CCCC1)C(=O)O3;COC1=CC=CC=C1C(CCN1C(C)=CC(O)=CC1=O)C1=CC=CO1;COC1=CC=C(CCNC(=O)C2=CC3=CC=CC=C3OC2)C=C1OC
m_02d188,Cc1ccc(CN2CCC(NC(=O)c3ncc(F)cc3F)C2=O)cc1;CC(=O)Nc1ccc(NCC(=O)NC(C)c2ccccc2)c(Cl)c1;O=C(CCc1cccnc1)Nc1cccc(Cl)c1N1CCOCC1;NC(Cc1ccncc1)C(=O)NC1CCCOc2cc(Cl)ccc21;CCOc1nc(C)ccc1C(=O)N1CC(C(N)=O)C(C(F)(F)F)C1;COC(=O)[C@H]1[C@@H](C(=O)OC)ON(CC2=CC=CC=C2)[C@H]1C1=CC=CO1;COC(=O)[C@H]1[C@@H](C(=O)OC)ON(CC2=CC=CC=C2)[C@@H]1C1=CC=CO1;COC(=O)[C@@H]1[C@@H](C(=O)OC)ON(CC2=CC=CC=C2)[C@H]1C1=CC=CO1;COC(=O)[C@@H]1[C@@H](C(=O)OC)ON(CC2=CC=CC=C2)[C@@H]1C1=CC=CO1;CN1C2=CC=CC=C2C2=CC(C(=O)NCCC3=CC=CC=C3)=NC(O)=C21;COC1=CC(C(=O)NCC2=CC=C(C(=O)O)C=C2)=CC(OC)=C1OC;COC1=CC(C(=O)NCC2=CC=C3OCOC3=C2)=CC(OC)=C1OC;COC1=CC=C(CC(=O)NC2=CC(OC)=C(OC)C=C2C(=O)O)C=C1;COC1=CC=C([C@H]2CC(C3=CC=C4C=CC=CC4=C3)=NN2C(N)=O)C=C1;COC1=CC=C([C@@H]2CC(C3=CC=C4C=CC=CC4=C3)=NN2C(N)=O)C=C1;CN1C2=CC=CC=C2C2=C1C(=O)NC(C(=O)NCCC1=CC=CC=C1)=C2;COC(=O)CC(C1=CC=CC=C1)C1=C(O)C=C(C)N(CC(=O)O)C1=O;CN1C(=O)C2=C(C3=CC=CC=C3)N(CC3=CC=CC=C3)C=C2N(C)C1=O;CC1=CC(C(=O)NC2=CC=C([C@H]3OCC(=O)N(C)[C@@H]3CO)C=C2)=NO1;COC1=CC=C(CNC(=O)C2=CC3=C(NC4=CC=CC=C43)C(C)=N2)C=C1;COC1=CC=C(CCNC(=O)C2=CC3=C(C=N2)NC2=CC=CC=C23)C=C1;COC(=O)C1=CC=CC=C1NC(=O)C1=CC(OC)=C(OC)C(OC)=C1;COC(=O)C1=CC=CC(NC(=O)C2=CC(OC)=C(OC)C(OC)=C2)=C1;CN1C(=O)C=C(C(=O)NCCN2C=CC3=CC=CC=C32)C2=CC=CC=C21;CC(=O)C1=CN(CCC(=O)NC2=CC=C3C=CNC3=C2)C2=CC=CC=C12
m_0318b5,O=C(Nc1ccc(F)cc1)C(c1ccccc1)N1CCC(n2cccn2)CC1;CC(=O)N(CC(=O)O)C1CCCN(C(=O)CC(C)c2ccccc2F)CC1;Cc1cc(C)n(-c2ccc(C(=O)N3CCN(c4ccccc4F)CC3)cc2)n1;Cc1ccc(N2CCCC(NC(=O)c3ccc(-n4cc[nH]c4=O)cc3)C2)nn1;COc1ccccc1Cn1cnc2cc(C(=O)N3CC(C)(C(N)=O)C3)ccc21;COC1=CC=C(C(=O)N2CC[C@H]3CC(=O)N(C4=CC=CC=C4)CC[C@H]3C2)C=C1;C[C@@]1(O)CCN(C(=O)C2=CC=CC=C2)[C@@H](C2=CC=CC=C2)[C@@H]1NC(=O)C1CC1;CC1=CC=C2OCC[C@H]3CN(C(=O)C4=CC=CC=C4)CC[C@H]3CC(=O)NC2=C1;COC1=CC=C(C=C(NC(=O)C2=CC=CC=C2)C(=O)N2CCCCCC2)C=C1;O=C(COC1=CC=CC=C1)N1CC[C@H]2CC(=O)N(C3=CC=CC=C3)CC[C@H]2C1;O=C(COC1=CC=CC=C1)N1CC[C@H]2CC(=O)N(C3=CC=CC=C3)CC[C@@H]2C1;COC1=CC=C(C=C(NC(=O)C2=CC=CC=C2)C(=O)NC2CCCCC2)C=C1;COC1=CC2=C(C=C1OC)CN(C(=O)C1=CC=C3C=CN(C(C)C)C3=C1)CC2;COC1=CC2=C(C=C1OC)CN(C(=O)C1=CC=C3C(=C1)C=CN3C(C)C)CC2;CCC1=CC2=C(C=C1O)OC(=O)C=C2CN1CCN(CC2=CC=CC=C2)CC1;COC1=CC2=C(C=C1OC)CN(C(=O)CCCC1=CNC3=CC=CC=C13)CC2;CC1=CC=CC(OC[C@@H]2CN(C(=O)C3CCC3)[C@H]3C4=CC=CC=C4OC[C@@H]23)=N1;COC1=CC2=C(C=C1OC)[C@H](C)N(CC(=O)C1=C(C)NC3=CC=CC=C13)CC2;COC1=CC2=C(C=C1OC)C(NC(=O)CCC1=CN(C)C3=CC=CC=C13)CC2;COC1=CC2=C(C=C1OC)C(C)N(C(=O)CCC1=CNC3=CC=CC=C13)CC2;COC1=CC2=C(C=C1OC)CN(C(=O)C1=CC=CC3=C1C=CN3C(C)C)CC2;CC1=C(C(=O)NC2=CC=CC3=CC=CC=C23)C2(CCN(C(C)C)CC2)OC1=O;COC1=CC=C(C(=O)CNC(=O)CCC2=CN(C(C)C)C3=CC=CC=C23)C=C1;CCOC(=O)C1=C(CN2CCCCC2)N(C2=CC=CC=C2)C2=CC=C(O)C=C12;COC1=CC2=C(C=C1OC)CN(C(=O)CCN1C=CC3=C(C)C=CC=C31)CC2
m_043e86,OC(CNc1ncc(Cl)cc1F)CN1CCOCC1;CCn1nccc1S(=O)(=O)N1CC(OC)CC1CO;Cc1ccc(NC(=O)c2cscn2)cc1C(=O)N(C)C;O=C(c1coc2ccccc12)N1CCC(O)(C(=O)O)CC1;O=C(O)C1CN(C(=O)Cc2n[nH]c3ccccc23)CCO1;CC1=C(C)C2=CC=C(O)C(CN3CCOCC3)=C2OC1=O;O=C(O[C@H]1C[C@@H]2N[C@H](C1)[C@H]1O[C@H]12)[C@@H](CO)C1=CC=CC=C1;O=C(O[C@@H]1C[C@@H]2N[C@H](C1)[C@H]1O[C@H]12)[C@@H](CO)C1=CC=CC=C1;O=C(OC1C[C@@H]2N[C@H](C1)[C@H]1O[C@H]12)[C@H](CO)C1=CC=CC=C1;CC1(CC2=CN(CCC(=O)O)C3=CC=CC=C23)OCCO1;CC(C)=C1OC2=C(C=CC(O)=C2CN2CCOCC2)C1=O;COC1=CC=C(CCC(=O)N2CCC=CC2=O)C=C1OC;CCN1OC2(CCN(C(=O)C3=CC=CC=N3)CC2)CC1=O;C[C@H]1CN(C(=O)/C=C/C2=CC=C3OCOC3=C2)C[C@H](C)O1;C[C@@H]1CN(C(=O)/C=C/C2=CC=C3OCOC3=C2)C[C@H](C)O1;C[C@@H]1CN(C(=O)/C=C/C2=CC=C3OCOC3=C2)C[C@@H](C)O1;COC1=CC2=C(C=C1C=CC(=O)N1CCCCC1)OCO2;COC(=O)C1=C(C)N(C[C@H]2CCCO2)C2=CC=C(O)C=C12;COC(=O)C1=C(C)N(C[C@@H]2CCCO2)C2=CC=C(O)C=C12;CCN1OC2(CCN(C(=O)C3=CC=CN=C3)CC2)CC1=O;C[C@H]1CN(CC2=CC(=O)OC3=CC=C(O)C=C23)C[C@H](C)O1;C[C@@H]1CN(CC2=CC(=O)OC3=CC=C(O)C=C23)C[C@H](C)O1;C[C@@H]1CN(CC2=CC(=O)OC3=CC=C(O)C=C23)C[C@@H](C)O1;COC1=CC=C(C=CC(=O)N2CCCCC2=O)C=C1OC;COC1=CC(C=CC(=O)N2CCCCC2)=CC2=C1OCO2
m_050bf1,CCc1noc(COCC(=O)N2CC(C)(C)OC3COCC32)n1;O=C(NC1CCN(CC2CCOC2)CC1)c1ncc(F)cc1F;COc1ccc(S(=O)(=O)N2CCCCCC2)cc1C(C)(C)C;CC(=O)N1CCC(CNC(=O)NCc2cc(F)ccc2F)CC1;COCC1CC(O)CN1C(C)c1nc2ccccc2n1C(F)F;CN1CCOC(OC(=O)CC(C2=CC=CC=C2)C2=CC=CC=C2)C1;COC1=CC2=C(C=C1OC)[C@H](C1=CC=C(C)C=C1)N(C(C)=O)CC2;COC1=CC2=C(C=C1OC)[C@@H](C1=CC=C(C)C=C1)N(C(C)=O)CC2;COC1=CC2=C(C=C1OC)CN(C(=O)CCC1=CC=CC=C1)CC2;COC(C(=O)OC1CCN(C)C1)(C1=CC=CC=C1)C1=CC=CC=C1;COC1=CC=CC(C(=O)N2CCN(CCC3=CC=NC=C3)CC2)=C1;COC1=CC2=C(C=C1OC)CC(C)(C)N(C(=O)C1=CC=CC=C1)C2;CCOC(=O)C1=C(C)N(CC(C)C)C2=C1C=C(O)C1=CC=CC=C12;COC(=O)[C@@H]1CC2=C(CN1CC1=CC3=CC=CC=C3O1)N(C)C=N2;CCOC1=CC=C2C[C@H]3C4=C(C=C(OC)C(O)=C4C2=C1)CCN3C;O=C(C=CC=CCCC=CC1=CC=C2OCOC2=C1)N1CCCC1;COC1=CC=C2C(=C1)C1=C(OC)C=CC=C1[C@H]1[C@@H]2[C@H](O)CCN1C;O=C(NC1CCCCCC1)C1=CC=C2C(=O)N3CCCC3=NC2=C1;O=C(CC1=CC=CC=C1)C1=CC=C(O)C(CN2CCCCC2)=C1O;COC1=CC=C2OC[C@H](C(=O)NCCCC3=CC=CC=C3)CC2=C1;COC1=CC=C2OC[C@@H](C(=O)NCCCC3=CC=CC=C3)CC2=C1;O=C(C1=CC=C2C(=O)N3CCCCCC3=NC2=C1)N1CCCCC1;COC1=CC=CC(C(=O)NCC2(C3=CC=CC=C3)CCOCC2)=C1;O=C(NC1CCCC1)C1=CC=C2C(=O)N3CCCCCC3=NC2=C1;COC1=CC=C(C(=O)N2CCC3=C(N=CN3)C23CCCCC3)C=C1
m_05b52e,Cc1cnc(C(=O)Nc2cc(F)ccc2Sc2nccn2C)cn1;CS(=O)(=O)Cc1ccc(F)cc1CNC(=O)C1(C(=O)O)CCC1;CN(Cc1cnn(C)c1)C(=O)CS(=O)(=O)c1ccc(F)c(F)c1;O=C1NC(c2c[nH]c3ccc(O)cc23)=CC1=C1C(=O)Nc2ccccc21;O=C1N=C(c2c[nH]c3ccc(O)cc23)C=C1c1c(O)[nH]c2ccccc12;CC1=C(O)C(O)=C(O)C2=C1C(=O)N([C@@H](CC1=CC=CC=C1)C(=O)O)C2;COC1=CC=C(C=CC(=O)NC2=C(O)C=CC=C2C(=O)O)C=C1OC;COC(=O)C1=CC=C(C(=O)OC)C(NC(=O)C2=CC=CC(OC)=C2)=C1;COC(=O)C1=C(O)C=CC(C2=CC=C(NC(C)=O)C=C2)=C1C(=O)OC;COC1=CC(OC)=C(C(=O)C=CC2=CC=CC([N+](=O)[O-])=C2)C(OC)=C1;COC(=O)C1=C(N)OC2=C(C(=O)CCC2)[C@H]1C1=CC=C2OCOC2=C1;COC(=O)C1=C(N)OC2=C(C(=O)CCC2)[C@@H]1C1=CC=C2OCOC2=C1;N[C@@H](CC1=CC=C(O)C=C1C(=O)/C=C/C1=CC=C(O)C(O)=C1)C(=O)O;COCCN1C(=O)C(O)=C(C(=O)C2=CC=CO2)[C@H]1C1=CC=CC(O)=C1;COCCN1C(=O)C(O)=C(C(=O)C2=CC=CO2)[C@@H]1C1=CC=CC(O)=C1;COC(=O)C1=CC=C(OC)C(NC(=O)CC2=CC=CC=C2C(=O)O)=C1;C[C@@H](CC(=O)NC(=O)C1=COC(CC2=CC=CC=C2)=CC1=O)C(=O)O;COC(=O)C1=C(N)OC2=C(C(=O)OC(C)=C2)[C@H]1C1=CC=C(OC)C=C1;COC(=O)C1=C(N)OC2=C(C(=O)OC(C)=C2)[C@@H]1C1=CC=C(OC)C=C1;C[C@H](C1=CC2=C(C=C1)OCO2)N1C[C@@]23C=C[C@@H](O2)[C@H](C(=O)O)[C@@H]3C1=O;C[C@@H](C1=CC2=C(C=C1)OCO2)N1C[C@@]23C=C[C@@H](O2)[C@H](C(=O)O)[C@@H]3C1=O;COC1=CC2=C(C(O)=C1OC)C(=O)C1=CC=CC=C1N2COC(C)=O;O=C(O)C1=C(C[C@H]2NCCC3=CC4=C(C=C32)OCO4)C=CC(O)=C1O;O=C(O)C1=C(C[C@@H]2NCCC3=CC4=C(C=C32)OCO4)C=CC(O)=C1O;COC1=CC=C(C2=C(CC(=O)O)C3=C(C=C(C)NC3=O)O2)C=C1OC
m_068354,CC(NC(=O)C1CCn2ccnc2C1)C(O)Cc1ccccc1;COc1ccc(CCC(=O)N2CCCC2Cn2ccnc2)cc1;COc1cccc(C2(C(=O)Nc3cnn(C)c3C)CCCC2)c1;COC(C(=O)N1CCC(n2cncc2C)CC1)c1ccccc1;COc1ccccc1C(C)(C)NC(=O)NCCc1cccnc1;COC1=CC=C(CCNC(=O)CCC2=CC=CC=C2)C=C1OC;COC1=CC(OC)=CC(C(=O)N[C@H](C)CCC2=CC=CC=C2)=C1;COC1=CC(OC)=CC(C(=O)N[C@@H](C)CCC2=CC=CC=C2)=C1;COC1=CC=CC=C1[C@H](CC(=O)N1CCCCC1)C1=CC=CO1;COC1=CC=CC=C1[C@@H](CC(=O)N1CCCCC1)C1=CC=CO1;COC1=CC=C([C@H]2C[C@@H](O)[C@@H](O)[C@@H]2NCC2=CC=CC=C2)C=C1;COC1=CC=C(CN[C@H]2[C@H](O)[C@H](O)C[C@@H]2C2=CC=CC=C2)C=C1;COC1=CC=C(CC(=O)NC2=CC=CC=C2C(C)C)C=C1OC;C[C@H]1CC[C@](C)(C(=O)CN2C(=O)C3=CC=CC=C3C2=O)C1(C)C;C[C@H]1CC[C@@](C)(C(=O)CN2C(=O)C3=CC=CC=C3C2=O)C1(C)C;C[C@@H]1CC[C@](C)(C(=O)CN2C(=O)C3=CC=CC=C3C2=O)C1(C)C;C[C@@H]1CC[C@@](C)(C(=O)CN2C(=O)C3=CC=CC=C3C2=O)C1(C)C;COC1=CC=C(CN2CCOC[C@H](OC3=CC=CC=C3)C2)C=C1;COC1=CC=C(C[C@H](C)CC(=O)NC2=CC=C(OC)C=C2)C=C1;COC1=CC=C(C[C@@H](C)CC(=O)NC2=CC=C(OC)C=C2)C=C1;COC1=CC=CC(CN[C@H]2[C@H](O)[C@H](O)C[C@@H]2C2=CC=CC=C2)=C1;COC1=CC2=C(C=C1OC)[C@@H](CC1=CC=CC(O)=C1)N(C)CC2;COC1=CC=CC(CN2CCOC[C@H](OC3=CC=CC=C3)C2)=C1;C=C1C(C)(C)[C@H]2CC[C@]1(C(=O)NC1=CC=CC=C1C(=O)OC)C2;C=C1C(C)(C)[C@@H]2CC[C@@]1(C(=O)NC1=CC=CC=C1C(=O)OC)C2
m_06e13d,O=S(=O)(Nc1ncn(C2CCCCC2)n1)c1cc(F)cc(Cl)c1;Cc1cc(CN(C)S(=O)(=O)c2cc(Br)ccc2C)on1;Brc1ccccc1Cc1noc(C2CCc3cn[nH]c3C2)n1;Cc1ccc(Br)cc1C(=O)NCCNc1ccc(C#N)cn1;O=C(O)C1=Cc2cc(O)c(O)cc2C(c2ccc(O)c(O)c2)C1C(=O)O;O=C(O)C1=CC=CC=C1C(=O)OCCOC(=O)C1=CC=CC=C1C(=O)O;O=C(O)C(=C(O)C(O)=C(C(=O)O)C1=CC=C(O)C=C1)C1=CC=C(O)C=C1;O=C1NC(=O)C(CC2=CC=CC(CC3C(=O)NC(=O)NC3=O)=C2)C(=O)N1;O=C1O[C@H](C2=CC=C(O)C(O)=C2)[C@@H](C(=O)O)/C1=C\C1=CC=C(O)C(O)=C1;O=C1O[C@@H](C2=CC=C(O)C(O)=C2)[C@H](C(=O)O)/C1=C\C1=CC=C(O)C(O)=C1;O=C1C2=CC=CC=C2C(O)(O)[C@@]1(O)[C@]1(O)C(=O)C2=CC=CC=C2C1(O)O;O=C(O[C@H](C(=O)O)[C@H](OC(=O)C1=CC=CC=C1)C(=O)O)C1=CC=CC=C1;O=C(O[C@H](C(=O)O)[C@@H](OC(=O)C1=CC=CC=C1)C(=O)O)C1=CC=CC=C1;O=C(O[C@@H](C(=O)O)[C@@H](OC(=O)C1=CC=CC=C1)C(=O)O)C1=CC=CC=C1;O=C(O)/C=C\C1=CC=C(O)C2=C1[C@@H](C(=O)O)[C@@H](C1=CC=C(O)C(O)=C1)O2;O=C(O)/C=C/C1=CC=C(O)C2=C1[C@H](C(=O)O)[C@@H](C1=CC=C(O)C(O)=C1)O2;O=C(O)/C=C/C1=CC=C(O)C2=C1[C@@H](C(=O)O)[C@H](C1=CC=C(O)C(O)=C1)O2;O=C(O)/C=C/C1=CC=C(O)C2=C1[C@@H](C(=O)O)[C@@H](C1=CC=C(O)C(O)=C1)O2;O=C(O)C=CC1=CC=C(O)C(O)=C1C1=C(C=CC(=O)O)C=CC(O)=C1O;O=C1C2=CC(O)=CC(O)=C2C(=O)C2=C1C=C1OC(O)C(CCO)C1=C2O;COC(=O)CC1=C(O)C=C(O)C2=C1OC(C1=CC=C(O)C(O)=C1)=CC2=O;COC(=O)C1=C(O)C=CC2=C1C(=O)C1=C(O)C=C(COC(C)=O)C=C1O2;O=C1CCC2=C(C=C(O)C(O)=C2C2=C(O)C(O)=CC3=C2CCC(=O)O3)O1;COC1=CC2=C3C(=C1OC)OC(=O)C1=CC(OC)=C(OC)C(=C13)OC2=O;O=C(COC1=CC=C2C=CC(=O)OC2=C1)C1=CC=C(Br)C=C1
m_06f339,Cc1csc(NC(=O)CN2CCCC(Cn3nc(C)nc3C)C2)n1;Cc1cc(C)n(CC2CCCCN2CC(=O)Nc2nnc(C)s2)n1;COC(=O)Cc1c[nH]c2ccc(OCC(O)CN3CCOCC3)cc12;Cc1nnc2n1CCN(C(=O)c1cc(C3CC3)nn1-c1ccccc1)C2;Cn1nccc1NC(=O)N1CCC(CCc2ccc(F)cc2F)CC1;CC(C)C(=O)CC[C@H](C)[C@@H]1CC[C@@H](CO)C2=C(O)C=C(C(=O)O)C=C21;CC1=CC=C([C@]2(COC(=O)CC(C)C)CO2)C(OC(=O)CC(C)C)=C1;CC[C@@H](C)C(=O)OC[C@@]1(C2=CC=C(C)C=C2OC(=O)[C@H](C)CC)CO1;CC1=CC(=O)[C@@]23C[C@@H]1[C@](C)(CCC[C@@H](C)C(=O)O)[C@@H]2CC[C@@H]3C(=O)O;CC(C)=CCC[C@H](CO)[C@@H]1CC[C@@H](CO)C2=C(O)C=C(C(=O)O)C=C21;CCC(C)C(=O)OCC1CC1C1=CC=C(OC(=O)C(C)C)C(OC)=C1;C[C@]1(C(=O)O)CCC[C@]2(C)C3=CC(O)=C(C(CO)CO)C=C3CC[C@H]12;C[C@]1(C(=O)O)CCC[C@]2(C)C3=CC(O)=C(C(CO)CO)C=C3CC[C@@H]12;CC1=CCC[C@@H]2[C@@](C)(CC/C(C=O)=C/C(=O)O)[C@H](C(=O)O)CC[C@@]12C;CC1=CCC[C@@H]2[C@@](C)(CC/C(=C/C=O)C(=O)O)[C@H](C(=O)O)CC[C@@]12C;CC1=CC(=O)C[C@@H]2[C@@](C)(CC/C(=C\C(=O)O)C(=O)O)[C@H](C)CC[C@@]12C;CCOC(=O)[C@H]1C(=O)C[C@](C)(O)[C@@H](C(=O)OCC)[C@H]1C1=CC=CC=C1;CCOC(=O)[C@H]1C(=O)C[C@](C)(O)[C@@H](C(=O)OCC)[C@@H]1C1=CC=CC=C1;CCOC(=O)[C@@H]1C(=O)C[C@](C)(O)[C@@H](C(=O)OCC)[C@H]1C1=CC=CC=C1;CCOC(=O)[C@@H]1C(=O)C[C@](C)(O)[C@@H](C(=O)OCC)[C@@H]1C1=CC=CC=C1;C[C@H](CO)C1=CC2=C(C(O)=C1O)[C@@]1(C(=O)O)CCCC(C)(C)[C@H]1CC2;C[C@H](CO)C1=CC2=C(C(O)=C1O)[C@@]1(C(=O)O)CCCC(C)(C)[C@@H]1CC2;C[C@@H](CO)C1=CC2=C(C(O)=C1O)[C@@]1(C(=O)O)CCCC(C)(C)[C@@H]1CC2;CC(CO)C1=CC2=C(C(O)=C1O)[C@@]1(C(=O)O)CCCC(C)(C)[C@@H]1CC2;CC1=C(C)C(O)C(O)C2=C(C(=O)C=C(C(C)(C)O)C2=O)C(C)CCC1
m_070985,CCC(C)C(CO)NS(=O)(=O)c1cncc(Cl)c1;CN(C)C(=O)CN(C)S(=O)(=O)c1c(F)cccc1F;O=C(c1ccncc1Cl)N1CCOc2ccc(F)cc21;COC(=O)c1ccnc(NC(=O)c2ccc(F)c(F)c2)c1;Cc1ccc(NC(=O)CCc2c(C)noc2C)c(Cl)c1;COC(=O)CC(C1=CC=C(C)O1)C1=C(O)C(=O)C=C(C)O1;COC(=O)[C@](C)(O)CCOC1=CC=C2C=CC(=O)OC2=C1;CCOC(=O)COC1=CC=C2OC(C)=C(C(=O)OC)C2=C1;COC(=O)CC1=C(C)C2=CC(OC)=C(OC)C=C2OC1=O;COC(=O)/C=C/C(=O)C[C@H](O)COC(=O)C1=CC=CC=C1;CCOC(=O)OC1=CC=C2OC(C)=C(C(=O)OCC)C2=C1;COC(=O)CCC1(OC)OC(=O)C(O)=C1C1=CC=CC=C1;COC(=O)C1=C(C)OC2=CC=C(O[C@H](C)C(=O)OC)C=C12;COC(=O)C1=C(C)OC2=CC=C(O[C@@H](C)C(=O)OC)C=C12;C=CC(OC(C)=O)C1=CC=C(OC(C)=O)C(OC(C)=O)=C1;COC(=O)[C@H](C)C1=CC(=O)OC2=C(OC)C(OC)=CC=C12;COC(=O)[C@@H](C)C1=CC(=O)OC2=C(OC)C(OC)=CC=C12;COC(=O)CCC1=CC(=O)C2=C(OC)C=C(OC)C=C2O1;COC(=O)CC1=C(C)C2=CC=C(OC)C(OC)=C2OC1=O;COC(=O)CC1=C(C)C2=C(OC)C=C(OC)C=C2OC1=O;CCOC(=O)C1=C(C)OC2=CC=C(O[C@H](C)C(=O)O)C=C12;CCOC(=O)C1=C(C)OC2=CC=C(O[C@@H](C)C(=O)O)C=C12;COCCOC(=O)C1=C(C)OC2=CC=C(OC(C)=O)C=C12;COC(=O)CCCC1=CC(=O)C2=C(OC)C=C(O)C=C2O1;CC1=C(C(=O)OC(C)C)C2=CC(OCC(=O)O)=CC=C2O1
m_074e83,CCOc1ccccc1C(=O)N1CCCC1C(=O)N1CCC(CN(C)CC)C1;CCc1nc(CN2CCC(CNC(=O)c3cnn4c3CCCC4)CC2)cs1;CCc1nc(CN2CCC(CNC(=O)c3cnccc3N(C)C)CC2)cs1;CC(C)C(=O)NC1CCOC2(CCN(C(=O)c3cc4c([nH]3)CCCC4)CC2)C1;Cc1onc(C2CCCCC2)c1C(=O)N1CCC2CC(CC(N)=O)CCC2C1;COC1=CC=C(C(=O)NCCC2CCN(C(=O)NC3CCCCC3)CC2)C=C1;CC[C@H]1CN(CC2=CC=NC=C2)CC[C@H]1CC(=O)N1CCC(C(=O)OC)CC1;CC[C@H]1CN(C(=O)C2=CC=CC=C2)CC[C@H]1CC(=O)NCCN1CCOCC1;CC[C@@H]1CN(C(=O)C2=CC=CC=C2)CC[C@H]1CC(=O)NCCN1CCOCC1;CCOC(=O)C(=O)NC1=CC=C(C(=O)NC[C@@H]2CCCN3CCCC[C@H]23)C=C1;COC1=CC=C(C(=O)N2CCN3C(=O)N(C4CCCCC4)C[C@H]3C2)C=C1OC;COC1=CC=C(C(=O)N2CC[C@H]3CC(=O)N(CCNC(C)=O)CC[C@H]3C2)C=C1;COC1=CC=C(C(=O)N2CC[C@H]3CC(=O)N(CCNC(C)=O)CC[C@@H]3C2)C=C1;CNC(=O)[C@@H](C1=CC=C(OC)C=C1)N1CCC[C@H]1C(=O)NCC1CCCCC1;CCCNC(=O)N1CC[C@@](C)(O)[C@@H](NC(=O)C2CCCC2)[C@@H]1C1=CC=CC=C1;CN(CCC1=CC=CC=N1)CC[C@H]1CN(C(=O)C2CCC2)CC[C@H]1CC(=O)O;CN(CCC1=CC=CC=N1)CC[C@@H]1CN(C(=O)C2CCC2)CC[C@H]1CC(=O)O;CCNC(=O)N1CC[C@@H](CC(=O)O)[C@@H](CC2=NCCC3=CC(OC)=CC=C23)C1;O=C([C@H]1O[C@H](CCN2CCN(C3=CC=CC=C3)CC2)CC[C@@H]1O)N1CCCC1;CCC1(C2=CC=CC=C2)C(O)=NC(=O)N=C1O.CN[C@@H](C)CC1CCCCC1;CCNC(=O)N1CC[C@@H](CC(=O)O)[C@@H](CC2=NCCC3=CC=C(OC)C=C23)C1;CCOC(=O)C(=O)NC1=CC=CC(C(=O)NC[C@@H]2CCCN3CCCC[C@H]23)=C1;NC(=O)[C@@H]1CCCN1CC[C@H]1CN(C(=O)C2=CC=CC=C2)CC[C@H]1CC(=O)O;CCOC1=CC=CC=C1C(=O)N1CCC2(CC1)NC1=CC=CC=C1N1C=CC=C12;COCCC(=O)N1C[C@H]2C[C@H](C1)C1=CC=C(NCC3CCCCC3)C(=O)N1C2
m_089267,O=C(Nc1cnn(CC(F)(F)F)c1)N1CCCC(CN2CCOCC2)C1;CNC(=O)CCCN1CCN(S(=O)(=O)c2ccc3ccccc3c2)CC1;Clc1cccc(-c2nc(CN3CCCC(CN4CCOCC4)C3)co2)c1;CC1CN(C(=O)NCCc2csc3ccccc23)CCN1CC(C)(C)O;O=C(Cc1c[nH]c2cc(Cl)ccc12)NC1CCN(CC2CCOC2)CC1;O=C(O)C[C@@H]1CCN(C(=O)NC2=CC=CC=C2)C[C@@H]1CCN1CCOCC1;CC[C@H]1CN(C(=O)N2CCOCC2)CC[C@H]1CC(=O)NC1=CC=CC(O)=C1;CC[C@@H]1CN(C(=O)N2CCOCC2)CC[C@H]1CC(=O)NC1=CC=CC(O)=C1;CCOC(=O)C1=C(C(C)(C)C)OC2=CC=C(OC(=O)N3CCOCC3)C=C12;CC1=CC(=O)C(O)=C(C2(CC(=O)NCCCC3=CC=CO3)CCOCC2)O1;CC(C)C(=O)N1C[C@@H]2COCCN2C2(CN(CC3=CC=C(O)C(O)=C3)C2)C1;CC(=O)N1CCN(CC[C@H]2CC[C@H](O)[C@@H](C(=O)NC3=CC=CC=C3)O2)CC1;CC(=O)N1CCN(CC[C@@H]2CC[C@H](O)[C@@H](C(=O)NC3=CC=CC=C3)O2)CC1;COC1=CC=CC=C1CN1C(=O)N[C@@H](CC(=O)NCC2CCOCC2)C1=O;CC1=C2C(=O)C=C(CO)[C@H]2[C@H]2OC(=O)[C@@H](CN3CCC[C@@H]3C(=O)O)[C@@H]2CC1;CC1=C2C(=O)C=C(CO)[C@H]2[C@@H]2OC(=O)[C@@H](CN3CCC[C@@H]3C(=O)O)[C@@H]2CC1;CC1=C2C(=O)C=C(CO)[C@@H]2[C@H]2OC(=O)[C@@H](CN3CCC[C@@H]3C(=O)O)[C@@H]2CC1;CC1=C2C(=O)C=C(CO)[C@@H]2[C@@H]2OC(=O)[C@@H](CN3CCC[C@@H]3C(=O)O)[C@@H]2CC1;COC1=CC=C(CN2C(=O)N[C@@H](CC(=O)NCC3CCOCC3)C2=O)C=C1;COC1=CC2=C(C=C1OC)C(=O)N(CC(=O)NCC1CCOCC1)C(C)=N2;CNC(=O)[C@@H](C1=CC=CC=C1OC)N1CCC[C@H]1C(=O)NC1CCOCC1;CCCC[C@H](NC(=O)COC1=CC=C2C(C)=C(C)C(=O)OC2=C1C)C(=O)O;CCCC[C@@H](NC(=O)COC1=CC=C2C(C)=C(C)C(=O)OC2=C1C)C(=O)O;CCCC[C@H](NC(=O)[C@H](C)OC1=CC=C2C(C)=C(C)C(=O)OC2=C1)C(=O)O;CCCC[C@H](NC(=O)[C@@H](C)OC1=CC=C2C(C)=C(C)C(=O)OC2=C1)C(=O)O
m_08d7f1,O=C(Nc1nnc[nH]1)c1cc(Cl)cc(C(F)(F)F)c1;O=c1c(O)c(-c2ccc(F)cc2)oc2cc(Cl)ccc12;Cc1cc(S(=O)(=O)Nc2nnc[nH]2)c(Cl)cc1F;Cn1nncc1CNc1ccc(Cl)c(C(F)(F)F)c1;O=[N+]([O-])c1ccc(Sc2cccc[n+]2[O-])c2nonc12;O=C(CCC1=CC=C(O)C(O)=C1)C1=C(O)C=C(O)C=C1O;O=C(C1=CC=C(O)C=C1O)C(O)C(O)C1=CC=C(O)C=C1;O=C(C1=CC=C(O)C(O)=C1)[C@@H](CO)C1=CC=C(O)C(O)=C1;O=C(C1=C(O)C=C(O)C=C1O)[C@@H](O)CC1=CC=C(O)C=C1;O=C(O)CC(=O)CC(=O)CC(=O)C=CC1=CC=C(O)C=C1;COC1=CC=C(C(=O)C2=CC(O)=C(OC)C=C2O)C=C1O;COC1=CC=C(OCC(=O)C2=C(O)C=C(O)C=C2O)C=C1;COC(=O)C1=CC(CC(=O)C2=CC=C(O)C=C2O)=C(C)O1;O=C(CC(O)C1=CC=C(O)C(O)=C1)C1=CC=C(O)C=C1O;O=C(C1=CC=C(O)C=C1O)[C@H](O)CC1=CC=C(O)C(O)=C1;COC(=O)C1=CC=C(COC2=CC=C(C=O)C=C2OC)O1;O=C(CCC1=CC=C(O)C(O)=C1)OC1=CC=CC(O)=C1O;COC(=O)C1=CC2=C(C=C1OC[C@@H](C)C=O)OC(=O)C=C2;OC1=CC(O)=C2O[C@H](O)[C@@H](C3=CC=C(O)C(O)=C3)CC2=C1;OC1=CC(O)=C2O[C@H](C3=CC=C(O)C(O)=C3)[C@H](O)CC2=C1;OC1=CC(O)=C2O[C@H](C3=CC=C(O)C(O)=C3)[C@@H](O)CC2=C1;COC1=CC=C(C(=O)OO)C(C2=CC(O)=C(O)C=C2C)=C1;COC1=CC(O)=C(C(=O)C2=CC=CC(O)=C2O)C(OC)=C1;COC(=O)C=CC(O)=CC(=O)COC(=O)C1=CC=CC=C1;COC1=C(O)C=C2C(=C1OC)OC1=C(OC)C(O)=CC=C12
m_0a8bf5,CNCC1CCCN(S(=O)(=O)c2cccc3cc(C)cnc23)C1;c1ccc(Oc2cccc(-c3noc(C45CCN(CC4)C5)n3)c2)cc1;COC1=C(OC)C23CCC4(C=CC(OC)C4=O)C2(CCN3)CC1=O;Cc1cccc2c(=O)n(CC(=O)N3CCc4ccccc4C3)cnc12;Cc1ccc(C)c(C2CCCN2S(=O)(=O)c2c(C)cnn2C)c1;CC1=CC=C(C2=NN=C([C@H]3CCN(C(=O)C4=CC=CC=C4)C3)O2)C=C1;C[C@@H](O)C1=CN=CC2=C1C[C@@H]1C3=C(CCN1C2=O)C1=CC=CC=C1N3;O=C1C(=CC2=CC=CC=C2)N=C(N2CCOCC2)N1C1=CC=CC=C1;CC(C)N1C(=O)C(CC2=NC(O)=C3C=CC=CC3=N2)C2=CC=CC=C21;C[C@H](NC(=O)C1=CC=C2C(=O)N3CCCC3=NC2=C1)C1=CC=CC=C1;C[C@@H](NC(=O)C1=CC=C2C(=O)N3CCCC3=NC2=C1)C1=CC=CC=C1;COC1=CC=C2NC=C(CCN3C(C)=NC4=CC=CC=C4C3=O)C2=C1;N[C@H]1CCN2C(=O)C3=CC(/C=C/C4=CC=CC=C4)=CC=C3NC(=O)[C@H]12;CC1=NC2=CC=CC=C2C(=O)N1CCNC(=O)C=CC1=CC=CC=C1;CC(C)N1C(=O)C(CC2=NC3=CC=CC=C3C(=O)N2)C2=CC=CC=C21;O=C1N[C@H]2[C@H]3CC[C@H]2C2=CC=CC=C2[C@H]3NC(=O)N1C1=CC=CC=C1;O=C1N[C@H]2[C@H]3CC[C@H]2C2=CC=CC=C2[C@@H]3NC(=O)N1C1=CC=CC=C1;O=C1N[C@H]2[C@H]3CC[C@@H]2C2=CC=CC=C2[C@H]3NC(=O)N1C1=CC=CC=C1;O=C1N[C@H]2[C@H]3CC[C@@H]2C2=CC=CC=C2[C@@H]3NC(=O)N1C1=CC=CC=C1;O=C(NC1=CC=CC=C1)C1=CC=C2C(=O)N3CCCCCC3=NC2=C1;COCC(=O)N1CC[C@H]2NC(=O)N(C3=CC=CC(OC)=C3)C(=O)[C@H]21;COCC(=O)N1CC[C@@H]2NC(=O)N(C3=CC=CC(OC)=C3)C(=O)[C@H]21;O=C(C1=CNC2=CC=CC=C12)N1C[C@H]2C[C@@H](C1)C1=CC=CC(=O)N1C2;O=C(C1=CC=C2C=CNC2=C1)N1C[C@H]2C[C@@H](C1)C1=CC=CC(=O)N1C2;O=C(C1=CC2=CC=CC=C2N1)N1C[C@H]2C[C@@H](C1)C1=CC=CC(=O)N1C2
m_0af51a,Cn1c(CS(=O)(=O)c2cccc(Cl)c2)nnc1-c1ccccc1;Cc1cc(S(=O)(=O)NCC2CCCO2)c(C)cc1Br;Cn1ccnc1-c1cccc(NC(=O)c2cc(F)c(Cl)cc2F)c1;COc1cc(Br)ccc1C(C)Nc1ncnc2nc[nH]c12;O=C(CCc1ccccc1Br)N1CC(Cn2ccnc2)C1;COC(=O)CC(C1=CC=C(OC)C(O)=C1)C1=C(O)C=C(C)N(C)C1=O;COC(=O)CC(C1=CC=C(O)C(OC)=C1)C1=C(O)C=C(C)N(C)C1=O;COC(=O)C1=C(C)NC(C)=C(C(=O)OC)C1C1=CC=CC(OC)=C1O;CC1=CC(=O)C(O)=C(C2(CC(=O)NCC3=CC=CO3)CCOCC2)O1;CC1=CC(=O)OC2=C(C)C(OC(=O)CNC(=O)OC(C)(C)C)=CC=C12;CC1=C(C)C2=CC=C(OCC(=O)N[C@H](C(=O)O)C(C)C)C=C2OC1=O;COC1=CC(C(=O)OCC2=CC(C)=NC(C)=C2O)=CC(OC)=C1OC;CC[C@H](NC(=O)CCC1=C(C)C2=CC=C(O)C(C)=C2OC1=O)C(=O)O;CC[C@@H](NC(=O)CCC1=C(C)C2=CC=C(O)C(C)=C2OC1=O)C(=O)O;CCC[C@H](NC(=O)COC1=CC=C2C(C)=C(C)C(=O)OC2=C1)C(=O)O;CCC[C@H](NC(=O)CC1=C(C)C2=CC=C(O)C(C)=C2OC1=O)C(=O)O;CCC[C@@H](NC(=O)COC1=CC=C2C(C)=C(C)C(=O)OC2=C1)C(=O)O;CCC[C@@H](NC(=O)CC1=C(C)C2=CC=C(O)C(C)=C2OC1=O)C(=O)O;CCC1=CC(=O)OC2=C(C)C(O[C@H](C)C(=O)N[C@@H](C)C(=O)O)=CC=C12;CCC1=CC(=O)OC2=C(C)C(O[C@@H](C)C(=O)N[C@@H](C)C(=O)O)=CC=C12;CCC1=CC(=O)OC2=C(C)C(OC(C)C(=O)N[C@@H](C)C(=O)O)=CC=C12;CC1=C(CCC(=O)N[C@H](C(=O)O)C(C)C)C(=O)OC2=CC(O)=CC=C12;CC1=C(CC(=O)N[C@@H](CC(C)C)C(=O)O)C(=O)OC2=CC(O)=CC=C12;CC1=C(C)C2=CC=C(O[C@H](C)C(=O)NCCCC(=O)O)C=C2OC1=O;CC1=C(C)C2=CC=C(O[C@@H](C)C(=O)NCCCC(=O)O)C=C2OC1=O
m_0c4e10,CC(C)c1cc(C(=O)N2CCC(C)(N3CCOCC3)CC2)cc(O)n1;CN(CCN1CCOCC1)C(=O)C1CCC(Nc2cnccn2)CC1;CCOc1ccc(C(=O)NC2CCN(CCN3CCOCC3)C2)cc1;CC(C)C(=O)N1CCC(NCc2ccc(OCC(N)=O)cc2)C(C)C1;CCOc1cccc(CC(=O)N2CCN(C3CCOCC3)CC2C)n1;CC[C@@H]1CN(C(=O)NC2=CC=CC=C2)[C@H](CO)[C@@H]1CN1CCOCC1;COC1=CC=C([C@H](CCNC(=O)[C@H]2CCOC(C)(C)C2)C(C)C)C=C1;COC1=CC=C([C@H](CCNC(=O)[C@@H]2CCOC(C)(C)C2)C(C)C)C=C1;COC1=CC=C([C@@H](CCNC(=O)[C@H]2CCOC(C)(C)C2)C(C)C)C=C1;COC1=CC=C([C@@H](CCNC(=O)[C@@H]2CCOC(C)(C)C2)C(C)C)C=C1;COC1=CC=C(C2(C(=O)N[C@H]3CCOC(C)(C)C3)CCOCC2)C=C1;COC1=CC=C(C2(C(=O)N[C@@H]3CCOC(C)(C)C3)CCOCC2)C=C1;CN1C=CN=C1CN1C[C@H]2CN(C(=O)C3CCOCC3)CCN2C1=O;C[C@H](N)C(=O)N1CCC(C(=O)N[C@@H](CC2=CC=CC=C2)C(=O)O)CC1;C[C@H](C(=O)O)[C@H]1CC[C@H](C(=O)N[C@H](CC2=CC=CC=C2)C(=O)O)CC1;CC1=C[C@@H](CC#N)[C@H](C(C)C)C[C@H]1CC(=O)NCCN1CCOCC1;CC1=CC=C(CNC2(CC3=NOC(CN4CCOCC4)=C3)COC2)O1;CC1(C)CC(=O)C2=C(O)C=C(OCC(=O)NC3CCCCC3)C=C2O1;CCOC(=O)N1CC[C@@]2(O)CCCC[C@H]2[C@@H]1C1=CC=CC=C1OCC;CCOC(=O)N1CCC2(O)CCCCC2[C@@H]1C1=CC=CC=C1OCC;CC(=O)N1CCN(C[C@@H]2OC[C@H](NC(=O)C3=CC=CC=C3)[C@H]2O)CC1;COC1=NOC(CCC(=O)N2C[C@H]3C[C@H](C2)[C@@H]2CCCC(=O)N2C3)=C1;CC(=O)OC1=CC=CC(C(CO)C(=O)OC2C[C@H]3CC[C@@H](C2)N3C)=C1;CCCOC1=CC(C)=C2CC[C@@H]([C@H](C)C(=O)NCCOC)CC2=C1C;C=C[C@H]1OC[C@@]2(COC(=O)NC3CCCCC3)[C@H](C)C=C(C)[C@@H]1[C@H]2C
m_0cc9ea,O=C(c1ccc2nc[nH]c2n1)N1CCOc2ccc(Br)cc2C1;CC(=O)N1CCC(NS(=O)(=O)c2c(C)sc3ccc(Cl)cc23)C1;Cc1cc(C(F)(F)F)nc2sc(C(=O)c3ccc(F)cc3F)c(N)c12;CCS(=O)(=O)Nc1ccc(NC(=O)c2ccc(Cl)cc2Cl)cc1;COc1c(Cl)ccc2oc3cc4c(c(OC)c3c(=O)c12)C1C=COC1O4;COC(=O)C(CC(=O)C=CC1=CC=C(O)C(O)=C1)CC1=CC=C(O)C(O)=C1;COC(=CC(=O)C1=CC=C2OCOC2=C1)C1=C(OC)C=C(OC)C=C1OC;COC(=O)COC1=CC=C2OC=C(C3=CC(OC)=C(OC)C(OC)=C3)C2=C1;COC(=O)C1=CC=C(C2CC(=O)OC3=CC(OC)=C(OC)C(OC)=C32)C=C1;COC1=CC(CC(=O)C2=CC=CC(OC)=C2OC(C)=O)=CC=C1OC(C)=O;CC(=O)C1=C(C)C=C(OC(=O)C2=C(C)C=C(O)C(C(C)=O)=C2O)C(C)=C1O;CCOC(=O)C1=C(C)OC2=CC=C(OCC3=C(C)OC(C(=O)OC)=C3)C=C12;COC(=O)[C@]1(CC2=CC=C(O)C=C2)OC(=O)C(OC)C1C1=CC=C(O)C=C1;COC(=O)C1=C(C)C2=C(OC(=O)C3=C(C)C=C(OC)C(C)=C3O2)C(C)=C1O;CCC(=O)C(CC1=CC=C(O)C(O)=C1)OC(=O)C=CC1=CC=C(O)C(O)=C1;O=C(O)[C@H](CC1=CC=C2OCOC2=C1)[C@H](CO)CC1=CC=C2OCOC2=C1;COC1=CC=C(C2=C(CC(=O)O)C3=C(OC)C(OC)=C(OC)C=C3O2)C=C1;COC1=CC(OC)=C(C(=O)C=CC2=CC=C3OCOC3=C2)C(OC)=C1OC;COC(=O)C1=CC=C(COC2=CC=C3OC(C)=C(C(=O)OC(C)C)C3=C2)O1;COC(=O)C1=CC(C2=CC(C(=O)OC)=C3C=CC=CC3=N2)=NC2=CC=CC=C12;COC1=CC(C[C@H]2COC(=O)C2C(=O)C2=CC=C(O)C(OC)=C2)=CC=C1O;COC1=CC(C[C@H]2C(=O)OC[C@@H]2C(=O)C2=CC=C(O)C(OC)=C2)=CC=C1O;COC1=CC(C[C@@H]2C(=O)OC[C@@H]2C(=O)C2=CC=C(O)C(OC)=C2)=CC=C1O;COC1=CC2=C(C=C1C=CC(=O)C1=CC(OC)=C(OC)C=C1OC)OCO2;COC1=CC(OC)=C(C2CC(=O)OC3=CC=C(C(C)=O)C(O)=C32)C=C1OC
m_0d08be,NC(=O)N1CCC(NCc2ccc(F)c(C(F)(F)F)c2)CC1;Cc1cccc2nc(N3CCN(CCC(=O)O)CC3C)sc12;CCC1CN(C(=O)Cn2cnc3ccc(F)cc3c2=O)CCO1;CC1SCCN(CC(=O)N2CCNC2=O)C1c1ccccc1;Cc1nc(C)c(CCNC(=O)NC(C)c2cccc(O)c2)s1;CN1[C@@H]2C[C@@H](C(=O)O[C@@](O)(CO)C3=CC=CC=C3)C[C@H]1[C@@H]1O[C@@H]12;CN1[C@@H]2C[C@@H]3C[C@H]1[C@@H](OC(=O)[C@](O)(CO)C1=CC=CC=C1)[C@H]2O3;CCOC(=O)C1=C(C)NC(C)=C(C(=O)OCC)C1C1=CC=CO1;COC(=O)C1C(OC(=O)C2=CC=CC(O)=C2)CC2CCC1N2C;COC(=O)[C@H]1C(OC(=O)C2=CC=CC=C2)[C@@H]2C[C@H](C[C@H]1O)N2C;NC(=O)C1CCN(C(=O)N[C@H](CC2=CC=CC=C2)C(=O)O)CC1;COC1=C2OCOC2=CC2=C1[C@H](CC(=O)CC(C)=O)N(C)CC2;COC1=C2OCOC2=CC2=C1[C@@H](CC(=O)CC(C)=O)N(C)CC2;O=C(C1=CC=CC=C1)N1CC[C@H](C2=NN=C(C3=CC=CC=C3)O2)C1;CC1(C)CC(=O)C2=C(O)C=C(OCC(=O)N3CCCC3)C=C2O1;COC1=C2OCOC2=CC2=C1C(CC(O)=CC(C)=O)N(C)CC2;CCOC(=O)COC1=CC=C2C(=C1)C(C(=O)OCC)=C(C)N2C;O=C(NCC1=CC=CC=C1)C1=CC=C2C(=O)N3CCCC3=NC2=C1;O=C([C@H](O)[C@H](O)/C=C/C1=CC=C2OCOC2=C1)N1CCCCC1;O=C([C@H](O)[C@@H](O)/C=C/C1=CC=C2OCOC2=C1)N1CCCCC1;O=C([C@@H](O)[C@H](O)/C=C/C1=CC=C2OCOC2=C1)N1CCCCC1;O=C([C@@H](O)[C@@H](O)/C=C/C1=CC=C2OCOC2=C1)N1CCCCC1;CCOC(=O)C1=C(C)N(C)C2=CC=C(O[C@H](C)C(=O)OC)C=C12;CCOC(=O)C1=C(C)N(C)C2=CC=C(O[C@@H](C)C(=O)OC)C=C12;COC1=C(C[C@@H]2O[C@]2(C)CO)C(=O)N(C)C2=C(OC)C=CC=C12
m_0d2197,Nc1nccnc1C(=O)NC1CC(N(CC(=O)O)CC2CC2)C1;COc1cc(C(=O)NCCCn2ccnc2)cc(OC)c1OC;CN1CCN(c2ncc(CNc3ccc(F)cc3F)cn2)CC1;Cn1cc(OC2COCC2NC(=O)CCc2ccnn2C)cn1;O=C(c1ccc(N2CC3CCC2C3)nc1)N1CCc2ccccc21;COC(=O)[C@H]1C(OC(=O)C2=CC=CC=C2)[C@@H]2C[C@H](C[C@H]1O)N2C;CN1[C@@H]2C[C@@H](C(=O)O[C@@](O)(CO)C3=CC=CC=C3)C[C@H]1[C@@H]1O[C@@H]12;COC(=O)[C@H]1CCCN1C(=O)C1=CC=C(OCCC(C)C)C=C1;COC(=O)[C@@H]1CCCN1C(=O)C1=CC=C(OCCC(C)C)C=C1;CN1[C@@H]2C[C@@H]3C[C@H]1[C@@H](OC(=O)[C@](O)(CO)C1=CC=CC=C1)[C@H]2O3;CCOC(=O)COC1=CC=C2C(=C1)C(C(=O)OCC)=C(C)N2C;COC(=O)C1C(OC(=O)C2=CC=CC(O)=C2)CC2CCC1N2C;CCOC(=O)C1=C(C)N(C)C2=CC=C(O[C@H](C)C(=O)OC)C=C12;CCOC(=O)C1=C(C)N(C)C2=CC=C(O[C@@H](C)C(=O)OC)C=C12;COC1=CC=CC(C(CO)C(=O)OC2CC3CCC(C2)N3C)=C1;COC1=C2OCOC2=CC2=C1[C@H](CC(=O)CC(C)=O)N(C)CC2;COC1=C2OCOC2=CC2=C1[C@@H](CC(=O)CC(C)=O)N(C)CC2;CN1C(C(=O)N2CCCC[C@H]2C2=CC=CN=C2)=CC2=CC=CC=C21;CN1CCN(C[C@@H]2OC[C@H](NC(=O)C3=CC=CC=C3)[C@H]2O)CC1;CCOC(=O)C1=C(C)NC(C)=C(C(=O)OCC)C1C1=CC=CO1;C[C@H]1C(=O)N(C)[C@@H](CC2=CC=C3OC(C(C)(C)O)CC3=C2)[C@@H]1O;COC1=CC=C(O[C@H]2COCCN(C(=O)C3CCCC3)C2)C=C1;COC1=C(C[C@@H]2O[C@]2(C)CO)C(=O)N(C)C2=C(OC)C=CC=C12;C#CCNC(=O)C[C@@H]1O[C@H](CNCC2=CC=CC=N2)[C@@H](O)[C@H]1O;CN1C=CC2=C(C(=O)N3CCCC[C@H]3C3=CC=CN=C3)C=CC=C21
m_0d3550,COc1ccc(OC)c(CN(C)C(=O)C(N)C(C)(C)C)c1;COc1ccc2c(c1)C(NCC(O)CN(C)C)CCCO2;COc1ccccc1CC(C)(CO)NCC(=O)NC(C)C;Cc1cc(C(=O)Nc2ccc3c(c2)CCC3)c(C)n1C1CC1;CCCCCCCC=CC(=CC=CC(=O)O)COC(C)=O;COC(=O)CCCCCCCC1=CC=C(OC)C(OC)=C1;COC(=O)CCCCCCCC1=CC=CC(OC)=C1OC;CCCCCCCC(=O)C[C@@H](O)C1=CC=C(O)C(OC)=C1;COC1=CC(COC(=O)CCCCCC(C)C)=CC=C1O;CCCCC[C@H](O)CCC(=O)CC1=CC=C(O)C(OC)=C1;CCCCC[C@H](O)CC(=O)CCC1=CC=C(OC)C(O)=C1;CCC(C)COC1=CC=C(CCCOC(C)=O)C=C1OC;COC1=CC(O)=CC(CCCCCC(=O)CC(C)OC)=C1;CCCCCCCCC1=C(O)C=C(O)C=C1CC(=O)OC;CCC(C)COC1=CC(CCCOC(C)=O)=CC(OC)=C1;CCOC(=O)CCCCCCCCC1=CC(O)=CC=C1O;CCCCCCCC(CC1=CC(O)=CC(O)=C1)OC(C)=O;CCCCCCC[C@H](O)CCOC(=O)C1=CC=C(O)C=C1;COC(=O)CCCCCC[C@H](O)/C=C/[C@H]1C=CC(=O)[C@@H]1C;CCCCCCCC1=CC(O)=CC(O)=C1C(=O)OC(C)C;COC(=O)C=C(C)CCC=C(C)CCC=C(C)C(=O)OC;CCCCCCCCCC(=O)C1=CC(O)=C(C)C(O)=C1O;CC(=O)O[C@@H]1C=C(C(=O)O)CC[C@H]1[C@H](C)CCC=C(C)C;C[C@@H]([C@H](O)[C@@H](C)C1=CC=C(CO)C=C1C=CCO)[C@@H](C)O;C[C@@H]([C@H](O)[C@@H](C)C1=CC=C(CO)C=C1/C=C/CO)[C@H](C)O
m_0d463f,O=C(Nc1nnc(-c2ccsc2)s1)N1CCCc2occc2C1;O=C(O)C1CCCN1C(=O)c1ccc(Oc2ccncc2)c(Cl)c1;Cc1cccc(Cl)c1S(=O)(=O)NC1CCN(CC(=O)O)CC1;COc1cccc2c1OCC(C(=O)NCc1nc(C(=O)O)cs1)=C2;CC(=O)CSc1nnc(C)c2c(C)n(-c3ccccc3Cl)nc12;COC(=O)CC(C1=CC=C(O)C(OC)=C1)C1=CC2=C(C=C1O)OCO2;COC(=O)C1=CC(C[C@@H](C)O)=CC(O)=C1C(=O)C1=C(O)C=CC=C1O;COC(=O)[C@@]1(O)C(OC)=C(OC)C(=O)/C1=C(O)/C=C/C1=CC=CC=C1;COC(=O)C1(O)C(OC)=C(OC)C(O)=C1C(=O)C=CC1=CC=CC=C1;COC(=O)CC(C1=CC=C2OCCOC2=C1)C1=C(O)C=C(C)OC1=O;COC(=O)CC(C1=CC=C2OCCOC2=C1)C1=C(O)C(=O)C=C(C)O1;CC(=O)O[C@@H]1C=C[C@H]2O[C@@]2(COC(=O)C2=CC=CC=C2)[C@H]1OC(C)=O;CC(=O)O[C@@H]1C=C[C@@H]2O[C@]2(COC(=O)C2=CC=CC=C2)[C@H]1OC(C)=O;CCC[C@H]1O[C@H](CC(=O)O)C[C@@]23OC12C(=O)C1=C(O)C=CC=C1C3=O;COC(=O)CC1C2=C(O)C=C(O)C=C2OC(C2=CC=C(O)C=C2)C1O;COC(=O)CC(C1=CC=C(C(=O)OC)C=C1)C1=C(O)C(=O)C=C(C)O1;COC1=CC([C@H]2OC3=C(OC)C=C(C(=O)O)C=C3[C@@H]2CO)=CC=C1O;COC1=CC([C@@H]2OC3=C(OC)C=C(C(=O)O)C=C3[C@H]2CO)=CC=C1O;CCOC(=O)C1=C(O)C=C(O)C2=C1OC(C1=CC=C(O)C=C1)C(O)C2;CC(=O)O[C@@H]1C=C[C@H](O)[C@@H](OC(C)=O)/C1=C/OC(=O)C1=CC=CC=C1;O=C(O)[C@H]1O[C@@H](OC2=CC=C(C3=CC=CC=C3)C=C2)[C@H](O)[C@@H](O)[C@@H]1O;COC(=O)C1=CC(O)=C2OC(C3=CC=C(O)C(OC)=C3)C(CO)C2=C1;COC1=CC=C(CCC(=O)C2=C(O)C(OC)=C3OCOC3=C2O)C=C1;CC(=O)OC(OC(=O)C1=CC=CC=C1)C1=CC=C[C@H](O)[C@H]1OC(C)=O;CCC[C@H]1O[C@H](CC(=O)O)C[C@@]23OC12C(=O)C1=CC(O)=CC=C1C3=O
m_0ea8a3,CC(NC1CCN(c2ccc(C#N)cn2)CC1)C(C)c1ccccc1;COc1cccc(C(NC(=O)N2CCC(C(C)O)C2)C(C)(C)C)c1;CC1CCC(=CC(=O)N2CCC(C3OCCC3C(N)=O)CC2)CC1;CC(O)C1CCN(C(=O)NCCOc2ccccc2C(C)(C)C)C1;CC(C)(O)CN1CCN(C(=O)c2ccc(CNC(N)=O)cc2)CC1;CCC(CC)COC(=O)C1=CC=CC=C1C(=O)OCC(CC)CC;COC(=O)C1=C[C@@H]2C(=C(C)CC[C@H]2C(C)C)C[C@@H]1OC(=O)C(C)C;CCCCOC(=O)C1=CC=CC=C1C(=O)OCCCCCC(C)C;CCCCCCCCOC(=O)C1=CC=CC=C1C(=O)OCC(C)C;CC(C)C1CCC2C3C=CC(C)(O)C(=O)CC3(C)CCC12C(=O)O;CC1=C[C@H]2OO[C@@H]1C[C@]1(C)CC[C@]3(C(=O)O)[C@@H](C(C)C)CC[C@H]3[C@H]21;CC(C)=CC(=O)C(O)/C(C)=C/CC[C@](C)(O)[C@@H]1CCC(C)=CC1=O;CC(C)=CC(=O)C(O)/C(C)=C/CC[C@](C)(O)C1CCC(C)=CC1=O;COC(=O)[C@@H]1CCC[C@]2(C)[C@@H]1CC=C1C=C(C(C)(C)OO)CC[C@@H]12;CC(=O)C[C@H]1O[C@@H](C(C)(O)/C=C/C=O)[C@H]2[C@@H]1C(C)=CC[C@@H]2C(C)C;CCCCC(CCC)OC(=O)C1=CC=CC=C1C(=O)OCC(C)C;CC(C)[C@@H]1C(=O)C=C2C(CC[C@H]3[C@@]2(C)CCC[C@]3(C)C(=O)O)[C@H]1O;CC(C)C1=C[C@@]2(O)CC[C@@H]3[C@](C)(CCC[C@]3(C)C(=O)O)[C@H]2CC1=O;CC(C)C1=C[C@@]2(O)CC[C@@H]3[C@](C)(CCC[C@@]3(C)C(=O)O)[C@H]2CC1=O;CC(=O)C(C)(C)/C=C/[C@H](C)[C@@]1(O)C(=O)[C@H]2[C@@H](C=C[C@@H]2C)[C@H](C)[C@@H]1O;CC(=O)C(C)(C)/C=C/[C@@H](C)[C@@]1(O)C(=O)[C@H]2[C@@H](C=C[C@@H]2C)[C@H](C)[C@@H]1O;C/C1=C\CC(=O)[C@H](C)CC(=O)[C@H]([C@H](C)C(=O)O)[C@@H]2[C@@H](CC1)C2(C)C;C/C1=C\CC(=O)[C@@H](C)CC(=O)[C@H]([C@H](C)C(=O)O)[C@@H]2[C@@H](CC1)C2(C)C;C[C@H](CC[C@@]1(C)[C@H](C)CC[C@@]23COC(=O)C2=CCC[C@@H]31)CC(=O)O;CCCCCCCCOC(=O)C1=CC=CC=C1C(=O)OCCCC
m_0ee46b,Cc1oc(C(=O)NC2(c3ccccc3)CC2(C)C)cc1CO;O=C(CC1C=CCC1)Nc1ccccc1CN1CCNC1=O;O=C(Nc1ccncc1F)N1CCC(Cc2ccccc2)C1;COCc1ccc(C(=O)N2CCC(Cc3ccccc3)C2)o1;Cc1nnc(CCC(=O)N(C)C2CCc3ccccc3C2)o1;COC(=O)[C@H]1[C@H]2C(=O)N(CC3=CC=CC=C3)C[C@]23C=C[C@H]1O3;COC(=O)[C@@H]1[C@H]2C(=O)N(CC3=CC=CC=C3)C[C@]23C=C[C@H]1O3;COC(=O)C1[C@H]2C(=O)N(CC3=CC=CC=C3)C[C@]23C=C[C@H]1O3;CC(C)(C)C1=NN=C([C@H]2CCN(C(=O)C3=CC=CC=C3)C2)O1;C[C@]1(C(=O)O)[C@H]2C(=O)N(CC3=CC=CC=C3)C[C@]23C=C[C@H]1O3;C[C@@]1(C(=O)O)[C@H]2C(=O)N(CC3=CC=CC=C3)C[C@]23C=C[C@H]1O3;CC1(C(=O)O)[C@H]2C(=O)N(CC3=CC=CC=C3)C[C@]23C=C[C@H]1O3;C[C@@]12COC3(C(=O)NCCC4=CC=CC=C4)CC1CC[C@]32C;C[C@@]12CC[C@H]3C[C@]1(C(=O)NCCC1=CC=CC=C1)OC[C@]32C;COC1=CC=CC=C1[C@H](CC(=O)N1CCCC1)C1=CC=CO1;COC1=CC=CC=C1[C@@H](CC(=O)N1CCCC1)C1=CC=CO1;COC(=O)[C@H](COCC1=CC=CC=C1)NCC1=CC=CC=C1;COC(=O)[C@@H](COCC1=CC=CC=C1)NCC1=CC=CC=C1;CCN(C(=O)C1=CC2=CC=CC=C2OC1=O)C1CCCCC1;C#CCNC(=O)[C@@H]1CCCN1[C@@H](C(=O)NC)C1=CC=CC=C1;COC(=O)C(CC1=CC=C(O)C=C1)NC(=O)C1=CC=CC=C1;O=C(O)[C@H]1[C@H]2C=C[C@]3(CN(CCC4=CC=CC=C4)C(=O)[C@@H]13)O2;O=C(O)[C@H]1[C@H]2C(=O)N(CCC3=CC=CC=C3)C[C@]23C=C[C@H]1O3;O=C(O)[C@@H]1[C@H]2C=C[C@]3(CN(CCC4=CC=CC=C4)C(=O)[C@@H]13)O2;O=C(O)[C@@H]1[C@H]2C(=O)N(CCC3=CC=CC=C3)C[C@]23C=C[C@H]1O3
m_0f05e7,COc1cccc(CNC(=O)c2cc(F)ccc2F)c1;COc1cccc(CNC(=O)c2ccsc2)c1OC;CNS(=O)(=O)N1CCN(C(=O)C2CCOC2)CC1;CCCC(=O)NCc1c(Cl)cccc1-n1ccnc1;NS(=O)(=O)C1CCCN(C(=O)N2CCOCC2)C1;CC1(C)[C@@]2(C)CC[C@]1(C(=O)NCC1=CC=CO1)OC2=O;CC1(C)[C@@]2(C(=O)NCC3=CC=CO3)CC[C@]1(C)C(=O)O2;COC(=O)C1=CN(C(C)(C)[C@H](O)CO)C2=CC=CC=C12;CC(=O)O[C@H](CCO)CNC(=O)/C=C/C1=CC=CC=C1;COC1=CC=C(CNC(=O)C2CC(=O)OC2(C)C)C=C1;O=C(NCC1=CC=CC=C1)C1=CC2=CC=CC=C2OC=C1;CC(C)=CCOC1=CC=C(CC(=O)NCC(=O)O)C=C1;CN1[C@@H]2C[C@@H](OC(=O)C3=CC=CC=C3)C[C@H]1[C@H](O)[C@@H]2O;O=C(N[C@H]1CC[C@H](C(=O)O)CC1)OCC1=CC=CC=C1;CC(=O)N[C@H]1CO[C@H]2[C@@H]1OC[C@H]2OCC1=CC=CC=C1;CC(=O)N[C@@H]1CO[C@@H]2[C@@H]1OC[C@H]2OCC1=CC=CC=C1;O=C(N[C@H]1CCCC[C@H]1C(=O)O)OCC1=CC=CC=C1;O=C(N[C@H]1CCCC[C@@H]1C(=O)O)OCC1=CC=CC=C1;O=C(N[C@@H]1CCCC[C@H]1C(=O)O)OCC1=CC=CC=C1;O=C(N[C@@H]1CCCC[C@@H]1C(=O)O)OCC1=CC=CC=C1;CN1[C@@H]2C[C@@H](O)C[C@H]1[C@H](OC(=O)C1=CC=CC=C1)[C@@H]2O;CC(OCC(=O)C1=CC=CC=C1)=C(C#N)C1=CC=CC=C1;CC(=O)[C@](C#N)(CC(=O)C1=CC=CC=C1)C1=CC=CC=C1;CC(=O)[C@@](C#N)(CC(=O)C1=CC=CC=C1)C1=CC=CC=C1;CC1(C)CCC2=CC(CC(=O)NCC(=O)O)=CC=C2O1
m_0fe9d9,CC(C)(C)c1nsc(NC(=O)c2cccc(F)c2)n1;O=C(NC1(CO)CCOC1)c1cc(F)cc2ccoc12;CCN(CCC(=O)O)C(=O)C1CSc2ccccc21;CC1(C(=O)O)CCN(C(=O)c2sccc2C2CC2)C1;Cn1c(-c2ccc3c(c2)OCO3)cc(=O)c2ccccc21;CC(=O)NC1=CC=C(C(=O)C2=CC3=CC=CC=C3O2)C=C1;CC(=O)NCCC1=CC=C(OC(C)=O)C(OC(C)=O)=C1;CC(=O)NC1=C(C)C=CC2=C1C(=O)C1=CC=CC=C1C2=O;CC[C@H](CCC(=O)NC1=CC=CC(C(=O)O)=C1)C(=O)O;CC[C@@H](CCC(=O)NC1=CC=CC(C(=O)O)=C1)C(=O)O;COC(=O)[C@H](NC(C)=O)[C@@H](OC(C)=O)C1=CC=CC=C1;CCOC(=O)C1=CC=C2C(=O)C(C3=CC=CC=C3)=NC2=C1;COC1=CC=C(C=CNC(=O)C=CC2=CC=CC=C2)C=C1;COC1=CC=C(C2=CC(C(=O)O)=C3C=CC=CC3=N2)C=C1;CC[C@H](CCC(=O)NC1=CC=CC=C1C(=O)O)C(=O)O;CC[C@@H](CCC(=O)NC1=CC=CC=C1C(=O)O)C(=O)O;COC1=CC=CC=C1C1=CC(C(=O)O)=C2C=CC=CC2=N1;COC(=O)C1=CC=C(C2=NC=C(C3=CC=CC=C3)O2)C=C1;COC1=CC=C(CCNC(=O)C=CC(=O)O)C=C1OC;COC1=CC=C(C(=O)N[C@H]2CO[C@H]3[C@@H]2OC[C@H]3O)C=C1;COC1=CC(C(C)=O)=CC=C1OC(=O)N1CCOCC1;COC1=CC=CC(C2=CC(C(=O)O)=C3C=CC=CC3=N2)=C1;COC(=O)C1=CC=C(C=C2C(=O)NC3=CC=CC=C23)C=C1;CC[C@H](CCC(=O)NC1=CC=C(C(=O)O)C=C1)C(=O)O;CCOC1=CC(C=CC(=O)OC)=CC=C1OCC(N)=O
m_108fdb,CCCCCn1cc(C(=O)c2cccc3ccccc23)c2ccccc21;O=C(NC1CC(Cn2ccnc2)CC1O)c1cccc2c1CCOC2;CC(C)CC1C(=O)NCCN1C(=O)Cc1cc2ccccc2c(=O)[nH]1;Cc1n[nH]c(C)c1CCC(=O)N1CCCC1c1ccc2c(c1)OCO2;O=C(NC1CCCNC1=O)C1CC(=O)N(c2ccc3c(c2)CCC3)C1;COC1=CC2=C(C=C1OC)[C@H](C)N(C(=O)COC1=CC=CC=C1)CC2;COC1=CC2=C(C=C1OC)[C@H](CC1=CC=C(O)C=C1)N(C(C)=O)CC2;COC1=CC2=C(C=C1OC)[C@@H](CC1=CC=C(O)C=C1)N(C(C)=O)CC2;O=C(OC[C@H]1CCCN2CCCC[C@@H]12)C1=CC2=CC=CC=C2OC1=O;COC1=CC=C([C@H]2C3=CC(OC)=C(OC)C=C3CCN2C(C)=O)C=C1;COC1=CC=C([C@@H]2C3=CC(OC)=C(OC)C=C3CCN2C(C)=O)C=C1;COC1=CC=C(C(=O)N2CCC3=CC(OC)=C(OC)C=C3C2C)C=C1;CCOC1=CC2=C(C=C1OCC)[C@H](C1=CC=C(C(=O)O)C=C1)NCC2;CCOC1=CC2=C(C=C1OCC)[C@@H](C1=CC=C(C(=O)O)C=C1)NCC2;COC[C@@H]1CN(C(=O)C2=C(C)OC(C)=C2)[C@H]2C3=CC=CC=C3OC[C@@H]12;COC(=O)[C@]1(CC2=CC=CC=C2)NCCC2=CC(OC)=C(OC)C=C21;COC(=O)[C@@]1(CC2=CC=CC=C2)NCCC2=CC(OC)=C(OC)C=C21;COC1=CC=C(CC(=O)N2CCC3=CC(OC)=C(OC)C=C3C2)C=C1;COC1=CC=C(C(=O)CN2CCC3=CC(OC)=C(OC)C=C3C2)C=C1;COC1=CC=C(CCNC(=O)[C@H]2OCCC3=CC=CC=C32)C=C1OC;COC1=CC=C(CCNC(=O)[C@@H]2OCCC3=CC=CC=C32)C=C1OC;COC1=CC=C(CC(=O)N2CCOC[C@H](OC3=CC=CC=C3)C2)C=C1;COC1=CC=C(CC(=O)N[C@H]2[C@H](O)[C@H](O)C[C@@H]2C2=CC=CC=C2)C=C1;O=C1N[C@@H]2CCN(C(=O)C3CCCC3)[C@@H]2C(=O)N1CC1=CC=CC=C1;COC1=CC=C(CCNC(=O)[C@H]2COC3=CC=CC=C3C2)C=C1OC
m_12945e,O=C(NC1CCCC1)c1cccnc1OCc1ccccc1F;CCCOc1ccc(-c2noc(-c3cc(C)[nH]n3)n2)cc1OC;CCN1CCCN(S(=O)(=O)Cc2cccc(F)c2)C(C)C1;CC(Cc1ccccc1F)NCC1CCCN1S(C)(=O)=O;O=C(c1cncc(O)c1)N1CCCCC1c1noc(C2CC2)n1;CCCC1=CC(=O)OC2=C(C)C(O[C@H]3CCCCC3=O)=CC=C12;CCCC1=CC(=O)OC2=C(C)C(O[C@@H]3CCCCC3=O)=CC=C12;CC(=O)[C@H]1C(C2=CC=C3OCOC3=C2)=C[C@@H](O)[C@H]2CCCC[C@H]12;CC1(C)C(=O)C(C(=O)CCC2=CC=CC=C2)C(=O)C(C)(C)C1=O;OC1=CC=C2C=C1C1=CC(=CC=C1O)CC[C@H](O)C[C@H](O)CC2;OC1=CC=C2C=C1C1=CC(=CC=C1O)CC[C@H](O)C[C@@H](O)CC2;CCC1=C(C)C2=CC=C(O[C@H]3CCCCC3=O)C(C)=C2OC1=O;CCC1=C(C)C2=CC=C(O[C@@H]3CCCCC3=O)C(C)=C2OC1=O;OC1=CC=C(CCC2CCCC(C3=CC=C(O)C(O)=C3)O2)C=C1;CCCC(=O)OC1=CC(C)=C(OC(=O)CCC)C2=CC=CC=C12;CC1(C)[C@@H]2CC[C@@](C)(O2)[C@H]1COC1=CC=C2C=CC(=O)OC2=C1;CC(=O)[C@H]1[C@@H](C2=CC=C3OCOC3=C2)[C@H](O)C=C2CCCC[C@@H]21;C=C1CC[C@@H](O)C(C)(C)[C@H]1COC1=CC=C2C=CC(=O)OC2=C1;CC(=O)C1=CC=C2C(=C1)C(=O)C[C@H]1[C@](C)(C(=O)O)CCC[C@]21C;OC1=CC=C2C=C1OC1=CC=C(C=C1)[C@@H](O)CCC[C@@H](O)CC2;CCC1=CC(C(=O)CC2=CC=C(OC(C)C)C=C2)=C(O)C=C1O;CC(C)(O)[C@H]1CC2=C(O)C=C(O)C=C2[C@H](O)[C@H]1C1=CC=CC=C1;CC(=O)[C@H]1C(=O)C[C@](C)(O)[C@@H](C(C)=O)[C@H]1/C=C/C1=CC=CC=C1;CC(=O)[C@H]1C(=O)C[C@](C)(O)[C@@H](C(C)=O)[C@@H]1/C=C/C1=CC=CC=C1;C[C@@]12C[C@@H](C3=COC=C3)OC(=O)[C@H]1CC[C@@]1(C)C(=O)CC=C[C@@H]21
m_13152b,Cn1ncc(C(=O)O)c1C(=O)NCC1(c2ccccc2)CCCCO1;CCCCN1CCC(NS(=O)(=O)c2cc(C(=O)O)n(C)c2)CC1;COc1cccc(CC(NC(=O)c2cnc3n2CCCC3)C(=O)O)c1;COCc1cccc(CN2C(=O)CC(C(=O)O)C2c2cnn(C)c2)c1;Cc1nc(C2CCN(S(=O)(=O)CCC(C)C)CC2)[nH]c1C(=O)O;CC1=CC(=O)C(O)=C(C(CC(=O)N2CCOCC2)C2=CC=CC=C2)O1;COC1=CC=C(CCNC(=O)CC2=CC=CC=C2C(=O)O)C=C1OC;COC(=O)[C@H](CC1=CC=CC=C1)NC(=O)COC1=CC=C(OC)C=C1;COC(=O)[C@@H](CC1=CC=CC=C1)NC(=O)COC1=CC=C(OC)C=C1;CC1=C(C(=O)NCC2CCC(C(=O)O)CC2)C(=O)OC2=CC=CC=C12;COC(=O)[C@H](CC1=CC=CC=C1)N1C(=O)[C@@H]2[C@H]3CC[C@H](O3)[C@@]2(C)C1=O;COC1=CC=C(CC(=O)NC[C@H]2COC3=CC=CC=C3O2)C=C1OC;COC1=CC=C(CC(=O)NC[C@@H]2COC3=CC=CC=C3O2)C=C1OC;CCOC(=O)C1CCN(CC2=CC(=O)OC3=C(C)C(C)=CC=C23)CC1;CCOC(=O)[C@](O)(C(=O)OC)C1=CC=C(N(C)C2=CC=CC=C2)C=C1;CCOC(=O)[C@@](O)(C(=O)OC)C1=CC=C(N(C)C2=CC=CC=C2)C=C1;CCOC(=O)[C@H](CC1=CC=C(O)C=C1)NC(=O)OCC1=CC=CC=C1;CCOC(=O)[C@@H](CC1=CC=C(O)C=C1)NC(=O)OCC1=CC=CC=C1;COC1=CC=C(CCN2C(C)=C(C(C)=O)C(C(C)=O)=C2C)C=C1OC;COC1=CC(C[C@H]2C3=CC(O)=C(OC)C=C3CCN2C=O)=CC=C1O;COC1=CC(C[C@@H]2C3=CC(O)=C(OC)C=C3CCN2C=O)=CC=C1O;COC1=CC2=C(C=C1O)[C@H](CC1=CC=C(OC)C(OC)=C1)N(C)CC2;COC1=CC2=C(C=C1O)CCN(C)[C@H]2CC1=CC=C(OC)C(OC)=C1;COC1=CC2=C(C=C1O)CCN(C)[C@@H]2CC1=CC=C(OC)C(OC)=C1;CN(C(=O)OCC1=CC=CC=C1)[C@H](COCC1=CC=CC=C1)C(=O)O
m_134d4a,O=C(O)Cc1ccc(C(=O)NC2CCCC2n2ccnc2)cc1;COc1cc(CNC(=O)NC2c3ccccc3CC2O)ccn1;Cc1cnn(CC2CN(C(=O)c3cccc4c3OCCO4)C2)c1;CS(=O)(=O)CCn1ccc(NC(=O)C2CCCCCC2)n1;O=C(O)C1CCCCN1C(=O)c1ccc(Cn2ccnc2)cc1;COC1=CC=C(CNC(=O)C2=CC=C3OCCCOC3=C2)C=C1;COC(=O)[C@H]1[C@H]2C(=O)N(CC3=CC=C(C)C=C3)C[C@]23C=C[C@H]1O3;COC(=O)[C@@H]1[C@H]2C(=O)N(CC3=CC=C(C)C=C3)C[C@]23C=C[C@H]1O3;COC(=O)C1[C@H]2C(=O)N(CC3=CC=C(C)C=C3)C[C@]23C=C[C@H]1O3;CCC1=CC=C(N2C[C@@]34C=C[C@@H](O3)[C@H](C(=O)OC)[C@@H]4C2=O)C=C1;COC(=O)[C@H]1[C@H]2C(=O)N(CCC3=CC=CC=C3)C[C@]23C=C[C@H]1O3;COC(=O)[C@@H]1[C@H]2C(=O)N(CCC3=CC=CC=C3)C[C@]23C=C[C@H]1O3;COC(=O)C1[C@H]2C(=O)N(CCC3=CC=CC=C3)C[C@]23C=C[C@H]1O3;COC1=CC=C(NC(=O)CCC(=O)C2=CC=C(OC)C=C2)C=C1;COC1=CC=C(CCC(=O)NCC2=CC=C3OCOC3=C2)C=C1;COC1=CC=C(CC(=O)NC2=CC=C(C(C)=O)C=C2)C=C1OC;CCC1=CC=CC=C1N1C[C@@]23C=C[C@@H](O2)[C@H](C(=O)OC)[C@@H]3C1=O;CCOC(=O)C1=CC=C(NC(=O)CC2=CC=C(OC)C=C2)C=C1;COC1=CC=CC=C1CNC(=O)C1=CC=C2OCCCOC2=C1;CN(C(=O)OCC1=CC=CC=C1)[C@@H](CC1=CC=CC=C1)C(=O)O;CCOC(=O)[C@H]1[C@H]2C(=O)N(CC3=CC=CC=C3)C[C@]23C=C[C@H]1O3;CCOC(=O)[C@@H]1[C@H]2C(=O)N(CC3=CC=CC=C3)C[C@]23C=C[C@H]1O3;CCOC(=O)C1[C@H]2C(=O)N(CC3=CC=CC=C3)C[C@]23C=C[C@H]1O3;COC(=O)[C@@H]1CC2=C(CN1C(C)=O)N(CC1=CC=CC=C1)C=N2;COC1=CC=C(C=CC(=O)NCCC2=CC=C(O)C(O)=C2)C=C1
m_145679,CCOC(=O)N1CCN(S(=O)(=O)NC2CCCCC2)CC1;NC(=O)c1ccccc1NC(=O)CN1CCOC2COCCC21;O=C(O)c1cccc(N2CCCC(C(=O)N3CCOCC3)C2)n1;Cc1cc(N)n(-c2ncnc3c2cnn3-c2cccc(C)c2C)n1;CC1(C)Cc2cccc(OCCNC(=O)C3CNC(=O)N3)c2O1;NC(=O)C1CCN(C(=O)N[C@H](CC2=CC=CC=C2)C(=O)O)CC1;COC(=O)C1C(OC(=O)C2=CC=CC(O)=C2)CC2CCC1N2C;CN1[C@@H]2C[C@@H](C(=O)O[C@@](O)(CO)C3=CC=CC=C3)C[C@H]1[C@@H]1O[C@@H]12;COC1=CC=CC(C(CO)C(=O)OC2CC3CCC(C2)N3C)=C1;COC(=O)[C@H]1CCCN1C(=O)C1=CC=C(OCCC(C)C)C=C1;COC(=O)[C@@H]1CCCN1C(=O)C1=CC=C(OCCC(C)C)C=C1;CC1=CC=CC([C@H]2C[C@@H](O)[C@@H](O)[C@@H]2NC(=O)C2CCOCC2)=C1;CN1[C@@H]2C[C@@H]3C[C@H]1[C@@H](OC(=O)[C@](O)(CO)C1=CC=CC=C1)[C@H]2O3;CCOC(=O)C1=C(C)NC(C)=C(C(=O)OCC)C1C1=CC=CO1;COC(=O)N1CC[C@@]2(O)CCCC[C@H]2[C@@H]1C1=CC=CC=C1OC;COC(=O)N1CCC2(O)CCCCC2[C@@H]1C1=CC=CC=C1OC;COC1=CC=C(O[C@H]2COCCN(C(=O)C3CCCC3)C2)C=C1;COC(=O)N1CC[C@@]2(O)CCCC[C@H]2[C@@H]1C1=CC=C(OC)C=C1;COC(=O)N1CCC2(O)CCCCC2[C@@H]1C1=CC=C(OC)C=C1;COC1=C(C[C@@H]2O[C@]2(C)CO)C(=O)N(C)C2=C(OC)C=CC=C12;COC(=O)[C@H]1C(OC(=O)C2=CC=CC=C2)[C@@H]2C[C@H](C[C@H]1O)N2C;C/C=C(\C)C(=O)OCC1=CCN2CC[C@H](OC(=O)/C(C)=C/C)[C@@H]12;C/C=C(/C)C(=O)OCC1=CCN2CC[C@H](OC(=O)/C(C)=C\C)[C@@H]12;O=C(C1=CC=CC=C1)N1CC[C@H](C2=NN=C(C3=CC=CC=C3)O2)C1;CN(C(=O)OCC1=CC=CC=C1)[C@H](CC1CCCCC1)C(=O)O
m_153108,O=S(=O)(Nc1ccc2c(c1)OCCO2)c1ccc(Cl)cc1F;COc1ccc(S(=O)(=O)Nc2c(C)cc(Cl)cc2C)c(F)c1;Cn1nc(C(=O)N2CCOc3c(Cl)cccc32)cc1OC(F)F;N#Cc1ccc(N2CCOC(c3ccccc3Br)C2)cn1;N#Cc1ccc(N2CCOC(c3cccc(Br)c3)C2)cn1;COC1=CC=C2C(=C1OC)C(=O)O[C@H]2NC1=CC=C2OCCOC2=C1;COC1=CC=C2C(=C1OC)C(=O)O[C@@H]2NC1=CC=C2OCCOC2=C1;COC1=C2OCOC2=C(OC)C2=C1C(=O)C1=CC=CC(OC)=C1N2C;CC1=C(O)C(O)=C(O)C2=C1C(=O)N([C@@H](CC1=CC=CC=C1)C(=O)O)C2;COC1=CC=C2C(=O)C3=C(OC)C4=C(C=C3N(C)C2=C1OC)OCO4;CC(CC(=O)OC1=CN(CC2=CC=CC=C2)C2=C1C(O)=CO2)C(=O)O;CO[C@@H]1C[C@@]23C(=C[C@H]1O)CCN2C(=O)C(=O)C1=CC2=C(C=C13)OCO2;COCCN1C(=O)C(O)=C(C(=O)C2=CC=CO2)[C@H]1C1=CC=CC(O)=C1;COCCN1C(=O)C(O)=C(C(=O)C2=CC=CO2)[C@@H]1C1=CC=CC(O)=C1;C[C@H]1C(=O)C[C@@H](C2=CC=CO2)N2C(=O)[C@H]3[C@@H](C(=O)O)[C@H]4C=C[C@@]3(O4)[C@H]12;C[C@H]1C(=O)C[C@@H](C2=CC=CO2)N2C(=O)[C@H]3[C@@H](C(=O)O)[C@H]4C=C[C@@]3(O4)[C@@H]12;C[C@H](C1=CC2=C(C=C1)OCO2)N1C[C@@]23C=C[C@@H](O2)[C@H](C(=O)O)[C@@H]3C1=O;C[C@@H]1C(=O)C[C@@H](C2=CC=CO2)N2C(=O)[C@H]3[C@@H](C(=O)O)[C@H]4C=C[C@@]3(O4)[C@H]12;C[C@@H]1C(=O)C[C@@H](C2=CC=CO2)N2C(=O)[C@H]3[C@@H](C(=O)O)[C@H]4C=C[C@@]3(O4)[C@@H]12;C[C@@H](C1=CC2=C(C=C1)OCO2)N1C[C@@]23C=C[C@@H](O2)[C@H](C(=O)O)[C@@H]3C1=O;CC1C(=O)CC(C2=CC=CO2)N2C(=O)C3C(C(=O)O)[C@H]4C=C[C@@]3(O4)C12;C[C@@H](CC(=O)NC(=O)C1=COC(CC2=CC=CC=C2)=CC1=O)C(=O)O;COC(=O)C1=C(N)OC2=C(C(=O)OC(C)=C2)[C@H]1C1=CC=C(OC)C=C1;COC(=O)C1=C(N)OC2=C(C(=O)OC(C)=C2)[C@@H]1C1=CC=C(OC)C=C1;COC1=CC2=C(C(O)=C1OC)C(=O)C1=CC=CC=C1N2COC(C)=O
m_156305,Cc1c(C2C(C(=O)N(C)Cc3cc[nH]n3)CC(=O)N2C)cnn1C;COC1CC(CNC(=O)Cn2ccnc2C)N(c2ccncn2)C1;CCn1nc(C)c(C(=O)N2CC3CCCC3(c3nnc(C)o3)C2)n1;Cc1c(C2C(C(=O)N(C)Cc3ncc[nH]3)CC(=O)N2C)cnn1C;CC(C)n1cc(C(=O)NC2CC(=O)N(C)C2c2ccnn2C)cn1;CC1=CC=C2CC(C(C)(C)O)C(=O)[C@]3(O)C2=C1C(=O)CCC3(C)C;CC(C)C1=CC=C2C(=C1)C(=O)C[C@H]1[C@@](C)(C(=O)O)[C@H](O)CC[C@]21C;CC(C)C1=C(O)C=CC2=C1C(=O)C[C@H]1[C@@](C)(C(=O)O)CCC[C@]21C;CC(C)C1=CC=C2C(=C1O)C(=O)C[C@H]1[C@@](C)(CO)C(=O)CC[C@]21C;COC(=O)[C@]1(CCC2=COC=C2)[C@H](C)CC[C@H]2C(C)=CC(=O)C[C@@H]21;COC(=O)[C@]1(CCC2=COC=C2)[C@H](C)CC[C@@H]2C(C)=CC(=O)C[C@@H]21;CC(C)[C@H]1CC(=O)C2=CC3=C(CO)C(=O)C(O)=C[C@@]3(C)CC[C@@]21C;CC(C)C1=CC=C2C(=C1)CC[C@@]1(O)[C@](C)(C(=O)O)CCC(=O)[C@]21C;CC(C)C1=CC2=C(C=C1O)C1(C)CCCC(C)(C(=O)O)C1CC2=O;CC(C)C1=CC2=C(C=C1O)C(=O)CC1C(C)(C(=O)O)CCCC21C;CC(C)C1=C(O)C=CC2=C1CC[C@H]1[C@@](C)(C(=O)O)CC(=O)C[C@]21C;C[C@H](CO)C1=CC2=C(C=C1O)[C@@]1(C)CCC(=O)C(C)(C)[C@@H]1CC2=O;CC1=C(C)[C@@H]2CC(=O)C3=CC(C[C@@H](C)O)=C(O)C(O)=C3[C@@]2(C)CC1;C=C1CC[C@H]2C(=C)C[C@H](OC(=O)CC(C)C)[C@H]3C(=C)C(=O)O[C@@H]3[C@@H]12;C=C1CC[C@H]2C(=C)C[C@@H](OC(=O)CC(C)C)[C@H]3C(=C)C(=O)O[C@@H]3[C@@H]12;C=C1C(=O)O[C@H]2[C@H]1[C@@H](OC(=O)CC(C)C)C[C@]1(C)C=CC=C(C)[C@H]21;C=C1C(=O)O[C@H]2[C@H]1[C@@H](OC(=O)CC(C)C)C[C@@]1(C)C=CC=C(C)[C@H]21;C=C1C(=O)O[C@@H]2/C=C(\C)CC/C=C(/C)C[C@H](OC(=O)/C(C)=C\C)[C@@H]12;C=C1C(=O)O[C@@H]2/C=C(\C)CC/C=C(/C)C[C@@H](OC(=O)/C(C)=C\C)[C@@H]12;C=C1C(=O)O[C@@H]2/C=C(/C)CC/C=C(/C)C[C@@H](OC(=O)/C(C)=C/C)[C@@H]12
m_15dab4,CNCC1CCN(C(=O)c2cc(C)n(-c3ccc(Br)cc3)n2)C1;O=C1C(NS(=O)(=O)c2c[nH]c3ncccc23)CCCN1CC(F)(F)F;COc1cc(C(=O)N2CCCC(C(=O)O)C2)ccc1OCc1cscn1;O=C(CN1C(=O)CCC1=O)N1CCN(c2nc3c(F)cccc3s2)CC1;O=C1CCCc2cc(S(=O)(=O)N3CCC(C(F)(F)F)CC3)ccc2N1;O=C(C1=CC=CC=C1)C1=CC(O)=C([C@@H]2O[C@H](CO)[C@@H](O)[C@H](O)[C@H]2O)C(O)=C1;COC1=CC=C(C[C@@]2(O)COC3=C(OC)C(OC)=CC(O)=C3C2=O)C=C1O;COC1=CC=C(C[C@@H]2COC3=C(OC)C(O)=C(C)C(O)=C3C2=O)C(O)=C1O;COC1=CC(C2C3=CC(O)=C(O)C=C3CC(C(=O)O)C2(O)CO)=CC=C1O;O=C(O)CC1=C(C2=CC=CC=C2)OC2=C(O)C3=C(C=C12)C1=C(CCC1)C(=O)O3;C[C@H](OC1=CC(O[C@H](C)C(=O)O)=CC2=C1C1=C(CCCC1)C(=O)O2)C(=O)O;C[C@H](OC1=CC(O[C@H](C)C(=O)O)=C2C3=C(CCCC3)C(=O)OC2=C1)C(=O)O;C[C@H](OC1=CC(O[C@@H](C)C(=O)O)=C2C3=C(CCCC3)C(=O)OC2=C1)C(=O)O;C[C@@H](OC1=CC(O[C@H](C)C(=O)O)=C2C3=C(CCCC3)C(=O)OC2=C1)C(=O)O;COC1=CC(O)=C(CC2=C(O)C=C(OC)C(C(C)=O)=C2O)C(O)=C1C(C)=O;COCC1=CC(=O)C(O)=C(C(CC(=O)OC)C2=CC=C3OCCOC3=C2)O1;O=C(O)CC1=C(C2=CC=CC=C2)OC2=C(O)C=C3C4=C(CCC4)C(=O)OC3=C12;COC1=CC=C(C2CC(=O)C3=C(O)C(OC)=C(OC)C(OC)=C3O2)C=C1O;CC(=O)OC[C@]12OC3=CC=CC(O)=C3C(O)=C1C(=O)C[C@@H](C)[C@H]2OC(C)=O;CC(=O)OC[C@]12OC3=CC=CC(O)=C3C(=O)C1=C(O)C[C@@H](C)[C@H]2OC(C)=O;COCC1=CC(=O)C(O)=C(C(CC(=O)OC)C2=CC=C(C(=O)OC)C=C2)O1;COC(=O)COC1=CC=C(C(CC(=O)OC)C2=C(O)C(=O)C=C(C)O2)C=C1;C[C@]1(O)CC(=O)[C@@]2(O)[C@](O)(CC[C@H]3C(=O)C4=C(O)C=CC=C4C(=O)[C@]32O)C1;COC(=O)[C@H](O)CC1=CC=C2O[C@@H]([C@H](OC)C3=CC=C(O)C(O)=C3)OC2=C1;C=C1C(=O)OC2C=C(CO)C3=CC(=O)C(C)(CC(OC(=O)C4(C)CO4)C12)O3
m_163bfd,Cc1nc(CNC(=O)NCc2ccccc2CC(F)(F)F)no1;CC(=O)Nc1cccc(NC(=O)C2(c3cccs3)CCCC2)c1;Cc1nc(CNC(=O)NC(Cc2ccccc2)C(F)(F)F)no1;CS(=O)(=O)c1ccc(OCCNC(=O)N2CCOCC2)cc1;NC(=O)c1ccc(NC(=O)CC2OCCc3ccccc32)cc1F;CC(=O)O[C@]12C(=O)OC(=O)[C@]3(C)CCC[C@@](C)(C4=CC=CC=C41)[C@H]32;CC(=O)O[C@@]12C(=O)OC(=O)[C@]3(C)CCC[C@@](C)(C4=CC=CC=C41)[C@H]32;COC1=C(C)C(O)=C(C(=O)CC(=O)C2=CC=CC=C2)C(O)=C1C=O;COC(=O)C1=C2[C@](C)(C(=O)OC)[C@@H]3O[C@@H]3C[C@@]2(C)C2=CC=CC=C12;COC(=O)C1=C2[C@](C)(C(=O)OC)C3OC3C[C@@]2(C)C2=CC=CC=C12;CC1(C)C(=O)C2=C(OC3=CC=CC=C3[C@@H]2CC(=O)O)C(C)(C)C1=O;CO[C@]1(CC2=CC=C(O)C=C2)OC(=O)C(O)=C1C1=CC=C(O)C=C1;COC1=CC=C(C(=O)CC(=O)C2=CC=C3OCOC3=C2)C(OC)=C1;COC(=O)C1=C2[C@](C)(C(=O)OC)C(=O)CC[C@@]2(C)C2=CC=CC=C12;COC(=O)C1C(=O)C(C(=O)C=CC2=CC=CC=C2)C(=O)CC1(C)C;COC(=O)C1=C(O)[C@H](C(=O)/C=C/C2=CC=CC=C2)C(=O)CC1(C)C;COC(=O)C1=C(O)[C@@H](C(=O)/C=C/C2=CC=CC=C2)C(=O)CC1(C)C;CCC(=O)O[C@H]1C(=O)C2=C(O)C=C(O)C=C2O[C@@H]1C1=CC=CC=C1;CCC(=O)O[C@@H]1C(=O)C2=C(O)C=C(O)C=C2O[C@@H]1C1=CC=CC=C1;COC(=CC(=O)C1=CC(OC)=C(OC)C=C1OC)C1=CC=CC=C1;COC1=CC=C([C@H]2CC(=O)C3=CC=CC=C3O2)C(C(=O)O)=C1OC;COC1=CC=C([C@@H]2CC(=O)C3=CC=CC=C3O2)C(C(=O)O)=C1OC;CC1(C)C2=C(C=C(O)C3=C2OC2=C(O)C=CC=C2C3=O)OC1CO;COC1=CC(O)=C2C(=O)C[C@H](C3=CC=CC=C3)OC2=C1OC(C)=O;COC1=CC(O)=C2C(=O)C[C@@H](C3=CC=CC=C3)OC2=C1OC(C)=O
m_163da0,CN(c1cccnn1)C1CCN(C(=O)c2sccc2C2CC2)CC1;Cc1ccc(NC2CCN(C(=O)c3sccc3C3CC3)CC2)nn1;CCC(C)(C#N)C(=O)N1CC(C)(c2nnc(-c3ccccc3F)o2)C1;O=C(O)CCC1CCCN(C(=O)Cn2ccc(=O)c3ccccc32)C1;CC(C)C1(C(=O)O)CCN(C(=O)Cn2ccc(=O)c3ccccc32)C1;CCCC(=O)C1=C(O)C=CC([C@H]2C[C@H](C)OC3=CC=CC(O)=C32)=C1O;CCCC(=O)C1=C(O)C=CC([C@@H]2C[C@@H](C)OC3=CC=CC(O)=C32)=C1O;C[C@H]1OC2=C(C(=O)OC3=CC=CC=C23)[C@]1(C)CC(=O)C(=O)C(C)(C)C;C[C@@H]1OC2=C(C(=O)OC3=CC=CC=C23)[C@]1(C)CC(=O)C(=O)C(C)(C)C;CC1(C)CCC2=C(O)C=C(O)C([C@H](CC(=O)O)C3=CC=CC=C3)=C2O1;CC1(C)CCC2=C(O)C=C(O)C([C@@H](CC(=O)O)C3=CC=CC=C3)=C2O1;CCCC(=O)C1=C(O)C=CC2=C1OC1=CC=CC(O)=C1[C@H]2C[C@@H](C)O;CCCC(=O)C1=C(O)C=CC2=C1OC1=CC=CC(O)=C1[C@@H]2C[C@@H](C)O;CC1=CC=CC2=C1C1=C(C(=O)O2)[C@](C)(CC(=O)[C@H]2OC2(C)C)[C@H](C)O1;CC1=CC=CC2=C1C1=C(C(=O)O2)[C@](C)(CC(=O)[C@H]2OC2(C)C)[C@@H](C)O1;CC1=CC=CC2=C1C1=C(C(=O)O2)[C@](C)(CC(=O)[C@@H]2OC2(C)C)[C@H](C)O1;CC1=CC=CC2=C1C1=C(C(=O)O2)[C@](C)(CC(=O)[C@@H]2OC2(C)C)[C@@H](C)O1;CC1=CC=CC(O[C@H]2COCCN(C(=O)COC3=CC=CC=C3)C2)=N1;COC1=CC=C(C[C@@H]2COC(=O)[C@H]2CC2=CC=CC(O)=C2)C=C1OC;CCO[C@@H]1C[C@@H](C2=CC=CC=C2)OC2=C(C)C(O)=C(C=O)C(OC)=C21;CC(C)=CC(=O)CC(C)(O)C1COC2=C1C(=O)C1=C(C)C=CC=C1O2;COC1=CC([C@@H]2OC3=C(OC)C=C(CC(C)=O)C=C3[C@H]2C)=CC=C1O;CC1(C)C2C(=COC3=CC=CC=C32)C2(O)C(=O)CC3(O)CC1C2C3O;CC(=O)OC1=CC=C2C(=C1)CC[C@@H]1[C@@H]3CCC(=O)[C@]3(C)CC(=O)[C@]21O;CC(=O)OC1=CC=C2C(=C1)CC[C@@H]1[C@@H]3CCC(=O)[C@]3(C)CC(=O)[C@@]21O
m_1700bc,COc1ccccc1CNC1CCC(C(F)(F)F)N(C(C)=O)C1;COc1cccc(COC(C)C(=O)NCc2cccnc2OC)c1;Cc1csc(C2CCCN(C(=O)c3ccnc(N(C)C)c3)C2)n1;COc1cccc(C2CCN(CC(=O)NCC(F)(F)F)CC2)c1;CN1C(=O)CCC(C(=O)NCC(F)(F)CO)C1c1nccn1C;COC(=O)[C@]1(C)C=CCC2(C)C3=CC=CC=C3[C@](O)(C(=O)OC)[C@H]21;COC(=O)[C@]12OC3CC[C@@](C)(C4=CC=CC=C41)[C@@H]2[C@]3(C)C(=O)OC;COC1=CC=C(OC)C(CCC(=O)C2=CC(OC)=CC=C2OC)=C1;COC1=CC=C(CCC(=O)C2=CC=C(OC)C=C2OC)C(OC)=C1;COC(=O)CC(C1=C(O)C2=CC=CC=C2OC1=O)C1CCCCC1;COC(=O)CC(C1=C(O)C(=O)C2=CC=CC=C2O1)C1CCCCC1;COC(=O)C1=C2[C@](C)(C(=O)OC)[C@H](O)CC[C@@]2(C)C2=CC=CC=C12;COC(=O)C1=C2[C@](C)(C(=O)OC)[C@@H](O)CC[C@@]2(C)C2=CC=CC=C12;COC(=O)C1=C2[C@](C)(C(=O)OC)C(O)CC[C@@]2(C)C2=CC=CC=C12;COC1=CC=C2C=C([C@H](CCC(=O)O)C(C)(C)C(=O)O)C=CC2=C1;COC1=CC=C2C=C([C@@H](CCC(=O)O)C(C)(C)C(=O)O)C=CC2=C1;CCCCC(=O)[C@H]1C(=O)C[C@H](C2=CC=CC=C2)C(C(=O)OC)=C1O;CCCCC(=O)[C@H]1C(=O)C[C@@H](C2=CC=CC=C2)C(C(=O)OC)=C1O;CCCCC(=O)[C@@H]1C(=O)C[C@H](C2=CC=CC=C2)C(C(=O)OC)=C1O;CCCCC(=O)[C@@H]1C(=O)C[C@@H](C2=CC=CC=C2)C(C(=O)OC)=C1O;CCCCC(=O)C1C(=O)CC(C2=CC=CC=C2)C(C(=O)OC)C1=O;COC1=CC(C(=O)N(C)CCC2=CC=CC=N2)=CC(OC)=C1OC;COC(=O)CC1CC(OC)CC2=C1C(=O)CC(C1=CC=CC=C1)O2;COC1=CC2=C(C=C1OC)CC(=O)N(CC(=O)NCC1CC1)C=C2;COC(=O)CC(C1=CC=C(C(C)C)C=C1)C1=C(O)C(=O)C=C(C)O1
m_1712db,CCNC(=O)c1ccc(NCC2CCOC2C(C)C)nn1;C=C(C)CNC(=O)NC(C)c1cc(OC)c(OC)cc1C;CCOc1ccc(NC(=O)N2CC(C)C(CN)C2)nc1C;CC(C)Oc1ccc(C(=O)N2CCC(CO)CC2C)nc1;CCc1noc(CN(C)C(=O)C2CC3CCCCC3N2)n1;COC(=O)C1=CC[C@H]2C(C(=O)OC)=CC[C@@H](C(C)C)C[C@H]12;CCCCCC[C@@H](C)COC(=O)C1=CC=C(C(=O)O)C=C1;CCCCCCCCOC(=O)C1=CC=CC=C1C(=O)OC;CCCCC(CC)COC(=O)C1=CC=CC=C1C(=O)OC;CCC[C@@]1(C(=O)OCC)O[C@H]1C1=CC=C(OC(C)C)C=C1;CCCCC(CC)C(C)OC(=O)C1=CC=CC=C1C(=O)O;COC1=CC=C([C@H](CC(=O)O)[C@H]2CCOC(C)(C)C2)C=C1;COC1=CC=C([C@H](CC(=O)O)[C@@H]2CCOC(C)(C)C2)C=C1;COC1=CC=C([C@@H](CC(=O)O)[C@H]2CCOC(C)(C)C2)C=C1;COC1=CC=C([C@@H](CC(=O)O)[C@@H]2CCOC(C)(C)C2)C=C1;CC(C)CCCCCCOC(=O)C1=CC=CC=C1C(=O)O;COC1=CC=CC=C1[C@H](CC(=O)O)[C@H]1CCOC(C)(C)C1;COC1=CC=CC=C1[C@H](CC(=O)O)[C@@H]1CCOC(C)(C)C1;COC1=CC=CC=C1[C@@H](CC(=O)O)[C@H]1CCOC(C)(C)C1;COC1=CC=CC=C1[C@@H](CC(=O)O)[C@@H]1CCOC(C)(C)C1;CC1(C)[C@H]([C@H](O)[C@H](O)C2=CC=CC=C2)CC[C@]1(C)C(=O)O;CC1(C)[C@H]([C@H](O)[C@H](O)C2=CC=CC=C2)CC[C@@]1(C)C(=O)O;CC1(C)[C@@H]([C@H](O)[C@H](O)C2=CC=CC=C2)CC[C@]1(C)C(=O)O;CC1(C)[C@@H]([C@H](O)[C@H](O)C2=CC=CC=C2)CC[C@@]1(C)C(=O)O;C=C(C)[C@@H]1C(=C)[C@H](OC(=O)[C@H](C)CC)C=C[C@H]1OC(C)=O
m_1777b7,CS(=O)(=O)CCN1CCC(NC(=O)c2cc3ccccc3[nH]2)CC1;Cc1ccc(NC(=O)C(C)n2ccc3ccccc3c2=O)cc1C(N)=O;CN(C)C(=O)c1cccc(NC(=O)Cn2ccc(=O)c3ccccc32)c1;CC(C)(CNC(=O)Cn1ccc(=O)c2sccc21)N1CCOCC1;Cc1cc(NC(=O)c2cccc(CN)c2)ccc1NC(=O)c1ccco1;CC(=O)C1=CN(CCC(=O)NC2=CC=C(C(N)=O)C=C2)C2=CC=CC=C12;CCC(=O)NC1=C(C(=O)CC2=C(C)C=C(C)C=C2C)OC2=CC=CC=C12;COC1=CC=CC(NC(=O)C(=O)N2CCC3=C(C2)C2=CC=CC=C2N3)=C1;CC(C)NC(=O)CN1C(=O)C2=CC=CC=C2N2C(=O)C3=CC=CC=C3C12;CCOC1=CC=C(NC(=O)C[C@H](CC2=CC=CC=C2)C2=CC=CO2)C=C1;CCOC1=CC=C(NC(=O)C[C@@H](CC2=CC=CC=C2)C2=CC=CO2)C=C1;CC1=CC=C(C(=O)C2=C(C)C3=CC=C(NC(=O)C(C)(C)C)C=C3O2)C=C1;CC1=CC=C(C(=O)C2=C(C)C3=CC(NC(=O)C(C)(C)C)=CC=C3O2)C=C1;CN1C=NC2=CC=C(NC(=O)CCC3=CC=C4OCCC4=C3)C=C2C1=O;COC1=CC=C(OC)C2=C1C=C(C(=O)NC1=CC=C3NC=CC3=C1)N2C;COC1=CC=C(OC)C2=C1C=C(C(=O)NC1=CC=C3C=CNC3=C1)N2C;O=C1N[C@@H]2CCN(C(=O)C3=CC=CC=C3)[C@@H]2C(=O)N1CC1=CC=CC=C1;COC(=O)C1=CC=C(NC(=O)N2CCC3=C(C2)NC2=CC=CC=C32)C=C1;COC(=O)C1=CC=C(NC(=O)N2CCC3=C(C2)C2=CC=CC=C2N3)C=C1;CC(=O)C1=CC=C(NC(=O)O[C@H]2CCN3CC4=CC=CC=C4N=C23)C=C1;CC(=O)C1=CC=C(NC(=O)O[C@@H]2CCN3CC4=CC=CC=C4N=C23)C=C1;O=C(C[C@@H]1NC(=O)N(C2=CC=CC=C2)C1=O)N1CCC2=CC=CC=C2C1;CC1(C)O[C@H]2[C@@H](O1)[C@@H](C(=O)NC1=CC=CC=C1)O[C@@H]1OC(C)(C)O[C@@H]12;COC1=CC=C(NC(=O)C(=O)N2CCC3=C(C2)C2=CC=CC=C2N3)C=C1;CC1CCN(CC2=CC(=O)OC3=CC(C4=CC=CC=C4)=C(O)C=C23)CC1
m_1813a1,Cc1cc(C)nc(CN2CCOC(C)C2c2nc(C3CC3)no2)c1;CC1(C(=O)NC2C3CN(C(=O)C4CCCc5nccn54)CC32)CC1;CCC(C)NC(=O)c1ccc(NCc2nnc(C3CC3)o2)c(C)c1;COc1cccc2c1CCN(C(=O)Nc1cnn(CC(C)C)c1)C2;Cc1cc2ncc(C(=O)N3CCOCC4(CCCC4)C3)c(C)n2n1;CC(C)=CC(=O)C[C@H](C)[C@H]1CC[C@@H](C)C2=C1C=C(C)C1=C2OCO1;CC1=CC=C2CN(C(=O)C3CCCC3)CC[C@H]3COC(=O)N3C2=C1;COC(=O)[C@@]1(O)CCC[C@]2(C)C3=CC4=C(C=CO4)C(C)=C3CC[C@H]12;CC[C@H]1CN(C(=O)C2CC2)CC[C@H]1CC(=O)NCC1=CC=CC=C1;CC1=C2C=C3CC[C@@H]4C(C)(C)C(=O)C(O)=C[C@@]4(C)[C@@H]3C[C@H]2OC1=O;C=C1OCC2=C1C=C(OC)C(CC=C(C)CC(=O)C=C(C)C)=C2O;COC1=CC2=C(C=C1OC)CN(C(=O)CN1C(C)=CC=C1C)CC2;C=CC1=C(C)C(O)=CC2=C1CC[C@H](C(=C)C)[C@@]2(C)CCC(=O)OC;CC1=C2CC[C@H](C)[C@]23C(=O)OC1[C@]12C(=O)O[C@H]3C(C)=C1CC[C@@H]2C;CC1=C2CC[C@H](C)[C@]23C(=O)OC1[C@]12C(=O)O[C@@H]3C(C)=C1CC[C@H]2C;CC1=C2CC[C@H](C)[C@]23C(=O)OC1[C@]12C(=O)O[C@@H]3C(C)=C1CC[C@@H]2C;CC1=C2CC[C@H](C)[C@@]23C(=O)OC1[C@@]12C(=O)O[C@@H]3C(C)=C1CC[C@@H]2C;CC1=C2CC[C@@H](C)[C@@]23C(=O)OC1[C@@]12C(=O)O[C@@H]3C(C)=C1CC[C@@H]2C;O=C(C1CCC1)N1CCC2(CC1)CC(=O)N(CC1=CC=CC=C1)O2;CC(C)=CC(=O)OCC1=COC2=C(O)C3=C(C(C)=C12)[C@@H](C)CCC3;COC(=O)C1=C(C)[C@@H]2CCC3=CC(C(C)(C)O)=CC=C3[C@@]2(C)CC1;C=C1CC[C@H]2[C@@]3(CCC[C@@]2(C)C(=O)OC3)[C@@H]1CC(=O)C1=COC=C1;C=C1CC[C@@H]2[C@]3(CCC[C@]2(C)C(=O)OC3)[C@H]1CC(=O)C1=COC=C1;C=C1CC[C@@H]2[C@@]3(CCC[C@]2(C)C(=O)OC3)[C@H]1CC(=O)C1=COC=C1;CC(C)=CCOC1=CC2=C(C=C1OCC=C(C)C)C(C)=CC(=O)O2
m_18f297,OC1CCN(c2ccccc2NCCOc2cccc(F)c2)CC1;CCOCC1CN(C(=O)c2cncc(O)c2)CC1c1cnn(C)c1;COCc1cccc(C(=O)N2CC(OC)CC2c2nncn2C)c1;CCC1CC(C(=O)Nc2cn(C)nc2-c2cnn(C)c2)CC(=O)N1;Cc1noc(CC2(O)CCCN(C(=O)Cc3cccnc3C)C2)n1;CC(=O)OC[C@H]1C2=CC=CC=C2C2CCC[C@@](C)(COC(C)=O)[C@H]21;COC1=CC=C(C[C@@H](C)[C@@H](C)CC2=CC=C(OC)C(O)=C2)C=C1O;CC(=O)OC[C@]12CO[C@H]3C4=CC=CC=C4O[C@](C)(C[C@@H]1C)[C@@H]3[C@@H]2C;CC(=O)OC[C@]12CO[C@@H]3C4=CC=CC=C4O[C@](C)(C[C@@H]1C)[C@@H]3[C@@H]2C;CC(=O)OCC12COC3C4=CC=CC=C4OC(C)(CC1C)C3[C@@H]2C;CC1=CC(OCCOC2=CC(C)=C(O)C(C)=C2C)=C(C)C(C)=C1O;CC(C)=CCCC1=CC[C@@H](/C(C)=C/CCC2=CCOC2=O)OC1=O;C[C@H]1CCC2=C(CCC[C@]2(C)C(=O)O)[C@]1(C)CC(=O)C1=COC=C1;C[C@@H]1CCC2=C(CCC[C@@]2(C)C(=O)O)[C@@]1(C)CC(=O)C1=COC=C1;COC1=CC=C(C=CC(=O)OC2CC3CCC2(C)C3(C)C)C=C1O;COC1=CC(O)=CC=C1/C=C/C(=O)O[C@H]1C[C@H]2CC[C@]1(C)C2(C)C;COC1=CC(O)=CC=C1/C=C/C(=O)O[C@@H]1C[C@@H]2CC[C@@]1(C)C2(C)C;CC(=O)O[C@@H]1C[C@@H]2[C@@H]3CCC4=CC(O)=CC=C4[C@@H]3CC[C@]2(C)[C@H]1O;CC(=O)OC1=CC=C2C(=C1)CC[C@@H]1[C@@H]2[C@H](O)C[C@]2(C)[C@H](O)CC[C@H]12;CC(=O)OC1=CC=C2C(=C1)CC[C@@H]1[C@@H]2[C@H](O)C[C@]2(C)[C@H](O)CC[C@@H]12;CC(=O)OC1=CC=C2C(=C1)CC[C@@H]1[C@@H]2[C@H](O)C[C@]2(C)[C@@H](O)CC[C@@H]12;CC(=O)OC1=CC=C2C(=C1)CC[C@@H]1[C@@H]2[C@H](O)C[C@@]2(C)[C@@H]1CC[C@@H]2O;CC(=O)OC1=CC=C2C(=C1)CCC1C2CCC2(C)C(O)C(O)CC12;COC1=CC=C(C[C@H](C)[C@H](C)CC2=CC=C(O)C(OC)=C2)C=C1O;CC(C)C1=CC=C2C(=C1)CC[C@@]1(O)[C@](C)(C(=O)O)CCC(=O)[C@]21C
m_1a0749,Cc1nc(-c2cccc(NC(=O)Cc3ccc(F)cc3Br)c2)n[nH]1;Cc1nc(-c2cccc(NC(=O)Cc3cc(Br)ccc3F)c2)n[nH]1;Cc1nc(-c2cccc(NC(=O)Cc3cc(F)ccc3Br)c2)n[nH]1;NC(=O)Cn1cc(Nc2cc(Oc3ccccc3Br)ncn2)cn1;COc1cc(C2N=C(O)CCC2[N+](=O)[O-])c(Br)c(OC)c1OC;COC1=CC=C(OCC(=O)NC2=CC=C3OC(C4=CC=CC=C4C)=NC3=C2)C=C1;COC1=CC=C2C=C(NC(=O)CCCC3=NC4=CC=CC=C4C(=O)N3)C=NC2=C1;COC1=CC=C(C(=O)[C@H](CCC(=O)O)C2=CC=C(OC)C(OC)=C2)C=C1OC;COC1=CC=C(C(=O)[C@@H](CCC(=O)O)C2=CC=C(OC)C(OC)=C2)C=C1OC;CCCC1=CC(OC)=CC(O)=C1C(=O)OC1=CC(C)=C(C(=O)OC)C(O)=C1C;COC(=CC(=O)C1=CC=CC=C1)C1=C(OC)C(OC)=C(OC)C(OC)=C1OC;C=C(C)COC1=CC=C(C(CC(=O)OC)C2=C(O)C(=O)C=C(C)O2)C=C1OC;COC1=CC(CCC2=CC(OC)=C(OC(C)=O)C(OC)=C2)=CC=C1OC(C)=O;O=C(CC1=CC=CC=C1)NC1=CC=C(C(=O)O)C=C1NC(=O)CC1=CC=CC=C1;O=C(CN1C=CC2=CC=CC=C21)NC1=CC=C2NC(=O)[C@@H]3CCCN3C(=O)C2=C1;COC1=CC(O)=CC([C@H]2OC[C@H](C(=O)C3=CC=C(OC)C(OC)=C3)[C@@H]2CO)=C1;CCC1=C(C)C=C2C(=O)C3C(OC(C)(C(=O)OC)C(=O)C3(C)C)C(=O)C2=C1O;CC(C)CC[C@@]1(O)C2=CC3=C(O)C=CC=C3C(O)=C2C(=O)[C@H](C)[C@]1(O)C(=O)O;O=C(COC1=CC(O)=C2C(=O)C=C(C3=CC=CC=C3)OC2=C1)NC1=CC=CN=C1;COC(=O)CC1=C(C)C2=CC=C(OCC3=CC=CC4=CC=CC=C34)C=C2OC1=O;CC1=CC(O)=C(C(=O)C2=C(O)C=CC=C2O)C2=C1OC(C)(C)[C@@H](CO)OC2=O;O=C(COC1=CC(O)=C2C(=O)C=C(C3=CC=CC=C3)OC2=C1)NC1=CC=NC=C1;CC(C)=C(CO)C[C@@]12O[C@]1(C(=O)OCCCCO)C(=O)C1=CC=CC=C1C2=O;COC1=C(O)C=C(C[C@H](O)C(C)(C)O)C(O)=C1C(=O)/C=C/C1=CC=C(O)C=C1;COC1=CC=CC(C2=C(OC)C(=O)C3=C(O)C(OC)=C(OC)C(OC)=C3O2)=C1
m_1a8b29,Cc1nc(NC(=O)c2cnn(CC(C)C)c2)n[nH]1;CC(C)c1nnc(CNC(=O)c2ccco2)n1C;COc1cc(C(=O)N2CC3CCC3(N)C2)ncn1;C=C1CCCC2(C)CC3(O)OC(=O)C(C)=C3CC12;Cc1cc2c(c(C)c1CCO)C(=O)C(C)(CO)C2;CC1=CC(=O)[C@@](C)([C@]2(C)CC(CO)=CC2=O)CC1;CC1=CC=C2CCC(C)(CCC(=O)O)OC2=C1C;CC1=CC(=O)[C@H]2C[C@@H]1[C@]2(C)CC/C=C(\C)C(=O)O;CC1=CC(O)=CC(C)=C1C[C@@H]1CC(=O)OC1(C)C;CC1=CC(=O)[C@@](C)([C@@]2(C)CC(=O)C=C2CO)CC1;CC1(C)C[C@](CC2=CC=CC=C2)(C(=O)O)CCO1;CC1(C)C[C@](CC(=O)O)(C2=CC=CC=C2)CCO1;CC1(C)C[C@@](CC2=CC=CC=C2)(C(=O)O)CCO1;CC1(C)C[C@@](CC(=O)O)(C2=CC=CC=C2)CCO1;C=C(C)C(=O)C[C@@]12OC(=O)C=C(C)[C@@H]1CC[C@@H]2C;CC1=CCCC(C(=O)O)=CCC(C)(C)C=CC1=O;CC1=C2C[C@@](C)(CO)C=C2C(=O)[C@](C)(O)C12CC2;CC1=C2CC(C)(C)C[C@H]3C[C@@]3(C(=O)O)[C@@H]2CC1=O;CC1(C)C[C@H](O)C[C@]1(C)C1=CC=C(C(=O)O)C=C1;CC1(C)C[C@@H](O)C[C@]1(C)C1=CC=C(C(=O)O)C=C1;CC1=CC=C(O)C(C)=C1C[C@@H]1CC(=O)OC1(C)C;CCCC[C@@]1(C(=O)OCC)O[C@H]1C1=CC=CC=C1;CC1=CC(=O)[C@@H]2[C@H](CC1)C(C)=CC[C@]2(C)C(=O)O;CC1=CC(=O)CC(C)(C)[C@H]1/C=C/C(C)=C\C(=O)O;CC1=C2[C@H](O)C[C@]2(C)[C@H]2C[C@](C)(CO)C=C2C1=O
m_1b1573,CC1(C)CCCN1C(=O)NCc1ccc(-n2cccn2)cc1;CC(=O)N1CCC(NCc2ccccc2-n2cccn2)CC1;CNC1CCCN(C(=O)c2ccc(-n3cc(C)cn3)cc2)C1;CCC1CCN(C(=O)NCc2ccc(-n3cccn3)cc2)C1;CCC(C(N)=O)N1CCN(c2ccnc3ccccc23)CC1;O=C(CCCN1C=CC=N1)N1CCCC[C@@H]1C1=CC=CN=C1;CN1C(=O)[C@]2(CCN(C(=O)C3CCCC3)C2)C2=CC=CC=C21;CN1C(=O)[C@@]2(CCN(C(=O)C3CCCC3)C2)C2=CC=CC=C21;CC(C)=CC(=O)NC1CCCN(C=CC2=CC=CC=C2)C1=O;C=C1C[C@]23C[C@@]1(O)CC[C@@H]2C1=CC=CC(C)=C1[C@@H]3C(=O)OC;[2H]C([2H])([2H])C(=C1C(=O)N(C2=CC=CC=C2)N(C2=CC=CC=C2)C1=O)C([2H])([2H])[2H];CN1C2=CC=C(C=C2)C[C@H](O)N(C)C2=CC=C(C=C2)C[C@@H]1O;C/C=C(\C)C(=O)N[C@H]1CCCN1C(=O)/C=C/C1=CC=CC=C1;C/C=C(\C)C(=O)N[C@@H]1CCCN1C(=O)/C=C/C1=CC=CC=C1;COC(=O)[C@H]1CC=C(C)[C@H](CC=C(C)C)[C@@H]1C1=CC=CC=C1;COC(=O)[C@@H]1[C@H](CC=C(C)C)C(C)=CC[C@H]1C1=CC=CC=C1;CC1=CC=C([C@H](CC(=O)O)C2=CC=C(OC(C)C)C=C2)C=C1;CC1=CC=C([C@@H](CC(=O)O)C2=CC=C(OC(C)C)C=C2)C=C1;CC[C@@H](C1=CC=CC=C1)C1=C(O)C2=C(CCCCC2)OC1=O;C=C1[C@H]2CC[C@](C(=O)CCC3=CC=CC=C3)([C@H]2OC)C1(C)C;O=C1C2=CC=CC=C2C(=O)N1C[C@@H]1CCCN2CCCC[C@H]12;CC(=O)N[C@H]1C[C@@H](CC2=NOC(C3=CC=CC=C3)=C2)C1(C)C;CC1=CC(O)=CC2=C1CC[C@@H](C)[C@]2(C)CC(=O)C1=COC=C1;CC(=O)[C@H]1[C@@H]2CCCC[C@@H]2C=C[C@H]1C1=CC=C2OCOC2=C1;CC(=O)[C@H]1[C@@H]2CCCC[C@@H]2C=C[C@@H]1C1=CC=C2OCOC2=C1
m_1b27e6,COc1ccc(-c2csc(NC(=O)c3ccccc3F)n2)cc1CC#N;O=C(O)c1cc(NS(=O)(=O)CCC2CCCO2)cc(C(F)(F)F)c1;O=C1COc2ccc(C(=O)NCCCc3nc4ccccc4s3)cc2N1;Cc1ccc(NS(=O)(=O)c2cccc(C(=O)Nc3cccnc3)c2)cc1;Cc1cc(NC(=O)C(Cc2ccccc2)NC(=O)c2cccc(F)c2)no1;COCCOC(=O)C1=CC=C(NC(=O)C2=CC3=CC=CC=C3OC2=O)C=C1;COC(=O)C1=CC=CC=C1NC(=O)COC1=CC=C2C(C)=CC(=O)OC2=C1;C[C@H](OC1=CC=C2C(C3=CC=CC=C3)=CC(=O)OC2=C1)C(=O)NCC(=O)O;C[C@H](NC(=O)OCC1=CC=CC=C1)C(=O)OC1=CC=C2C=CC(=O)OC2=C1;C[C@@H](OC1=CC=C2C(C3=CC=CC=C3)=CC(=O)OC2=C1)C(=O)NCC(=O)O;C[C@@H](NC(=O)OCC1=CC=CC=C1)C(=O)OC1=CC=C2C=CC(=O)OC2=C1;COC(=O)C1=CC=C(NC(=O)COC2=CC=C3C(C)=CC(=O)OC3=C2)C=C1;COC(=O)C1=CC=C(NC(=O)CC2=C(C)C3=CC=C(O)C=C3OC2=O)C=C1;CC1=C(O)C=CC2=C1OC(=O)C=C2CC(=O)N[C@H](C(=O)O)C1=CC=CC=C1;CC1=C(O)C=CC2=C1OC(=O)C=C2CC(=O)N[C@@H](C(=O)O)C1=CC=CC=C1;CC1=C(CC(=O)N[C@H](C(=O)O)C2=CC=CC=C2)C(=O)OC2=CC(O)=CC=C12;CC1=C(CC(=O)N[C@@H](C(=O)O)C2=CC=CC=C2)C(=O)OC2=CC(O)=CC=C12;C[C@@H](NC(=O)COC1=CC=C2C(C3=CC=CC=C3)=CC(=O)OC2=C1)C(=O)O;CC1=CC(=O)OC2=CC(OCC(=O)N[C@H](C(=O)O)C3=CC=CC=C3)=CC=C12;CC1=CC(=O)OC2=CC(OCC(=O)N[C@@H](C(=O)O)C3=CC=CC=C3)=CC=C12;CC1=CC(=O)OC2=CC(OC(=O)CNC(=O)OCC3=CC=CC=C3)=CC=C12;COC(=O)CC(C1=CC2=C(C=C1O)OCO2)C1=CC2=CC=CC=C2NC1=O;O=C(COC1=CC=C2C=CC(=O)OC2=C1)N[C@H](CC1=CC=CC=C1)C(=O)O;O=C(COC1=CC=C2C=CC(=O)OC2=C1)N[C@@H](CC1=CC=CC=C1)C(=O)O;O=C(CCNC(=O)OCC1=CC=CC=C1)OC1=CC=C2C=CC(=O)OC2=C1
m_1beae5,CC(C)Cc1ccc(C(C)NC(=O)Cn2cnnc2C#N)cc1;Cc1cnc(C(=O)N(CCc2ccccc2)C2CCOC2)cn1;CNc1ccccc1C(=O)N1CCN(c2nccnc2C)CC1;O=C(c1c[nH]nc1C1CCOCC1)N1CCCC(F)(CO)C1;CC(C)Cc1ncc(CNC(=O)NCC2CCC(O)C2)s1;CCOC(=O)[C@H]1CN(CC2=CC=CC=C2)C2=CC(C)=CC=C2O1;CCOC(=O)[C@@H]1CN(CC2=CC=CC=C2)C2=CC(C)=CC=C2O1;O=C(C1=CC=CC=C1)N1CCOC[C@H](OCC2=CC=CC=C2)C1;COC1=CC=C2OC[C@H](C(=O)NCCC3=CC=CC=C3)CC2=C1;COC1=CC=C2OC[C@@H](C(=O)NCCC3=CC=CC=C3)CC2=C1;CN1CCOC(OC(=O)C(C2=CC=CC=C2)C2=CC=CC=C2)C1;COC1=CC2=C(C=C1OC)CN(C(=O)CC1=CC=CC=C1)CC2;CC(=O)CCOC1=CC=C(CCNC(=O)C2=CC=CC=C2)C=C1;CC1=CC=C(C2=CN3C[C@H](CNC(=O)C4CC4)OCC3=N2)C=C1;COC1=CC=C(CCNC(=O)CC2=CC=C3CCOC3=C2)C=C1;CCCCCCOC1=CC=C(C(=O)NCC2=CC=CC=C2)C=C1;CCCCOC1=CC=C(N2C(=O)[C@H]3[C@H](C2=O)[C@@H]2C=C[C@@H]3C2)C=C1;CCCCOC1=CC=C(N2C(=O)[C@@H]3[C@H](C2=O)[C@@H]2C=C[C@H]3C2)C=C1;CCCCOC1=CC=C(N2C(=O)[C@@H]3[C@@H](C2=O)[C@H]2C=C[C@@H]3C2)C=C1;CCCCOC1=CC=C(N2C(=O)C3[C@H]4C=C[C@@H](C4)[C@H]3C2=O)C=C1;COC1=CC=C(C(=O)CCC(=O)NCC2=CC=C(C)C=C2)C=C1;COC1=CC=C(CC(=O)N2CCCC3=CC=CC=C32)C=C1OC;CC1=CC=CC=C1[C@H]1C[C@@H](O)[C@@H](O)[C@@H]1NC(=O)C1=CC=CC=C1;CC1=CC=CC=C1C(=O)N[C@H]1[C@H](O)[C@H](O)C[C@@H]1C1=CC=CC=C1;CC1=CC=C([C@H]2C[C@@H](O)[C@@H](O)[C@@H]2NC(=O)C2=CC=CC=C2)C=C1
m_1d7bdd,CCOC(=O)C(C)(C)NCC(=O)Nc1ccccc1-c1ccccc1;COCC1(O)CCN(C(=O)c2cc(C3CC3)nc3ccccc23)CC1;CCOC(=O)C(Nc1ccc(CC(=O)N(C)C)cc1)c1ccccc1;CCc1cccc(C)c1NC(=O)CC(NCc1ccccc1)C(=O)O;COc1cnc2ccccc2c1C(=O)N1CCCC2(CCCOC2)C1;CCOC(=O)C(CC1=CC=CC=C1)(CC1=CC=CC=C1)C(=O)OCC;CC(=O)N[C@@H](CC1=CC=CC=C1)C(=O)N[C@H](CO)CC1=CC=CC=C1;C[C@H](CCC1=CC=CC=C1)NC(=O)N[C@@H](CC1=CC=CC=C1)C(=O)O;C[C@@H](CCC1=CC=CC=C1)NC(=O)N[C@@H](CC1=CC=CC=C1)C(=O)O;CC(CCC1=CC=CC=C1)NC(=O)N[C@@H](CC1=CC=CC=C1)C(=O)O;CCCCCCOC1=CC=C(C(=O)OCC(=O)C2=CC=CC=C2)C=C1;COC(=O)C(C(=O)OC)(C1=CC(C)=CC(C)=C1)C1=CC(C)=CC(C)=C1;CC1=C(O)C=CC(C(=O)CN2CCN(CC3=CC=CC=C3)CC2)=C1O;COC1=CC2=C(C=C1OC)C[C@H](C(=O)NCCC1=CC=CC=C1)NC2;COC1=CC2=C(C=C1OC)C[C@@H](C(=O)NCCC1=CC=CC=C1)NC2;COC1=CC2=C(C=C1OC)CN(CC(=O)NCC1=CC=CC=C1)CC2;COC1=CC2=C(C=C1OC)CN(C(=O)NCCC1=CC=CC=C1)CC2;CCCNC(=O)C1=CC=CC=C1NC(=O)CCC1=CC=C(OC)C=C1;CC(=O)C1=CC=C(OCCCCCOC2=CC=C(C(C)=O)C=C2)C=C1;COC1=CC=C([C@H](CNC(=O)C2=CC=CC=C2)N2CCOCC2)C=C1;COC1=CC=C([C@@H](CNC(=O)C2=CC=CC=C2)N2CCOCC2)C=C1;COC1=CC2=C(C=C1OC)[C@H](C)N(CC(=O)NC1=CC=CC=C1)CC2;COC1=CC2=C(C=C1OC)[C@@H](C)N(CC(=O)NC1=CC=CC=C1)CC2;COC(=O)C1=C(O)C=C(O)C(CC=C(C)C)=C1CCC1=CC=CC=C1;COC1=CC2=C(C=C1OC)[C@H](C)N(C(=O)NCC1=CC=CC=C1)CC2
m_1de28b,Cc1cc(NC(=O)N2CCOCC2C2CC2)c(N(C)C)nn1;CC(=O)NC(C)C1CCN(C(=O)c2ncoc2C2CC2)CC1;Cc1cc(=O)c(C(=O)NC2CCCC2N2CCC(O)C2)c[nH]1;CC1Cc2c(C(=O)N3CC4(CCCCO4)C3)n[nH]c2C(C)O1;Cn1cccc(C(=O)NCC2(N3CCOCC3)CCC2)c1=O;COC(=O)[C@H]1CCCN1C(=O)C1=CC=C(OCC(C)C)C=C1;COC(=O)[C@@H]1CCCN1C(=O)C1=CC=C(OCC(C)C)C=C1;O=C(C1CCOCC1)N1CCOC[C@H](OC2=CC=CC=C2)C1;CC1=C(C(=O)NC2CCCCC2)C2(CCCCCC2)OC1=O;O=C(N[C@H]1[C@H](O)[C@H](O)C[C@@H]1C1=CC=CC=C1)C1CCOCC1;COC1=CC(C=CC(=O)N2CCCCC2)=CC(OC)=C1OC;COC1=CC=C([C@H]2C[C@@H](O)[C@@H](O)[C@@H]2NC(=O)C2CCC2)C=C1;CC1=C(C(=O)N[C@H]2CCCC[C@H]2C)C2(CCCCC2)OC1=O;CC1=C(C(=O)N[C@H]2CCCC[C@@H]2C)C2(CCCCC2)OC1=O;CC1=C(C(=O)N[C@@H]2CCCC[C@H]2C)C2(CCCCC2)OC1=O;CC1=C(C(=O)N[C@@H]2CCCC[C@@H]2C)C2(CCCCC2)OC1=O;CCC1C2OC(=O)C(C)C2C2=CC(=O)N3CCCCC1C23O;COC(=O)[C@@H]1CC2=C(CN1C(=O)C1CCCCC1)N(C)C=N2;CC(O)C(=O)OC1(C2=CC=C(O)C=C2)CC2CCC(C1)N2C;CC(C)(C)C1=NN=C([C@H]2CCN(C(=O)C3CCCCC3)C2)O1;CCNC(=O)O[C@H]1COCCN(C2=NC3=CC=CC=C3O2)C1;CN1[C@@H]2CC[C@H]1C[C@@H](OC(=O)[C@H](O)CC1=CC=C(O)C=C1)C2;CN1[C@@H]2CC[C@H]1CC(OC(=O)C(O)(CO)C1=CC=CC=C1)C2;CC(=O)O[C@@H]1C[C@@H]2C(=O)[C@H](C)C[C@]34[C@@H]2CCCN3CCC[C@H]14;CC(=O)O[C@@H]1C[C@@H]2C(=O)[C@@H](C)C[C@]34[C@@H]2CCCN3CCC[C@H]14
m_1f86e6,CC1CC(NC(=O)C2(c3ccccc3Cl)CCOCC2)c2ccsc2S1(=O)=O;COc1cc(C(=O)Oc2ccc3c(OC)c4ccoc4nc3c2OC)cc(OC)c1OC;COc1cc(C(=O)Nc2ccc(-c3nn4c(C)nnc4s3)cc2C)cc(OC)c1OC;Cc1nn(-c2ccccc2Cl)c2sc(C(=O)NC(C)(C)CCS(C)(=O)=O)cc12;CC1OC(OC23C(=Cc4c(Cl)cc(CC#N)cc42)C=CC3O)C(O)C(=O)C1(C)O;COC1=CC=C(CCNC(=O)CCC2=C(C)C3=CC=C(OC)C(C)=C3OC2=O)C=C1OC;COC1=CC=CC(NC(=O)CCC(C)=CCC2=C(OC)C(C)=C3COC(=O)C3=C2OC)=C1;CC1=C(OC(=O)[C@H](CC(C)C)NC(=O)OC(C)(C)C)C=CC2=C1OC(=O)C1=CC=CC=C12;COC(=O)[C@@H](CC(C)C)NC(=O)COC1=CC(O)=C2C(=O)C=C(C3=CC=CC=C3)OC2=C1;COC1=CC=C(NC(=O)CCC(C)=CCC2=C(OC)C(C)=C3COC(=O)C3=C2OC)C=C1;CC1=C(C)C2=CC3=C(OC(=O)C(CC(=O)NC[C@H]4CC[C@@H](C(=O)O)CC4)=C3C)C(C)=C2O1;COC1=CC=C(C2=CC(=O)OC3=CC(OCC(=O)N[C@@H](CC(C)C)C(=O)O)=CC=C23)C=C1;COC1=CC=CC=C1NC(=O)CCC(C)=CCC1=C(OC)C(C)=C2COC(=O)C2=C1OC;COC1=CC=C(C2=CC(=O)OC3=CC(OCC(=O)NCCCCCC(=O)O)=CC=C23)C=C1;COC1=CC=C(C2=CC(=O)OC3=C(C)C(OC(=O)CNC(=O)OC(C)(C)C)=CC=C23)C=C1;COC1=CC=C(/C=C2\OC3=CC(OCC(=O)N[C@@H](CC(C)C)C(=O)O)=CC=C3C2=O)C=C1;COC1=CC=C(/C=C2/OC3=CC(OCC(=O)N[C@H](CC(C)C)C(=O)O)=CC=C3C2=O)C=C1;COC1=CC=C(CNC(=O)CCC(C)=CCC2=C(O)C3=C(COC3=O)C(C)=C2OC)C=C1;COC(=O)CC1CCN(C(=O)CCC2=C(C)C3=CC4=C(OC=C4C)C(C)=C3OC2=O)CC1;CCCCN(C)C(=O)COC1=CC=C2C(=O)C(C3=CC=C(OC)C(OC)=C3)=C(C)OC2=C1;CC1=C(C)C2=CC3=C(C=C2O1)OC(=O)C(CCC(=O)NC[C@H]1CC[C@@H](C(=O)O)CC1)=C3C;COC1=CC=CC=C1CNC(=O)CCC(C)=CCC1=C(O)C2=C(COC2=O)C(C)=C1OC;COC1=CC=C2C(C)=C(CCC(=O)N[C@@H](CC3=CC=C(O)C=C3)C(=O)O)C(=O)OC2=C1C;COC1=CC=C(CNC(=O)CC(C2=CC=C(O)C(OC)=C2)C2=C(O)C(=O)C=C(C)O2)C=C1;COC1=CC=C(C(CC(=O)NCCC2=CC=C(O)C(O)=C2)C2=C(O)C(=O)C=C(C)O2)C=C1
m_20b8f2,CC(C)Nc1ncccc1C(=O)Nc1ncccc1O;CNC(=O)Cc1ccc(NC(=O)c2cnn(C)c2)cc1;CNC(=O)c1ccc(C)c(NC(=O)c2cncn2C)c1;Cc1occc1C(=O)NC1CCOC1c1cccnc1;CCOc1cccc(NC(=O)c2ccn(C)c(=O)c2)c1;COC1=CC(OC)=C(C(=O)C2=CC=CC=C2)C=C1OC;COC1=CC(OC)=C(C(=O)C2=CC=CC=C2)C(OC)=C1;COC1=CC(OC)=CC(C(=O)NCC2=CC=CN=C2)=C1;COO[C@](OC)(C(=O)C1=CC=CC=C1)C1=CC=CC=C1;COO[C@@](OC)(C(=O)C1=CC=CC=C1)C1=CC=CC=C1;COC1=CC=CC(CNC(=O)C2=CN=CC(OC)=C2)=C1;COC(=O)[C@H](O)[C@@H](OC1=CC=CC=C1)C1=CC=CC=C1;COC(=O)[C@@H](O)[C@@H](OC1=CC=CC=C1)C1=CC=CC=C1;COC(=O)COC1=CC=C(OCC2=CC=CC=C2)C=C1;COC1=CC(OC)=C(C(=O)C2=CC=CC=C2)C(O)=C1C;COC1=CC=C(C(=O)[C@H](O)C2=CC=C(OC)C=C2)C=C1;COC1=CC=C(C(=O)[C@@H](O)C2=CC=C(OC)C=C2)C=C1;COC1=CC=C(CNC(=O)C2=CN=CC(OC)=C2)C=C1;COC1=CC(O)=C(CCC(=O)C2=CC=CC=C2)C(O)=C1;COC1=CC=C(COC(=O)C2=CC=C(OC)C=C2)C=C1;COC1=CC=C(C(=O)C2=CC=C(OC)C(OC)=C2)C=C1;COC1=CC(O)=C(C(=O)C2=CC=CC=C2)C(OC)=C1C;COC(=O)C1=CC=CC=C1C1=CC=C(OC)C=C1OC;COC1=CC=CC=C1C(=O)[C@H](O)C1=CC=CC=C1OC;COC1=CC=CC=C1C(=O)[C@@H](O)C1=CC=CC=C1OC
m_20c386,O=C(NCC(n1cncn1)C(F)(F)F)C1(O)CCCNC1;COc1ncccc1CN(C)C(=O)c1nccc2ccccc12;Cc1cccc(OC2CCN(C(=O)c3ccc(C#N)cc3)C2)n1;Cc1nnc(CN(C)CC(=O)Nc2ccc(Cl)cc2)n1C;Cc1ncsc1CN1CCC(COc2ccc(F)cn2)C1;CC(=O)OC1=NC(CCC2=CC=CC=C2)=NN1C1=CC=CC=C1;CCOC(=O)CC1=CC=C(CC(=O)OCC)C(NC(C)=O)=C1;COC1=CC=C(C(=O)NCC2=CC=C(N3C=CN=C3)C=C2)C=C1;CN1[C@@H]2C[C@@H](OC(=O)CC3=CC=CC(O)=C3)C[C@H]1[C@H](O)[C@@H]2O;COC(=O)C1=CC(C2=CC=C(OC)C=C2)=NC2=CC=C(C)C=C12;CC1=CC=CC2=C1N1C(=O)C3=C(C(=O)O)C=CC=C3[C@H]1C[C@H]2C;CC1=CC=CC2=C1N1C(=O)C3=C(C(=O)O)C=CC=C3[C@H]1C[C@@H]2C;CC1=CC=CC2=C1N1C(=O)C3=C(C(=O)O)C=CC=C3[C@H]1CC2C;CCOC(=O)C(C(=O)OCC)[C@]1(O)C(=O)NC2=CC=CC=C21;CCOC(=O)C(C(=O)OCC)[C@@]1(O)C(=O)NC2=CC=CC=C21;CCOC(=O)[C@H]1NC2=CC=C3C=C4C=CC=CC4=CC3=C2[C@H]1O;CCOC(=O)[C@H]1NC2=CC=C3C=C4C=CC=CC4=CC3=C2[C@@H]1O;CCOC(=O)[C@@H]1NC2=CC=C3C=C4C=CC=CC4=CC3=C2[C@H]1O;CCOC(=O)[C@@H]1NC2=CC=C3C=C4C=CC=CC4=CC3=C2[C@@H]1O;CO[C@H]1O[C@@H]2CO[C@@H](C3=CC=CC=C3)O[C@H]2C[C@H]1NC(C)=O;COC1=CC=CC(C(=O)NCC2=CC=C(N3C=CN=C3)C=C2)=C1;COC1=CC=C2NC3=C(CN(C(=O)C4=CC=NC=C4)CC3)C2=C1;COC1=CC=CC=C1CNC(=O)C1=CC(C2=CC=CC=C2)=NN1;COC1=CC=C(CNC(=O)C2=CC(C3=CC=CC=C3)=NN2)C=C1;COC1=CC=C(C2=NNC=C2C(=O)NCC2=CC=CC=C2)C=C1
m_214040,O=C(NCc1noc(-c2cccc(Br)c2)n1)c1c(O)cc(F)cc1F;O=C1N=C(O)C(=Cc2c[nH]c3ccccc23)C(=O)N1c1ccc(Br)cc1;O=C1Nc2ccc(Br)cc2C1=Cc1cc(O)c(O)c(Br)c1;Brc1cc2c(cc1C=Nc1c(-c3ccco3)nc3ccccn13)OCO2;Brc1ccccc1-c1nnc(CSc2nnc(NC3CC3)s2)o1;CC1=C(CCC(=O)N[C@@H](CC2=CC=CC=C2)C(=O)O)C(=O)OC2=C(C)C(O)=CC=C12;CC1=CC(=O)C(O)=C(C(CC(=O)N2CCOCC2)C2=CC=C(C3=CC=CC=C3)O2)O1;COCCN(CCOC)CC1=C(O)C=CC2=C1OC(=CC=CC1=CC=CC=C1)C2=O;CC1CN(C(=O)COC2=CC(O)=C3C(=O)C=C(C4=CC=CC=C4)OC3=C2)CC(C)O1;O=C(COC1=CC(O)=C2C(=O)C=C(C3=CC=CC=C3)OC2=C1)NCC1CCOCC1;COC(=O)CC(C1=CC=CC=C1)C1=C(O)C=CC2=C1OC(=CN1CCOCC1)C2=O;COC(=O)C1=CC(OC)=C(OC)C=C1NC(=O)CCC1=CC=C(C2=CC=CC=C2)O1;CC(C)C1=CC=C2C(=C1)[C@H]1C3=CC=CC=C3[C@H]2[C@@H]2C(=O)N(C3=CC=C(O)C=C3)C(=O)[C@H]12;CC(C)C1=CC=C2C(=C1)[C@H]1C3=CC=CC=C3[C@@H]2[C@H]2C(=O)N(C3=CC=C(O)C=C3)C(=O)[C@H]12;CC(C)C1=CC=C2C(=C1)[C@@H]1C3=CC=CC=C3[C@H]2[C@H]2C(=O)N(C3=CC=C(O)C=C3)C(=O)[C@H]12;CC(C)C1=CC=C2C(=C1)[C@@H]1C3=CC=CC=C3[C@@H]2[C@@H]2C(=O)N(C3=CC=C(O)C=C3)C(=O)[C@H]12;CC1=C(C)C2=CC=C(OCC(=O)N[C@@H](CC3=CC=CC=C3)C(=O)O)C(C)=C2OC1=O;CC(OC1=CC=C2C(C3=CC=CC=C3)=CC(=O)OC2=C1)C(=O)N[C@@H](C(=O)O)C(C)C;CC(C)[C@H](NC(=O)[C@H](C)OC1=CC=C2C(C3=CC=CC=C3)=CC(=O)OC2=C1)C(=O)O;CC(C)[C@H](NC(=O)[C@@H](C)OC1=CC=C2C(C3=CC=CC=C3)=CC(=O)OC2=C1)C(=O)O;COC(=O)[C@]12O[C@@]1(C/C(CO)=C(\C)CCC1=CCN=C1)C(=O)C1=CC=CC=C1C2=O;COC1=C(C)C2=C(C(=O)OC2)C(O)=C1CC=C(C)CCC(=O)NCC1=CC=CC=C1;COC1=CC=C(C2=CC(C(=O)N[C@H](CC3=CC=CC=C3)C(=O)O)=C(C)O2)C=C1OC;COC1=CC=C(C2=CC(C(=O)N[C@@H](CC3=CC=CC=C3)C(=O)O)=C(C)O2)C=C1OC;CC1=C(C)C2=CC=C(O[C@H](C)C(=O)N[C@@H](CC3=CC=CC=C3)C(=O)O)C=C2OC1=O
m_217b19,CC(=O)N1CCc2ccc(S(=O)(=O)N3CCC(N)CC3C)cc21;CC1CCCN(S(=O)(=O)c2ccc3c(c2)C(=O)NCC3)C1CN;NCC1CCCCC1NS(=O)(=O)c1ccc2c(c1)C(=O)NCC2;O=C(Cn1ccnc1)NC1CCCC1c1ccccc1C(F)(F)F;O=C1CCCC(Cc2nc(COc3ccc4ccccc4c3)no2)N1;O=C1C=C(C2=CC=CC=C2)OC2=C([C@H]3CCCCN3)C(O)=CC(O)=C12;O=C1CCC(=O)N1CC[C@H](C1=CC=CC=C1)C1=CC=C2OCOC2=C1;O=C1CCC(=O)N1CC[C@@H](C1=CC=CC=C1)C1=CC=C2OCOC2=C1;O=C(O)[C@H]1CCCN1C(=O)OCC1C2=CC=CC=C2C2=CC=CC=C21;O=C(O)[C@@H]1CCCN1C(=O)OCC1C2=CC=CC=C2C2=CC=CC=C21;COC1=CNC(C(=O)NC2CCCC3=C2NC2=CC=CC=C32)=CC1=O;CC1=CC=C2CN(C(=O)C3=CC=CC=N3)CC[C@H]3COC(=O)N3C2=C1;O=C(O)C1=CC=CC=C1C(=O)C1=CC2=C3C(=C1O)CCCN3CCC2;CC1=C2OCN(CC3=CC=CO3)CC2=CC2=C1OC(=O)C1=C2CCC1;O=C1COC2=CC=C(C(=O)N3CCCC[C@H]3C3=CC=CN=C3)C=C2N1;CC1=CC=C2CN(C(=O)C3=CC=CN=C3)CC[C@H]3COC(=O)N3C2=C1;O=C1C=C(C2=CC=CC=C2)OC2=CC(O)=C([C@H]3CCCCN3)C(O)=C12;CN1CCC[C@H]1C1=C(O)C=C(O)C2=C1OC(C1=CC=CC=C1)=CC2=O;O=C1NC(=O)N(C2CCCCC2)C(=O)C1=CC1=CNC2=CC=CC=C12;COC1=CC=C(CC(=O)C=C2NCCC3=CC4=C(C=C23)OCO4)C=C1;CN1CCC[C@@H]1C1=C(O)C=C2OC(C3=CC=CC=C3)=CC(=O)C2=C1O;CO[C@H]1CCC2=C(CN(C)C3=C2C=CC2=CC4=C(C=C32)OCO4)C1=O;NC(=O)[C@@H]1C[C@H](CC2=CC=C(O)C=C2)N[C@]12C(=O)NC1=CC=CC=C12;C[C@H]1C2=CC=C3OCOC3=C2CN2CCC3=CC4=C(C=C3[C@H]12)OCO4;C[C@H]1C2=CC=C3OCOC3=C2CN2CCC3=CC4=C(C=C3[C@@H]12)OCO4
m_21cd44,O=C(c1ccnnc1)N1CCCC(c2ncc(C(F)(F)F)[nH]2)C1;O=C(c1cnccn1)N1CCCC(c2ncc(C(F)(F)F)[nH]2)C1;CCOC(=O)c1sc(NC(=O)C2(C)CCC(=O)NC2)nc1C;CN(C)c1ccc(S(=O)(=O)N2C3CCC2C(C(=O)O)C3)cn1;COc1ccc(OC)c(S(=O)(=O)NCCCn2ccnc2)c1;COC1=CC=C(C(=O)C2=NCCC3=CC(OC)=C(OC)C=C23)C=C1;C/C=C(\C)[C@H]1OC2=NC=C(C3=CC=C(O)C=C3)C(O)=C2[C@@]1(C)C=O;COC(=O)N1CCC2=CC(O)=C(OC)C3=C2[C@H]1CC1=CC=CC=C13;COC(=O)N1CCC2=CC(O)=C(OC)C3=C2[C@@H]1CC1=CC=CC=C13;CC1=C(C)C2=CC3=C(C=C2O1)OC(=O)C(CC(=O)NC1CC1)=C3C;C/C(=C\CO)[C@H]1OC2=NC=C(C3=CC=CC=C3)C(O)=C2[C@@]1(C)C=O;COC1=CC=C(C2=CC3=CC(OC)=C(OC)C=C3C=N2)C=C1OC;CCOC1=CC=C(C2=C(C3=CC=C(OC)C=C3)C(C)=NO2)C(O)=C1;C=C(C)COC1=CC=C(C2CC(=O)OC3=C2C(=O)NC(C)=C3)C=C1;C/C=C1\CO[C@H](O)[C@]2(C)C3=C(N=CC(C4=CC=CC=C4)=C3O)O[C@H]12;CCOC(=O)[C@H]1CN(CC2=CC=CC=C2)C2=CC=C(C=O)C=C2O1;CCOC(=O)[C@@H]1CN(CC2=CC=CC=C2)C2=CC=C(C=O)C=C2O1;COC1=CC=C([C@H](O)C2=NC=CC3=CC(OC)=C(OC)C=C23)C=C1;COC1=CC=C(CC2=NC=CC3=CC(OC)=C(OC)C=C23)C=C1O;COC1=CC(CC2=NC=CC3=CC(OC)=C(OC)C=C23)=CC=C1O;COC1=C2CCNC3C(=O)C4=CC=CC=C4C(=C23)C(OC)=C1OC;CC[C@H](NC(=O)OCC1C2=CC=CC=C2C2=CC=CC=C21)C(=O)O;CC[C@@H](NC(=O)OCC1C2=CC=CC=C2C2=CC=CC=C21)C(=O)O;CC1=COC2=C(C)C3=C(C=C12)C(C)=C(CC(=O)NC1CC1)C(=O)O3;COC1=CC=C(C2=CC3=CC(OC)=C(OC)C=C3C=N2)C(OC)=C1
m_2363c0,O=C(Cn1c(=O)n(CCc2ccccc2)c(=O)c2ncccc21)NCc1ccco1;O=C(Cn1cnc2ccccc2c1=O)N1CC(Oc2ccnc(C(F)(F)F)c2)C1;CCOC(=O)C(Cc1c[nH]c2ccccc12)N=C(O)c1ccccc1C(F)(F)F;Cn1cnc(S(=O)(=O)NC2CCN(c3cccc(OC(F)(F)F)c3)C2=O)c1;COc1ccc(C(=O)c2ccccc2)c(OC2OC(C(=O)O)C(O)C(O)C2O)c1;O=C(CC(O)(CC(=O)OCC1=CC=C(O)C=C1)C(=O)O)OCC1=CC=C(O)C=C1;O=CC1=CC(O)=CC=C1O[C@@H]1O[C@H](COC(=O)C2=CC=CC=C2)[C@@H](O)[C@H](O)[C@H]1O;COC1=CC=CC2=C1C(=O)C1=CC(O[C@@H]3O[C@H](CO)[C@@H](O)[C@H](O)[C@H]3O)=CC=C1O2;O=C(O)[C@H]1O[C@@H](OC2=CC=C(/C=C\C3=CC(O)=CC(O)=C3)C=C2)[C@H](O)[C@@H](O)[C@@H]1O;O=C(O)[C@H]1O[C@@H](OC2=CC=C(/C=C/C3=CC(O)=CC(O)=C3)C=C2)[C@H](O)[C@@H](O)[C@@H]1O;O=C(O)[C@@H]1O[C@H](OC2=CC=C(/C=C/C3=CC(O)=CC(O)=C3)C=C2)[C@H](O)[C@H](O)[C@@H]1O;O=C(O)[C@@H]1O[C@H](OC2=CC=C(/C=C/C3=CC(O)=CC(O)=C3)C=C2)[C@@H](O)[C@H](O)[C@@H]1O;O=C(O)[C@@H]1O[C@@H](OC2=CC=C(/C=C\C3=CC(O)=CC(O)=C3)C=C2)[C@@H](O)[C@H](O)[C@@H]1O;O=C(O)[C@@H]1O[C@@H](OC2=CC=C(/C=C/C3=CC(O)=CC(O)=C3)C=C2)[C@H](O)[C@H](O)[C@@H]1O;COC1=CC=C2OC3=CC([C@@H]4O[C@H](CO)[C@@H](O)[C@H](O)[C@H]4O)=CC(O)=C3C(=O)C2=C1;CC=CC1=C(OC)C(=O)C2(C(=O)C3=C(OC)C=C(OC)C=C3C(=O)OC)OC2O1;CC1=CC(=O)C2=C(O)C3=C(O[C@H]4O[C@@H](CO)[C@H](O)[C@@H](O)[C@@H]4O)C=CC=C3C=C2O1;CC1=CC(=O)C2=C(O)C3=C(O[C@@H]4O[C@H](CO)[C@@H](O)[C@H](O)[C@H]4O)C=CC=C3C=C2O1;O=C(O)[C@H]1O[C@@H](OC2=CC(O)=CC(/C=C\C3=CC=C(O)C=C3)=C2)[C@H](O)[C@@H](O)[C@@H]1O;O=C(O)[C@H]1O[C@@H](OC2=CC(O)=CC(/C=C/C3=CC=C(O)C=C3)=C2)[C@H](O)[C@@H](O)[C@@H]1O;O=C(O)[C@@H]1O[C@H](OC2=CC(O)=CC(/C=C/C3=CC=C(O)C=C3)=C2)[C@H](O)[C@H](O)[C@@H]1O;O=C(O)[C@@H]1O[C@H](OC2=CC(O)=CC(/C=C/C3=CC=C(O)C=C3)=C2)[C@@H](O)[C@H](O)[C@@H]1O;O=C(O)[C@@H]1O[C@@H](OC2=CC(O)=CC(/C=C/C3=CC=C(O)C=C3)=C2)[C@H](O)[C@H](O)[C@@H]1O;O=C(O)[C@@H]1O[C@@H](OC2=CC(O)=CC(/C=C/C3=CC=C(O)C=C3)=C2)[C@@H](O)[C@H](O)[C@@H]1O;C[C@@H]1O[C@@H](OC2=CC(O)=CC=C2C(=O)C(=O)C2=CC=C(O)C=C2)[C@H](O)[C@H](O)[C@H]1O
m_23ff71,COc1cc(OC)c(C(=O)N2CCCCC2)cc1OC;O=C(O)C(Cc1ccc(O)c(O)c1)NC1CCCCC1;Cc1ccc(F)c(C(=O)NC2CCC(C(=O)O)CC2)c1;Cc1cc(F)cc(C(=O)N2CCCC(C)C2C(=O)O)c1;CCC1C(=O)NC2(C(O)C3C=CCCC3)C(=O)OC12C;COC1=CC=C(C(=O)O[C@H]2CCCN(C)C2)C=C1OC;COC1=CC=C(C(=O)O[C@@H]2CCCN(C)C2)C=C1OC;COC1=CC=C(CC(=O)NC[C@H]2CCCO2)C=C1OC;COC1=CC=C(CC(=O)NC[C@@H]2CCCO2)C=C1OC;COC1=CC2=C(C=C1OC)[C@H](C)N(CCC(=O)O)CC2;COC1=C(O)C=CC(C(=O)C[C@@H]2CCCCN2)=C1OC;CC(=O)NC[C@@]1(COC2=CC=CC=C2)C[C@@H](O)[C@@H](O)C1;CC(=CC1=CC(C2CCC(O)(CO)CC2)=CO1)C(N)=O;COC1=CC2=C(C=C1OC)[C@H](O)CN(CCC(C)=O)C2;COC1=CC2=C(C=C1OC)[C@@H](O)CN(CCC(C)=O)C2;CC1=C(CCCCC=CC(=O)O)OC2CCCN2C1=O;CO[C@@H]1C[C@](C)(NC(=O)C2=CC=CC=C2)[C@H](O)[C@@H](C)O1;COC(=O)CCN1CCC2=CC(OC)=C(OC)C=C2C1;CC1=CC(C)C/C(=C/C[C@H](CC(N)=O)CC(=O)O)C1=O;COCCO[C@H]1COCCN(C(=O)C2=CC=CC=C2)C1;CC1=C(O)C=CC(C(=O)CN2C[C@H](C)O[C@@H](C)C2)=C1O;CC1=C(O)C=CC(C(=O)CN2C[C@@H](C)O[C@H](C)C2)=C1O;CC1=C(O)C=CC(C(=O)CN2C[C@@H](C)O[C@@H](C)C2)=C1O;CC(C)[C@H](C(=O)O)N(C)C(=O)[C@H](O)CC1=CC=CC=C1;CC(C)[C@H](C(=O)O)N(C)C(=O)[C@@H](O)CC1=CC=CC=C1
m_254f59,Cn1cc(C(=O)NCCCN2CCc3ccccc32)cn1;Cn1cc(C(=O)NCC2CCN(c3ccccc3)C2)cn1;Cc1[nH]ncc1C(=O)N1CCCC(Nc2ccccc2)C1;Cc1cccnc1CN1CC(C)(CO)Oc2ccccc21;CC(C)(CNC(=O)c1cccc2nc(O)ccc12)C1CC1;CC12CCC(CC1)C2(C)COC(=O)C=CC1=CC=CC=C1;C#C[C@H]1C[N@]2CC[C@H]1C[C@@H]2COC(=O)NC1=CC=CC=C1;CC(C)=CCCC1=CCC(C(=O)O)C(C2=CC=CC=C2)C1;CC1=CCC(C(C)(C)OC(=O)C=CC2=CC=CC=C2)CC1;CC1(C)[C@H]2CC[C@]1(C)[C@H](OC(=O)/C=C/C1=CC=CC=C1)C2;CC1(C)[C@@H]2CC[C@@]1(C)[C@@H](OC(=O)/C=C/C1=CC=CC=C1)C2;CC(C)[C@H]1CC[C@H](C)C[C@H]1OC(=O)C#CC1=CC=CC=C1;CC(C)[C@H]1CC[C@@H](C)C[C@H]1OC(=O)C#CC1=CC=CC=C1;CC(C)[C@@H]1CC[C@H](C)C[C@H]1OC(=O)C#CC1=CC=CC=C1;CC(C)[C@@H]1CC[C@@H](C)C[C@H]1OC(=O)C#CC1=CC=CC=C1;CC(C)=CCCC(C)=CCC(=CC1=CC=CC=C1)C(=O)O;CNC1=CC=CC=C1C(=O)NCCC1=CC=C(OC)C=C1;OC1=CC(CC2=CC=CC=C2)=CN=C1CN1CCOCC1;CC1(C)[C@H]2CC[C@]1(C)C(=O)NC2=NC(=O)C1=CC=CC=C1;CC1(C)[C@H]2CC[C@]1(C)C(=O)N/C2=N\C(=O)C1=CC=CC=C1;CC1(C)[C@@H]2CC[C@@]1(C)C(=O)NC2=NC(=O)C1=CC=CC=C1;CC1(C)[C@@H]2CC[C@@]1(C)C(=O)N/C2=N\C(=O)C1=CC=CC=C1;O[C@H](CCC1=CC=CC=C1)C[C@H](O)CCC1=CC=CC=C1;O[C@H](CCC1=CC=CC=C1)C[C@@H](O)CCC1=CC=CC=C1;O[C@@H](CCC1=CC=CC=C1)C[C@@H](O)CCC1=CC=CC=C1
m_25a38e,CC1CCC(C(=O)NCc2ccc(S(C)(=O)=O)s2)CC1;O=C(O)C1CCCN1C(=O)CCc1ccc(C(F)(F)F)cc1;Cn1c(=NC(=O)C2CC(=O)N(C3CC3)C2)sc2ccccc21;Cc1csc(-c2cccc(NC(=O)C3CC(=O)N(C)C3)c2)n1;Cc1cc(Cn2cnc3sc4c(c3c2=O)CCC(C)C4)on1;C[C@@]12C(=O)N(CCC3=CC=C(O)C=C3)C(=O)[C@]1(C)[C@H]1CC[C@@H]2O1;COC1=CC=CC2=C1OC(=O)C(C(=O)N1[C@H](C)CCC[C@H]1C)=C2;COC1=CC=CC2=C1OC(=O)C(C(=O)N1[C@H](C)CCC[C@@H]1C)=C2;COC1=CC=CC2=C1OC(=O)C(C(=O)N1[C@@H](C)CCC[C@@H]1C)=C2;CC1=CC(=O)OC2=CC(OCC(=O)NC3CCCCC3)=CC=C12;COC1=CC=C2OC(=O)C(C(=O)N3C[C@H](C)C[C@H](C)C3)=CC2=C1;COC1=CC=C2OC(=O)C(C(=O)N3C[C@H](C)C[C@@H](C)C3)=CC2=C1;COC1=CC=C2OC(=O)C(C(=O)N3C[C@@H](C)C[C@H](C)C3)=CC2=C1;CC1(C)CC(=O)C(=CN[C@H](CC2=CC=CC=C2)C(=O)O)C(=O)C1;CC1(C)CC(=O)C(=CN[C@@H](CC2=CC=CC=C2)C(=O)O)C(=O)C1;COC1=CC=CC2=C1OC(=O)C(C(=O)N1C[C@H](C)C[C@H](C)C1)=C2;COC1=CC=CC2=C1OC(=O)C(C(=O)N1C[C@H](C)C[C@@H](C)C1)=C2;COC1=CC=CC2=C1OC(=O)C(C(=O)N1C[C@@H](C)C[C@H](C)C1)=C2;CCOC(=O)[C@H]1C(=O)N[C@H]2C3=CC=CC=C3O[C@H]3CCCC[C@@]132;CCOC(=O)[C@H]1C(=O)N[C@@H]2C3=CC=CC=C3O[C@H]3CCCC[C@@]132;CCOC(=O)[C@@H]1C(=O)N[C@H]2C3=CC=CC=C3O[C@H]3CCCC[C@@]132;CCOC(=O)[C@@H]1C(=O)N[C@@H]2C3=CC=CC=C3O[C@@H]3CCCC[C@]123;CCOC(=O)C1C(=O)NC2C3=CC=CC=C3OC3CCCC[C@]312;CC1(C)OC(=O)C2(CC3=CC=CC=C3N3CCCCC32)C(=O)O1;COC1=C(O)C=CC(C=CC(=O)NCCC2=CC=C(O)C=C2)C1
m_25cfa1,CCC(CC1CCCC1)C(=O)N(C)Cc1nnc2n1CCN(C)C2=O;CC(NC(=O)CC1CCCCC1)C(=O)NCCn1cnnc1C1CC1;CC(C)CN1CC(C(=O)N2CCC(Cc3nncn3C)CC2)CC1=O;Cc1n[nH]c(C)c1CCC(=O)N1CCN(C2CCCCNC2=O)CC1;Cc1ccncc1CNc1ccc(Cc2nnc3n2CCCCC3)cc1;CC1=NN(C)C(C)=C1NC(=O)C(=O)NC[C@@H]1CCCN2CCCC[C@H]12;CN1[C@H](CCCCCCCCC(=O)O)C[C@H](O)[C@@H]1CC1=CC=CC=C1;COCCN(C[C@@H]1CCCN2CCCC[C@H]12)C(=O)[C@H](C)N1C=CC=C1;COCCN(C[C@@H]1CCCN2CCCC[C@H]12)C(=O)CCN1C=CC=C1;CCOC(=O)N1CC[C@@]2(O)CCCC[C@H]2[C@@H]1C1=CC=CC=C1OCC;CCOC(=O)N1CCC2(O)CCCCC2[C@@H]1C1=CC=CC=C1OCC;CC(C)=CCC1=C[C@](O)(C(=O)O[C@H]2C[C@H]3CC[C@@H](C2)N3C)CCC1=O;CC(=O)OC1=CC=CC(C(CO)C(=O)OC2C[C@H]3CC[C@@H](C2)N3C)=C1;C/C1=C\[C@H]2OC(=O)[C@@H](CN3CCC[C@H]3C(=O)O)[C@@H]2CC/C(C)=C/CC1;C/C1=C\[C@@H]2OC(=O)[C@@H](CN3CCC[C@H]3C(=O)O)[C@@H]2CC/C(C)=C/CC1;C/C1=C/CC/C(C)=C/[C@H]2OC(=O)[C@@H](CN3CCC[C@H]3C(=O)O)[C@@H]2CC1;C=C[C@H]1OC[C@@]2(COC(=O)NC3CCCCC3)[C@H](C)C=C(C)[C@@H]1[C@H]2C;C=C[C@@H]1OC[C@]2(COC(=O)NC3CCCCC3)[C@H](C)[C@H]1C(C)=C[C@@H]2C;C=C[C@@H]1OC[C@@]2(COC(=O)NC3CCCCC3)[C@H](C)C=C(C)[C@@H]1[C@H]2C;C=CC1OC[C@@]2(COC(=O)NC3CCCCC3)C(C)C=C(C)C1[C@H]2C;CCCCCCCC[C@H](CCC/C=C/C(=O)O)CC1=CCC(=O)N=C1;C[C@H](N)C(=O)N1CCC(C(=O)N[C@@H](CC2=CC=CC=C2)C(=O)O)CC1;CC1=C(O)C=C2O[C@@H]3[C@@H](CCN3C(=O)[C@@H](C)O)[C@H]3O[C@H](C)[C@@H](C)C1=C23;CC1=C(O)C=C2O[C@@H]3[C@@H](CCN3C(=O)[C@@H](C)O)[C@@H]3O[C@H](C)[C@@H](C)C1=C23;CC1(C)CC(=O)C2=C(O)C=C(OCC(=O)NC3CCCCC3)C=C2O1
m_26bf54,CC(=O)NC(C(=O)NCc1ccccn1)C(C)C;CC1CN(Cc2cccc(C(=O)O)c2)CCCO1;OC1CCC(NCc2cccc3c2OCO3)CC1;COc1cccc(C(=O)NC2CCCC2CO)c1;CCCCCC(C)NC(C(=O)O)c1ccccc1;CCCCCCCCC(=O)CC(=O)C1=CC=CN1;CC(C)CN[C@H]1[C@H](O)[C@H](O)C[C@@H]1C1=CC=CC=C1;CC(=O)N[C@H]1[C@H](O)[C@H](O)C[C@@H]1C1=CC=CC=C1C;CCCCCCCCOC(=O)C1=CC=CC(N)=C1;O=C(O)C1CC(C(=O)O)N(CC2=CC=CC=C2)C1;CC(=O)NCC1=CC=C(O)C2=C1C[C@@H](C)OC2=O;COC(=O)[C@H](CC(C)C)NC(=O)C1=CC=CC=C1;CC1(C)OC(=O)CC1C(=O)NC1=CC=CC=C1O;O=C(N[C@H]1CO[C@H]2[C@@H]1OC[C@H]2O)C1=CC=CC=C1;O=C(NC1(C(=O)O)CCC1)OCC1=CC=CC=C1;CCCCCCNC(=O)C1=CC=C(OCC)C=C1;NC1=CC=CC=C1CCCCCCCCC(=O)O;COC[C@@H]1CCCN1C(=O)C1=CC=CC=C1OC;O=C(O)CCCC(=O)NCCCC1=CC=CC=C1;CN1CCOC(OC(=O)CCC2=CC=CC=C2)C1;CC(=O)OC1CN(CCC2=CC=CC=C2)CCO1;CC(=O)N1CCOC[C@H](OCC2=CC=CC=C2)C1;CCCCCCCCOC(=O)C1=CC=C(N)C=C1;CCCCCC(=O)NCC(=O)C1=CC=C(O)C=C1;CCCCCC(=O)NC1=CC=C(C(=O)OC)C=C1
m_273696,O=C(c1ccncc1)N1CCN(C(=O)c2ccc(Cl)cn2)CC1;NC(=O)CC1CCCN(C(=O)c2cc(F)c(Cl)cc2F)CC1;CN(CC(F)(F)F)C(=O)c1ccc(CSc2nnc[nH]2)cc1;O=C1NCCc2ccc(S(=O)(=O)N(CC(F)F)C3CC3)cc21;CCC(NC(=O)c1ccc2n[nH]c(=O)n2c1)c1cccc(Cl)c1;COC1=CC=C(C(=O)C(=O)C2=CC=C(OC)C(OC)=C2)C=C1OC;COC1=CC=C(C(=O)CCC(=O)C2=CC=C(OC)C=C2O)C(O)=C1;CCOC(=O)C1=C(O)C2=CC3=C(C=C2C1)C(O)=C(C(=O)OCC)C3;COC1=CC=C(C(=O)CC(=O)C2=C(O)C=C(OC)C=C2OC)C=C1;O=C(C=CC1=CC=C(O)C(O)=C1)OCC(=O)C1=CC=C(O)C(O)=C1;C[C@@H](CCOC1=CC(O)=C(C(=O)C2=CC=CC=C2)C(O)=C1)C(=O)O;COC1=CC=C(C(=O)CC(=O)C2=CC=C(OC)C(OC)=C2)C(O)=C1;COC1=CC(C(C)=O)=CC(C2=CC(C(C)=O)=CC(OC)=C2O)=C1O;COC(=O)C1=CC(O)=C2CC3=C(O)C=C(C(=O)OC)C=C3OC2=C1;O=C(O)CC(OC(=O)C1=CC=CC(OC2=CC=CC=C2)=C1)C(=O)O;O=C1OC[C@H](CC2=CC=C(O)C(O)=C2)[C@H]1CC1=CC=C(O)C(O)=C1;CCCOC(=O)C1=CC=C(OCC(=O)C2=CC=C(O)C=C2O)C=C1;CCOC(=O)[C@](O)(C(=O)C1=CC=CC=C1)C1=CC(O)=CC(OC)=C1;CCOC(=O)[C@@](O)(C(=O)C1=CC=CC=C1)C1=CC(O)=CC(OC)=C1;COC1=CC=C(C[C@]2(O)COC3=CC(OC)=CC(O)=C3C2=O)C=C1;COC(=O)CC(C1=CC=C(OC)C=C1)C1=CC2=C(C=C1O)OCO2;COC1=CC=C(C(O)=CC(=O)C2=C(O)C=C(OC)C=C2OC)C=C1;CCOC(=O)C1=C(O)C=C(O)C2=C1O[C@H](C1=CC=C(O)C=C1)CC2;OC1=CC=C([C@H]2OC[C@H]3[C@@H]2CO[C@H]3C2=CC=C(O)C(O)=C2)C=C1O;OC1=CC=C([C@H]2OC[C@H]3[C@@H]2CO[C@@H]3C2=CC=C(O)C(O)=C2)C=C1O
m_27df2d,O=C(NCC1CCOC1c1nc(C2CC2)no1)c1ccccc1F;CNC(=O)C1CCCN1C(=O)Cc1coc(-c2ccc(F)cc2)n1;Cc1cc(NC(=O)c2ccncc2)ccc1NC(=O)c1ccccc1;OCc1ccc(CN2CC(CO)C(c3ccc(Cl)cc3)C2)cc1;Oc1ccc(-c2nnc(NC3CCOC4(CCCC4)C3)s2)cc1;COC(=O)C1CCN(CC2=CC(=O)OC3=C(C)C(O)=CC=C23)CC1;COC(=O)C1=C(C)NC(C)=C(C(=O)OC)C1C1=CC=C(OC)C=C1;CCOC(=O)C1CCN(CC2=CC(=O)OC3=CC=C(O)C=C23)CC1;CCOC(=O)C1CCN(C=C2OC3=C(C=CC(O)=C3C)C2=O)CC1;COC(=O)C1=CC=C(CN2CCC3=CC(OC)=C(OC)C=C3C2)O1;CC1(C)[C@H]2CC[C@]1(C)C(=O)[C@@H]2COC(=O)C1=CC=C([N+](=O)[O-])C=C1;CC1(C)[C@@H]2CC[C@@]1(C)C(=O)[C@@H]2COC(=O)C1=CC=C([N+](=O)[O-])C=C1;CC1=C(CC(=O)N2CCC(C)CC2)C(=O)OC2=CC(O)=CC(O)=C12;CCOC(=O)[C@H]1CCCN(C=C2OC3=C(C=CC(O)=C3C)C2=O)C1;CCOC(=O)[C@H]1CCCN(/C=C2\OC3=C(C=CC(O)=C3C)C2=O)C1;CCOC(=O)[C@@H]1CCCN(C=C2OC3=C(C=CC(O)=C3C)C2=O)C1;CCOC(=O)[C@@H]1CCCN(/C=C2\OC3=C(C=CC(O)=C3C)C2=O)C1;COC1=CC=C(CNC(=O)C2=CC(OC)=C(OC)C(OC)=C2)C=C1;COC1=CC=C(CC(=O)NC2=CC(OC)=C(OC)C(OC)=C2)C=C1;COC(=O)CC1=C(C)C2=CC=C(O)C(CN3CCCC3)=C2OC1=O;COC(=O)C(C)(C)CNC(=O)C=CC=CC1=CC=C2OCOC2=C1;CC(C)[C@H](NCC1=C(O)C=CC2=C1OC(=O)C1=C2CCC1)C(=O)O;CC(C)[C@@H](NCC1=C(O)C=CC2=C1OC(=O)C1=C2CCC1)C(=O)O;CC(=O)OC(C)(C)CNC(=O)C=CC=CC1=CC=C2OCOC2=C1;COCCOC(=O)C1=C(C)N(C)C2=CC=C(OC(=O)C3CC3)C=C12
m_293ec0,COCC1(C(=O)O)CCCN1S(=O)(=O)c1ccc(C)c(NC(C)=O)c1;CC(C)Oc1ncc(C(=O)N(CCC(=O)O)C2CCOCC2)cc1Cl;O=C(CCc1ccccc1Cl)NC(Cc1c[nH]c2ccccc12)C(=O)O;O=C(Nc1nc(-c2ccccc2)ns1)NC1CCCC(C(F)(F)F)C1;Cc1nc(-c2cccc(NC(=O)c3cc(S(C)(=O)=O)ccc3C)c2)n[nH]1;CO[C@H]1C[C@@H](OC(=O)C2=CC=CC=C2)[C@H](OC(=O)C2=CC=CC=C2)[C@@H](C)O1;CCCC(=O)OC1=C(OC)C=C(O)C2=C1OC(C1=CC=CC=C1)=C(O)C2=O;COC1=CC=C(C(=O)[C@H](C)[C@@H](C)C(=O)C2=CC=C3OCOC3=C2)C=C1OC;COC1=CC=C(C(=O)[C@@H](C)[C@H](C)C(=O)C2=CC=C3OCOC3=C2)C=C1OC;C[C@@](O)(COC(=O)/C=C/C1=CC=CC=C1)[C@H](O)COC(=O)C1=CC=CC=C1;COC1=CC(C=CC(=O)O)=CC=C1OC1=CC=C(C=CC(=O)O)C=C1OC;CO/C(C)=C/C1=C2C(=O)[C@H](O)[C@@H](O)CC2=C(C(=O)C(=O)C2=CC=CC=C2)O1;O=C(C1=CC=C2OCOC2=C1)[C@H]1CO[C@H](C2=CC=C3OCOC3=C2)[C@H]1CO;O=C(C1=CC=C2OCOC2=C1)[C@H]1CO[C@@H](C2=CC=C3OCOC3=C2)[C@@H]1CO;O=C(C1=CC=C2OCOC2=C1)[C@@H]1CO[C@H](C2=CC=C3OCOC3=C2)[C@H]1CO;O=C(C1=CC=C2OCOC2=C1)[C@@H]1CO[C@@H](C2=CC=C3OCOC3=C2)[C@H]1CO;COC(=O)CC(C1=CC=C(OC)C(O)=C1)C1=C(O)C2=CC=CC=C2OC1=O;COC(=O)CC(C1=CC=C(O)C(OC)=C1)C1=C(O)C2=CC=CC=C2OC1=O;COC1=CC([C@@H]2OC[C@@H]3[C@H]2CO[C@H]3C2=CC=C(O)C=C2)=CC=C1OC(C)=O;COC1=CC(C=CC(=O)CC(=O)C=CC2=CC=C(O)C(OC)C2)=CC=C1O;COC(=O)CC(C1=CC=C(OC)C(O)=C1)C1=C(O)C(=O)C2=CC=CC=C2O1;COC(=O)CC(C1=CC=C(O)C(OC)=C1)C1=C(O)C(=O)C2=CC=CC=C2O1;COC1=CC(O)=C(OC(=O)CC(C)C)C(O)=C1C(=O)C=CC1=CC=CC=C1;CC[C@H](C)C(=O)OC1=C(O)C=C(OC)C(C(=O)/C=C/C2=CC=CC=C2)=C1O;CC[C@@H](C)C(=O)OC1=C(O)C=C(OC)C(C(=O)/C=C/C2=CC=CC=C2)=C1O
m_2a0e17,CC(C)n1nnnc1SCCOc1cccc2ccccc12;O=C(Nc1cnc2ccccc2c1)Nc1cnc2ccccc2c1;O=C(NCC1(O)CCOC1)c1ncccc1Oc1ccccc1;O=C(Nc1cccc(-c2ccn[nH]2)c1)c1ccc2ccccc2n1;Cc1cc(C=Cc2nc(C)c(CC(=O)O)c(=O)[nH]2)cc(C)c1O;O=CC1=CC=CC=C1OCCOCCOC1=CC=CC=C1C=O;O=C(O)C(COC(=O)C(CO)C1=CC=CC=C1)C1=CC=CC=C1;CC(=CCOC1=CC(O)=C(C(=O)C2=CC=CC=C2)C(O)=C1)CO;COC1=CC(O)=C(C(=O)C=CC2=CC=CC=C2OC)C(OC)=C1;O=C(O)CCC1=CC=C(OC2=CC=C(CCC(=O)O)C=C2)C=C1;COC1=CC(OC)=C(OC)C=C1C=CC(=O)C1=CC=CC=C1O;CCOC(O)(C(=O)NC1=CC=CC=C1)C(=O)NC1=CC=CC=C1;COC1=CC=C(OC)C(C(=O)CC(=O)C2=CC(C)=CC=C2O)=C1;COC1=CC(OC)=C(C(=O)C=CC2=CC=CC=C2O)C(OC)=C1;COC1=CC=C(C=CC(=O)C2=C(O)C=CC=C2OC)C=C1OC;COC1=CC(OC)=C(OC)C(O)=C1C=CC(=O)C1=CC=CC=C1;COC1=CC(OC)=C(C(O)=CC(=O)C2=CC=CC=C2)C(O)=C1C;COC1=CC(OC)=C(C(=O)C=CC2=CC=CC=C2)C(O)=C1OC;COC1=CC(O)=C(C(=O)C=CC2=CC=CC=C2)C(OC)=C1OC;COC1=CC(C=CC(=O)OCCC2=CC=CC=C2O)=CC=C1O;COC1=CC2=C(OCO2)C(OC)=C1C(=O)CCC1=CC=CC=C1;COC(=O)C1=C(C)C2=C(C[C@H](C3=CC=CC=C3OC)CC2=O)O1;COC(=O)C1=C(C)C2=C(C[C@@H](C3=CC=CC=C3OC)CC2=O)O1;COC1=CC=CC(OC(=O)C=CCCC2=CC(O)=CC(O)=C2)=C1;COC1=CC=C(OC)C(C=CC(=O)C2=C(O)C=CC=C2OC)=C1
m_2aa8ea,CC(C)(C)NC(=O)c1cccc(NC(=O)N2CCC(N3CCNC3=O)CC2)c1;CC(Cc1ccc(NC(=O)C2CCCN(C(=O)N3CCCC3)C2)cc1)C(=O)O;COc1ccc(-c2cn(CC(=O)NC3CCN(C(C)C)CC3)nn2)cc1OC;COc1ccc(NC(=O)NC2CCCN(c3cc(C)nn3C)C2=O)cc1OC;Cc1csc(C2CCCN(C(C)C(=O)NCc3ccc(C(=O)O)cc3)C2)n1;CCOC(=O)C(=O)NC1=CC=CC(C(=O)NC[C@@H]2CCCN3CCCC[C@H]23)=C1;CCOC(=O)C(=O)NC1=CC=C(C(=O)NC[C@@H]2CCCN3CCCC[C@H]23)C=C1;COCC(=O)NC1=CC=C(C2=NOC([C@@H]3CCCN3C3CCOCC3)=N2)C=N1;CC[C@H]1[C@@H]2C3=CC=C(CC[C@H](C)C(=O)O)N3CCC[C@H]2O[C@]12C=C(C)C(=O)O2;CC(C)NC(=O)N1CC2(CN(C(=O)NC3=CC=CC=C3)C[C@@H]3COCCN32)C1;COC1=CC=C2N=C(C[C@H]3CN(C(=O)CC(C)C)CC[C@H]3CC(=O)O)NC2=C1;CC(=O)N1CCN(C(=O)NC2=CC=CC=C2)C[C@H]1C(=O)N[C@H]1CCCNC1=O;CC(=O)N1CCN(C(=O)NC2=CC=CC=C2)C[C@H]1C(=O)N[C@@H]1CCCNC1=O;CC(=O)C1=CC=C(NC(=O)N2CCN[C@@H](C(=O)N[C@H]3CCCNC3=O)C2)C=C1;CC(=O)C1=CC=C(NC(=O)N2CCN[C@@H](C(=O)N[C@@H]3CCCNC3=O)C2)C=C1;COCC1=NN(C(C)C)C([C@H]2CC[C@@H](O)[C@H](NC(=O)NC3=CC=CC=C3)C2)=N1;CC(C)OCCCNC(=O)COC1=CC=C2N=C3CCCCCN3C(=O)C2=C1;COC1=CC=C(CNC(=O)C2=CC=CC(C3=CC=C(N4CCCC4)N=C3)=C2)C=C1;COC1=CC=C(C(=O)N2CCN3C(=O)N(C4CCCCC4)C[C@H]3C2)C=C1OC;COCC(=O)N1CC[C@H]2CC(=O)N([C@@H](CC3=CC=CC=C3)C(N)=O)CC[C@H]2C1;COCC(=O)N1CC[C@@H]2CC(=O)N([C@@H](CC3=CC=CC=C3)C(N)=O)CC[C@H]2C1;COC1=CC=C(C(=O)N2CC[C@H]3CC(=O)N(CCNC(C)=O)CC[C@H]3C2)C=C1;COC1=CC=C(C(=O)N2CC[C@H]3CC(=O)N(CCNC(C)=O)CC[C@@H]3C2)C=C1;COC1=CC=CC(NC(=O)N[C@@H]2C[C@@H](C3=NC(C)=NN3C(C)C)CC[C@H]2O)=C1;CCNC(=O)N1CC[C@@H](CC(=O)O)[C@@H](CC2=NCCC3=CC(OC)=CC=C23)C1
m_2ac2ed,CC(=O)N1CSCC1c1nc(-c2ccc(C(=O)NC3CC3)cc2)no1;O=C(CCSc1ccccc1F)Nc1cccc(C(=O)NC2CC2)c1;N#Cc1cccc(C(=O)N2CCOC(c3cccc(OC(F)F)c3)C2)c1;O=C(O)C(O)C(O)C(OC1OC(CO)C(O)C(O)C1O)C(O)CO;CC(C)c1n[nH]c(C(N)=O)c1NC(=O)c1cccc(C(F)(F)F)c1F;COC(=O)C1=CC(OC)=C2CC3=C(OC)C=C(C(=O)OC)C=C3OC2=C1;COC(=O)C1=CC(OC)=C2OC(C3=CC=C4OCOC4=C3)C(CO)C2=C1;CC(C)C(=O)O[C@H]1C(=O)C2=C(O)C=C(O)C=C2O[C@@H]1C1=CC=CC(O)=C1;CC(C)C(=O)O[C@@H]1C(=O)C2=C(O)C=C(O)C=C2O[C@H]1C1=CC=CC(O)=C1;COC(=O)C1CC23C(=O)C=C(C)C1(O)C2(C)OC1=CC=CC(O)=C1C3=O;O=C(O)[C@H]1O[C@@H](OC2=CC=C3C(=C2)CC2=CC=CC=C23)[C@H](O)[C@@H](O)[C@@H]1O;COC1=CC2=C(C(OC)=C1OC)C(C1=CC=C(C(=O)O)C=C1)CC(=O)O2;COC1=CC=C2C(=C1O)COC1C(=O)C3=CC=C(OC)C(OC)=C3OC21;CO/C(=C\C(=O)O)[C@H]1C2=CC3=CC=CC(O)=C3C(O)=C2C(=O)C[C@]1(C)O;COC1=CC(O)=C2C(=O)C3=C(OC)C=CC=C3OC2=C1C(O)CC(C)=O;COC1=CC(OC)=C(C(=O)C=C(O)C2=CC=C3OCOC3=C2)C(OC)=C1;C[C@@H]1CC(=O)C2=C(C3O[C@H]4C5=C(O)C=CC=C5C(=O)[C@@H]2[C@@]4(O)[C@@H]3O)[C@H]1O;COC1=CC([C@H]2OC(=O)[C@H]3[C@@H]2CO[C@@H]3C2=CC=C(O)C(O)=C2)=CC=C1O;C[C@@H]1CC(=O)C2=C([C@H]1O)[C@H]1O[C@H]1[C@]1(O)[C@H]2C(=O)C2=CC=CC(O)=C2[C@@H]1O;C[C@@H]1CC(=O)C2=C(C3OC3[C@]3(O)[C@H]2C(=O)C2=CC=CC(O)=C2[C@@H]3O)[C@H]1O;COC1=C2O[C@H](C(C)(C)O)CC2=C2OC3=C(O)C=CC=C3C(=O)C2=C1O;COC1=C(C)C(O)=C2C(=O)[C@]3(O)C4=CC=CC(O)=C4OC[C@H]3OC2=C1C;OC1=CC=C([C@H]2OC[C@H]3[C@@H]2CO[C@H]3C2=CC3=C(C=C2O)OCO3)C=C1O;COC1=CC(C=C2CC(C3=CC=C(O)C(O)=C3)OC2=O)=CC(OC)=C1O;COC1=CC(C2CC(=O)OC3=CC=C(C(C)=O)C(O)=C32)=CC(OC)=C1O
m_2b524a,CCn1nccc1CNCC1CCOC2(CCC2)C1;CC(C)c1noc(NCc2cnn(C(C)(C)C)c2)n1;CCCCn1nnnc1CNC(C)Cn1cccn1;Cn1nccc1CCNC(=O)N1CC2CCC2(N)C1;CCc1c(C(=O)NC2CC3(C2)CC3N)nnn1CC;CCCCCC[C@H]1CC[C@@H](CC(=O)N2C=CC=C2)O1;COC1=CC=C(CCN[C@H]2CCOC(C)(C)C2)C=C1;COC1=CC=C(CCN[C@@H]2CCOC(C)(C)C2)C=C1;CCNCC1(C2=CC=C(OC)C(OC)=C2)CCCC1;CC1=C[C@H]2[C@H](O)[C@@H](O)[C@H]3CCCN4CCC[C@H]2[C@]34C1;CC1=C[C@@H]2[C@H](O)[C@@H](O)[C@H]3CCCN4CCC[C@H]2[C@]34C1;CC1=CC=C([C@H]2C[C@@H](O)[C@@H](O)[C@@H]2NCC(C)C)C=C1;CCN(CC)C(=O)/C=C1\C(=O)[C@]2(C)CC[C@H]1C2(C)C;CCN(CC)C(=O)/C=C1/C(=O)[C@]2(C)CC[C@H]1C2(C)C;C#CCNC(=O)C[C@@H]1C[C@@H](C(C)C)[C@H](CO)C=C1C;CCCCCC1=CC(O)=C(C2CCCCN2)C(O)=C1;CCOC(=O)N1CCC(NC2=CC(C)=CC=N2)CC1;CNC[C@H](O)C1=CC=C(O)C2=C1CCCC(C)(C)C2;CCCCCCCC(=O)NCC1=CC=CC(OC)=C1;CC1=CC=CC([C@H]2C[C@@H](O)[C@@H](O)[C@@H]2NCC(C)C)=C1;CC1(C)O[C@@]2(C)C[C@@H]3[C@H]4C=C[C@](CO)(C4)[C@](N)(C2)[C@@H]31;C[C@H](CO)C[C@]12C3=CC[C@H](O)[C@H]1CCCN2CC=C3;C[C@@H](CO)C[C@@]12C3=CC[C@H](O)[C@@H]1CCCN2CC=C3;CCCC[C@H](CC)C(=O)NCC1=CC=CC=C1OC;CCCC[C@@H](CC)C(=O)NCC1=CC=CC=C1OC
m_2b7513,Cc1ccccc1CCC(=O)N(CCC(=O)O)CC1CCCO1;CC(C)c1ccccc1C(=O)NCC(C(=O)O)C1CCOCC1;CC(C)CC(=O)N1CCC(NC(=O)c2cccc(=O)n2C)CC1;COc1ccc(CNC(=O)N2CCN3CCC2CC3)c(OC)c1;CCC(C)C(=O)Nc1cccc(CNC(=O)C2CC(O)CN2)c1;COC(=O)[C@H]1CCCN1C(=O)C1=CC=C(OCCC(C)C)C=C1;COC(=O)[C@@H]1CCCN1C(=O)C1=CC=C(OCCC(C)C)C=C1;CN(C(=O)OCC1=CC=CC=C1)[C@H](CC1CCCCC1)C(=O)O;CN(C(=O)OCC1=CC=CC=C1)[C@@H](CC1CCCCC1)C(=O)O;NC(=O)C1CCN(C(=O)N[C@H](CC2=CC=CC=C2)C(=O)O)CC1;COC1=CC=CC(C(CO)C(=O)OC2CC3CCC(C2)N3C)=C1;C[C@@H]1C[C@@H](C)[C@H](CC(=O)C2=CC=C(N)C=C2)O[C@@H]1[C@@H](C)C(=O)O;CC(C(=O)O)[C@H]1O[C@@H](CC(=O)C2=CC=C(N)C=C2)[C@H](C)C[C@H]1C;COC1=CC=C(C2(C(=O)NC[C@H]3CCCO3)CCOCC2)C=C1;COC1=CC=C(C2(C(=O)NC[C@@H]3CCCO3)CCOCC2)C=C1;CCNC(=O)[C@@H]1CCCN1[C@@H](C(=O)NC)C1=CC=CC=C1OC;CC(C)C(=O)N[C@@H](CCC(N)=O)C(=O)NCCC1=CC=CC=C1;CC(C)CCNC(=O)C1=CC(C2=CC=NC=C2)=NC2=CC=CC=C12;CC(C)CCNC(=O)C1=CC(C2=CC=CC=N2)=NC2=CC=CC=C12;O=C(NC[C@H]1OC[C@@H](NC2CCNCC2)[C@@H]1O)C1=CC=CC=C1;COC[C@@]1(CNC(=O)C2=NC3=CC=CC=C3N2)C[C@@H](O)[C@@H](O)C1;CC1=CC=CC([C@H]2C[C@@H](O)[C@@H](O)[C@@H]2NC(=O)C2CCOCC2)=C1;CC(C)CCNC(=O)C1=CC(C2=CC=CN=C2)=NC2=CC=CC=C12;CCNC(=O)[C@@H]1CCCN1[C@@H](C(=O)NC)C1=CC=C(OC)C=C1;CC(=O)NC(CC1=CC=CC=C1)C(=O)NC(CC(C)C)C(N)=O
m_2c1f87,Cn1nc(C2CC2)nc1Cn1cnc2c1c(=O)n(C)c(=O)n2C;Cc1nc2n(n1)CC(Nc1c(C#N)c(=O)n(C)c(=O)n1C)CC2;CCC(C(=O)NCC(=O)Nc1cccnc1)c1ccc(F)cc1;Cc1cnc(C(=O)N2CCN(c3ncncc3C)CC2)c(F)c1;COc1nc(C)cc(N(C)Cc2nnc3c(=O)n(C)ccn23)n1;C[C@@]12C(=O)N(CCC3=CC=C(O)C=C3)C(=O)[C@]1(C)[C@H]1CC[C@@H]2O1;COCCN1C=CC2=NC3=C(C=C2C1=O)C(=O)N(CCO)C=C3;CC1=CC=C2OC(=O)C=C(CN3CCC4(CC3)OCCO4)C2=C1;CC1=CC=C2C(CN3CCC4(CC3)OCCO4)=CC(=O)OC2=C1;C=C(C)[C@H](CC1=C(OC)C2=CC=CC=C2N(C)C1=O)OC(C)=O;CN(C)C(=O)COC1=CC=C2N=C3CCCCCN3C(=O)C2=C1;COC1=C2CCC(=O)[C@](CC=C(C)C)(OC)C2=NC2=C1C=CO2;CN1C(=O)[C@@H](OCC2CC2)[C@H]2CN(C(=O)C3=CC=NC=C3)C[C@H]21;CC(C)CNC(=O)COC1=CC=C2N=C3CCCN3C(=O)C2=C1;COC1=CC=C2OC(=O)C(C(=O)N3C[C@H](C)C[C@H](C)C3)=CC2=C1;COC1=CC=C2OC(=O)C(C(=O)N3C[C@H](C)C[C@@H](C)C3)=CC2=C1;COC1=CC=C2OC(=O)C(C(=O)N3C[C@@H](C)C[C@H](C)C3)=CC2=C1;CC1=CC(OCC(=O)N(C)C)=C2C3=C(CCCC3)C(=O)OC2=C1;CC[C@H](C)NC(=O)COC1=CC=C2N=C3CCCN3C(=O)C2=C1;CC[C@@H](C)NC(=O)COC1=CC=C2N=C3CCCN3C(=O)C2=C1;CCCCNC(=O)COC1=CC=C2N=C3CCCN3C(=O)C2=C1;COC1=CC=CC2=C1OC(=O)C(C(=O)N1[C@H](C)CCC[C@H]1C)=C2;COC1=CC=CC2=C1OC(=O)C(C(=O)N1[C@H](C)CCC[C@@H]1C)=C2;COC1=CC=CC2=C1OC(=O)C(C(=O)N1[C@@H](C)CCC[C@@H]1C)=C2;COC1=CC=CC2=C1OC(=O)C(C(=O)N1C[C@H](C)C[C@H](C)C1)=C2
m_2c2340,Cc1cc(NC(=O)CN2CCCC(N(C)C)C2)n(C(C)(C)C)n1;CN(C)C(CNC(=O)NC1CCC(C)(C)CC1)c1cnn(C)c1;O=C(CN1CCCC(N2CCCCCC2)C1)NCC(F)(F)F;CCC(C)n1nc(C(=O)NCC2CCCOC2C(C)C)cc1C;CCc1nc(C)c(CN2CCCCC2C(=O)N2CCOCC2)o1;COC1=NOC(CCC(=O)NC[C@H]2CCCN3CCCC[C@H]23)=C1;CCNC(=O)N1CCC[C@@H](O)[C@H](NC(=O)C2=CC=C(O)C=C2)C1;COC1=CC(C(=O)OC[C@@H]2CCN3CCC[C@H]23)=CC(OC)=C1O;CCNC(=O)N1CC[C@H]2CC(=O)N(C3CCCCC3)CC[C@H]2C1;CC[C@@H]1NC(=O)[C@@H]2C[C@@H](NC(=O)C3CCCCC3)CCN2C1=O;CC1=CC=C(CN[C@@H]2CO[C@H](CNC(=O)NC(C)C)[C@H]2O)C=C1;C[C@H]1C[C@@H]2[C@@H](CC(=O)N2C2CC2)[C@@H]1CNC(=O)N1CCOCC1;CC1=NN([C@H]2[C@@H]3OCC(O3)[C@@H](NCC3CCCC3)[C@@H]2O)C(C)=C1;CCOC(=O)C[C@@H]1C[C@@H](C(C)C)[C@H](CNC(=O)C2CC2)C=C1C;CC1=NC=CN1[C@H]1[C@@H]2OCC(O2)[C@@H](NCC2CCCCC2)[C@@H]1O;CC1=CN([C@H]2[C@@H]3OCC(O3)[C@@H](NCC3CCCCC3)[C@@H]2O)N=C1;C#CCNC(=O)C[C@@H]1CCN(C(=O)N2CCOCC2)C[C@@H]1CC;CC(=O)N[C@H]1C[C@@H](CC2=NOC(CN3CCOCC3)=C2)C1(C)C;CCC/C(=C1/C(=O)CC(C)(C)[C@H](C(=O)OC)C1=O)N1CCCC1;CCC/C(=C1/C(=O)CC(C)(C)[C@@H](C(=O)OC)C1=O)N1CCCC1;COC1=CC(CCC(=O)N2CCCCC2=O)=CC(OC)=C1OC;CN1C(=O)[C@@H](OCC2CC2)[C@H]2CN(C(=O)NC3CCCC3)C[C@H]21;COC(=O)[C@@H]1CC2=C(CN1C(=O)CC(C)(C)C)N(C(C)C)C=N2;CC(C)(C)CC(=O)NC[C@H]1OC[C@@H](NCC2=CC=NC=C2)[C@@H]1O;O=C(NCCOC(=O)N(O)C1=CC=CC=C1)N1CCCCCC1
m_2d1eba,O=C(O)CC1COCCN1C(=O)c1cccc2[nH]ccc12;O=C(CN1CCCC1=O)NCC1CCCCS1(=O)=O;O=C1NCCc2ccc(NCc3cc(F)cc(F)c3)cc21;CC=C1CC2C(=O)Nc3cc(O)c(OC)cc3C(=O)N2C1;O=C(NC1CC1)C1CCCN1c1ncnc2ccsc12;COC(=O)[C@H]1C(=O)[C@@H](C(=O)OC)[C@H]2C[C@@H]1C1=CC=CC=C12;COC(=O)[C@@H]1C(=O)[C@H](C(=O)OC)[C@H]2C[C@H]1C1=CC=CC=C12;COC(=O)[C@@H]1C(=O)[C@H](C(=O)OC)[C@H]2C[C@@H]1C1=CC=CC=C12;COC(=O)C1C(=O)C(C(C)=O)C(=O)CC1C1=CC=CC=C1;COC(=O)C1=C(O)[C@H](C(C)=O)C(=O)C[C@H]1C1=CC=CC=C1;COC(=O)C1=C(O)[C@H](C(C)=O)C(=O)C[C@@H]1C1=CC=CC=C1;COC(=O)C1=C(O)[C@@H](C(C)=O)C(=O)C[C@H]1C1=CC=CC=C1;COC(=O)C1=C(O)[C@@H](C(C)=O)C(=O)C[C@@H]1C1=CC=CC=C1;COC(=O)COC1=CC=C2C3=C(CCCC3)C(=O)OC2=C1;C[C@H]1O[C@H](CC(=O)O)CC2=C1C(=O)C1=C(O)C=CC=C1C2;COC(=O)CC(C1=CC=CC=C1)C1=C(O)C(=O)C=C(C)O1;C=C[C@@]1(C)COC(=O)[C@@]1(O)C(=O)/C=C(/O)C1=CC=CC=C1;CC1=C(OCC(=O)O)C=CC2=C1OC(=O)C1=C2CCCC1;CC(=O)O[C@@H]1CC2=C(C=CC3=C2OC(=O)C=C3)OC1(C)C;COC(=O)C1=CC=C(OC2=CC(CO)=CC=C2OC)C=C1;COC(=O)C1=CC=C(OC)C(OC2=CC=C(CO)C=C2)=C1;C[C@H]1O[C@H](CCO)CC2=C1C(=O)C1=C(O)C=CC=C1C2=O;C[C@@H]1O[C@@H](CCO)CC2=C1C(=O)C1=C(O)C=CC=C1C2=O;CC(=O)OC(C)(C)[C@H]1CC2=CC3=C(C=C2O1)OC(=O)C=C3;CC(=O)OC(C)(C)[C@@H]1CC2=CC3=C(C=C2O1)OC(=O)C=C3
m_2e265c,CCc1c(C(=O)NC2CCC(=O)NC2c2ccnn2C)ccn1C;Cc1cnc(NCC2CC(c3nc(C4CC4)no3)CC2O)nc1C;CCc1c(C(=O)NCc2noc(C3CC3)n2)cnn1C1CCCC1;CCn1cc(C2OCCCC2CNC(=O)c2cncnc2C)cn1;O=C(NC1CC(Cn2cccn2)CC1O)c1[nH]ncc1C1CCC1;CCOC(=O)C1=C(C)C2=CC=C(NC(=O)C3CCCCC3)C=C2O1;CCOC(=O)C1=C(C)C2=CC(NC(=O)C3CCCCC3)=CC=C2O1;CCN(C(=O)C1=CC2=CC(OC)=CC=C2OC1=O)C1CCCCC1;CCN(C(=O)C1=CC2=CC=CC(OC)=C2OC1=O)C1CCCCC1;CC(=O)NC1=CC=C(C(=O)NC[C@@H]2CCCN3CCCC[C@H]23)C=C1;CNC(=O)[C@@H](CC1=CC=CC=C1)N1CCC[C@H]1C(=O)N1CCCC1;CCOC1=CC=CC2=C1OC(=O)C(C(=O)N1C[C@H](C)C[C@H](C)C1)=C2;CCOC1=CC=CC2=C1OC(=O)C(C(=O)N1C[C@H](C)C[C@@H](C)C1)=C2;CCOC1=CC=CC2=C1OC(=O)C(C(=O)N1C[C@@H](C)C[C@H](C)C1)=C2;CCOC(=O)C1CCN(CC2=CC(=O)OC3=CC=C(C)C=C23)CC1;CCOC(=O)C1CCN(CC2=CC(=O)OC3=CC(C)=CC=C23)CC1;CC[C@H]1CN(C(=O)C2CC2)CC[C@H]1CC(=O)NCC1=CC=CN=C1;CC(C)(C)C1=NN=C([C@H]2CCN(CC3=CC=C(C(=O)O)C=C3)C2)O1;CCN1N=C(C)C=C1C(=O)N[C@H]1[C@H](O)[C@H](O)C[C@@H]1C1=CC=CC=C1;CC(C)CNC(=O)CN1C(=O)[C@@H]2CCCN2C(=O)C2=CC=CC=C21;CC[C@H]1CCCCN1CC1=CC2=C(OC(=O)C(C)=C2C)C(C)=C1O;CC[C@@H]1CCCCN1CC1=CC2=C(OC(=O)C(C)=C2C)C(C)=C1O;O=C(CNC(=O)C1=CC=CC=C1)NC[C@@H]1CCCN2CCCC[C@H]12;CC(=O)NC1=CC=CC(C(=O)NC[C@@H]2CCCN3CCCC[C@H]23)=C1;CN1C(=O)C2=CC=CN=C2O[C@H]2CN(C(=O)C3CCCCC3)C[C@H]21
m_2efd6f,COc1ccc(SCc2ccc(C(N)=O)cc2)cc1;COc1cccc(SCc2cccc(C(N)=O)c2)c1;COc1cccc(SCc2ccc(C(N)=O)cc2)c1;CNC(=O)c1ccc(CSc2ccccc2O)cc1;Cc1nn(Cc2ccc(Cl)cc2)c(=O)c(C#N)c1C;COC1=CC=C(CNC(=O)C2=CN=C(OC)N=C2)C=C1;COC1=CC=CC(CCN2C=C(C(=O)O)C=CC2=O)=C1;COC1=CC=C(C(N)C(O)C2=CC=C(OC)C=C2)C=C1;COC1=CC=C(CCNC2=CC=CC(O)=C2)C=C1OC;COC1=CC=C(C(=O)NC2=CC=CC(O)=C2)C=C1OC;COC1=CC=C(CCC2=NC(C)=CC=C2O)C=C1OC;COC1=CC=C(CC(=O)N(CC#N)CC#N)C=C1OC;COC1=CC=C(CCNC(=O)C2=C(C)N(C)N=C2)C=C1;COC1=CC(CCNCC2=CC=CC(O)=C2)=CC=C1O;COC1=C(CC(=O)C(C)C)C(=O)N(C)C2=CC=CC=C12;COC1=CC=CC2=C1N(C)C(=O)C(CC=C(C)C)=C2O;COC1=C(CC=C(C)C)C(=O)NC2=C(OC)C=CC=C12;COC1=CC=C(N(C)CCC2=CC=C(O)C=C2)C=C1O;COC1=C(CC=C(C)C)C(=O)N(C)C2=C(O)C=CC=C12;CC1=CC(OC2=CC(C)=C(C(N)=O)C(O)=C2)=CC=C1O;CN1C2CC(OC(=O)CC3=CC=CC=C3)CC1C1OC12;CC(=O)C[C@]1(O)C(=O)NC2=CC=C(CC=C(C)C)C=C21;COC1=CC=C2C(CN3CCCCC3)=CC(=O)OC2=C1;COC1=CC(=O)N(C)C2=C(OCC=C(C)C)C=CC=C12;C=C(C)[C@H](O)CC1=C(OC)C2=CC=CC=C2N(C)C1=O
m_2f1128,CCc1nsc(N2CCOC(c3ccc(OC(F)F)cc3)C2)n1;CC(C)(NC(=O)c1cccc(-n2nccc2C(F)(F)F)c1)C(=O)O;NS(=O)(=O)c1ccc(OCC(=O)NC2CCCCNC2=O)cc1;O=C(c1ccc(-n2cccn2)c(F)c1)N1CCCC(C(F)(F)F)C1;CNS(=O)(=O)c1ccc(C(=O)NC2(C)CC(C)(C)OC2=O)cn1;COC1=CC2=C(C=C1OC)CN(C(=O)C1=CC=C3OCOC3=C1)CC2;COC1=CC=C(NC(=O)C2=C(C)OC3=CC=C(OC)C=C23)C(OC)=C1;COC1=C(OC)C2=C3C(=NC=CC3=C1OC)/C1=C/C[C@@H](O)C/C=C/2O1;COC1=CC=C(C(=O)CC(=O)C(=O)NCC2=CC=CC(OC)=C2)C=C1;COC1=CC2=C(C=C1OC)CN(C(=O)C1=CC=CC=C1C(=O)O)CC2;COC1=CC(C2=CC(C3=CC=C(O)C(OC)=C3)CNC2=O)=CC=C1O;COC1=CC(C2N=C(O)C3=CC=CC=C3O2)=CC=C1OC(=O)C(C)C;COC1=CC2=CC=NC3=C2C2=C1O[C@]1(OC)C[C@]2(CC[C@H]1O)CC3=O;COC1=CC2=CC=NC3=C2C2=C1O[C@@]1(OC)C[C@@]2(CC[C@H]1O)CC3=O;CC(=O)O[C@H]1CN(C)[C@]23C=CC=C[C@@]12C1=CC2=C(C=C1CO3)OCO2;COC1=C(C=O)C(CCN(C)C(=O)C2=CC=CC=C2)=CC2=C1OCO2;COC(=O)C12C(=O)C=C3C=CC4=CC=C(OC)C(O)=C4C31CCN2C;CC1=CC(C)(C)N2C(=O)C(=O)C3=C2C1=CC(OC(=O)[C@H]1CCCO1)=C3;CC1=CC(C)(C)N2C(=O)C(=O)C3=C2C1=CC(OC(=O)[C@@H]1CCCO1)=C3;COC1=CC=C(C(=O)C[C@]2(O)C(=O)N(C)C3=CC=CC=C32)C=C1OC;COC1=CC=C(C(=O)C[C@@]2(O)C(=O)N(C)C3=CC=CC=C32)C=C1OC;CN1CCC2=CC3=C(C=C2[C@@H]1CC1=CC=C2OCOC2=C1O)OCO3;CC(C)[C@H](NCC1=C(O)C=CC2=C1OC(=O)C1=CC=CC=C12)C(=O)O;COC(=O)[C@H](CC1=CC=C(O)C=C1)NC(=O)/C=C/C1=CC=C(O)C=C1;COC1=CC2=C(C=C1OC)[C@@H]1CC3=CC=C(O)C(O)=C3C(=O)N1CC2
m_2f9ab1,Cn1cc(Cl)cc1C(=O)N1CCC(C)(C(=O)O)C1;Cn1cc(Cl)cc1C(=O)N1CCCC(C(=O)O)C1;Cn1cc(Cl)cc1C(=O)N1CCC(C(=O)O)CC1;Cn1cc(Cl)cc1C(=O)N1CCCCC1C(=O)O;NC(=O)C(O)C1CCN(c2ncc(Cl)cn2)CC1;COC(=O)C1=CC2=CC3=C(C=C2C=C1C(=O)OC)CC3;COC1=CC(O)=CC2=C1C(=O)C1=C(O)C=C(C)C=C1C2;CC1=C(O)C=C(O)C2=C1O[C@H](C1=CC=CC=C1)CC2=O;CC1=C(O)C=C(O)C2=C1O[C@@H](C1=CC=CC=C1)CC2=O;CC1=CC(O)=C2C(=O)C[C@H](C3=CC=C(O)C=C3)OC2=C1;CC1=CC(O)=C2C(=O)C[C@@H](C3=CC=C(O)C=C3)OC2=C1;COC1=CC(C=O)=CC=C1OC(=O)C1=CC=CC(C)=C1;COC1=CC(O)=C2C(=O)C3=C(O)C=C(C)C=C3CC2=C1;COC1=CC2=C(C=C1O)[C@@H](C1=CC=CC=C1)CC(=O)O2;COC1=CC2=C(C=C1O)O[C@H](C1=CC=CC=C1)CC2=O;COC1=CC(O)=C2O[C@H](C3=CC=CC=C3)CC(=O)C2=C1;COC1=CC(O)=C2CC3=C(O)C=C(C)C=C3C(=O)C2=C1;COC1=CC(O)=C(C=CC(=O)C2=CC=CC=C2)C(O)=C1;CC1=CC=C(C(=O)C=CC2=CC=C(O)C(O)=C2)C(O)=C1;COC1=CC=C(O)C(C(=O)CC(=O)C2=CC=CC=C2)=C1;COC1=CC=C(C(=O)CC(=O)C2=CC=CC=C2)C(O)=C1;COC1=CC=C(C(O)=CC(=O)C2=CC=CC=C2)C(O)=C1;COC1=CC=C(C(=O)C(=O)C2=CC=C(OC)C=C2)C=C1;COC1=CC(O)=C(C(=O)C=CC2=CC=CC=C2)C=C1O;COC1=CC(C(=O)C=CC2=CC=CC=C2)=C(O)C=C1O
m_30024e,COCc1cccc(CN2CCOCC2C2CCCC2O)c1;Cc1c[nH]c(=O)c(CNC(=O)C(CN)C2CCCCCC2)c1;Cc1n[nH]c(C)c1C(C)C(=O)N1CCC(C2CCOCC2)C1;COc1ccc(CC(=O)N2CCCC(C(C)(C)C)C2)cc1O;NC(=O)N1CCCN(C(=O)C2C3CC4CC(C3)CC2C4)CC1;COC1=CC(C=CC(=O)N2CCCCC2)=CC(OC)=C1OC;COC(=O)[C@H]1CCCN1C(=O)C1=CC=C(OCC(C)C)C=C1;COC(=O)[C@@H]1CCCN1C(=O)C1=CC=C(OCC(C)C)C=C1;CN1[C@@H]2CC[C@H]1C[C@@H](OC(=O)[C@H](O)CC1=CC=C(O)C=C1)C2;CN1[C@@H]2CC[C@H]1CC(OC(=O)C(O)(CO)C1=CC=CC=C1)C2;O=C(C1CCOCC1)N1CCOC[C@H](OC2=CC=CC=C2)C1;CN1[C@@H]2CC[C@H]1CC(OC(=O)C(CO)C1=CC=CC=C1O)C2;CC1(C)CCC[C@]2(C)C3=C(CC[C@@H]12)C(=O)N(CC(=O)O)C3=O;CCNC(=O)[C@@H]1CCCN1[C@@H](C(=O)NC)C1=CC=CC(O)=C1;COC1=C2OCOC2=CC2=C1[C@H](CC(=O)C(C)C)N(C)CC2;COC1=C2OCOC2=CC2=C1[C@@H](CC(=O)C(C)C)N(C)CC2;CCC1C2OC(=O)C(C)C2C2=CC(=O)N3CCCCC1C23O;CCCCCC1=CC(O)=C(C2CCC(=O)N2C(C)C)C(O)=C1;CC(O)C(=O)OC1(C2=CC=C(O)C=C2)CC2CCC(C1)N2C;CC1=CC=C2NC([C@H]3CCN(C(=O)C4=CC=CC=C4)C3)=NC2=C1;CC(=O)O[C@@H]1C[C@@H]2C(=O)[C@H](C)C[C@]34[C@@H]2CCCN3CCC[C@H]14;CC(=O)O[C@@H]1C[C@@H]2C(=O)[C@@H](C)C[C@]34[C@@H]2CCCN3CCC[C@H]14;CC(C)(O)[C@H]1CC[C@@](C)(O)[C@@H]2CC3=CC(C(=O)O)=CC=C3N21;CC(=O)O[C@H]1[C@H]2CC(=O)[C@H]3CCCN4CCC[C@H]2[C@]34C[C@@H]1C;CC(=O)O[C@@H]1[C@@H]2CC(=O)[C@@H]3CCCN4CCC[C@H]2[C@@]34C[C@H]1C
m_31ebaa,CN(C)S(=O)(=O)c1cccc2c1CCN(C1CCCCNC1=O)C2;CCCC(=O)N1CCCN(C(C)C(=O)Nc2ccccc2Cl)CC1;COC1CC(c2nnc3n2CCC3)N(C(=O)c2cc3ccccc3[nH]2)C1;Cc1[nH]c(C#N)cc1C(=O)N1CC2CCCC2(c2nnc(C3CC3)o2)C1;CS(=O)(=O)N1CC(CNC(=O)NCC2CCCc3ccccc32)C1;O=C(O)[C@H]1CCCN(C(=O)OCC2C3=CC=CC=C3C3=CC=CC=C32)C1;O=C(O)[C@@H]1CCCN(C(=O)OCC2C3=CC=CC=C3C3=CC=CC=C32)C1;O=C(O)[C@H]1CCCCN1C(=O)OCC1C2=CC=CC=C2C2=CC=CC=C21;O=C(O)[C@@H]1CCCCN1C(=O)OCC1C2=CC=CC=C2C2=CC=CC=C21;O=C(CN1C(=O)[C@H]2CCC3=C(C4=CC=CC=C4N3)[C@H]2C1=O)N1CCCC1;O=C1N(C2=CC=CC=C2)N(C2=CC=CC=C2)C(=O)C1(O)N1CCCCC1;O=C(O)C1CCN(C(=O)OCC2C3=CC=CC=C3C3=CC=CC=C32)CC1;O=C(O)C1=CC=C(CN2CCN3C(=O)N(C4=CC=CC=C4)C[C@H]3C2)C=C1;O=C1CN2CCN(C(=O)C3=CC=CC=C3)C[C@@H]2COC2=CC=CC=C2N1;CC(=O)NC1=CC=C2[C@@H]3C[C@H](CN(C(=O)C4=CC=CC=C4)C3)CN2C1=O;CC(=O)NC1=CC=C2[C@@H]3C[C@@H](CN(C(=O)C4=CC=CC=C4)C3)CN2C1=O;COC1=CC2=C(C=C1OC)[C@H](C)N(C(=O)C1=CC3=CC=CC=C3O1)CC2;COC1=CC2=C(C=C1OC)[C@@H](C)N(C(=O)C1=CC3=CC=CC=C3O1)CC2;CN1CCCC[C@@H]1C1=C(O)C=C(O)C2=C1OC(C1=CC=CC=C1)=CC2=O;CN1CCCC[C@@H]1C1=C(O)C=C2OC(C3=CC=CC=C3)=CC(=O)C2=C1O;COC(=O)C1=CC=CC=C1OCC(=O)N1CC=C(C2=CC=CC=C2)CC1;COC(=O)C1CCN(CC2=CC(=O)OC3=CC=C4C=CC=CC4=C23)CC1;COC1=CC=C(CNC(=O)O[C@H]2CCN3CC4=CC=CC=C4N=C23)C=C1;COC1=CC=C(CNC(=O)O[C@@H]2CCN3CC4=CC=CC=C4N=C23)C=C1;CC1=CC(=O)C(OCC(=O)NC2CCCC3=C2NC2=CC=CC=C32)=CN1
m_328338,CCc1nccn1S(=O)(=O)c1ccc(C)c(C)c1;CCN(Cc1ccccc1C)C(=O)C1CSCN1;CSCc1cccc(CNC(=O)N2CCCC2)c1;Cc1cccc(C)c1OCCSc1nnc(N)[nH]1;C=C1C(=O)OCC1CC=C(C)CC1CC(C)C(=O)O1;CC1=C2C=CC=CC2=C(CCC(=O)O)C2=CC=CC=C12;CC1=CC2=C(C=C1C)C(=O)C1=CC(C)=C(C)C=C1C2=O;CCOC(=O)C(=CC1=CC=C(O)C=C1)C(=O)OCC;CC(=O)CCC[C@H]1CC2=C(O)C=CC(O)=C2C(=O)O1;CC(=O)CCC[C@H]1CC2=CC=C(O)C(O)=C2C(=O)O1;CC(=O)CCC[C@@H]1CC2=CC=C(O)C(O)=C2C(=O)O1;CC(=O)OCCC[C@@H]1CC2=CC=CC(O)=C2C(=O)O1;CC1=CC=CC=C1C#CC1=CC=C(CCC(=O)O)C=C1;CCOC(=O)[C@H]1CCC(=O)[C@@H]1CC(=O)C1=CC=CO1;CCC(=O)CC1(O)CC(=O)C2=C(C)C=C(O)C=C2O1;CC(C)(C=O)[C@H](C1=CC=CC=C1)C(C(=O)O)C(=O)O;CC(C)(C=O)[C@@H](C1=CC=CC=C1)C(C(=O)O)C(=O)O;CC1=CC2=C(C(=O)[C@@](C)(O)C2=O)C(CO)=C1CCO;COC1=CC=C(C(=O)CCC(=O)CCC(=O)O)C=C1;COC1=CC=C(COC(C)=O)C2=C1C(=O)O[C@H](C)C2;CCC/C=C/[C@@H]1OC(=O)C2=C(O)C=CC(O)=C2[C@@H]1O;CC1=C(CCO)C(=O)C2=C(CC(C)(C(=O)O)C2)C1=O;CC(=O)OCC1=CC=C2C(=C1O)C(=O)O[C@H](C)[C@H]2C;COCCOC(=O)C1=C(C)OC2=CC=C(OC)C=C12;CCC(=O)C[C@H]1OC(=O)C2=C1C=CC(OC)=C2OC
m_347e26,CCOCC1CCN(Cc2ccc(CO)c3c2OC(F)(F)O3)C1;O=C(CCOc1ccccc1)N1CC(O)CC1c1cccc(F)c1;Cn1c(=O)c2c(nc(N)n2CCCOc2ccccc2)n(C)c1=O;COc1cccc(C(=O)NCC(=O)N2CCn3nc(C)nc3C2)c1;Cc1cccc(OC(F)F)c1NC(=O)C(C)OCC1CCCO1;CCOC(=O)C1=C(C)NC(C)=C(C(=O)OCC)C1C1=CC=CC=C1;COC1=CC=CC(C[C@H]2CN(C)CC3=C2C=CC(OC)=C3O)=C1O;COC1=CC=CC(C[C@@H]2CN(C)CC3=C2C=CC(OC)=C3O)=C1O;CCOC1=CC=CC2=C1OC(=O)C(C(=O)N1C[C@H](C)C[C@H](C)C1)=C2;CCOC1=CC=CC2=C1OC(=O)C(C(=O)N1C[C@H](C)C[C@@H](C)C1)=C2;CCOC1=CC=CC2=C1OC(=O)C(C(=O)N1C[C@@H](C)C[C@H](C)C1)=C2;COC1=CC=C(CCNC(=O)COC2=CC=CC(C)=C2)C=C1OC;CC1(C)C[C@H](N(CC2=CC=CO2)C(=O)OC2=CC=CC=C2)CCO1;CC1(C)C[C@@H](N(CC2=CC=CO2)C(=O)OC2=CC=CC=C2)CCO1;COC1=CC=C2C(=C1O)CN(C)C[C@H]2CC1=CC=CC(O)=C1OC;COC1=CC=C2C(=C1O)CN(C)C[C@@H]2CC1=CC=CC(O)=C1OC;CC(C)COC1=CC=CC([C@H]2CC(=O)NC3=C2C(=O)OC3(C)C)=C1;CC(C)COC1=CC=CC([C@@H]2CC(=O)NC3=C2C(=O)OC3(C)C)=C1;CCN(C(=O)C1=CC2=CC=CC(OC)=C2OC1=O)C1CCCCC1;C[C@H](NC[C@H](O)COC1=CC=CC=C1)[C@H]1COC2=CC=CC=C2O1;C[C@H](NC[C@H](O)COC1=CC=CC=C1)[C@@H]1COC2=CC=CC=C2O1;C[C@@H](NC[C@H](O)COC1=CC=CC=C1)[C@H]1COC2=CC=CC=C2O1;C[C@@H](NC[C@H](O)COC1=CC=CC=C1)[C@@H]1COC2=CC=CC=C2O1;COC1=CC=CC(N2C(=O)N[C@@H]3CCN(C(=O)C4CC4)[C@H]3C2=O)=C1;COC1=CC=CC(N2C(=O)N[C@@H]3CCN(C(=O)C4CC4)[C@@H]3C2=O)=C1
m_34c00a,CC12OC(=O)C1(C(O)C1C=CCCC1)NC(=O)C2CCCl;CC1C(=O)NCCN1S(=O)(=O)N1CCCC1c1ccco1;NCCc1ccc(OC2OC(C(=O)O)C(O)C(O)C2O)cc1;O=C(Nc1ccc2c(c1)OCCO2)c1cc2c(nn1)CCOC2;COCC1CC(OC)CN1Cc1c(Cl)cccc1C(=O)O;COC(=O)[C@H]1[C@H]2C(=O)N(CC3=CC=C(C)C=C3)C[C@]23C=C[C@H]1O3;COC(=O)[C@@H]1[C@H]2C(=O)N(CC3=CC=C(C)C=C3)C[C@]23C=C[C@H]1O3;COC(=O)C1[C@H]2C(=O)N(CC3=CC=C(C)C=C3)C[C@]23C=C[C@H]1O3;CCOC(=O)[C@H]1[C@H]2C(=O)N(CC3=CC=CC=C3)C[C@]23C=C[C@H]1O3;CCOC(=O)[C@@H]1[C@H]2C(=O)N(CC3=CC=CC=C3)C[C@]23C=C[C@H]1O3;CCOC(=O)C1[C@H]2C(=O)N(CC3=CC=CC=C3)C[C@]23C=C[C@H]1O3;CN(C)CC(=O)OCC1=CC2=C(C=C1C1=CC=CC=C1)OCO2;COC1=CC=C(NC(=O)CCC(=O)C2=CC=C(OC)C=C2)C=C1;COC1=CC=C(CNC(=O)C2=CC=C3OCCCOC3=C2)C=C1;COC1=CC=C(CCC(=O)NCC2=CC=C3OCOC3=C2)C=C1;CCOC(=O)[C@H]1[C@H]2C(=O)N(C3=CC=C(C)C=C3)C[C@]23C=C[C@H]1O3;CCOC(=O)[C@@H]1[C@H]2C(=O)N(C3=CC=C(C)C=C3)C[C@]23C=C[C@H]1O3;CCOC(=O)C1[C@H]2C(=O)N(C3=CC=C(C)C=C3)C[C@]23C=C[C@H]1O3;CCC1=CC=CC=C1N1C[C@@]23C=C[C@@H](O2)[C@H](C(=O)OC)[C@@H]3C1=O;CCC1=CC=C(N2C[C@@]34C=C[C@@H](O3)[C@H](C(=O)OC)[C@@H]4C2=O)C=C1;COC1=CC=CC=C1CNC(=O)C1=CC=C2OCCCOC2=C1;CN(C(=O)OCC1=CC=CC=C1)[C@@H](CC1=CC=CC=C1)C(=O)O;COC(=O)[C@H]1[C@H]2C(=O)N(CCC3=CC=CC=C3)C[C@]23C=C[C@H]1O3;COC(=O)[C@@H]1[C@H]2C(=O)N(CCC3=CC=CC=C3)C[C@]23C=C[C@H]1O3;COC(=O)C1[C@H]2C(=O)N(CCC3=CC=CC=C3)C[C@]23C=C[C@H]1O3
m_34c315,Cc1cc(C)c(N2CCC(NC(=O)CCn3cncn3)C2=O)c(C)c1;CC(C)C(=O)Nc1cc(C(=O)N2CCC(c3ncc[nH]3)CC2)ccn1;CC(C)Cc1cc(C(=O)N2CCN(c3ncccn3)CC2)cc(O)n1;Cc1ccc2c(c1)OCCN2C(=O)c1nnn(C2CCNCC2)c1C;O=C(Cn1nnnc1-c1ccccc1)NCC1CCOC2(CCC2)C1;COC1=CC=C(C(=O)N2CCC3=CC(OC)=C(OC)C=C3C2C)C=C1;COC(=O)C1CCN(CC2=CC(=O)OC3=CC4=C(C=C23)CCC4)CC1;COC1=CC2=C(C=C1OC)[C@H](CC1=CC=C(O)C=C1)N(C(C)=O)CC2;COC1=CC2=C(C=C1OC)[C@@H](CC1=CC=C(O)C=C1)N(C(C)=O)CC2;COC1=CC=C(CC(=O)N2CCC3=CC(OC)=C(OC)C=C3C2)C=C1;COC1=CC=C(C(=O)CN2CCC3=CC(OC)=C(OC)C=C3C2)C=C1;COC1=CC2=C(C=C1OC)[C@H](C)N(C(=O)COC1=CC=CC=C1)CC2;COC1=CC=C([C@H]2C3=CC(OC)=C(OC)C=C3CCN2C(C)=O)C=C1;COC1=CC=C([C@@H]2C3=CC(OC)=C(OC)C=C3CCN2C(C)=O)C=C1;COC[C@@H]1CN(C(=O)C2=C(C)OC(C)=C2)[C@H]2C3=CC=CC=C3OC[C@@H]12;CC1=CC2=C(C(=O)N1CCC1=CC=C(O)C=C1)C(C(C)C)CC(=O)O2;O=C(OC[C@H]1CCCN2CCCC[C@@H]12)C1=CC2=CC=CC=C2OC1=O;CC1=CC=CC=C1[C@H]1C[C@@H](O)[C@@H](O)[C@@H]1NC(=O)COC1=CC=CC=C1;CC1=CC=C2N=C(C[C@H]3CN(CC4CC4)CC[C@H]3CC(=O)O)NC2=C1;CC1=CC=C2N=C(C[C@H]3CN(C4CCC4)CC[C@H]3CC(=O)O)NC2=C1;COC1=CC=C(CNC(=O)CCC(=O)C2=CC=C(C)C=C2)C=C1OC;CC1=C(CC(=O)NC2CC2)C(=O)OC2=CC3=C(C=C12)CCC(C)(C)O3;COC1=CC=CC(C(=O)N[C@H]2[C@H](O)[C@H](O)C[C@@H]2C2=CC=CC=C2C)=C1;COC1=CC=C(CCNC(=O)[C@H]2OCCC3=CC=CC=C32)C=C1OC;COC1=CC=C(CCNC(=O)[C@@H]2OCCC3=CC=CC=C32)C=C1OC
m_36d3ce,CS(=O)(=O)C1CCN(C(=O)c2ccc3ccccc3c2)C1;Cc1ccc(C(=O)NCC2(C)OCCc3sccc32)nn1;Cc1ccc(-c2ncccc2NC(=O)NC2(CO)CC2)s1;CC(C)(C)c1ccc(S(=O)(=O)NC2CCCOC2)s1;Cc1ccc(C(C)NC(=O)COC(=O)c2cccs2)cc1;CC1=CC2=CC=CC=C2N1CC(=O)NCC(=O)NCC(=O)O;CCOC(=O)CC(=O)C1=C(O)N(CC)C2=CC=CC=C2C1=O;CC1=CC=CC2=C1C=CN2CC(=O)NCC(=O)NCC(=O)O;COC1=CC(C(=O)NC2=CC=CC(O)=C2)=CC(OC)=C1OC;COC1=CC=C(CNC(=O)COC2=C(C)OC=CC2=O)C=C1;COC1=CC=CC=C1CCNC(=O)C1=CC(=O)C(OC)=CO1;CC1=C(CC(=O)N2CCCC2)C(=O)OC2=C(O)C(O)=CC=C12;CC1=CC=CC2=C1C=CN2CC(=O)NC1=CC=C2C=CNC2=C1;CC(=O)C1=C(O)C(=O)N(CCCC(=O)O)[C@H]1C1=CC=CC=C1;CC(=O)C1=C(O)C(=O)N(CCCC(=O)O)[C@@H]1C1=CC=CC=C1;CC(=O)O[C@H]1CN(C(=O)CCC2=CC=CC=C2)C(=O)[C@@H]2O[C@H]12;CC(=O)O[C@@H]1CN(C(=O)CCC2=CC=CC=C2)C(=O)[C@H]2O[C@H]21;CN1C=CC2=C(NC(=O)C3=CC=CC4=C3C=CN4C)C=CC=C21;CC1=CC=CC2=C1C=CN2CC(=O)NC1=CC=CC2=C1C=CN2;CC1=CC(C(=O)N[C@H]2[C@H](O)[C@H](O)C[C@@H]2C2=CC=CN=C2)=NO1;C[C@H](NCC1=C(O)C=CC2=C1OC(=O)C1=C2CCC1)C(=O)O;C[C@@H](NCC1=C(O)C=CC2=C1OC(=O)C1=C2CCC1)C(=O)O;COCC(=O)N[C@H]1C[C@H]2C(=O)NC3=CC=CC=C3C(=O)N2C1;CC1=CC=C2C(=C1)C=CN2CC(=O)NC1=CC=C2C=CNC2=C1;COC(=O)C=CC1=CC=C(NC(C)=O)C(C=CC(=O)OC)=C1
m_370436,Cc1ccccc1CN(C)C(=O)Cc1c[nH]c2ccccc12;COc1ccccc1CCN(C)C(=O)C1NCCOC1C;N#Cc1ccnc(N2CCN(CCc3ccccc3)CC2)c1;Cc1ccccc1CN(C)C(=O)NCC#Cc1ccccc1;COc1ccccc1C(C)N1CCN(CCC(=O)O)CC1;CC1(C)[C@](O)(C[C@H](O)C2=CC=CC=C2)CC[C@]1(C)C(=O)O;CC1(C)[C@](O)(C[C@H](O)C2=CC=CC=C2)CC[C@@]1(C)C(=O)O;CC1(C)[C@@](O)(C[C@H](O)C2=CC=CC=C2)CC[C@]1(C)C(=O)O;CC1(C)[C@@](O)(C[C@H](O)C2=CC=CC=C2)CC[C@@]1(C)C(=O)O;CC(C)CCCCCCOC(=O)C1=CC=CC=C1C(=O)O;CC1(C)[C@H]([C@H](O)[C@H](O)C2=CC=CC=C2)CC[C@]1(C)C(=O)O;CC1(C)[C@H]([C@H](O)[C@H](O)C2=CC=CC=C2)CC[C@@]1(C)C(=O)O;CC1(C)[C@@H]([C@H](O)[C@H](O)C2=CC=CC=C2)CC[C@]1(C)C(=O)O;CC1(C)[C@@H]([C@H](O)[C@H](O)C2=CC=CC=C2)CC[C@@]1(C)C(=O)O;CCCCCCCCOC(=O)C1=CC=CC=C1C(=O)OC;CCCCC(CC)C(C)OC(=O)C1=CC=CC=C1C(=O)O;COC1=CC=CC=C1[C@H](CC(=O)O)[C@H]1CCOC(C)(C)C1;COC1=CC=CC=C1[C@H](CC(=O)O)[C@@H]1CCOC(C)(C)C1;COC1=CC=CC=C1[C@@H](CC(=O)O)[C@H]1CCOC(C)(C)C1;COC1=CC=CC=C1[C@@H](CC(=O)O)[C@@H]1CCOC(C)(C)C1;COC1=CC=CC=C1[C@]1(CC(=O)O)CCO[C@H](C(C)C)C1;COC1=CC=CC=C1[C@]1(CC(=O)O)CCO[C@@H](C(C)C)C1;COC1=CC=CC=C1[C@@]1(CC(=O)O)CCO[C@H](C(C)C)C1;COC1=CC=CC=C1[C@@]1(CC(=O)O)CCO[C@@H](C(C)C)C1;CCCCC(CC)COC(=O)C1=CC=CC=C1C(=O)OC
m_3883ef,Cc1nc(NC(=O)C(C)N2CCCC(Cn3cncn3)C2)sc1C;CC(CNC(=O)N1CCCC1c1cnn(C)c1)c1ccc(F)cc1F;O=C(C1CCN(C2CC2)CC1)N1CCN(c2ncccc2Cl)CC1;C=C1CCN(C(C)C(O)(Cn2cncn2)c2ccc(F)cc2F)CC1;Cn1nccc1NC(=O)N1CCC(CCc2ccc(F)cc2F)CC1;CC(C)C(=O)CC[C@H](C)[C@@H]1CC[C@@H](CO)C2=C(O)C=C(C(=O)O)C=C21;COC1=CC(C=CCOC(=O)CC(C)C)=CC=C1OC(=O)CC(C)C;CCC(C)C(=O)OCC1CC1C1=CC=C(OC(=O)C(C)C)C(OC)=C1;CC1=CC=C([C@]2(COC(=O)CC(C)C)CO2)C(OC(=O)CC(C)C)=C1;C[C@H](CO)C1=CC2=C(C(O)=C1O)[C@@]1(C(=O)O)CCCC(C)(C)[C@H]1CC2;C[C@H](CO)C1=CC2=C(C(O)=C1O)[C@@]1(C(=O)O)CCCC(C)(C)[C@@H]1CC2;C[C@@H](CO)C1=CC2=C(C(O)=C1O)[C@@]1(C(=O)O)CCCC(C)(C)[C@@H]1CC2;CC(CO)C1=CC2=C(C(O)=C1O)[C@@]1(C(=O)O)CCCC(C)(C)[C@@H]1CC2;CC[C@@H](C)C(=O)OC[C@@]1(C2=CC=C(C)C=C2OC(=O)[C@H](C)CC)CO1;CC(C)=CCC[C@H](CO)[C@@H]1CC[C@@H](CO)C2=C(O)C=C(C(=O)O)C=C21;CC(C)C1=CC2=C(C(O)=C1O)C1(C(=O)O)CCCC(C)(C)C1CC2O;CCCC[C@H]1C[C@H](COC(=O)C2=CC=C(OCC(C)C)C=C2)OC1=O;CCCC[C@H]1C[C@@H](COC(=O)C2=CC=C(OCC(C)C)C=C2)OC1=O;CCCC[C@@H]1C[C@H](COC(=O)C2=CC=C(OCC(C)C)C=C2)OC1=O;CCCC[C@@H]1C[C@@H](COC(=O)C2=CC=C(OCC(C)C)C=C2)OC1=O;CC1(C)CCC[C@]2(C)[C@H]3CC4=C(C=CO4)[C@@H](C(=O)O)[C@@H]3[C@@H](O)[C@H](O)[C@@H]12;CC1(C)CCC[C@]2(C)[C@@H]3CC4=C(C=CO4)[C@@H](C(=O)O)[C@@H]3[C@@H](O)[C@H](O)[C@@H]12;CC1(C)CCC[C@@]2(C)[C@@H]3CC4=C(C=CO4)[C@@H](C(=O)O)[C@H]3[C@@H](O)[C@H](O)[C@@H]12;CC1(C)CCC[C@@]2(C)[C@@H]1[C@@H](O)[C@H](O)[C@@H]1[C@H](C(=O)O)C3=C(C[C@@H]12)OC=C3;CC(C)C(=O)C1=C(O)C=C(O)C2=C1OC(C)(C)[C@H]1CC[C@](C)(O)[C@@H]1C2
m_38941f,CCNc1ccnc(N2CCN(c3nccn4c(C)nnc34)CC2)n1;CN(C)c1cc(N2CCN(c3ncnc4c3cnn4C)CC2)ncn1;Cn1ccc(CN2CCC(NC(=O)Cc3ccccc3)CC2)cc1=O;O=C(Nc1ccc(-c2ncc3n2CCCC3)cc1)C1CCC(O)CC1;CC(=O)Nc1ccc(CNc2ccc(C(=O)NC(C)C)c(C)c2)cc1;COC1=CC=C(C(=O)NCC2=CC=C(N3CCCCCC3)N=C2)C=C1;CCCCCCCCOC1=CC=C(NC(=O)C2=CC=C(C)C=C2)C=C1;CC(=O)NC1=CC=CC=C1CCNCCC1=CC=CC=C1NC(C)=O;COC1=CC=C(C(=O)N2CCC(CC3=CC=CC=C3)CC2)C=C1OC;CCC(C(=O)N1CCC2=CC(OC)=C(OC)C=C2C1)C1=CC=CC=C1;CNC(=O)[C@@H]1CC2=CC=CC=C2CN1C(=O)CCN1C(C)=CC=C1C;CC(=O)N[C@H]1[C@H](C2=CC=CC=C2)N(CC2=CC=CN=C2)CC[C@@]1(C)O;CC1=CC=C(C2=NN=C([C@H]3CCN(C(=O)C4CCCCC4)C3)O2)C=C1;COC1=CC=C(C(=O)CCN2CC[C@H](C3=CC=CC=C3)C2)C=C1OC;COC1=CC=C(C(=O)CCN2CC[C@@H](C3=CC=CC=C3)C2)C=C1OC;CCCNC(=O)O[C@H]1C=C[C@H](C2=C(C)N(C3=CC=CC=C3)N=C2C)C1;CCCNC(=O)O[C@@H]1C=C[C@H](C2=C(C)N(C3=CC=CC=C3)N=C2C)C1;CC1=CC=C(C2=CN3C[C@H](CNC(=O)C4CCCC4)OCC3=N2)C=C1;COC1=CC=C(C2(C(=O)NC3=CC=C(C)C=C3)CCCC2)C=C1OC;CC1=NN2C(=C1)N(C)C(=O)CC21CCN(C(=O)C2=CC=CC=N2)CC1;CN1CCOC(OC(=O)CCC(C2=CC=CC=C2)C2=CC=CC=C2)C1;CC1=NN2C(=C1)N(C)C(=O)CC21CCN(C(=O)C2=CC=NC=C2)CC1;O=C(NC[C@@H]1CCCN2CCCC[C@H]12)C1=CC(=O)NC2=CC=CC=C12;CC1=NN(C2=CC=CC=C2)C(C)=C1[C@H]1C=C[C@@H](OC(=O)NC(C)C)C1;CC1=NN(C2=CC=CC=C2)C(C)=C1[C@@H]1C=C[C@@H](OC(=O)NC(C)C)C1
m_3a5731,CC1CN(CCO)CCN1Cc1ccc(Cl)cc1-n1cncn1;CCOc1ccc(N2CC(c3nc4ccc(C)cc4[nH]3)CC2=O)cc1;O=C(O)CCN(Cc1ccccc1)C(=O)C1C2Cc3ccccc3C21;O=C(O)CCN(C(=O)C1CC1c1cccc(F)c1)C1CCOCC1;O=C(O)C1CCN(C(=O)C2(c3cccc(F)c3)CCOCC2)CC1;O=C1C=C(CN2CCCCC2)C2=CC(O)=C(C3=CC=CC=C3)C=C2O1;C[C@H]1C2=CC=CC=C2C(C)(C)C[C@@H]2C3=CC=CC(C(=O)O)=C3C(=O)N21;C[C@@H]1C2=CC=CC=C2C(C)(C)C[C@@H]2C3=CC=CC(C(=O)O)=C3C(=O)N12;CC1C2=CC=CC=C2C(C)(C)C[C@@H]2C3=CC=CC(C(=O)O)=C3C(=O)N12;O=C1OC2=C(CN3CCCCC3)C(O)=CC=C2C=C1C1=CC=CC=C1;CC1=CC=C2C(=C1)N=C1COC[C@H](CNC(=O)CC3=CC=CC=C3)N12;CN1C([C@H]2CCN(CC3=CC=C(C(=O)O)C=C3)C2)=NC2=CC=CC=C21;O=C1N[C@@H]2CCN(C(=O)C3=CC=CC=C3)[C@@H]2C(=O)N1C1=CC=CC=C1;CC1=CC(=O)OC2=C(CN3CC[C@H](C4=CC=CC=C4)C3)C(O)=CC=C12;CC1=CC(=O)OC2=C(CN3CC[C@@H](C4=CC=CC=C4)C3)C(O)=CC=C12;O=C1C=C(C2=CC=CC=C2)C2=CC=C(O)C(CN3CCCCC3)=C2O1;CN1C([C@H]2CCN(C(=O)COC3=CC=CC=C3)C2)=NC2=CC=CC=C21;COC1=CC=C2OC(C3=CC=CC=C3)=C(C(=O)N3CCCCC3)C2=C1;C=C1C2=CC(OC)=C(OC)C=C2CCN1C(=O)C=CC1=CC=CC=C1;CC1=CC=C2NC([C@H]3CCN(CC4=CC=C(C(=O)O)C=C4)C3)=NC2=C1;CCOC1=CC=CC(=O)C2=C(C)N(CC(=O)C3=CC=CC=C3)C(C)=C12;C[C@H](C(=O)O[C@H]1[C@@H](O)[C@@H]2C[C@H](O)C[C@H]1N2C)[C@H](O)C1=CC=CC=C1;COC1=CC=C(C(=O)O[C@@H]2C[C@H]3CC[C@@H](C2)N3CCO)C=C1OC;O=C(NC1=CC=C2NC(=O)[C@H]3CCCN3C(=O)C2=C1)C1=CC=CC=C1;O=C(NC1=CC=C2NC(=O)[C@@H]3CCCN3C(=O)C2=C1)C1=CC=CC=C1
m_3aa487,COc1cccc(CCC(=O)NC2CC(O)C2n2cccn2)c1F;CCCn1nc(C(=O)NC(C)c2ccc(OC)c(F)c2)ccc1=O;Cc1ccc(CNC(=O)C2CSCN2C(=O)C2CCCC2)cn1;COC(=O)C(c1ccc(F)cc1)N1CCC(c2nc(C)no2)CC1;CCS(=O)(=O)c1ccc(N2CCC(c3c[nH]nc3C)CC2)cc1;COC(=O)[C@@H](CC1=CC=CC=C1)NC(=O)N1CCC(C(N)=O)CC1;COC1=CC=C(CC(=O)[C@@H](C)C(=O)N2C(=O)OC[C@@H]2C(C)C)C=C1;COC(=O)N1CC[C@@]2(O)CCCC[C@H]2[C@@H]1C1=CC=C2OCOC2=C1;COC(=O)N1CCC2(O)CCCCC2[C@@H]1C1=CC=C2OCOC2=C1;COC1=CC=C(CNC(=O)C2=CN=C(C3=CC=CC=C3)N=C2C)C=C1;COC(=O)[C@H]1CN(C(=O)C2=CC=C(N(C)C)C=C2)CCN1C(C)=O;COC(=O)[C@@H]1CN(C(=O)C2=CC=C(N(C)C)C=C2)CCN1C(C)=O;CC1=CC=C(C2=NN=C([C@H]3CCN(C(=O)C4=CC=CC=C4)C3)O2)C=C1;COC(=O)C1=CN(C[C@H]2CC[C@H](C(=O)O)CC2)C=C2C1=NNC2=O;CCCCN1C(=O)C(O)=C(C(C)=O)[C@H]1C1=CC=C(OC)C(OC)=C1;CCCCN1C(=O)C(O)=C(C(C)=O)[C@@H]1C1=CC=C(OC)C(OC)=C1;COCCN1C=CC2=CC=C(C(=O)NC3=CC=C4C=CNC4=C3)C=C21;COC1=CC=CC(CNC(=O)C2=CN=C(C3=CC=CC=C3)N=C2C)=C1;COC1=CC=CC2=C1C=CN2CC(=O)NC1=CC=CC2=C1C=CN2C;COCCN1C=CC2=CC(C(=O)NC3=CC=C4C=CNC4=C3)=CC=C21;O=C(C1=CC=CC=C1)N1CC[C@H](C2=NN=C(CC3=CC=CC=C3)O2)C1;COCCNC(=O)N1C[C@@H]2[C@H](O)C(=O)N(CC3=CC=CC=C3)[C@@H]2C1;COC1=CC=C2C(=C1)C=CN2CCNC(=O)C1=CC=C2C=CNC2=C1;COC1=CC=C2C(=C1)C=CN2CCC(=O)NC1=CC=C2C=CNC2=C1;O=C(NC[C@H]1CN2C(C3=CC=CC=C3)=CN=C2CO1)C1=CC=CC=C1
m_3ae355,Cc1nc(N2CCN(c3ccncc3)C(C)C2)c(Cl)cc1C#N;CCc1ccc(C2SCC(=O)N2Cc2ccc(OC)cc2)cc1;COc1ccccc1CN(CCO)c1nccc(C(F)(F)F)n1;COc1cccc(CN(C)C(=O)c2[nH]nc(C(F)(F)F)c2C)c1;CCOC(=O)c1c[nH]c2c(cnn2Cc2ccc(OC)cc2)c1=O;COC1=CC=C(C[C@H](CC(=O)O)C(=O)NCC2=CC=CC=C2)C=C1;COC1=CC=C(C[C@H](CC(=O)NCC2=CC=CC=C2)C(=O)O)C=C1;COC1=CC=C(C[C@@H](CC(=O)O)C(=O)NCC2=CC=CC=C2)C=C1;COC1=CC=C(C[C@@H](CC(=O)NCC2=CC=CC=C2)C(=O)O)C=C1;CCOC(=O)C[C@H](NC(=O)C1=CC=CC=C1)C1=CC=C(OC)C=C1;CCOC(=O)C[C@@H](NC(=O)C1=CC=CC=C1)C1=CC=C(OC)C=C1;COC1=CC=C(C(=O)NC2=CC=C(C(=O)OCC(C)C)C=C2)C=C1;COC1=CC=C(C(=O)N2CCC3=CC(OC)=C(OC)C=C3C2)C=C1;COC1=CC=CC(C(=O)N2CCC3=CC(OC)=C(OC)C=C3C2)=C1;CCOC(=O)C1=C(C)N=C(C)C(C(=O)OCC)=C1C1=CC=CC=C1;COC1=CC=C(NC(=O)CCCC(=O)C2=CC=CC=C2)C(OC)=C1;CCCCOC(=O)C1=CC=CC(NC(=O)C2=CC=C(OC)C=C2)=C1;COC1=CC=C(NC(=O)CCC(=O)C2=CC=C(C)C=C2)C=C1OC;COC1=CC=C(C(=O)N2CCOC[C@H](OC3=CC=CC=C3)C2)C=C1;COC1=CC=C(C(=O)[C@H]2[C@@H]3C=C4OCOC4=C[C@H]3CCN2C)C=C1;COC1=COC(C(=O)N2CCC(CC3=CC=CC=C3)CC2)=CC1=O;COC1=CC=CC(C(=O)N2CCOC[C@H](OC3=CC=CC=C3)C2)=C1;COC1=CC=C([C@H]2C[C@@H](O)[C@@H](O)[C@@H]2NC(=O)C2=CC=CC=C2)C=C1;COC1=CC=C(C[C@H]2C3=CC(O)=C(OC)C=C3C=CN2C)C=C1O;COC1=CC=C(C(=O)N[C@H]2[C@H](O)[C@H](O)C[C@@H]2C2=CC=CC=C2)C=C1
m_3aecdc,COC(=O)c1ccc(C(=O)OC)c(NC(=O)c2ccc3c(c2)OCCO3)c1;O=C(NC1CCN(c2cccc(Cl)c2)C1=O)c1ccc2[nH]c(=O)[nH]c2n1;N#Cc1cc(Cl)ccc1-n1ccc(NC(=O)N2CCC3CCC(O)C32)n1;CC1(C)OCC2CC21NC(=O)Nc1ccn(-c2ccc(Cl)cc2C#N)n1;Cc1ccc(-c2nnc(NS(=O)(=O)c3ccc4c(c3)CCO4)o2)c(C)c1;COC(=O)N1CCC2=CC(O)=C(OC)C3=C2C1CC1=CC=C(OC)C(O)=C13;COC1=CC(C=CC(=O)NCC2=CC=C3OCOC3=C2)=CC(OC)=C1OC;COC(=O)N1CCC2=CC(O)=C(OC)C3=C2[C@@H]1CC1=CC(O)=C(OC)C=C13;COC(=O)C1=CC=C(C(=O)OC)C(NC(=O)[C@H](C)OC2=CC=C(C)C=C2)=C1;COC1=C(O)C=C2CC[C@H](NC(C)=O)C3=CC(=O)C(O)=CC=C3C2=C1OC;COC1=C(O)C=C2CC[C@@H](NC(C)=O)C3=C(C=CC(=O)C(O)=C3)C2=C1OC;COC1=C2OCOC2=CC2=C1[C@H](C1=CC=C(O)C(C(C)=O)=C1O)N(C)CC2;COC1=C2OCOC2=CC2=C1[C@@H](C1=CC=C(O)C(C(C)=O)=C1O)N(C)CC2;COC1=C2OCOC2=CC2=C1C(CC(=O)C1=CC(O)=CC=C1O)N(C)CC2;COC1=CC=C(NC(=O)CCC(=O)OCC(=O)C2=CC=C(OC)C=C2)C=C1;COC1=CC=C2C(=C1)N=C1COC[C@H](CNC(=O)C3=CC=C(Cl)C=C3)N12;COC1=CC2=C(C3=CC=C(O)C(=O)C=C3[C@@H](NC(C)=O)CC2)C(OC)=C1O;COC1=CC2=C(C3=C(C=C(O)C(=O)C=C3)[C@H](NC(C)=O)CC2)C(OC)=C1O;COC1=C(O)C(O)=CC2=C1C1=CC=C(OC)C(=O)C=C1[C@H](NC(C)=O)CC2;COC1=C(O)C(O)=CC2=C1C1=CC=C(OC)C(=O)C=C1[C@@H](NC(C)=O)CC2;CC(=O)O.CC(=O)[C@@H]1[C@H]2C3COC(O3)C(=O)[C@@H]2[C@H]2C=CC3=CC=CC=C3N21;O=C(O)[C@@H]1CCCN1C(=O)COC1=CC=C2C3=C(CCCC3)C(=O)OC2=C1;COC1=CC=C(C[C@H]2NCCC3=CC4=C(C=C32)OCO4)C(C(=O)O)=C1OC;COC1=CC=C(C[C@@H]2NCCC3=CC4=C(C=C32)OCO4)C(C(=O)O)=C1OC;COCCCN1C(=O)C(O)=C(C(=O)C2=CC=C(C)O2)[C@H]1C1=CC=CC(O)=C1
m_3ba5ce,Cc1cc(C)n(CC(=O)Nc2ccnn2C2CCCC2)n1;Cc1n[nH]c(C)c1CNC(=O)c1c(C2CCC2)cnn1C;CCc1occc1C(=O)Nc1cnn(C2CCCC2)c1C;Cc1c(CNC(=O)c2c(C3CCC3)cnn2C)cnn1C;CCOc1ccc(N(CC)C(=O)c2cn(C)nc2C)cc1;CCOC(=O)C1=C(C)N=C2C([C@@H]3CCCN3C)=CC=CN12;CC1=CC=C(C(=O)OC[C@@H]2CCCN3CCCC[C@H]23)C=C1;CN1C=C(CN[C@H]2[C@H](O)[C@H](O)C[C@@H]2C2=CC=CC=C2)C=N1;C=C1C2=CC(OC)=C(OC)C=C2CCN1C(=O)C1CCC1;CN1CC[C@@H](CC(=O)O)[C@@H](CC2=NC3=CC=CC=C3N2)C1;CN1C(C[C@H]2CNCC[C@H]2CC(=O)O)=NC2=CC=CC=C21;C=C(O[C@H]1C[C@@H]2CC[C@H]([C@H]1C(=O)O)N2C)C1=CC=CC=C1;CC1=CC(=O)OC2=C(CN3CCCC(C)C3)C(O)=CC=C12;CC1=NC2=CC=CC=C2C(=O)N1CCNC(=O)CC(C)C;CCC1C2C3=CC=CN3CCCC2OC12C=C(C)C(=O)O2;CC1=CC(=O)OC2=C(CN3CCC(C)CC3)C(O)=CC=C12;CC1=C(O)C=CC2=C1OC(=O)C=C2CN1CCC(C)CC1;CC1=C(C)C2=CC=C(O)C(CN3CCCCC3)=C2OC1=O;CC(C(=O)OC1CC2C3OC3C(C1)N2C)C1=CC=CC=C1;CC(=O)OC[C@@]12CC=C(C)[C@@H](C1)[C@H](C1=CC=CN=C1)OC2;CC(=O)OC[C@@]12CC=C(C)[C@@H](C1)[C@@H](C1=CC=CN=C1)OC2;CC(=O)OC[C@@]12CC=C(C)[C@@H](C1)C(C1=CC=CN=C1)OC2;CC(=O)C[C@H]1N2CCC[C@@H]2C[C@@H](C)[C@@]1(O)C1=CC=CC=C1;CC1=CC2=C(C=C1O)C(CN1CCCC[C@H]1C)=CC(=O)O2;CC1=CC2=C(C=C1O)C(CN1CCCC[C@@H]1C)=CC(=O)O2
m_3ce578,Cc1cc(C(=O)Nc2ccc3c(c2)C(=O)N(C)CC3)nn1-c1cccc(Cl)c1;Cc1cn(-c2ccccc2Cl)nc1C(=O)Nc1ccc2c(c1)CCC(=O)N2C;Cc1c(C(=O)Nc2ccc(C(=O)NC3CC3)cc2)cnn1-c1ccccc1Cl;NC(=O)NCCCC(NC(=O)Cc1csc(-c2ccccc2F)n1)C(=O)O;CCc1nnc(NC(=O)COc2ccc(C)cc2-n2nc3ccccc3n2)s1;COC(=O)CC(C1=C(O)C(=O)C2=CC=CC=C2C1=O)C1=CC=C(OC(C)C)C=C1;COC1=CC(OC)=C([C@H]2CC(=O)OC3=C2C(=O)C2=CC=CC=C2C3=O)C=C1OC;COC(=O)CC(C1=C(O)C(=O)C2=CC=CC=C2C1=O)C1=CC=C2OCCOC2=C1;COC1=CC=CC=C1C1CC(=O)OC2=C(C(C)=O)C(O)=C3C(C)=CC(=O)OC3=C21;COCCOC(=O)C1=C(C)OC2=CC=C(OC(=O)C3=CC4=CC=CC=C4O3)C=C12;CC(=O)OCC(=CC=CCOC(=O)C1=CC=CC=C1)COC(=O)C1=CC=CC=C1;CCOC(=O)C=CCOC1=CC=C2OC(C3=CC=CC=C3)=C(C(=O)OCC)C2=C1;CCOC(=O)CCC1=C(C)C2=CC=C(OCC(=O)C3=CC=CC=C3)C=C2OC1=O;CC(=O)C1=NN(C2=CC=CC=C2)C2=CC3=C(C=C12)C(C(C)=O)=NN3C1=CC=CC=C1;COC(=CC(=O)C1=CC=C2OCOC2=C1)C1=CC=C2OC(C)(C)C=CC2=C1OC;CCOC(=O)[C@H]1OC2=C(C(=O)OC3=CC=CC=C23)[C@H]1C1=CC=C(OC(C)C)C=C1;CCOC(=O)[C@H]1OC2=C(C(=O)OC3=CC=CC=C23)[C@@H]1C1=CC=C(OC(C)C)C=C1;CCOC(=O)[C@@H]1OC2=C(C(=O)OC3=CC=CC=C23)[C@H]1C1=CC=C(OC(C)C)C=C1;CCOC(=O)[C@@H]1OC2=C(C(=O)OC3=CC=CC=C23)[C@@H]1C1=CC=C(OC(C)C)C=C1;CC(C)C(=O)OC1=CC(C=O)=CC=C1[C@]1(COC(=O)/C=C/C2=CC=CC=C2)CO1;CC(C)C(=O)OC1=CC(C=O)=CC=C1[C@@]1(COC(=O)/C=C\C2=CC=CC=C2)CO1;CC(C)C(=O)OC1=CC(C=O)=CC=C1[C@@]1(COC(=O)/C=C/C2=CC=CC=C2)CO1;CC(=O)O[C@H]([C@H]1COC2=CC=C3C(=O)C=C(C4=CC=CC=C4)OC3=C21)C(C)(C)O;COC1=CC(O)=C(CC2=CC=CC=C2O)C(O)=C1C(=O)CCC1=CC=C(O)C=C1;CC(=O)OC1=C(C(C)C)C(=O)C2=CCC3=C(C)C=C(OC(C)=O)C=C3C=C2C1=O
m_3d62dd,Cc1cccnc1C(NCC(=O)N1CC(C)OC(C)C1)C(C)C;Cc1ccc(CNC(=O)N2CCC(C)(CO)CC2)c(N(C)C)c1;CCC1(C)CN(C(=O)NC(c2ncccc2C)C(C)C)CCO1;CNC(=O)c1ccc(C2CCCCN2CC2CCCCO2)n1C;Cc1nn(C(C)C)c(C)c1NC(=O)N1C2CCC1CN(C)CC2;COC(=O)[C@H]1CCCN1C(=O)C1=CC=C(OCCC(C)C)C=C1;COC(=O)[C@@H]1CCCN1C(=O)C1=CC=C(OCCC(C)C)C=C1;CC1=NN2C(=C1)N(C)C(=O)CC21CCN(C(=O)NC(C)C)CC1;C[C@@H]1C[C@@H](C)[C@H](CC(=O)C2=CC=C(N)C=C2)O[C@@H]1[C@@H](C)C(=O)O;CC(C(=O)O)[C@H]1O[C@@H](CC(=O)C2=CC=C(N)C=C2)[C@H](C)C[C@H]1C;CC1=CC(=O)OC(C)=C1C(=O)OC[C@@H]1CCCN2CCCC[C@H]12;COC1=CC=C(O[C@H]2COCCN(C(=O)C3CCCC3)C2)C=C1;COCCNC(=O)[C@@H](C)[C@@H]1CCC2=C(C)C=C(OC)C(C)=C2C1;COC1=CC=C(C2(C(=O)N3CCCC3)CCOCC2)C=C1OC;CC1=CC(C(=O)NC[C@H]2[C@@H]3CC(=O)N(C(C)C)[C@@H]3C[C@@H]2C)=NO1;COC1=CC=C(C2(C(=O)NC[C@H]3CCCO3)CCOCC2)C=C1;COC1=CC=C(C2(C(=O)NC[C@@H]3CCCO3)CCOCC2)C=C1;CC1=CC=C([C@H]2C[C@@H](O)[C@@H](O)[C@@H]2NC(=O)C2CCOCC2)C=C1;CN1[C@H](CCCCCCC(=O)O)C[C@H](O)[C@@H]1CC1=CC=CC=C1;CC1=CC=C(C(=O)O[C@@H]2C[C@H](C)CC[C@H]2C(C)C)C=C1[N+](=O)[O-];CC1=CC=C(C(=O)O[C@@H]2C[C@H](C)CC[C@@H]2C(C)C)C=C1[N+](=O)[O-];CC1=CC=C(C(=O)O[C@@H]2C[C@@H](C)CC[C@H]2C(C)C)C=C1[N+](=O)[O-];CC1=CC=C(C(=O)O[C@@H]2C[C@@H](C)CC[C@@H]2C(C)C)C=C1[N+](=O)[O-];CC1=CC(C(=O)O[C@@H]2C[C@H](C)CC[C@H]2C(C)C)=CC=C1[N+](=O)[O-];CC1=CC(C(=O)O[C@@H]2C[C@H](C)CC[C@@H]2C(C)C)=CC=C1[N+](=O)[O-]
m_3db789,CS(=O)(=O)CCn1ccc(NC(=O)c2ccc3ccccc3c2)n1;Cc1nc(C)c(C(=O)NC2CS(=O)(=O)CC2N2CCCC2)s1;C=CCn1c(C)nnc1SCc1cc(=O)oc2c(C)c(O)ccc12;CCc1nnc2n1CCN(C(=O)c1nc(-c3cccs3)oc1C)C2;Cc1ccc(C)c(S(=O)(=O)Nc2cccc(-c3nnnn3C)c2)c1;CCOC(=O)[C@](O)(C(=O)OC)C1=CC=C(N(C)C2=CC=CC=C2)C=C1;CCOC(=O)[C@@](O)(C(=O)OC)C1=CC=C(N(C)C2=CC=CC=C2)C=C1;CCOC(=O)C1=CC=CC=C1NC(=O)CC1=CC=C(OC)C(OC)=C1;COC(=O)[C@H](CC1=CC=CC=C1)NC(=O)COC1=CC=C(OC)C=C1;COC(=O)[C@@H](CC1=CC=CC=C1)NC(=O)COC1=CC=C(OC)C=C1;CCOC(=O)[C@H](CC1=CC=C(O)C=C1)NC(=O)OCC1=CC=CC=C1;CCOC(=O)[C@@H](CC1=CC=C(O)C=C1)NC(=O)OCC1=CC=CC=C1;CC1=CC(=O)C(O)=C(C(CC(=O)N2CCOCC2)C2=CC=CC=C2)O1;CCOC(=O)C1=CC=C(NC(=O)CC2=CC=C(OC)C(OC)=C2)C=C1;COC1=CC=C(CCNC(=O)CC2=CC=CC=C2C(=O)O)C=C1OC;CC1=C(O)C(O)=C(O)C2=C1C(=O)N([C@@H](CC1=CC=CC=C1)C(=O)O)C2;CC1=C(C(=O)NC2=CC=C3OCCOC3=C2)C2(CCCCC2)OC1=O;CCCOC(=O)C1=CC=C(NC(=O)C2=CC=C(OC)C(OC)=C2)C=C1;CC1=C(C(=O)NCC2CCC(C(=O)O)CC2)C(=O)OC2=CC=CC=C12;COC(=O)C1=CC=CC=C1OCC(=O)NCCC1=CC=CC=C1OC;CN(C(=O)OCC1=CC=CC=C1)[C@H](COCC1=CC=CC=C1)C(=O)O;CN(C(=O)OCC1=CC=CC=C1)[C@@H](COCC1=CC=CC=C1)C(=O)O;COC1=CC=C(C=CC(=O)NCCC2=CC=C(OC)C(O)=C2)C=C1O;COC1=CC(C(=O)C=CNC2=CC=C(O)C=C2C)=CC(OC)=C1OC;COC1=CC=C(CC(=O)NC[C@H]2COC3=CC=CC=C3O2)C=C1OC
m_3dc915,COCCN1CCC(CNC(=O)N2CCCCC2c2cn[nH]c2)C1;O=C(CC1CC2CCC(C1)N2)N1CCN(C(=O)C2CCCO2)CC1;CCOCC1CCCN(C(=O)c2c(C)nc(C(C)(C)C)[nH]c2=O)C1;COC1(C(=O)NC2CC(Cn3ccnc3)CC2O)CCCCCC1;CC(C)c1nnc2n1CCN(C(=O)NCC1CC(C)(C)CO1)C2C;CCNC(=O)N1CCC[C@@H](O)[C@H](NC(=O)C2=CC=C(OC)C=C2)C1;CCOC(=O)C1=C(C)NC(C)=C(C(=O)OCC)C1C1CCCCC1;COC(=O)C[C@@H]1CCNC[C@@H]1CC1=NOC(CN2CCCCC2)=C1;COCC1=CC(C[C@H]2CNCC[C@H]2CC(=O)N2CCCCC2)=NO1;COC(=O)CC[C@H]1CNC(=O)[C@@H]2[C@@H](CCN2CC2=NC=CN2)N1C;CN1[C@@H](CC(=O)C2=CC=CC=C2)CCC[C@H]1CC(=O)C1=CC=CC=C1;COC(=O)C[C@H]1[C@H]2CC[C@H]3[C@@H]4C(=O)O[C@H]([C@H]4C(C)C)[C@@H](N1C)[C@@]23C;COC(=O)C[C@@H]1[C@H]2CC[C@H]3[C@H]4C(=O)O[C@H]([C@H]4C(C)C)[C@@H](N1C)[C@@]23C;COC(=O)C[C@@H]1[C@H]2CC[C@H]3[C@@H]4C(=O)O[C@H]([C@H]4C(C)C)[C@@H](N1C)[C@@]23C;COC(=O)CC1C2CC[C@H]3[C@H]4C(=O)O[C@H](C4C(C)C)[C@@H](N1C)[C@]23C;COC1=NOC(CCC(=O)N(C)C[C@@H]2CCCN3CCCC[C@H]23)=C1;O=C(O)C1=CC(C[C@H]2CNCC[C@H]2CC(=O)N2CCCCC2)=NO1;CN1C[C@H](CC(=O)C2=CC=CC=C2)CC[C@H]1CC(=O)C1=CC=CC=C1;CC(C)NC(=O)N1CCC[C@@H](O)[C@H](NC(=O)C2=CC=C(O)C=C2)C1;CCO[C@H]1C2=C(CC[C@H]3C(C)(C)CCC[C@]23C)C(=O)N1CC(=O)O;CCO[C@@H]1C2=C(CC[C@H]3C(C)(C)CCC[C@]23C)C(=O)N1CC(=O)O;COCCN1C(=O)C[C@H]2[C@H](CNC(=O)C3=NOC(C)=C3)[C@@H](C)C[C@H]21;COC[C@@H]1C[C@H](N2C=C(NC(C)=O)C=N2)CN1C(=O)NC1CCC1;CC(C)NC(=O)NC[C@H]1[C@@H]2CC(=O)N(C3CCCCC3)[C@@H]2C[C@@H]1C;CC(=O)C1=CC(C[C@H]2CNCC[C@H]2CC(=O)N2CCOCC2)=NO1
m_3f6bab,O=C1CC(C(=O)N2CCOC(C(=O)O)C2)c2ccc(F)cc2N1;CC1CCCN(S(=O)(=O)c2cc(F)c(F)c(F)c2)C1CN;COC(=CCC=O)C(=COC(=O)c1cc2c(s1)CCC2)OC;O=C(NCc1cc2ccccc2o1)NCC1CCS(=O)(=O)C1;Cc1cc(S(=O)(=O)N2CCOCC2)c2nc(O)cc(C)c2c1;COC1=CC(OC)=C2C(=O)[C@@H]([C@H](O)CC(C)=O)COC(=O)C2=C1;CCOC(=O)[C@H]1C(=O)CC(=O)[C@H](C(=O)OCC)C1C1=CC=CO1;CCOC(=O)[C@H]1C(=O)CC(=O)[C@@H](C(=O)OCC)[C@@H]1C1=CC=CO1;CCOC(=O)[C@@H]1C(=O)CC(=O)[C@@H](C(=O)OCC)C1C1=CC=CO1;O=C(C=CC1=CC=C2OCOC2=C1)C=CC1=CC=C2OCOC2=C1;COC1=CC2=C(C(=O)O[C@@H]3C[C@H](CC(C)=O)O[C@H]23)C(O)=C1OC;O=C(C[C@@]12CC[C@H](O)[C@]1(C(=O)O)COC2)C1=CC(O)=CC=C1O;C[C@@H]1CC(=O)CC2=CC(O)=CC(O)=C2C(=O)O[C@H](C)CC(=O)O1;CC(=O)OC[C@H]1O[C@@H](OC(C)=O)[C@@H]2O[C@@H](C3=CC=CC=C3)O[C@@H]21;CC(=O)OC[C@@H]1O[C@H](OC(C)=O)[C@H]2O[C@H](C3=CC=CC=C3)O[C@H]21;COC1=CC(OC)=C2C(=O)[C@H]3CO[C@](C)(O)C[C@H]3C(=O)C2=C1O;O=C(C[C@]12CC[C@@H](O)[C@@]1(CO)COC2=O)C1=CC(O)=CC=C1O;O=C(C[C@@]12CC[C@H](O)[C@]1(CO)COC2=O)C1=CC(O)=CC=C1O;C=C1[C@H](O)CC[C@](CC(=O)C2=CC(O)=CC=C2O)(C(=O)O)[C@@H]1O;C=C1[C@@H](O)CC[C@@](CC(=O)C2=CC(O)=CC=C2O)(C(=O)O)[C@H]1O;COC1=CC(O)=C2C(=O)[C@H]3CO[C@](C)(OC)C[C@H]3C(=O)C2=C1O;COC1=CC(O)=C2C(=O)[C@@H]3CO[C@](C)(OC)C[C@H]3C(=O)C2=C1O;O=C(C[C@]1(C(=O)O)CCC=C(CO)[C@H]1O)C1=CC(O)=CC=C1O;O=C(C[C@@]1(C(=O)O)CCC=C(CO)[C@@H]1O)C1=CC(O)=CC=C1O;C[C@H]1CCC(=O)[C@H](O)CC(=O)C2=C(O)C=C(O)C=C2CC(=O)O1
m_3f8028,CCNC(=O)c1ccc(NCc2ccncc2)cc1;CN(C)C(=O)c1ccc(NCc2ccncc2)cc1;Cc1ccnc(N2CCN(c3cnccn3)CC2)c1;Cc1noc(C)c1CN(C)C(=O)C1(F)CCNC1;CCCC(=O)Nc1cccc(Oc2ccccc2)c1;COC1=CC=C(NC(=O)CC2=CC=C(C)C=C2)C=C1;CCC1=CC=C(NC(=O)C2=CC=C(OC)C=C2)C=C1;COC1=CC=C(C(=CC2=CC=NC=C2)C(=O)O)C=C1;COC1=CC=CC(NC(=O)CC2=CC=C(C)C=C2)=C1;COC1=CC=C(CNC(=O)C2=CC=C(C)C=C2)C=C1;COC1=CC=C(CCNC(=O)C2=CC=CC=C2)C=C1;COC1=CC=C(C(=O)NCCC2=CC=CC=C2)C=C1;COC(=O)C1=CC=CC=C1NCC1=CC=C(C)C=C1;CCOC1=CC=C(C(=O)NCC2=CC=CC=C2)C=C1;CCC1=CC=CC=C1NC(=O)C1=CC=C(OC)C=C1;CC1=CC=C(C(=O)NCCOC2=CC=CC=C2)C=C1;C[C@H](NC(=O)C1=CC=CC=C1)[C@H](O)C1=CC=CC=C1;C[C@H](NC(=O)C1=CC=CC=C1)[C@@H](O)C1=CC=CC=C1;C[C@@H](NC(=O)C1=CC=CC=C1)[C@H](O)C1=CC=CC=C1;C[C@@H](NC(=O)C1=CC=CC=C1)[C@@H](O)C1=CC=CC=C1;CC1=CC=CC(NC(=O)C2=CC=CC=C2C(=O)O)=C1;COC1=CC=CC=C1NC(=O)CC1=CC=C(C)C=C1;COC1=CC=C(CNC(=O)C2=CC=CC=C2C)C=C1;COC1=CC=C(CC(=O)NC2=CC=CC=C2C)C=C1;O=C(CC1=CC=CC=C1)N[C@H](CO)C1=CC=CC=C1
m_3ff7be,Cc1nn(C(F)F)c(C)c1CC(=O)N1Cc2ccccc2OCC1C;CCCS(=O)(=O)N1CCN(Cc2nc(N)c3ccccc3n2)CC1;CC(=O)N1CCc2cc(NC(=O)c3cnc4c(c3)c(C)nn4C)ccc21;O=C(CN1CCCNC1=O)Nc1cccc(-c2nc3ccccc3[nH]2)c1;CNc1cc2c(nn1)CCN(C(=O)c1nn(-c3ccccc3)nc1C)C2;CCOC(=O)C1=CC=CC=C1N[C@H]1CCN2C1=NC1=CC=CC=C1C2=O;CCOC(=O)C1=CC=CC=C1N[C@@H]1CCN2C1=NC1=CC=CC=C1C2=O;C=C1C2=CC(OC)=C(OC)C=C2CCN1C(=O)C1(C2=CC=CC=C2)CC1;CC(=O)C1=CC=C(NC(=O)O[C@H]2CCN3CC4=CC=CC=C4N=C23)C=C1;CC(=O)C1=CC=C(NC(=O)O[C@@H]2CCN3CC4=CC=CC=C4N=C23)C=C1;COC1=CC=CC=C1CNC(=O)C1=CC=C2C(=O)N3CCCC3=NC2=C1;O=C(C1=CC=CC=C1)N1CCN2C(=O)N(CC3=CC=CC=C3)C(=O)[C@H]2C1;COC1=CC2=C(C=C1OC)C1=CC(NC3=CC=CC=C3)=NC(=O)N1CC2;CCOC1=CC=C2OC(C3=CC=CC=C3)=C(C(=O)N3CCCCC3)C2=C1;CC1=CC=C(CNC(=O)N2CC[C@]3(C2)C(=O)N(C)C2=CC=CC=C23)C=C1;CC1=CC=C(CNC(=O)N2CC[C@@]3(C2)C(=O)N(C)C2=CC=CC=C23)C=C1;CCC(=O)NC1=C(C(=O)CC2=C(C)C=C(C)C=C2C)OC2=CC=CC=C12;O=C(NC[C@H](O)C1=CC=CC=C1)C1=CC=C2C(=O)N3CCCC3=NC2=C1;O=C(NC[C@@H](O)C1=CC=CC=C1)C1=CC=C2C(=O)N3CCCC3=NC2=C1;O=C(COC1=CC=C2N=C3CCCN3C(=O)C2=C1)NCC1=CC=CC=C1;O=C(C[C@@H]1NC(=O)N(C2=CC=CC=C2)C1=O)N1CCC2=CC=CC=C2C1;CCC1=CC=CC=C1N1COC2=C(C=C3C(C)=C(C)C(=O)OC3=C2C)C1;CC1=C(C2=CC=CC=C2)C(=O)OC2=C(CN3CCCCC3)C(O)=CC=C12;CC(C(=O)C(C)C1=CC=CC(OC2=CC=CC=C2)=C1)C(=O)N1C=CCC1;CNC1=CC=C([C@H]2CCN3C2=NC2=CC=CC=C2C3=O)C=C1C(=O)OC
m_402004,COCc1nc(C)cc(N2CCCC(O)(Cc3nc(C)no3)C2)n1;CCc1noc(CN2CCC(OC)(c3nc(C4CC4)no3)CC2)n1;Cc1ccc(CN(C(=O)Cc2c[nH]c3ncccc23)C2CC2)cc1C;Cc1noc(C)c1C(=O)NCC1OCCN(C)C1c1cncn1C;CCOc1ccc(N2CC(C(=O)NCCNC(C)=O)CC2=O)cc1;CC1=NOC(C)=C1C(=O)N1C[C@@H]2[C@H](OCC3CC3)C(=O)N(C)[C@@H]2C1;COC1=CC(OC)=CC(C(=O)OC[C@@H]2CCCN3CCCC[C@H]23)=C1;COC(=O)N1CC[C@@]2(O)CCCC[C@H]2[C@@H]1C1=CC=C2OCOC2=C1;COC(=O)N1CCC2(O)CCCCC2[C@@H]1C1=CC=C2OCOC2=C1;COC(=O)[C@@H](CC1=CC=CC=C1)NC(=O)N1CCC(C(N)=O)CC1;COC1=CC=C(CC(=O)[C@@H](C)C(=O)N2C(=O)OC[C@@H]2C(C)C)C=C1;CCOC(=O)N1CC[C@@]2(O)CCCC[C@H]2[C@@H]1C1=CC=C(OC)C=C1;CCOC(=O)N1CCC2(O)CCCCC2[C@@H]1C1=CC=C(OC)C=C1;COC1=C2OCOC2=CC2=C1[C@H](CC(=O)CCC(C)=O)N(C)CC2;COC1=C2OCOC2=CC2=C1[C@@H](CC(=O)CCC(C)=O)N(C)CC2;COC(=O)[C@H]1CN(C(=O)C2=CC=C(N(C)C)C=C2)CCN1C(C)=O;COC(=O)[C@@H]1CN(C(=O)C2=CC=C(N(C)C)C=C2)CCN1C(C)=O;CCOC(=O)N1CC[C@@]2(O)CCCC[C@H]2[C@@H]1C1=CC=CC=C1OC;CCOC(=O)N1CCC2(O)CCCCC2[C@@H]1C1=CC=CC=C1OC;COC1=CC=C(C(=O)OC[C@@H]2CCCN3CCCC[C@H]23)C=C1OC;CCOC1=CC=CC=C1[C@H]1[C@@H]2CCCC[C@]2(O)CCN1C(=O)OC;CCOC1=CC=CC=C1[C@H]1C2CCCCC2(O)CCN1C(=O)OC;CCN1OC2(CCN(C(=O)NC3=CC=C(OC)C=C3)CC2)CC1=O;CC1=NOC([C@H]2CN(C(=O)CC3CCCC3)CC23CCOCC3)=N1;CC1=NOC([C@@H]2CN(C(=O)CC3CCCC3)CC23CCOCC3)=N1
m_417c79,O=C(Nc1ccc(Cl)cc1)N1CCCC(C(=O)N2CCOCC2)C1;CCOc1ccc(S(=O)(=O)N2CCOc3c2c(C)nn3C)cc1C;Cc1cn2nc(N3CCN(C(=O)CC4COCCO4)CC3)sc2n1;O=C(O)C1CCCN(C(=O)C2(c3ccc(Cl)cc3)CCOCC2)C1;O=C(Cn1c(=O)[nH]c2ccccc2c1=O)N1CCc2ccc(O)cc2C1;O=C(O)C1CCN(C(=O)OCC2C3=CC=CC=C3C3=CC=CC=C32)CC1;CCOC1=CC=C2OC(C3=CC=CC=C3)=C(C(=O)N3CCOCC3)C2=C1;O=C(O)[C@H]1CCCN(C(=O)OCC2C3=CC=CC=C3C3=CC=CC=C32)C1;O=C(O)[C@@H]1CCCN(C(=O)OCC2C3=CC=CC=C3C3=CC=CC=C32)C1;O=C(O)[C@H]1CCCCN1C(=O)OCC1C2=CC=CC=C2C2=CC=CC=C21;O=C(O)[C@@H]1CCCCN1C(=O)OCC1C2=CC=CC=C2C2=CC=CC=C21;CC1=C(C2=CC=CC=C2)C(=O)OC2=C(CN3CCOCC3)C(O)=CC=C12;CC1=C(C2=CC=CC=C2)C(=O)C2=CC=C(O)C(CN3CCOCC3)=C2O1;CC1=CC=C(C=C2OC3=C(C=CC(O)=C3CN3CCOCC3)C2=O)C=C1;COC(=O)C1CCN(CC2=CC(=O)OC3=CC=C4C=CC=CC4=C23)CC1;CC1=CC=CC=C1C=C1OC2=C(C=CC(O)=C2CN2CCOCC2)C1=O;CC1=CC(O)=C(CN2CCOCC2)C2=C1C(=O)C(=CC1=CC=CC=C1)O2;COC(=O)C1=CC=CC=C1OCC(=O)N1CC=C(C2=CC=CC=C2)CC1;CC1=CC=CC(C=C2OC3=C(C=CC(O)=C3CN3CCOCC3)C2=O)=C1;O=C1OC2=CC(OCCN3CCOCC3)=CC=C2C=C1C1=CC=CC=C1;O=C1C(C2=CC=CC=C2)=COC2=CC(OCCN3CCOCC3)=CC=C12;COC1=CC=C(C(=O)C2=COC3=CC=C(O)C(CN4CCCC4)=C23)C=C1;COC1=CC2=C(C=C1OC)[C@H](C)N(C(=O)C1=CC3=CC=CC=C3O1)CC2;COC1=CC2=C(C=C1OC)[C@@H](C)N(C(=O)C1=CC3=CC=CC=C3O1)CC2;CCCC(=O)N1CCC2=CC3=C(OCO3)C3=C2[C@H]1[C@H](O)C1=CC=CC=C13
m_43683b,CCn1cc(NC(=O)NC2CCOc3ccccc32)cn1;O=C(Cn1ncc2ccccc21)N1CCOC2CNCC21;CCn1cc(C(=O)Nc2c(OC)ccc3c2CCC3)nn1;CCn1ncnc1CN1Cc2ccccc2C(C(=O)O)C1;CCOC(=O)CNc1ccc(-c2nc(C3CC3)n[nH]2)cc1;CCC(=O)N1CC2=C(CC1C(=O)OC)C1=CC=CC=C1N2;CC1=C(O)C(C)=C(O)C(C(=O)CCC2=CC=CC=C2)=C1O;COC(=O)[C@H](OC)[C@@H](OC1=CC=CC=C1)C1=CC=CC=C1;COC(=O)[C@@H](OC)[C@@H](OC1=CC=CC=C1)C1=CC=CC=C1;CCC(=O)N1C(C(=O)O)CC2=C(NC3=CC=CC=C23)C1C;CCCC1=CC(O)=CC(O)=C1C(=O)OCC1=CC=CC=C1;CCCC1=CC(OC)=CC(O)=C1C(=O)OC1=CC=CC=C1;CC1CCC(C(=O)C2=C(O)C3=CC=CC=C3OC2=O)CC1;COC1=CC(O)=CC(OC)=C1C(=O)CCC1=CC=CC=C1;CC1=C(CCCCCC(=O)O)C(=O)C2=CC=CC=C2C1=O;O=C(C1=CC=CC=C1)N1CCC(N2C(=O)CCC2=O)CC1;COC1=CC(O)=C(C(=O)CCC2=CC=CC=C2)C=C1OC;COC(=O)C1=C2CCC(C)(C)OC2=C2C=CC=CC2=C1O;CC1(C)[C@H]2CC[C@]1(C)C(=O)[C@@H]2COC(=O)C1=CC=CC=C1;CC1(C)[C@H]2CC[C@]1(C)C(=O)[C@@H]2CC(=O)OC1=CC=CC=C1;CC1(C)[C@@H]2CC[C@@]1(C)C(=O)[C@@H]2COC(=O)C1=CC=CC=C1;CC1(C)[C@@H]2CC[C@@]1(C)C(=O)[C@@H]2CC(=O)OC1=CC=CC=C1;CC(=O)O[C@H](/C=C/C1=CC=CC=C1)C[C@H]1CC=CC(=O)O1;CC(=O)O[C@H](/C=C/C1=CC=CC=C1)C[C@@H]1CC=CC(=O)O1;CC(=O)O[C@@H](C/C=C/[C@H]1CC=CC(=O)O1)C1=CC=CC=C1
m_436a8d,Cn1cc(C(=O)N2CCC(CCO)C2)c(-c2ccccc2Cl)n1;CCC1COCCN1C(=O)Nc1ccnc(OCC(F)(F)F)c1;COc1ccc(OC(F)(F)F)c(C(=O)NCC2CCCOC2)c1;CC(N)C1CCCN(C(=O)c2conc2-c2ccc(Cl)cc2)C1;COC1(CNC(=O)Nc2cccn(CC(F)(F)F)c2=O)CCC1;COC(=O)C1C(OC(=O)C2=CC=CC=C2)CC2CCC1N2C(=O)O;CCOC(=O)C1=C(C)OC2=CC=C(OC(=O)N3CCOCC3)C=C12;CC(=O)N1CCC2(CC1)CC(=O)C1=CC=C(OCC(=O)O)C=C1O2;COC1=C(CC(=O)C(C)(C)O)C(=O)N(C)C2=C3OCOC3=CC=C12;CC(C)(C)OC(=O)NCCC(=O)OC1=CC=C2C=CC(=O)OC2=C1;CC1=CC(=O)OC2=CC(OC(=O)CNC(=O)OC(C)(C)C)=CC=C12;COC(=O)C1=CN(C[C@H]2CC[C@H](C(=O)O)CC2)C=C2C1=NNC2=O;COC1=CC=C2N=C([C@H]3CCN(C(=O)COCC(=O)O)C3)NC2=C1;COC1=CC=C(CCNC(=O)C2=CC(=O)C(OC)=CO2)C=C1OC;CCOC(=O)CNC(=O)[C@H](C)OC1=CC=C2C(C)=CC(=O)OC2=C1;CCOC(=O)CNC(=O)[C@@H](C)OC1=CC=C2C(C)=CC(=O)OC2=C1;COC1=CC=C([C@H]2C(C(C)=O)=C(O)C(=O)N2CCCC(=O)O)C=C1;COC1=CC=C([C@@H]2C(C(C)=O)=C(O)C(=O)N2CCCC(=O)O)C=C1;CC1=C(C)C2=CC=C(O[C@H](C)C(=O)NCC(=O)O)C(C)=C2OC1=O;CC1=C(C)C2=CC=C(O[C@@H](C)C(=O)NCC(=O)O)C(C)=C2OC1=O;CC1=C(C)C2=CC=C(OCC(=O)N[C@@H](C)C(=O)O)C(C)=C2OC1=O;CC1=C(C)C2=CC=C(OCC(=O)NCCC(=O)O)C(C)=C2OC1=O;C[C@@H](NC(=O)OC(C)(C)C)C(=O)OC1=CC=C2C=CC(=O)OC2=C1;CCOC(=O)C(=O)C1=CC2=C(C=C3OCOC3=C2OC)CCN1C;CCC1=CC(=O)OC2=CC(O[C@H](C)C(=O)N[C@@H](C)C(=O)O)=CC=C12
m_436c77,NC1CCCCCCC1C(=O)N1CCC(CC(=O)N2CCCC2)CC1;Cc1cnc(C(C)(C)NC(=O)C2CN(C(=O)C3CCCCC3)C2)s1;Cc1ncc(CN2CCC(NC(=O)C(C)C3CCCC3)C(C)C2)s1;CCOc1ccc(CN2CC(N3CC(C(=O)NC)CC3=O)C2)cc1F;CN1CCOC2CCN(C(=O)NC(C3CCCC3)C(F)(F)F)CC21;COC1=CC(C(=O)N2CC[C@@]3(O)CCCC[C@H]3C2)=CC(OC)=C1OC;CCOC1=CC=C2OC(C3=CC=CC=C3)=C(C(=O)N3CCCCC3)C2=C1;O=C1C[C@H](C(=O)N2CCCC[C@@H]2C2=CC=CN=C2)CN1C1=CC=CC=C1;C[C@@H](C(=O)N1CCCC[C@H]1C1=CC=CN=C1)N1CC2=CC=CC=C2C1=O;COC1=CC=CC(CNC(=O)C2=CC=C3C(=C2)N=CN3C2CCCC2)=C1;C[C@H]1CCCCN1CC1=CC(=O)OC2=CC(C3=CC=CC=C3)=C(O)C=C12;C[C@@H]1CCCCN1CC1=CC(=O)OC2=CC(C3=CC=CC=C3)=C(O)C=C12;COC1=CC=C(C(=O)N[C@@H]2CN(C(=O)NC(C)C)CCC[C@H]2O)C=C1;COC1=CC=CC2=C1C=CN2CC(=O)N1CCCC[C@H]1C1=CC=CN=C1;COC1=CC=C2C(=C1)C=CN2CC(=O)N1CCCC[C@H]1C1=CC=CN=C1;C[C@H]1CCCCN1CC1=C(O)C=CC2=C1OC=C(C1=CC=CC=C1)C2=O;C[C@H]1CCCCN1CC1=C(O)C=CC2=C1OC(=O)C=C2C1=CC=CC=C1;C[C@@H]1CCCCN1CC1=C(O)C=CC2=C1OC=C(C1=CC=CC=C1)C2=O;C[C@@H]1CCCCN1CC1=C(O)C=CC2=C1OC(=O)C=C2C1=CC=CC=C1;C[C@H]1CCCN(CC2=C(O)C=CC3=C2OC=C(C2=CC=CC=C2)C3=O)C1;C[C@H]1CCCN(CC2=C(O)C=CC3=C2OC(=O)C=C3C2=CC=CC=C2)C1;C[C@@H]1CCCN(CC2=C(O)C=CC3=C2OC=C(C2=CC=CC=C2)C3=O)C1;C[C@@H]1CCCN(CC2=C(O)C=CC3=C2OC(=O)C=C3C2=CC=CC=C2)C1;C[C@H]1CCCN(CC2=C(O)C=CC3=C2O/C(=C\C2=CC=CC=C2)C3=O)C1;C[C@@H]1CCCN(CC2=C(O)C=CC3=C2O/C(=C\C2=CC=CC=C2)C3=O)C1
m_43e809,Cc1nc(S(=O)(=O)NC2CCCOC2c2cnn(C)c2)cn1C;Cn1nccc1CN1CC(F)CC1CNc1ncnc(N)c1Cl;Cn1nc(C2CCCN2C(=O)c2ccc(F)c(C(F)F)c2)nc1N;Cc1cnn(CCC(=O)Nc2cccc(-n3ccc(C(=O)O)n3)c2)c1;COc1cc2c(cc1OC)C1Cc3ccc4c(c3CN1CC2)OCO4;COC1=C(OC)C=C2C(=C1)C[C@H]1C3=CC4=C(C=C3C[C@@H]2N1C)OCO4;COC1=C(OC)C=C2C(=C1)C[C@@H]1C3=CC4=C(C=C3C[C@H]2N1C)OCO4;COC(=O)CCCN1C(=O)C2=CC3=C(C=C2C2=CC=CC=C21)OCO3;CN1CCC2=CC3=C(C=C2CCC2=CC=C4OCOC4=C2C1)OCO3;COC1=CC=C(C2CC(=O)N(C3=CC=C(C)C=C3)C(=O)C2)C=C1OC;CN1[C@H]2CC3=CC4=C(C=C3[C@]1(O)CC1=CC3=C(C=C12)OCO3)OCO4;CN1[C@@H]2CC3=CC4=C(C=C3[C@]1(O)CC1=CC3=C(C=C12)OCO3)OCO4;CN1C2=CC=CC=C2C(=O)C2=C(O)C=C3O[C@@H]([C@]4(C)CO4)[C@H](O)C3=C21;CC(=O)N1[C@H](C2=CC=CC=C2)CC(=O)O[C@H]1C1=CC=C2OCOC2=C1;CC(=O)N1[C@@H](C2=CC=CC=C2)CC(=O)O[C@H]1C1=CC=C2OCOC2=C1;CC(=O)N1[C@@H](C2=CC=CC=C2)CC(=O)O[C@@H]1C1=CC=C2OCOC2=C1;CC(=O)N1[C@@H](C2=CC=C3OCOC3=C2)OC(=O)C[C@H]1C1=CC=CC=C1;COC1=CC=C2C(=O)C3C4=C(C=C(OC)C(OC)=C4C2=C1)CCN3C;COC1=CC2=C(C=C1OC)[C@H]1CN(C)[C@@H](C2)C2=CC3=C(C=C21)OCO3;COC1=CC2=C(C=C1OC)[C@@H]1CN(C)[C@H](C2)C2=CC3=C(C=C21)OCO3;COC1=CC2=C(C=C1OC)[C@@H]1CC3=CC4=C(C=C3[C@H]2CN1C)OCO4;COC1=C2OCOC2=CC2=C1[C@H](CC(=O)C1=CC=CC=C1)N(C)CC2;COC1=C2OCOC2=CC2=C1[C@@H](CC(=O)C1=CC=CC=C1)N(C)CC2;CN1C2=CC=CC=C2C(=O)C2=C(O)C=C3O[C@H]4[C@H](OC[C@@]4(C)O)C3=C21;COC1=CC(C2=CC(=O)C3=CC=CC(OC)=C3N2C)=CC2=C1OCO2
m_444a56,CC(C)(C)c1ccccc1S(=O)(=O)N1CCC(N)CC1;CCN(C)S(=O)(=O)NCC1(Cc2ccccc2)CCC1;C=CC1(C)CC(O)C(C(=C)C(=O)OC)C(O)C1C(=C)CO;Cc1ccc(OCC(=O)NC(c2ccccc2)C2CC2)cn1;COc1ccc(F)c(CN2CCCC(O)(CC(N)=O)C2)c1;CC(=O)NC1=CC=CC=C1CCC1=CC=CC=C1NC(C)=O;O=C(NCCCCNC(=O)C1=CC=CC=C1)C1=CC=CC=C1;O=C(CCCCC(=O)NC1=CC=CC=C1)NC1=CC=CC=C1;COC(=O)C[C@H]1CC=CC(=O)/C1=C(C)/C=C/C1=CC=CC=C1;COC(=O)[C@]12CC[C@](C)(C3=NC4=CC=CC=C4N=C31)C2(C)C;COC(=O)[C@@]12CC[C@@](C)(C3=NC4=CC=CC=C4N=C31)C2(C)C;CCCCCCCOC1=CC=C(C(=O)C2=CC=CC=C2)C=C1;CCOC(=O)CC[C@H](C(=O)C1=CC=CC=C1)C1=CC=CC=C1;CCOC(=O)CC[C@@H](C(=O)C1=CC=CC=C1)C1=CC=CC=C1;COC(=O)C1(C)CCCC2(C)C1C(=O)C=C(C)C2(O)CO;CO[C@H](CCC1=CC=CC=C1)CC(=O)CCC1=CC=CC=C1;CO[C@@H](CCC1=CC=CC=C1)CC(=O)CCC1=CC=CC=C1;CC(C)=CCC1(CC=C(C)C)CC(=O)C2=CC=CC=C2C1=O;COC1=CC=CC=C1CNC(=O)[C@@H]1CC2=CC=CC=C2CN1;COC1=CC=C(CNC(=O)[C@@H]2CC3=CC=CC=C3CN2)C=C1;COC(=O)C1=C[C@H](O)[C@@]23C[C@@H]1[C@@](C)(CO)[C@@H]2CC[C@@H]3CO;O=C(C[C@H]1C[C@H](O)C[C@@H](C2=CC=CC=C2)O1)C1=CC=CC=C1;O=C(C[C@H]1C[C@@H](O)C[C@@H](C2=CC=CC=C2)O1)C1=CC=CC=C1;O=C(C[C@@H]1C[C@H](O)C[C@@H](C2=CC=CC=C2)O1)C1=CC=CC=C1;O=C(C[C@@H]1C[C@@H](O)C[C@H](C2=CC=CC=C2)O1)C1=CC=CC=C1
m_44cb82,O=C(NC(Cc1ccccc1)C1CC1)N1CCN(C(=O)C2CC2)CC1;Cc1noc(CCCC(=O)NC2CCCCC2Cc2ccccc2)n1;COC1(c2nc(Cc3ccccc3)no2)CCN(CC=C(C)C)CC1;COC1(c2noc(C3CCN(Cc4ccccc4)CC3)n2)CCCC1;CC1CCCN(Cc2ccc(CNC(=O)NCc3ccco3)cc2)C1;O[C@@H]1C[C@@H](C2=NC(CC3=CC=CC=C3)=NO2)N(CC2CCCCC2)C1;O=C(C1CC1)N1CC2(CN(CC3=CC=CC=C3)C[C@@H]3COCCN32)C1;CN(CC1=CC=CC=C1)CC1=CC(CC2(NC3CCC3)COC2)=NO1;CC(C)NC(=O)N[C@H]1C[C@@H](CC2=NOC(C3=CC=CC=C3)=C2)C1(C)C;CC(C)NC(=O)C[C@@H]1CCNC[C@@H]1CC1=NOC(C2=CC=CC=C2)=C1;C[C@H]1C[C@@H]2[C@@H](CC(=O)N2C2CC2)[C@@H]1CNC(=O)NCC1=CC=CC=C1;CN(CC1=CC=CC=C1)CC1=CC(CC2(NCC3CC3)COC2)=NO1;O=C(OC[C@@H]1CCCN2CCCC[C@H]12)C1(C2=CC=CC=C2)CCCC1;CN1C(C[C@H]2CN(CC3CC3)CC[C@H]2CC(=O)O)=NC2=CC=CC=C21;CN1C(C[C@H]2CN(C3CCC3)CC[C@H]2CC(=O)O)=NC2=CC=CC=C21;CN(C)CC1=CC(C[C@@H]2C[C@H](NC(=O)C3=CC=CC=C3)C2(C)C)=NO1;CC(=O)N[C@H]1C[C@@H](CC2=NOC(CN(C)C3=CC=CC=C3)=C2)C1(C)C;O=C(C1=CC=CC=C1)N1C[C@@H]2COCCN2C2(C1)CN(C1CCC1)C2;COC(=O)[C@@H]1CC2=C(CN1CCCC1=CC=CC=C1)N(C(C)C)C=N2;CCCN1C=NC2=C1CN(CCCC1=CC=CC=C1)[C@H](C(=O)OC)C2;CC(C)NC(=O)[C@@H]1CC2=C(CN1C(=O)NCC1=CC=CC=C1)N=CN2;CC1(C)C[C@H](C(=O)NCC[C@H](C2=CC=CC=C2)C2=CC=CO2)CCO1;CC1(C)C[C@H](C(=O)NCC[C@@H](C2=CC=CC=C2)C2=CC=CO2)CCO1;CC1(C)C[C@@H](C(=O)NCC[C@H](C2=CC=CC=C2)C2=CC=CO2)CCO1;CC1(C)C[C@@H](C(=O)NCC[C@@H](C2=CC=CC=C2)C2=CC=CO2)CCO1
m_451ad6,CC(C)(C)n1cc(C(=O)N2CCCCC2CCC(=O)O)cn1;CCOC1CC(O)C12CCN(C(=O)Cc1cc(C)[nH]n1)CC2;CC(=O)N1CCC(NC(=O)c2conc2C(C)C)C(C)(C)C1;CCCc1cc(C(=O)N2CCOC3CCN(CC)CC32)no1;Cc1ncoc1CNC(=O)C1CCCN1C(=O)CC(C)(C)C;CCCCCC=CCCCCC=CC(=O)NC1CCOC1=O;CCCC[C@@H](O)/C=C(C)/C=C/C=C/C(=O)N1CCC[C@@H]1CO;CC[C@H]1CN(CC2=CC=C(OC)C=C2O)CC[C@H]1CC(=O)O;CC[C@@H]1CN(CC2=CC=C(OC)C=C2O)CC[C@H]1CC(=O)O;CCCCCC/C=C\CCC/C=C\C(=O)N[C@H]1CCOC1=O;CC(C)NC1(CC2=NOC(C(=O)N3CCCCC3)=C2)COC1;CC(C)[C@H](CCNC(=O)[C@H]1CCOC(C)(C)C1)C1=CC=CO1;CC(C)[C@H](CCNC(=O)[C@@H]1CCOC(C)(C)C1)C1=CC=CO1;CC(C)[C@@H](CCNC(=O)[C@H]1CCOC(C)(C)C1)C1=CC=CO1;CC(C)[C@@H](CCNC(=O)[C@@H]1CCOC(C)(C)C1)C1=CC=CO1;CC(C)[C@H](CC(=O)NCC1=CC=CO1)[C@H]1CCOC(C)(C)C1;CC(C)[C@H](CC(=O)NCC1=CC=CO1)[C@@H]1CCOC(C)(C)C1;CC(C)[C@@H](CC(=O)NCC1=CC=CO1)[C@H]1CCOC(C)(C)C1;CC(C)[C@@H](CC(=O)NCC1=CC=CO1)[C@@H]1CCOC(C)(C)C1;CCOC(=O)[C@@H](/C=N/C1=CC=NN1C1CCCCC1)C(=O)O;CCCCCCCCC[C@@H]1N=C(N)N2CCCC2=C1C(=O)O;CCCNC1(CC2=NOC(C(=O)N3CCCCC3)=C2)COC1;CC1(C)[C@]2(C(=O)N3CCC[C@H](C(=O)O)C3)CC[C@@]1(C)C(=O)C2;CC1(C)[C@@]2(C(=O)N3CCC[C@H](C(=O)O)C3)CC[C@]1(C)C(=O)C2;CCC(=O)C1=CCC[C@@H]2CC(=O)NCCCCNCCCN12
m_45d613,CCNC(=O)C1CCCN(c2ccc(C(F)(F)F)c(C#N)c2)C1;O=C(C1CC1c1ccc2c(c1)OCCO2)N1CCc2[nH]ncc2C1;Cc1nc(-c2ccccc2)sc1CN1CCn2c(C)nnc2C1;Cc1nc(NCc2cnccn2)c2c3c(sc2n1)CC(C)CC3;CC(N)C1CCCCN1C(=O)c1cccc(CS(N)(=O)=O)c1;COC1=CC=C(C(=O)C2=NCCC3=CC(OC)=C(OC)C=C23)C=C1;CC1=C(C)C2=CC3=C(C=C2O1)OC(=O)C(CC(=O)NC1CC1)=C3C;COC(=O)N1CCC2=CC(O)=C(OC)C3=C2[C@H]1CC1=CC=CC=C13;COC(=O)N1CCC2=CC(O)=C(OC)C3=C2[C@@H]1CC1=CC=CC=C13;CCOC(=O)[C@H]1CN(CC2=CC=CC=C2)C2=CC=C(C=O)C=C2O1;CCOC(=O)[C@@H]1CN(CC2=CC=CC=C2)C2=CC=C(C=O)C=C2O1;CC1=COC2=CC3=C(C=C12)C(C)=C(CC(=O)N1CCCC1)C(=O)O3;CC1=COC2=C(C)C3=C(C=C12)C(C)=C(CC(=O)NC1CC1)C(=O)O3;CC1=COC2=C1C(C)=CC1=C2C(C)=C(CC(=O)NC2CC2)C(=O)O1;CC1=CC(O)=C(C(=O)C=CC2=CC=C3CCN(C)CC3=C2)C(=O)O1;CC[C@H](NC(=O)OCC1C2=CC=CC=C2C2=CC=CC=C21)C(=O)O;CC[C@@H](NC(=O)OCC1C2=CC=CC=C2C2=CC=CC=C21)C(=O)O;COC1=CC=C2C[C@H]3C4=CC5=C(C=C4C[C@@H](C2=C1O)N3C)OCO5;COC1=CC=C2C[C@@H]3C4=CC5=C(C=C4C[C@H](C2=C1O)N3C)OCO5;CC1=CC(O)=C(C(=O)C=CC2=CC=C3C(=C2)CCCN3C)C(=O)O1;COC1=CC=C(C(=O)C[C@H](C#N)C2=CC=C(OC)C(OC)=C2)C=C1;COC1=CC=C(C(=O)C[C@@H](C#N)C2=CC=C(OC)C(OC)=C2)C=C1;COC1=CC=C(C(=O)CCC(=O)NC2=CC=CC(C(C)=O)=C2)C=C1;CC1=CC(O)=C(CN2CCCC2)C2=C1C(=O)C(=CC1=CC=CO1)O2;O=C(C1=CC=CO1)C1=COC2=CC=C(O)C(CN3CCCCC3)=C12
m_466863,CCOc1ccc(S(=O)(=O)NC2CCOc3ccc(F)cc32)cn1;CN(C(=O)c1sc2ccccc2c1CS(C)(=O)=O)C1CCNC1;CC(C)N(CC(F)F)C(=O)c1cc(C2CC2)nc2ccc(Cl)cc12;CNS(=O)(=O)c1cc(C(=O)N(Cc2cccc(F)c2)C2CC2)co1;O=C(Nc1ccc2[nH]c(=O)[nH]c2c1)c1cccnc1OCC(F)(F)F;CC(=O)OCC1=CC=C2C(=O)C3=CC(COC(C)=O)=CC=C3C(=O)C2=C1;COC(=O)CC(C1=C(O)C(=O)C2=CC=CC=C2C1=O)C1=CC=CC(O)=C1;CC(C(=O)C1=CC=C2OCOC2=C1)=C(C)C(=O)C1=CC=C2OCOC2=C1;COC(=O)CC(C1=C(O)C(=O)C2=CC=CC=C2C1=O)C1=CC=C(O)C=C1;CC(=O)OC1=CC=CC2=CC3=CC=CC(OC(C)=O)=C3C(OC(C)=O)=C12;COC1=CC=CC=C1OC1=COC2=CC(OC(=O)C3CC3)=CC=C2C1=O;COC1=CC=CC2=C1C(=O)C1=CC=C3C(=C1C2=O)C(=O)C[C@@H](CO)[C@@H]3O;CC[C@]1(O)CC(=O)C2=C(C=C(O)C3=C2C(=O)C2=CC=CC(O)=C2C3=O)C1;CC(=O)C(C)C1C2=CC3=C(C=C2C(=O)C2=CC=C4OCOC4=C21)OCO3;COC1=CC(C=CC(=O)O)=CC2=C1OC(C1=CC=CC=C1)=C2CC(=O)O;COC(=O)C1=CC=C(C=C2OC3=CC(OCC(C)=O)=CC=C3C2=O)C=C1;CCC(=O)OC1=CC=C2C(=O)C(=CC3=CC=C(C(=O)OC)C=C3)OC2=C1;COC1=CC=CC2=C1C(=O)C1=CC=C3C(=C1C2=O)C(=O)C[C@](C)(O)[C@@H]3O;COC1=CC=CC2=C1C(=O)C1=CC=C3C(=C1C2=O)C(=O)C[C@](C)(O)C3O;COC(=O)C(=C1OC(O)=C(C2=CC=C(OC)C=C2)C1=O)C1=CC=CC=C1;CC(=O)/C=C1/C=C2O[C@@H](CC(=O)O)CC3=C2C(=C2C(O)=CC=CC2=C3)O1;C[C@@H]1CC(=O)C2=C(O)C=C(CO)C=C2C2=C1C(=O)C1=C(O)C=CC=C1O2;COC1=CC=CC2=C1C(=O)C1=CC=C3C[C@@](C)(O)[C@@H](O)C(=O)C3=C1C2=O;CC(=O)[C@@H](C)[C@@H]1C2=CC=C3OCOC3=C2C(=O)C2=CC=C3OCOC3=C21;COC(=O)C=CC1=CC(OC)=C2OC(C3=CC=C4OCOC4=C3)=CC2=C1
m_4690d3,Cc1ncc(C(=O)N(C)C(C)c2ccccc2)c(C(C)C)n1;Cc1cc(CC(=O)N2CCCC2CCc2ccccc2)n[nH]1;CC(C)c1[nH]ncc1C(=O)NCC1CCCc2ccccc21;O=C(CCCC1CCCCC1)N1CCC(O)(C(=O)O)CC1;CCC1c2ccccc2CCN1C(=O)c1c(C)nn(C)c1C;CC1=CC(NC(=O)CNC2CCCCC2)=C2C=CC=CC2=N1;O=C(CC1=CC=CC=C1)C[C@H](C1=CC=CO1)N1CCCCC1;O=C(CC1=CC=CC=C1)C[C@@H](C1=CC=CO1)N1CCCCC1;CC1=CC=C(C2=NN=C([C@H]3CCN(C(=O)C4CC4)C3)O2)C=C1;O=C(NC[C@H]1CN2C(C3=CC=CC=C3)=CN=C2CO1)C1CC1;O=C(NC[C@H]1CN2C=C(C3=CC=CC=C3)N=C2CO1)C1CC1;CN1C2=NC=CC=C2CN(CC2=CC=CC=C2)CC[C@H]1CO;CN1C2=CC=CN=C2CN(CC2=CC=CC=C2)CC[C@H]1CO;CC1=CC=CC=C1[C@H]1C[C@@H](O)[C@@H](O)[C@@H]1NCC1=CC=CC=C1;CC1=CC=C([C@H]2C[C@@H](O)[C@@H](O)[C@@H]2NCC2=CC=CC=C2)C=C1;CN1N=C(C2=CC=CC=C2)C=C1[C@H]1C[N@]2CC[C@H]1C[C@@H]2CO;C/C(NC(=O)CCC1=CC=CC=C1)=C1\C(=O)C[C@@H]2[C@H]1C2(C)C;CC1=CC=C2C(=C1)C(=O)C1=C3[C@H](CC1)N(CC(N)=O)CCN32;CC1=CC=C2C(=C1)C(=O)C1=C3[C@@H](CC1)N(CC(N)=O)CCN32;C1=CC=C(C2=NN=C([C@H]3CCN(C4CCCCC4)C3)O2)C=C1;CC(C)(C)NCC(=O)NC1=C2CCCC2=NC2=CC=CC=C12;C1=CC=C(C2=CN=C3CO[C@@H](CNC4CCCC4)CN23)C=C1;CC1=CC=CC([C@H]2C[C@@H](O)[C@@H](O)[C@@H]2NCC2=CC=CC=C2)=C1;NC1=CC=C2CC(N)CN(C(=O)OCC3=CC=CC=C3)C2=C1;COC1=CC2=C(C=C1OCC1=CC=CC=C1)[C@H](C)N(C)CC2
m_471696,Cc1cc(=O)c(C(=O)N2CCN(Cc3csc(C(C)(C)C)n3)CC2)c[nH]1;COc1ccc(CCC2CCCCN2C(=O)c2cnc(C)s2)cc1OC;O=C(C1CC(=O)N(C2CCOCC2)C1)N1CCCC(Oc2cnccn2)C1;CN1CCCC1C(=O)N1CCN(Cc2ccc3c(c2)sc(=O)n3C)CC1;O=C(C1CCN(c2ccc(F)cc2)C1=O)N1CCC(N2CCNC2=O)CC1;CC(=O)OC[C@@H]1CC[C@@H]([C@@H](C)CCC=C(C)C)C2=CC(C(=O)O)=CC(O)=C21;COC(=O)C[C@@]1(C(=O)O)CCC[C@]2(C)C3=CC=C(C(C)(C)O)C=C3CC[C@@H]12;CC(=O)OC[C@]1(C)CCC[C@]2(C)C3=C(C=C(C(C)C)C(O)=C3O)C(=O)C[C@@H]12;CC(=O)OCC(C)C1=CC2=C(C(O)=C1O)[C@]1(C)CCCC(C)(C)[C@H]1CC2=O;CC(=O)O[C@@H]1CC[C@]2(C)C(CCC3=COC=C3)=C(C)C(=O)[C@@H](O)[C@H]2C1(C)C;CC(=O)OC[C@@]12C(=O)C[C@@H](C)[C@](C)(CCC3=COC=C3)[C@H]1CCC[C@]21CO1;C=C1CC[C@H]2[C@@](C)(CO)CCC[C@]2(C)[C@H]1CC1=C(O)C(=O)C(CO)=CC1=O;C=C1CC[C@H]2[C@@](C)(CO)CCC[C@@]2(C)[C@H]1CC1=C(O)C(=O)C(CO)=CC1=O;C/C(=C\CCC1=COC=C1)CC(=O)C[C@@]1(C)CC[C@H]([C@]2(C)CCC(=O)O2)O1;CCOC(=O)/C1=C/CC[C@]2(C)O[C@H]2CC/C(C)=C/[C@@H]2OC(=O)C(C)=C2CC1;CC(=O)OC[C@@]1(C)[C@H](O)CC[C@]2(C)C(CCC3=COC=C3)=C(C)C(=O)C[C@@H]12;C=C1CC[C@@H]2[C@](C(=O)OC)(CCC[C@]2(C)C(=O)OC)[C@H]1CCC1=COC=C1;CC(=O)O[C@]12C=C(C)C(=O)/C1=C\[C@](C)(O)CC[C@@H]1[C@H](C[C@H](C)C2=O)C1(C)C;CC(=O)O[C@@]12C=C(C)C(=O)/C1=C\[C@@](C)(O)CC[C@H]1[C@@H](C[C@@H](C)C2=O)C1(C)C;CC[C@H]1C#CC[C@@H](CC2=CC=C(O)C(OC)=C2)[C@@H](OC(C)=O)C[C@@H](O)CC1;CC(=O)OC1=C(O)C(C(C)C)=CC2=C1[C@@]1(C(=O)O)CCCC(C)(C)[C@@H]1CC2;COC1=CC(CC(O)C2CCCC(C3=CC=C(O)C(OC)=C3)O2)=CC=C1O;COC1=CC(C=CC(=O)CC(=O)C=CC2CCC(O)C(OC)C2)=CC=C1O;CC1(C)[C@@H]2CC[C@@](CC(=O)C3=CC(O)=CC=C3O)(C(=O)O)CC2=CC[C@@H]1O;CC(=O)OC[C@@]1(C)CCC[C@@]2(C)C1=CC(=O)[C@@H](C)[C@]2(O)CCC1=COC=C1
m_47617a,CCCn1c(=O)n(CC(O)COc2ccc(NC(C)=O)cc2)c2ccccc21;Cc1ccc2oc(N3CCC(C(C)NC(=O)CCn4cnnn4)CC3)nc2c1;Clc1ccc(C2(CNc3ccc4nnc(C5CC5)n4n3)CCOCC2)cc1;Cc1ccc(OC2CCN(C(=O)c3nnn(C4CCNCC4)c3C)CC2)cc1;CC(C)c1cc(CNS(=O)(=O)C2CCCN(C(=O)C3CCCC3)C2)on1;CN1C(=O)CC[C@H](C(=O)NC[C@@H]2CCCN3CCCC[C@H]23)[C@H]1C1=CC=CC=C1;CN1C(=O)CC[C@H](C(=O)NC[C@@H]2CCCN3CCCC[C@H]23)[C@@H]1C1=CC=CC=C1;CN1C(=O)CC[C@@H](C(=O)NC[C@@H]2CCCN3CCCC[C@H]23)[C@H]1C1=CC=CC=C1;CN1C(=O)CC[C@@H](C(=O)NC[C@@H]2CCCN3CCCC[C@H]23)[C@@H]1C1=CC=CC=C1;CN1C(=O)CCC(C(=O)NC[C@@H]2CCCN3CCCC[C@H]23)C1C1=CC=CC=C1;CC(C)N1C=CC2=C(OCC(=O)NC[C@@H]3CCCN4CCCC[C@H]34)C=CC=C21;CC[C@H](C)NC(=O)C1=C(C)C2=C3C(=O)CC4(CCC(C)CC4)OC3=CC=C2O1;CC[C@@H](C)NC(=O)C1=C(C)C2=C3C(=O)CC4(CCC(C)CC4)OC3=CC=C2O1;CC1=C[C@@H](CNC(=O)C2=CC=NC=C2)[C@H](C(C)C)C[C@H]1CC(=O)N1CCCC1;CCOC(=O)C1=CC=C(OCCCC2CCN(C3=CC=C(C)N=N3)CC2)C=C1;CC(C)[C@@H](C(=O)NC[C@@H]1CCCN2CCCC[C@H]12)N1CC2=CC=CC=C2C1=O;COC1=CC=CC=C1[C@H](CC(=O)N1CCOCC1)C1=CC=C(OC(C)C)C=C1;COC1=CC=CC=C1[C@@H](CC(=O)N1CCOCC1)C1=CC=C(OC(C)C)C=C1;CC1=NOC(C)=C1CN1CC[C@@](C)(O)[C@@H](NC(=O)C2CC2)[C@@H]1C1=CC=CC=C1;CC(C)N1C(=O)C2=CC=CC=C2C(C(=O)N(C)C)C12CCN(CC1CC1)CC2;CC1=C[C@@H](CNC(=O)C2=CC=CC=N2)[C@H](C(C)C)C[C@H]1CC(=O)N1CCCC1;COC1=CC2=C(C=C1OC)C(NC(=O)CCC1=CC=C(OC(C)C)C=C1)CC2;CN(C[C@@H]1CCCN2CCCC[C@H]12)C(=O)C1CC(=O)N(C)C1C1=CC=CC=C1;COC1=CC=C2C(=C1)C(C(=O)NC[C@@H]1CCCN3CCCC[C@H]13)=CN2C(C)C;CC1=C[C@@H](CNC(=O)C2=CC=CN=C2)[C@H](C(C)C)C[C@H]1CC(=O)N1CCCC1
m_478c2e,COc1ccnc(N2CCN(C(=O)CNCC(F)(F)F)CC2)c1;COCC(N)C(=O)Nc1ccc(OCc2noc(C3CC3)n2)cc1;CC(=O)N1CCCC(NC(=O)c2cc(C(F)(F)F)n(C)n2)CC1;O=C(O)CCC1CCCCN1C(=O)Cn1nc2ccccn2c1=O;O=C(CCNCC(F)(F)F)N1CCCC1c1noc(C2CC2)n1;COC(=O)[C@]1(C)CCC[C@@]2(C)C3=CC=CC=C3[C@](O)(C(=O)OC)[C@@H]12;COC(=O)C[C@@]1(C(=O)O)CCC[C@]2(C)C3=CC=C(O)C=C3CC[C@@H]12;COC(=O)[C@H]1C2=CC(O)=CC=C2[C@]2(C)CCC[C@@](C)(C(=O)OC)[C@@H]12;CC(=O)O[C@H]1C(=O)C2=C(C)C=CC(C)=C2C[C@@H]1C(C)(C)OC(C)=O;CC1=CC=C2CN(C(=O)CCC(=O)O)CC[C@H]3COC(=O)N3C2=C1;C[C@@]1(C(=O)O)CCC[C@@]2(C)C3=CC(C(=O)O)=CC=C3[C@H](C(=O)O)[C@@H]12;COC1=C(CC2=CC=CC=C2)C(C(=O)O)=C(OC)C(OC)=C1OC;C[C@@H]1C[C@@H](O)C2=C(CO)CCC[C@@H]2[C@@]12C[C@H](C1=COC=C1)OC2=O;C[C@@H]1C[C@@H](O)C2=C(CO)CCC[C@@H]2[C@@]12C[C@@H](C1=COC=C1)OC2=O;C[C@@H]1CC=C2[C@H](CCC[C@@]2(O)CO)[C@@]12C[C@@H](C1=COC=C1)OC2=O;CN1CCC2=C(CNC(=O)C3CCC3)C3=C(OCO3)C(O)=C2C1=O;COC1=CC=C(C(=O)OCC=C(C)CC(=O)C=C(C)C)C=C1OC;C[C@@]12CCCC3(OC1=O)[C@@H]1CC[C@@H]4C[C@]1(C[C@]41CO1)[C@@H](C(=O)O)[C@@H]32;C=C(C)[C@H]1OC2=CC=C(C(C)=O)C=C2[C@@H]1OC(=O)C[C@](C)(O)CC;CC(C)(O)C(O)CC1=C(O)C=C(O)C(C(=O)C2=CC=CC=C2)=C1O;COC(=O)C1=CC=C(OCCC(C)=CC(=O)C=C(C)C)C(OC)=C1;COC(=O)C1=CC=C(OCC=C(C)CC(=O)C=C(C)C)C(OC)=C1;CCCC(=O)O[C@H]1CC(C)=C2C(=O)C=C(C)[C@@H]2[C@H]2OC(=O)[C@@H](C)[C@@H]21;CC1(C)C2CCC1(C)C(O)(C1=CC(O)=C(O)C=C1C=CC(=O)O)C2;C=C1[C@H]2C(=C(COC(=O)C(C)C)CC[C@H]3C(=C)C(=O)O[C@H]23)C[C@@H]1O
m_47ae67,COc1cc(CNC(=O)N2CCN(C(C)c3nc(C)no3)CC2)ccn1;CC(C1CC1)n1cc(NC(=O)N2CCCN(c3nccs3)CC2)cn1;CC1NC(C(=O)N2CCC(OCCO)CC2)=NN(c2ccccc2)C1=O;COC(C)(C(=O)NC1CCc2nc(C(C)C)nn2C1)c1ccccc1F;O=C1CCCC(C(=O)NCC2CC3c4ccccc4C2c2ccccc23)N1;COC(=O)C1=C[C@]23C=C(C)CC[C@@H]2[C@]2(C)[C@H]1C(=O)[C@@H](C(C)C)C[C@]2(O)O3;COC(=O)C1=C[C@]23C=C(C)CC[C@@H]2[C@]2(C)[C@H]1C(=O)[C@@H](C(C)C)C[C@@]2(O)O3;COC(=O)C1=C[C@@]23C=C(C)CC[C@H]2[C@@]2(C)[C@@H]1C(=O)[C@H](C(C)C)C[C@]2(O)O3;COC(=O)C1=C[C@@]23C=C(C)CC[C@H]2[C@@]2(C)[C@@H]1C(=O)[C@H](C(C)C)C[C@@]2(O)O3;COC(=O)/C1=C/C(=O)/C=C(\C)CC/C=C(\C)C(=O)C[C@@H](C(C)C)C(=O)C1;COC(=O)/C1=C/C(=O)/C=C(\C)CC/C=C(/C)C(=O)C[C@H](C(C)C)C(=O)C1;COC(=O)/C1=C/C(=O)/C=C(\C)CC/C=C(/C)C(=O)C[C@@H](C(C)C)C(=O)C1;COC(=O)[C@]1(C)[C@@H]2C=CC3=CO[C@@H](OC(=O)CC(C)C)[C@@H]4CC[C@@H]1[C@]34C2;CC(=O)OC(CCCCC1=CC=CC=C1)CC(O)CC1CC=CC(=O)O1;CC(=O)OC(CC(O)CCCCC1=CC=CC=C1)CC1CC=CC(=O)O1;COC(=O)C1=CCC[C@@H]2[C@@](CCC3=COC=C3)(C(=O)O)[C@H](C)CC[C@@]12C;C=C1CC[C@H]2[C@@]3(C)[C@@H]4C(=O)[C@H](C(C)C)C[C@@]3(O)O[C@]2(C=C4C(=O)OC)C1;C=C1CC[C@@H]2[C@]3(C)[C@H]4C(=O)[C@@H](C(C)C)C[C@]3(O)O[C@]2(C=C4C(=O)OC)C1;C=C1CC[C@@H]2[C@]3(C)[C@H]4C(=O)[C@@H](C(C)C)C[C@]3(O)O[C@@]2(C=C4C(=O)OC)C1;C=C1CC[C@@H]2[C@]3(C)[C@H]4C(=O)[C@@H](C(C)C)C[C@@]3(O)O[C@@]2(C=C4C(=O)OC)C1;COCCN1CC[C@H]2CN(C(=O)COC3=CC=CC=C3)CC[C@H]2CC1=O;COCC(=O)N[C@H]1[C@H](C2=CC=CC=C2)N(C(=O)C2CCC2)CC[C@@]1(C)O;CC(C)CN1C(=O)CO[C@H](C2=CC=C(NC(=O)C3CCC3)C=C2)[C@H]1CO;CO[C@H]1OC(=O)C2=CC=C([C@@]3(C)CCCC(C)(C)C3)C([C@@H](C)C(=O)O)=C21;COC(=O)/C1=C\CCC2=C[C@@H](C/C(C)=C/C=C(/C(C)C)C[C@@H]1O)OC2=O
m_47e099,CN1CCN(C)CCN(Cc2nnnn2-c2ccc(Cl)cc2C(F)(F)F)CC1;CC(C)c1ncc(C(=O)N2CCCC(n3ncc(N4CCOCC4)cc3=O)C2)s1;CC1CC(C)CN(S(=O)(=O)c2cccc(C(=O)NCc3nnc4n3CCC4)c2)C1;CCC(CO)N1CCN(S(=O)(=O)c2cccc(C(=O)Nc3ccccc3)c2)CC1;CCOC(=O)C(CCc1ccccc1)NC1CCCN2CCCC(C(=O)O)N2C1=O;CC(=O)NC1=CC=C2OCCOCCOC3=CC=CC=C3OCCOCCOC2=C1;COC(=O)CC(C1=CC=C(OC)C(O)=C1)C1=C(O)C(=O)C=C(CN2CCCCC2)O1;COC(=O)CC(C1=CC=C(O)C(OC)=C1)C1=C(O)C(=O)C=C(CN2CCCCC2)O1;C[C@H]1CCCN(CC2=C(O)C=CC3=C2OC(=O)C=C3C2=CC3=CC=CC=C3OC2=O)C1;C[C@@H]1CCCN(CC2=C(O)C=CC3=C2OC(=O)C=C3C2=CC3=CC=CC=C3OC2=O)C1;O=C(NC1=CC=C([C@@H](O)[C@H]2COCC(=O)N2CC2=CC=NC=C2)C=C1)C1=CC=CC=C1;COC1=CC=CC(C[C@H](NC(=O)OCC2C3=CC=CC=C3C3=CC=CC=C32)C(=O)O)=C1;COC1=CC=CC(C[C@@H](NC(=O)OCC2C3=CC=CC=C3C3=CC=CC=C32)C(=O)O)=C1;O=C(NC1=CC=C([C@@H](O)[C@H]2COCC(=O)N2CC2=CC=CC=N2)C=C1)C1=CC=CC=C1;CC(C)CCN1C=NC2=CC=C(NC(=O)CN3C=NC4=CC=CC=C4C3=O)C=C2C1=O;COC(=O)[C@H](CC1=CC=CC=C1)N1C(=O)N2CCC3=C(NC4=CC=CC=C34)[C@@]2(C)C1=O;CC(=O)NC1=CC=C(C2=CC=C3[C@@H]4C[C@@H](CN(C(=O)C5=CC=CO5)C4)CN3C2=O)C=C1;CC(=O)NC1=CC=C(C2=C3[C@@H]4C[C@@H](CN(C(=O)C5=CC=CO5)C4)CN3C(=O)C=C2)C=C1;O=C(NC1=CC=C([C@H]2OCC(=O)N(CC3=CC=CC=C3)[C@@H]2CO)C=C1)C1=CC=CC=N1;COC1=CC=CC=C1C[C@H](NC(=O)OCC1C2=CC=CC=C2C2=CC=CC=C21)C(=O)O;COC1=CC=CC=C1C[C@@H](NC(=O)OCC1C2=CC=CC=C2C2=CC=CC=C21)C(=O)O;COC1=CC=C(C[C@H](NC(=O)OCC2C3=CC=CC=C3C3=CC=CC=C32)C(=O)O)C=C1;COC1=CC=C(C[C@@H](NC(=O)OCC2C3=CC=CC=C3C3=CC=CC=C32)C(=O)O)C=C1;O=C(NC1=CC=C([C@@H](O)[C@H]2COCC(=O)N2CC2=CC=CN=C2)C=C1)C1=CC=CC=C1;O=C(NC1=CC=C([C@@H](O)[C@H]2COCC(=O)N2CC2=CC=CC=C2)C=C1)C1=CC=CN=C1
m_48bfe1,COc1cc(C)c(S(=O)(=O)N2CCc3cnccc32)cc1OC;CC1CCS(=O)(=O)CCN1C(=O)c1cccc2ccc(O)nc12;NC(=O)N1CCCN(S(=O)(=O)c2cccc3cnccc23)CC1;C=CCNS(=O)(=O)c1ccc(C(=O)NCc2nccn2C)cc1;CCn1cc(C(=O)Nc2cccc3c2CCN3S(C)(=O)=O)cn1;CC(=O)O[C@H]1[C@@H](C)CC(O)=C2C(=O)C3=C(O)C=CC=C3OC[C@]21O;COC(=O)C[C@H]1C[C@H]2C(=O)C3=CC=CC(O)=C3C(=O)[C@]2(O)[C@H](C)O1;COC(=O)C[C@@H]1C[C@@H]2C(=O)C3=CC=CC(O)=C3C(=O)[C@@]2(O)[C@@H](C)O1;COCC1=CC(=O)C(O)=C(C(CC(=O)OC)C2=CC=CC(O)=C2)O1;CC(=O)O[C@@H]1C=CC[C@@](O)(OC(=O)C2=CC=CC=C2)[C@H]1OC(C)=O;C=C1C(=O)O[C@H]2/C=C(/C)[C@@H](O)C[C@H](OC(C)=O)C3=C[C@@H](OC3=O)[C@H]12;CC(=O)O[C@H]1[C@@H](C)CC(=O)C2=C(O)C3=C(O)C=CC=C3OC[C@]21O;CC(=O)O[C@H]1[C@@H](C)CC(=O)C2=C(O)C3=C(O)C=CC=C3O[C@]21CO;CCC1=CC=C2C(O)=C3C(=O)C4=C(O)C=CC=C4C(=O)C3=C(O)C2=C1;COC1=C(OC)C(=O)C2=C(C=C3C(=C2O)C[C@@H](C)[C@H](O)[C@H]3O)C1=O;C=C1C(=O)O[C@H]2/C=C(/CO)CC[C@H](OC(C)=O)C3=C[C@@H](OC3=O)[C@H]12;C=C1C(=O)O[C@@H]2C=C(CO)CC[C@H](OC(C)=O)C3=C[C@@H](OC3=O)[C@@H]12;C=C1C(=O)O[C@@H]2C=C(CO)CC[C@@H](OC(C)=O)C3=C[C@@H](OC3=O)[C@@H]12;C=C1C(=O)O[C@@H]2/C=C(/CO)CC[C@H](OC(C)=O)C3=C[C@@H](OC3=O)[C@@H]12;COC1=CC=CC(C(=O)OC2=CC=C(OCC3=CC=CC=C3)C=C2)=C1;O=C(O)[C@H]1O[C@@H](OCC2=CC=CC3=CC=CC=C23)[C@H](O)[C@@H](O)[C@@H]1O;COC1=C(O)C=C(O)C(C(=O)[C@H](CO)[C@H](O)C2=CC=CC=C2)=C1O;CCC1=CC(O)=C2C3=C(C(=O)C4=C(O)C=CC=C4C3=O)C(O)=CC2=C1;C=C1C(=O)O[C@H]2C[C@]3(C)O[C@H]3C[C@H](OC(C)=O)C3=C[C@@H](OC3=O)[C@@H]12;C=C1C(=O)O[C@H]2C[C@]3(C)O[C@H]3C[C@@H](OC(C)=O)C3=C[C@@H](OC3=O)[C@H]12
m_4b55af,Cc1cc(C)c(C(=O)N2CC(O)CC2c2cccc(F)c2)[nH]1;Cc1cc(C)n2nc(C)c(C(=O)N3CCC(C(=O)O)C3)c2n1;CC(C)n1cc(NC(=O)NCc2cccc(C(=O)O)c2)cn1;N#Cc1cncnc1N1CCC(C2CCC(C(=O)O)O2)CC1;Cc1nc(O)ccc1C(=O)NC1CCOC1c1cnn(C)c1;CC(C)C(=O)N[C@H]1CCC(=O)N(CCC2=CC=CC=C2)C1=O;CC(C)(O)C(=O)N[C@H]1CCCN1C(=O)/C=C/C1=CC=CC=C1;CC(C)(O)C(=O)N[C@@H]1CCCN1C(=O)/C=C/C1=CC=CC=C1;CC1=CC(C(=O)N2CCOC[C@H](OC3=CC=CC=C3)C2)=NO1;CC1=CC(C(=O)N[C@H]2[C@H](O)[C@H](O)C[C@@H]2C2=CC=CC=C2)=NO1;CC1=CC2=CC=CC=C2N1CC(=O)N[C@@H](CC(C)C)C(=O)O;CC1=C[C@H]2C3=C(O)C=C(C)C(C(=O)O)=C3OC(C)(C)[C@H]2CC1;CC1=CC2=C(C(O)=C1C(=O)O)C1C3C(CCC3(C)O2)C1(C)C;CC1=C(C(=O)O)C(O)=CC2=C1C1C3C(CCC3(C)O2)C1(C)C;CC1(C)C[C@]2(C)C[C@H]1C[C@@H]2OC(=O)C1=CC=CC=C1C(=O)O;CC1(C)C[C@@]2(C)C[C@@H]1C[C@@H]2OC(=O)C1=CC=CC=C1C(=O)O;CC[C@@H](C)[C@H](NC(=O)CN1C(C)=CC2=CC=CC=C21)C(=O)O;COC(=O)[C@H]1C2=CC=CC=C2[C@]2(C)CCC[C@@](C)(C(=O)O)[C@@H]12;COC(=O)C1=CC=CC2=C1OC([C@H]1CCN(CC(C)C)C1)=N2;CC(C)(C)C(=O)N1CC2(CC(=O)N(CC3=CC=CC=C3)O2)C1;CC(C)CC(=O)N1CC[C@H]2COC(=O)N2C2=CC=CC=C2C1;CC(=O)O[C@H]1CCN2C[C@H]3C[C@H](CN4C3=CC=CC4=O)[C@H]2C1;CC(=O)O[C@@H]1CCN2C[C@H]3C[C@H](CN4C3=CC=CC4=O)[C@H]2C1;CC(=O)O[C@@H]1CCN2C[C@@H]3C[C@@H](CN4C3=CC=CC4=O)[C@H]2C1;CC(=O)O[C@@H]1CCN2CC3CC(CN4C3=CC=CC4=O)[C@H]2C1
m_4b86b5,CC(C1CC1)N(C)C(=O)Cc1cc(Cl)c2c(c1)OCCCO2;O=C(O)CCC(=O)OCCC(NCCc1ccccc1)C(=O)O;O=C(CCNC(=O)c1coc2ccccc12)NCc1ccccn1;Cc1ccc2[nH]nc(C(=O)NC(Cc3ccccc3)C(=O)O)c2c1;Cc1ccc(C)c2c(C)c(C(=O)N3CCC(O)(C(F)F)C3)oc12;CC(=O)NCC1=CC=CC=C1C(C1=CC=C(C)O1)C1=CC=C(C)O1;C[C@H](O)C1=C(C(=O)NCC2=CC=NC=C2)C(C2=CC=CC=C2)=NO1;C[C@H](CC(=O)N1C(=O)OC[C@@H]1CC1=CC=CC=C1)C1=CC=CC=C1;C[C@@H](CC(=O)N1C(=O)OC[C@@H]1CC1=CC=CC=C1)C1=CC=CC=C1;O=C1CC[C@H](C(=O)NCCC(C2=CC=CC=C2)C2=CC=CC=C2)O1;O=C1CC[C@@H](C(=O)NCCC(C2=CC=CC=C2)C2=CC=CC=C2)O1;COC1=CC=C(CCNC(=O)C2=CC3=CC=CC=C3OC2=O)C=C1;COC1=CC=C(CCC(=O)NC2=CC(=O)OC3=CC=CC=C23)C=C1;COC1=CC=CC2=C1OC(=O)C(C(=O)NCCC1=CC=CC=C1)=C2;COC1=CC=C2OC(=O)C(C(=O)NCCC3=CC=CC=C3)=CC2=C1;CC1=CC(=O)OC2=CC(OCC(=O)NCC3=CC=CC=C3)=CC=C12;C[C@H](O)C1=C(C(=O)NCC2=CC=CN=C2)C(C2=CC=CC=C2)=NO1;COC1=CC=C(CC(=O)NCC2=NC(C3=CC=CC=C3)=NO2)C=C1;COC1=CC=C(C2=NOC(CNC(=O)CC3=CC=CC=C3)=N2)C=C1;COC1=CC=C(C2=NC(CNC(=O)CC3=CC=CC=C3)=NO2)C=C1;COC1=CC=C(C(=O)NCC2=NOC(CC3=CC=CC=C3)=N2)C=C1;CC1=C(C2=CC=CC=C2)OC2=C(C(=O)NCCO)C=CC=C2C1=O;C[C@H](O)C1=C(C(=O)NCC2=CC=CC=N2)C(C2=CC=CC=C2)=NO1;CC(C)[C@H](C(=O)NC1=CC=NC=C1)N1C(=O)C2=CC=CC=C2C1=O;CC(C)[C@@H](C(=O)NC1=CC=NC=C1)N1C(=O)C2=CC=CC=C2C1=O
m_4bb17c,OC1(Cc2nc(C3CC3)no2)CCCN(CCn2cncn2)C1;Cn1c(CN2CCCCC2Cn2cncn2)cc(=O)n(C)c1=O;CC1CCN(C(=O)N2CCN(S(=O)(=O)N(C)C)CC2)CC1;COc1ccccc1OCCN1CCC(O)(Cn2ccnn2)C1;CC1CCCCN(C(=O)c2cc(N3CCCC3=O)ccc2F)C1;CC(C)COC(=O)C1=CC=CC=C1C(=O)OCC1CCCCC1;CN1C(=O)CO[C@H](C2=CC=C(NC(=O)C3CCC3)C=C2)[C@H]1CO;CCOC(=O)CCNC(=O)[C@H]1CCCN1C(=O)C1=CC=CC=C1;O=C(OC[C@@H]1CCCN2CCCC[C@H]12)C1=CC=C([N+](=O)[O-])C=C1;CC(=O)C1=C[C@@]2(C)C(=CC1=O)CC[C@H](OC(=O)CC(C)C)[C@@H]2C;O=C1CC(CC(=C2C(=O)CCCC2=O)N2CCCC2)CC(=O)N1;O=C(NC1=CC=CC=C1)[C@H]1O[C@H](CCN2CCCC2)CC[C@@H]1O;C[C@]12CCC(=O)C=C1CC[C@H]1[C@H]3CCC(=O)[C@@]3(CO)CC[C@@]12O;CN1C(=O)COC[C@@H]1[C@H](O)C1=CC=C(NC(=O)C2CCC2)C=C1;CC12CCC3C(C(O)CC4=CC(=O)CCC43C)C1CCC(=O)O2;CC(=O)NC1=CC=C([C@@H](O)[C@H]2COCC(=O)N2CC2CC2)C=C1;C[C@]12CCC(=O)C=C1CC[C@@H]1[C@]2(O)CC[C@]2(C)C(=O)CC[C@@]12O;C[C@]12CC(=O)O[C@](C)(CO)[C@H]1CC[C@@]1(C)C3=COC=C3CC[C@H]21;C[C@]12CC(=O)O[C@](C)(CO)C1CC[C@@]1(C)C3=COC=C3CCC21;C[C@]12CC(=O)O[C@@](C)(CO)[C@@H]1CC[C@@]1(C)C3=COC=C3CC[C@H]21;C[C@]12CC(=O)O[C@@](C)(CO)C1CC[C@@]1(C)C3=COC=C3CCC21;CC1=CC(=O)C2=C(C)CCC[C@]2(C)[C@@]12CC[C@@](C)(CC(=O)O)O2;CC1=CC2=C(C=C1O)C(CN1CCN(CCO)CC1)=CC(=O)O2;CC1=CC(O)=C2C(CN3CCN(CCO)CC3)=CC(=O)OC2=C1;C[C@]12CCC[C@@](C)(C(=O)O)[C@H]1CC=C1C/C(=C/C(=O)O)CC[C@H]12
m_4bc064,Cc1cnc(C(=O)NC2CC(C(=O)O)c3ccccc32)cn1;CC(C)C1(S(=O)(=O)NCc2ccc(C(=O)O)cc2)CC1;CC(C)COC1CCN(C(=O)c2ccc(C(=O)O)s2)C1;Cc1ccc(O)c(C(=O)N2CCC(C)S(=O)(=O)CC2)c1;Cc1nccnc1C(=O)N1CCc2ccccc2C1C(=O)O;COC1=CC2=C(C=C1OC)CN(C(=O)C1=CC=CC=C1)CC2;CC1=CC=CC=C1[C@H]1CCCN1C(=O)C1=CC=C(O)C=C1O;CC1=CC=C2C(=C1)[C@H](O)[C@H](O)[C@@H](C)N2C(=O)C1=CC=CC=C1;CC1=CC=C2C(=C1)[C@H](O)[C@@H](O)[C@@H](C)N2C(=O)C1=CC=CC=C1;CC1=CC=C2C(=C1)[C@@H](O)[C@H](O)[C@@H](C)N2C(=O)C1=CC=CC=C1;CC1=CC=C2C(=C1)[C@@H](O)[C@@H](O)[C@@H](C)N2C(=O)C1=CC=CC=C1;CC1=CC=C2C(=C1)C(O)C(O)[C@@H](C)N2C(=O)C1=CC=CC=C1;CCOC(=O)[C@H]1CN(CC2=CC=CC=C2)C2=CC=CC=C2O1;CCOC(=O)[C@@H]1CN(CC2=CC=CC=C2)C2=CC=CC=C2O1;O=C(O)[C@H]1[C@H](C(=O)N2CCC3=CC=CC=C3C2)[C@H]2C=C[C@H]1C2;O=C(O)[C@H]1[C@@H](C(=O)N2CCC3=CC=CC=C3C2)[C@H]2C=C[C@H]1C2;O=C(O)[C@@H]1[C@H](C(=O)N2CCC3=CC=CC=C3C2)[C@H]2C=C[C@H]1C2;O=C(O)[C@@H]1[C@@H](C(=O)N2CCC3=CC=CC=C3C2)[C@H]2C=C[C@H]1C2;CN1C(=O)[C@@H](O)[C@H](C2=CC=CC=C2)[C@H](C2=CC=CC=C2)[C@H]1O;O=C1OC[C@H](O)N1C(=O)C(C1=CC=CC=C1)C1=CC=CC=C1;CC(=O)OC1=CC=C(N2C(=O)[C@H]3[C@H](C2=O)[C@@H]2C=C[C@@H]3C2)C=C1;CC(=O)OC1=CC=C(N2C(=O)[C@@H]3[C@H](C2=O)[C@@H]2C=C[C@H]3C2)C=C1;CC(=O)OC1=CC=C(N2C(=O)[C@@H]3[C@H](C2=O)[C@@H]2C=C[C@@H]3C2)C=C1;CC(=O)OC1=CC=C(N2C(=O)[C@@H]3[C@@H](C2=O)[C@H]2C=C[C@@H]3C2)C=C1;O=C(N[C@H]1[C@H](O)[C@H](O)C[C@@H]1C1=CC=CC=C1)C1=CC=CC=C1
m_4fb975,O=C(NCc1cccc2c1OCO2)N1CCCC(CN2CCCCCC2)C1;CCN1CCCCC1C(=O)N1CCOC(c2ccnc(N3CCCC3)n2)C1;CCN1CCC(N2CCC(C(=O)NCc3ccc(COC)cc3)CC2)CC1;CN1CCN(CC2(C)CCN(S(=O)(=O)CC3CCCCO3)CC2)CC1;Cc1cc(NC(=O)N(C)C2CCCCC2N(C)C2CCN(C)CC2)ccn1;COC1=CC=C(C2(C(=O)N3CC[C@@]4(O)CCCC[C@H]4C3)CCOCC2)C=C1;CN(C[C@@H]1CCCN2CCCC[C@H]12)C(=O)NC1=CC=C2OCCCOC2=C1;CN(C[C@@H]1CCCN2CCCC[C@H]12)C(=O)NCC1COC2=CC=CC=C2O1;COC1=CC=C(C=CC(=O)NC2CCCCCCCCCCC2)C=C1OC;CCOC(=O)C1=CC=C(NC(=O)N(C)C[C@@H]2CCCN3CCCC[C@H]23)C=C1;O=C(O)C[C@@H]1CCN(C(=O)NC2=CC=CC=C2)C[C@@H]1CCN1CCCCC1;CC(=O)N[C@H]1[C@H](C2=CC=CC=C2)N(C(=O)NC2CCCCC2)CC[C@@]1(C)O;CC(=O)N1CCCN(C[C@@H]2OC[C@H](NC3CC4=CC=CC=C4C3)[C@H]2O)CC1;O=C(NC1CC1)[C@H]1O[C@H](CCN2CCN(C3=CC=CC=C3)CC2)CC[C@@H]1O;CC[C@H]1CN(C(=O)N2CCOCC2)CC[C@H]1CC(=O)NCC1=CC=CC=C1;CC(=O)N1CC[C@@H](CC(=O)O)[C@@H](CCN2CCN(C3=CC=CC=C3)CC2)C1;COC1=CC(/C=C/C(=O)N2CC[C@@]3(O)CCCC[C@H]3C2)=CC=C1OC(C)C;CC1=CC(OCC(=O)O)=C(C)C2=C1CC[C@@H]([C@H](C)C(=O)NC1CCCC1)C2;CC1=CC(OCC(=O)O)=C(C)C2=C1CC[C@@H]([C@H](C)C(=O)N1CCCCC1)C2;CN(C[C@@H]1CCCN2CCCC[C@H]12)C(=O)[C@H]1CC(=O)N(CC2=CC=CO2)C1;CNCCCCCCC=CC(=O)CCC1=CC=C(O)C(OC2CCCC2)=C1;CCN(CC)C(=O)[C@@H]1CCC[C@@H](NC(=O)C2=CC=CC=C2)CN(C)C(=O)C1;CC1=C[C@H](C)[C@]2(COC(=O)NC(C)C)CO[C@H](C3=CC=CC=C3O)[C@@H]1[C@H]2C;CC1=C[C@H](C)[C@]2(COC(=O)NC(C)C)CO[C@@H](C3=CC=CC=C3O)[C@@H]1[C@H]2C;CC1=C[C@@H](C)[C@]2(COC(=O)NC(C)C)CO[C@H](C3=CC=CC=C3O)[C@H]1[C@H]2C
m_517c87,COc1cccc(CCC(=O)Nc2ccccc2-c2nncn2C)c1;Cc1nc2c(cc1C(=O)NCc1ccc3c(c1)COC3)c(C)nn2C;C=CC1(C)CCC(C(=C)C)C(c2c[nH]c3ccccc23)C1N=C=S;O=C(CN1CCC(Oc2ccccc2Cl)CC1)NCC1CCC1;Cc1cc(C)c(NC(=O)C(C)N2C3CCC2CC(O)C3)c(Cl)c1;CC1=C(C(=O)OCC2=CC=CC=C2)[C@H](C2=CC=CC=C2)NC(=O)N1C;CC1=C(C(=O)OCC2=CC=CC=C2)[C@@H](C2=CC=CC=C2)NC(=O)N1C;O=C(N[C@H]1CCC(=O)N(CCC2=CC=CC=C2)C1=O)C1=CC=CC=C1;C=CC(=O)N1C2=CC=CC=C2CCC2=CC=C(NC(=O)OCC)C=C21;CC1=CC=C2C(=C1)C=C(C(=O)N[C@@H](CC1=CC=CC=C1)C(=O)O)N2C;CC1=CC=C2CN(C(=O)C3=CC=CC=C3)CC[C@H]3COC(=O)N3C2=C1;COC(=O)C1=CC=CC2=C1OC([C@H]1CCN(CC3=CC=CC=C3)C1)=N2;CC1=CC=CC(C(=O)N2CC3(CC(=O)N(CC4=CC=CC=C4)O3)C2)=C1;COC(=O)[C@H](CC1=CC=CC=C1)NC(=O)C1=CC2=CC=CC=C2N1C;CC1=CC=CC=C1[C@H]1C[C@@H](O)[C@@H](O)[C@@H]1NC(=O)C1=CC=CC(C#N)=C1;CC1=CC=CC=C1C(=O)N1CC2(CC(=O)N(CC3=CC=CC=C3)O2)C1;CN1C(=O)[C@@H]2C[C@@H](CN2C(=O)CC2=CC=CC=C2)OC2=CC=CC=C21;CC1=CC=CC=C1[C@H]1C[C@@H](O)[C@@H](O)[C@@H]1NC(=O)C1=CC=C(C#N)C=C1;CC(=O)N1C[C@@H]2C[C@H]1C(=O)N(CC1=CC=CC=C1)C1=CC=CC=C1O2;CC1=CC=CC(NC(=O)C2C(=O)N[C@@]3(C)C[C@H]2C2=CC=CC=C2O3)=C1;CC1=CC=C2OC([C@H]3CCN(CC4=CC=C(C(=O)O)C=C4)C3)=NC2=C1;O=C(CCN1C=CC2=CC=CC=C21)N[C@@H](CC1=CC=CC=C1)C(=O)O;COC1=CC=C(NC(=O)CC2=CC=C(N3C=CC=C3)C=C2)C=C1OC;COC1=CC=C(C(=O)NCC2=CC=C(N3C=CC=C3)C=C2)C=C1OC;O=C(CC1=CC=CC=C1)N1CC[C@H]2COC(=O)N2C2=CC=CC=C2C1
m_53dfe2,Cc1ccccc1CS(=O)(=O)NC1(CN)CCCC1;CNCC1CCN(S(=O)(=O)c2cc(C)ccc2C)C1;Cc1ccc(S(=O)(=O)NCC2CCCNC2)c(C)c1;Cc1ccc(C)c(S(=O)(=O)NCCC2CCNC2)c1;CC(NC(=O)C1CCc2cccc(O)c21)c1ccncc1;CC[C@@H](C)C(=O)OC[C@](O)(CO)C1=CC=C(C)C=C1O;C[C@@]1(O)C(=O)C=C2C[C@@H](CO)CC[C@@H]2[C@H]1C(=O)CCO;CC1=C[C@@H](O)[C@@H](O)[C@]2(C)CC[C@@H]3[C@H](OC(=O)[C@]3(C)O)[C@H]12;CC1=C[C@@H](O)[C@@H](O)[C@]2(C)CC[C@@H]3[C@H](OC(=O)[C@]3(C)O)[C@@H]12;CC(C)[C@H]1CCC(CO)=C[C@@H]1/C=C(\CC(=O)O)C(=O)O;C[C@@]1(CO)[C@@H]2C[C@@]3([C@H](CO)CC[C@@H]13)[C@@H](O)C=C2C(=O)O;C[C@H]1[C@H](O)CCC2=CC(=O)[C@]3([C@@](C)(O)CO)O[C@@H]3[C@@]21C;C[C@H]1[C@H](O)CCC2=CC(=O)[C@]3(C(C)(O)CO)O[C@@H]3[C@@]21C;CC1=CC[C@@H]([C@](C)(O)C/C=C/[C@@H](CO)C(=O)O)CC1=O;CC(C)CC[C@H](O)[C@](C)(O)C1=CC=C(C(=O)O)C=C1O;CC(C)CC[C@H](O)[C@@](C)(O)C1=CC=C(C(=O)O)C=C1O;CC(C)CC[C@@H](O)[C@](C)(O)C1=CC=C(C(=O)O)C=C1O;CC(C)CC[C@@H](O)[C@@](C)(O)C1=CC=C(C(=O)O)C=C1O;CC(=O)OC1CC(=O)C(=O)C(C)=CC(C)(C)C(C)(O)C1;C[C@H]1[C@H](O)CCC2=CC(=O)C(=C(CO)CO)C(O)[C@@]21C;CC(C)C(O)CC[C@](C)(O)C1=CC=C(C(=O)O)C=C1O;C[C@]12CC[C@@H]3[C@@H](OC(=O)[C@@]3(C)O)[C@@H]1[C@](C)(O)C=C[C@H]2O;C[C@]12CC[C@@H]3[C@@H](OC(=O)[C@@]3(C)O)[C@@H]1[C@@](C)(O)C=C[C@H]2O;C[C@@]12CC[C@@H]3[C@H](OC(=O)[C@]3(C)O)[C@@H]1[C@](C)(O)C=C[C@@H]2O;C=C1CC[C@H](C(C)C)[C@@H](/C=C(\CC(=O)O)C(=O)O)[C@@H]1O
m_55fde0,Cc1cc(C)cc(-c2cc(NC(=O)c3ccc(NC(N)=O)cc3)n[nH]2)c1;CN(C)C(=O)c1cccc(NC(=O)Cn2ccc(=O)c3ccccc32)c1;CC(C)(CNC(=O)Cn1ccc(=O)c2sccc21)N1CCOCC1;Cc1cc(NC(=O)c2cccc(CN)c2)ccc1NC(=O)c1ccco1;CC(=O)NCC(NC(=O)c1c[nH]c(=O)c2ccccc12)c1ccccc1;CC(=O)C1=CN(CCC(=O)NC2=CC=C(C(N)=O)C=C2)C2=CC=CC=C12;CC1=CC=C(C(=O)C2=C(C)C3=CC=C(NC(=O)C(C)(C)C)C=C3O2)C=C1;CC1=CC=C(C(=O)C2=C(C)C3=CC(NC(=O)C(C)(C)C)=CC=C3O2)C=C1;CCC(=O)NC1=C(C(=O)CC2=C(C)C=C(C)C=C2C)OC2=CC=CC=C12;COC1=CC=CC(C(=O)NCCOC2=CC=C(C3=CC=CC=C3)N=N2)=C1;CCOC1=CC=C(NC(=O)C[C@H](CC2=CC=CC=C2)C2=CC=CO2)C=C1;CCOC1=CC=C(NC(=O)C[C@@H](CC2=CC=CC=C2)C2=CC=CO2)C=C1;COC1=CC=CC=C1CNC(=O)C1=CC=C2C(=O)N3CCCC3=NC2=C1;COC1=CC=C(C2=CC=C(OCCNC(=O)C3=CC=CC=C3)N=N2)C=C1;COC1=CC=C(C(=O)NCCOC2=CC=C(C3=CC=CC=C3)N=N2)C=C1;CC1=C(C2=CC=CC=C2)OC2=C(C(=O)NCCC(C)C)C=CC=C2C1=O;CCCOC(=O)C1=CC=C(NC(=O)C2=CC3=CC=CC=C3OC=C2)C=C1;O=C(NC[C@H](O)C1=CC=CC=C1)C1=CC=C2C(=O)N3CCCC3=NC2=C1;O=C(NC[C@@H](O)C1=CC=CC=C1)C1=CC=C2C(=O)N3CCCC3=NC2=C1;COC1=CC=C(OC)C2=C1C=C(C(=O)NC1=CC=C3NC=CC3=C1)N2C;COC1=CC=C(OC)C2=C1C=C(C(=O)NC1=CC=C3C=CNC3=C1)N2C;COC1=CC=C(CNC(=O)C2=CC=C3C(=O)N4CCCC4=NC3=C2)C=C1;COC(=O)C1=CC=C(NC(=O)N2CCC3=C(C2)NC2=CC=CC=C32)C=C1;COC(=O)C1=CC=C(NC(=O)N2CCC3=C(C2)C2=CC=CC=C2N3)C=C1;CC(=O)C1=CC=C(NC(=O)O[C@H]2CCN3CC4=CC=CC=C4N=C23)C=C1
m_5667e2,CC(NC(=O)CC1(O)CCCN(Cc2ccccc2)C1)C1CCOC1;CC1CC(O)CN(C(=O)CC2(O)CCCN(Cc3ccccc3)C2)C1;O=C(N1CCN(CCCO)CC1)N1CCN(Cc2ccccc2)CC1;O=C(NCC1CC(O)CN1Cc1ccccc1)C(O)C1CCCCC1;N#Cc1ccc(N2CCCC2C2CCN(Cc3ccccc3)CC2)nc1;O=C(CCCCCCCCC1=CC=CC=C1)[C@@H]1[C@H](O)C=C(O)C[C@@H]1O;CC[C@@H]1CN(C(=O)CC2=CC=CC=C2)[C@H](CO)[C@@H]1CN1CCOCC1;CCCCCC(=O)CC(=O)CCC1=CC=C(O)C(OC2CCCC2)=C1;CC1(C)O[C@@H](CCC2=CC=CC=C2)[C@@H]2C(=O)O[C@H](C(C)(C)C)C[C@H]2O1;CC1CCN(CC[C@@H]2CC[C@H](O)[C@@H](C(=O)NC3=CC=CC=C3)O2)CC1;CC[C@H](/C=C/C(=O)CCC1=CC=C(O)C(OC2CCCC2)=C1)CCO;CCN(CC)CC[C@H]1CN(C(=O)C2=CC=CC=C2)CC[C@H]1CC(=O)O;CCN(CC)CC[C@@H]1CN(C(=O)C2=CC=CC=C2)CC[C@H]1CC(=O)O;COC(=O)CC1(C)CCCC2(C)C3CC4=C(C=CO4)CC3CCC12O;CNC(=O)[C@@H](CC1=CC=CC=C1)N1CCC[C@H]1C(=O)NCCN(C)C;CN(CCC1=CC=CC=C1)C[C@@H]1OC[C@H](NC(=O)C2CCCC2)[C@H]1O;COC(=O)[C@@]1(C)CCC[C@@]2(C)[C@H](CCC3=COC=C3)[C@]3(CC[C@@H]21)CO3;COC(=O)[C@@]1(C)CCC[C@@]2(C)[C@H](CCC3=COC=C3)[C@@]3(CC[C@@H]21)CO3;CO[C@@]12CC[C@@H](C)[C@](C)(CCC3=COC=C3)[C@H]1CCC=C(C(=O)O)C2;COC(=O)[C@@]1(C)CCC[C@@]2(C)[C@H](CCC3=COC=C3)[C@H](C=O)CC[C@@H]21;CC(C)NC(=O)[C@H]1O[C@H](CCN2CCC3=CC=CC=C3C2)CC[C@@H]1O;C=C1CC[C@@H]2[C@@](CO)(C(=O)OC)CCC[C@@]2(C)[C@@H]1CCC1=COC=C1;COC(=O)[C@]1(C)CCC[C@]2(C)C3=CC=C([C@@](C)(O)CO)C=C3CC[C@@H]12;COC(=O)[C@@]1(C)CCC[C@]2(C)[C@H]3CC4=C(C=CO4)[C@H](C)[C@@H]3CC[C@@]12O;COC(=O)[C@@]1(C)CCC[C@]2(C)[C@@H]3CC4=C(C=CO4)[C@H](C)[C@H]3CC[C@@]12O
m_568a04,CCc1cc(C(=O)N2CC(O)C(CC(=O)NC)C2)ccc1Br;O=C(Nc1nncs1)c1ccc(S(=O)(=O)NCC2CCCO2)cc1;COc1cc(C)c(S(=O)(=O)Nc2ccc(Cl)c(C(N)=O)c2)cc1C;CS(=O)(=O)NC1CCN(C(=O)c2cnn(-c3ccc(Cl)cc3)c2)C1;CC(=O)NCCc1ccc(S(=O)(=O)N2CCc3c(F)cccc32)s1;O=C1OC[C@H](CC2=CC=C3OCOC3=C2)[C@H]1C(=O)C1=CC=C2OCOC2=C1;CC(=O)CC(=O)C1=C(CC(=O)O)C=C2CC3=CC=CC(O)=C3C(=O)C2=C1O;COC(=O)COC1=CC=C2C(=O)C(=CC3=CC=C(C(=O)OC)C=C3)OC2=C1;CCC1=CC(O)=C(C2=C(O)C3=CC=CC(O)=C3C(=O)C2=O)C(C(=O)OC)=C1;CCC1=CC(O)=C(C2=C(O)C(=O)C3=C(O)C=CC=C3C2=O)C(C(=O)OC)=C1;COC(=O)CC(C1=CC=C(C(=O)O)C=C1)C1=C(O)C2=CC=CC=C2OC1=O;COC(=O)CC(C1=CC=C(C(=O)O)C=C1)C1=C(O)C(=O)C2=CC=CC=C2O1;CCC(=O)C1=C(CC(=O)OC)C=C2C(=O)C3=CC=CC(O)=C3C(=O)C2=C1O;CC(=O)CC[C@H]1COC2=CC3=C(C(=O)C4=C(O)C=C(O)C=C4C3=O)C(O)=C21;CC(=O)CC[C@@H]1COC2=CC3=C(C(=O)C4=C(O)C=C(O)C=C4C3=O)C(O)=C21;COC1=CC=CC2=C1C(=O)C1=C(C2=O)C2=C(O)C=C(CO)C=C2[C@@H](O)[C@@H]1O;CC(=O)C[C@@H]1CCC2=C(C=C3C(=O)C4=CC(O)=CC(O)=C4C(=O)C3=C2O)O1;COC(=O)COC1=CC=C2C(=O)C(=CC3=CC=C4OCOC4=C3)OC2=C1C;COC(=O)[C@H](C)OC1=CC=C2C(=O)/C(=C/C3=CC=C4OCOC4=C3)OC2=C1;COC(=O)[C@@H](C)OC1=CC=C2C(=O)/C(=C/C3=CC=C4OCOC4=C3)OC2=C1;COC(=O)COC1=CC=C2C(=O)C(C3=CC=C4OCCOC4=C3)=COC2=C1;COC(=O)CC(C1=CC=C2OCOC2=C1)C1=C(O)C2=CC=CC=C2OC1=O;O=C1C[C@H](O)[C@@H]2C3=C(C=CC(O)=C13)C1=CC=C(O)C3=C1[C@@]2(O)[C@@H](O)CC3=O;O=C1C[C@@H](O)[C@H]2C3=C(C=CC(O)=C13)C1=CC=C(O)C3=C1[C@]2(O)[C@@H](O)CC3=O;COC1=CC=C(C2=C(O)C(=C(C(=O)O)C3=CC=C(OC)C=C3)OC2=O)C=C1
m_56bcbe,Clc1ccc(CN2CCC(n3ccnn3)C2)c2ncccc12;Cc1nnnn1CC(=O)N(C)Cc1cccc(C(F)(F)F)c1;C=CCNC(=O)NCCc1ccc(OC)c(S(N)(=O)=O)c1;Cc1cc(NC(=O)NCCc2cn[nH]c2)cnc1C(F)(F)F;O=C(O)COc1ccc(C(=O)N2CCC(C(F)F)CC2)cc1;COC1=CC=C(CC(=O)NC2=CC=C(C(C)=O)C=C2)C=C1OC;CN(C(=O)OCC1=CC=CC=C1)[C@@H](CC1=CC=CC=C1)C(=O)O;COC1=CC=C(NC(=O)CCC(=O)C2=CC=C(OC)C=C2)C=C1;COC1=CC=C(CNC(=O)C2=CC=C3OCCCOC3=C2)C=C1;COC1=CC=C(CCC(=O)NCC2=CC=C3OCOC3=C2)C=C1;COC1=CC=C(C=CC(=O)NCCC2=CC=C(O)C(O)=C2)C=C1;COC1=CC(C=CC(=O)OC2=CC=C(CCN)C=C2)=CC=C1O;CC(=O)COC1=COC(CN2CCC3=CC=CC=C3C2)=CC1=O;COC1=CC=C(CCNC(=O)C=CC2=CC=C(O)C=C2)C=C1O;COC1=CC=C(C=CC(=O)NCCC2=CC=C(O)C=C2)C=C1O;COC1=CC(CCNC(=O)C=CC2=CC=C(O)C=C2)=CC=C1O;COC1=CC(C=CC(=O)CNCC2=CC=C(O)C=C2)=CC=C1O;CCOC(=O)C1=CC=C(NC(=O)CC2=CC=C(OC)C=C2)C=C1;COC(=O)NCCC1=CC=C(O)C=C1C=CC1=CC=C(O)C=C1;COC(=O)C1=CC=CC=C1OCC(=O)NCC1=CC=CC=C1C;COC1=CC2=C(C=C1O)[C@](CC1=CC=CC=C1)(C(=O)O)NCC2;COC1=CC2=C(C=C1O)[C@@](CC1=CC=CC=C1)(C(=O)O)NCC2;COC1=CC(C=NC2=CC=C(C(C)=O)C=C2)=CC(OC)=C1OC;COC1=CC(O)=CC=C1CCNC(=O)C=CC1=CC=C(O)C=C1;CN(C)CC(=O)OCC1=CC2=C(C=C1C1=CC=CC=C1)OCO2
m_572a36,Cc1cc(C2CCCN(C(=O)c3c[nH]nc3-c3cccc(Cl)c3)C2)[nH]n1;Cc1nn(CC(C)C)c2sc(C(=O)Nc3ccc4[nH]c(=O)[nH]c4c3)cc12;O=C(c1ccc2c(c1)[nH]c(=O)n2CC(F)(F)F)N1C2CCC1CC(O)C2;CCS(=O)(=O)c1cccc(CC(=O)N2CC3CCC2c2ccccc23)c1;CC(C)CN1CC(c2nc(-c3cc(OC(F)F)ccc3F)no2)CC1=O;COC1=CC=C(C(=O)C2=C(O)C(=O)N[C@H]2C2=CC=C(OC)C=C2OC)C=C1;COC1=CC=C(C(=O)C2=C(O)C(=O)N[C@@H]2C2=CC=C(OC)C=C2OC)C=C1;COC1=CC=C([C@H]2C(C(C)=O)=C(O)C(=O)N2C2=CC=C(O)C=C2)C=C1OC;COC1=CC=C([C@@H]2C(C(C)=O)=C(O)C(=O)N2C2=CC=C(O)C=C2)C=C1OC;COC1=CC=C(C(=O)C2=C(O)C(=O)N[C@H]2C2=CC=C(OC)C(OC)=C2)C=C1;COC1=CC=C(C(=O)C2=C(O)C(=O)N[C@@H]2C2=CC=C(OC)C(OC)=C2)C=C1;CC1=C(C)C2=CC3=C(C=C2O1)OC(=O)C(CC(=O)N1CCC(O)CC1)=C3C;COC1=CC2=C(C3=CC=C(O)C(=O)C=C3[C@@H](NC(C)=O)CC2)C2=C1OCO2;CC1=COC2=CC3=C(C=C12)C(C)=C(CC(=O)N1CCC[C@H]1C(=O)O)C(=O)O3;CC1=COC2=C1C(C)=CC1=C2C(C)=C(CC(=O)N2CCC(O)CC2)C(=O)O1;CN1CCC2=CC3=C(C=C2[C@H]1CC1=CC=C2OCOC2=C1C(=O)O)OCO3;CN1CCC2=CC3=C(C=C2[C@@H]1CC1=CC=C2OCOC2=C1C(=O)O)OCO3;CCOC(=O)C1=C(O)C(=O)N(C2=CC=CC=C2)[C@H]1C1=CC=C(O)C(OC)=C1;CCOC(=O)C1=C(O)C(=O)N(C2=CC=CC=C2)[C@@H]1C1=CC=C(O)C(OC)=C1;CC1=COC2=CC3=C(C=C12)C(C)=C(CCC(=O)N1CCC(O)CC1)C(=O)O3;CCOC(=O)CC(C1=CC=C(O)C(O)=C1)C1=C(O)C2=CC=CC=C2NC1=O;CCOC(=O)C1=C(C)[C@H]2OC(=O)[C@H]1[C@H]1C(=O)N(C3=CC=CC=C3C)C(=O)[C@H]12;CCOC(=O)C1=C(C)[C@H]2OC(=O)[C@H]1[C@H]1C(=O)N(C3=CC=CC=C3C)C(=O)[C@@H]12;CCOC(=O)C1=C(C)[C@@H]2OC(=O)[C@H]1[C@H]1C(=O)N(C3=CC=CC=C3C)C(=O)[C@H]12;CCOC(=O)C1=C(C)[C@@H]2OC(=O)[C@H]1[C@H]1C(=O)N(C3=CC=CC=C3C)C(=O)[C@@H]12
m_57bec0,O=C(Nc1ccc2nncn2c1)c1ccccc1OCC1CCCO1;CC(=O)N1CC(O)CC1C(=O)NC1(c2ccc(F)cc2F)CCC1;O=C(Cc1cccc(C(F)(F)F)c1)N1CCCC1Cn1ccnn1;O=C(Cn1cc(NC(=O)C2=Cc3ccccc3OC2)cn1)NC1CC1;O=C(Cn1ccnn1)NC1CCCC1c1ccccc1C(F)(F)F;CNC(=O)[C@@H]1CC2=CC=CC=C2N1C(=O)CC1=CC=CC=C1C(=O)O;O=C(O)C1=CC=CC=C1C(=O)N1C[C@@H]2C[C@H](C1)C1=CC=CC(=O)N1C2;O=C(C[C@@H]1NC(=O)N(CC2=CC=CC=C2)C1=O)NCC1=CC=NC=C1;O=C(C1=NC=CC=N1)N1C[C@@H]2[C@H](O)C(=O)N(CC3=CC=CC=C3)[C@@H]2C1;O=C(O)CCNC(=O)C(=CC1=CC=CC=C1)NC(=O)C1=CC=CC=C1;COC(=O)C1=CC=CC=C1NC(=O)CC1=CN(OC)C2=CC=CC=C12;O=C1NC2=CC=CC=C2O[C@H]2C[C@@H]1N(C(=O)COC1=CC=CC=C1)C2;O=C(O)C1=CC=C(CN2C[C@@H]3C[C@H]2C(=O)NC2=CC=CC=C2O3)C=C1;O=C(C[C@@H]1NC(=O)N(CC2=CC=CC=C2)C1=O)NCC1=CC=CN=C1;COC1=CC=C(C(=O)CN2C(=O)CN(C)C(=O)C3=CC=CC=C32)C=C1;COC(=O)C1=CC=C(NC(=O)CC2=CN(OC)C3=CC=CC=C23)C=C1;COC1=CC=CC2=C1C=CN2CC(=O)N[C@@H](C(=O)O)C1=CC=CC=C1;O=C(C1=CC=CC=N1)N1C[C@@H]2OCC(=O)N(CC3=CC=CC=N3)[C@@H]2C1;COC(=O)[C@]1(CC(=O)C2=CC(O)=CC=C2O)CC[C@H](C(C)CO)O1;COC(=O)[C@@]1(CC(=O)C2=CC(O)=CC=C2O)CC[C@@H](C(C)CO)O1;O=C(COC1=CC=CC=C1)NC[C@H]1COCC2=NC3=CC=CN=C3N21;COC1=CC=C2C(=C1)C=CN2CC(=O)N[C@@H](C(=O)O)C1=CC=CC=C1;COC1=CC=C(CNC(=O)C2=NOC(C3=CC=CC=C3OC)=C2)C=C1;COC1=CC=C(CCNC(=O)C2=C(O)N=C3C=CC=CC3=C2O)C=C1;CC1=CC=C(C(=O)NC(=CC2=CC=CC=C2)C(=O)NCC(=O)O)C=C1
m_57f31b,CC(=O)N1CCC(Nc2ccc(C)cc2OCC(F)(F)F)CC1;CC(=O)N1CCC(Nc2cccc(OCC(F)(F)F)c2C)CC1;O=C(Cc1cccs1)N1CCCCC1c1nncn1CC1CC1;O=C(NCC1(C(=O)O)CC1)C1CCN(C(=O)c2ccccc2)CC1;CCCOc1ccc2c(c1)OCC(C(=O)N1CCC(C(N)=O)C1)=C2;COC(=O)[C@]12OC3CC[C@@](C)(C4=CC=CC=C41)[C@@H]2[C@]3(C)C(=O)OC;COC(=O)[C@]1(C)C=CCC2(C)C3=CC=CC=C3[C@](O)(C(=O)OC)[C@H]21;COC1=CC=CC2=C1N(CCC(=O)N1CCC(C(=O)O)CC1)C=C2;COC(=O)CC(C1=C(O)C2=CC=CC=C2OC1=O)C1CCCCC1;COC(=O)CC(C1=C(O)C(=O)C2=CC=CC=C2O1)C1CCCCC1;COC(=O)C1=C2[C@](C)(C(=O)OC)[C@H](O)CC[C@@]2(C)C2=CC=CC=C12;COC(=O)C1=C2[C@](C)(C(=O)OC)[C@@H](O)CC[C@@]2(C)C2=CC=CC=C12;COC(=O)C1=C2[C@](C)(C(=O)OC)C(O)CC[C@@]2(C)C2=CC=CC=C12;CCCCC(=O)[C@H]1C(=O)C[C@H](C2=CC=CC=C2)C(C(=O)OC)=C1O;CCCCC(=O)[C@H]1C(=O)C[C@@H](C2=CC=CC=C2)C(C(=O)OC)=C1O;CCCCC(=O)[C@@H]1C(=O)C[C@H](C2=CC=CC=C2)C(C(=O)OC)=C1O;CCCCC(=O)[C@@H]1C(=O)C[C@@H](C2=CC=CC=C2)C(C(=O)OC)=C1O;CCCCC(=O)C1C(=O)CC(C2=CC=CC=C2)C(C(=O)OC)C1=O;COC(=O)CC1CC(OC)CC2=C1C(=O)CC(C1=CC=CC=C1)O2;O=C[C@@H]1CCCN1C(=O)[C@@H]1CCCN1C(=O)OCC1=CC=CC=C1;CC1=CC(=O)OC2=CC(OCC(=O)[C@H]3CCOC(C)(C)C3)=CC=C12;CC1=CC(=O)OC2=CC(OCC(=O)[C@@H]3CCOC(C)(C)C3)=CC=C12;COC(=O)C1=C(CCC2=CC=C(OC)C=C2)C=CC(OC)=C1OC;C/C=C(/C)C(=O)OC1=CC=C(OC(=O)/C(C)=C\C)C([C@H]2O[C@@H]2C)=C1;COC1=CC=C(OC)C(CCC(=O)C2=CC(OC)=CC=C2OC)=C1
m_59b1bd,Cc1cc(NC(=O)NC2Cc3ccccc3C2)n(-c2ccccn2)n1;Cc1nnnn1C(Cc1cccc(F)c1)C(=O)NCC1CCOC1;Cn1cc(CCC(=O)Nc2nc(CN3CCCCC3)cs2)cn1;Cc1cc(C)c(S(=O)(=O)N(Cc2nccn2C)C2CC2)c(C)c1;Cc1cc(C(=O)NCCCCNC(=O)c2ccc(F)nc2)nn1C;O=C(NC[C@H]1CN2C(C3=CC=CC=C3)=CN=C2CO1)C1=CC=CC=C1;CC1=NC2=CC=CC=C2C(=O)N1CCNC(=O)C=CC1=CC=CC=C1;CCCCN1C(=O)C(O)=C(C(C)=O)[C@H]1C1=CC=C(OC)C(OC)=C1;CCCCN1C(=O)C(O)=C(C(C)=O)[C@@H]1C1=CC=C(OC)C(OC)=C1;COCCN1C=CC2=CC=C(C(=O)NC3=CC=C4C=CNC4=C3)C=C21;COC1=CC=CC(CNC(=O)C2=CN=C(C3=CC=CC=C3)N=C2C)=C1;COCCN1C=CC2=CC(C(=O)NC3=CC=C4C=CNC4=C3)=CC=C21;COC1=CC=C2C(=C1)C=CN2CCNC(=O)C1=CC=C2C=CNC2=C1;COC1=CC=C2C(=C1)C=CN2CCC(=O)NC1=CC=C2C=CNC2=C1;CCC1=CC=C(NC(=O)C2=CC=C3C(=O)N4CCCC4=NC3=C2)C=C1;COC1=CC=C(CNC(=O)C2=CN=C(C3=CC=CC=C3)N=C2C)C=C1;COC1=CC2=C(C=C1OC)C(=O)N(CCNC(=O)C(C)C)C(C)=N2;O=C(NC[C@H]1CN2C=C(C3=CC=CC=C3)N=C2CO1)C1=CC=CC=C1;CC1=CC=C(C2=NN=C([C@H]3CCN(C(=O)C4=CC=CC=C4)C3)O2)C=C1;COC1=CC=CC2=C1N(CCC(=O)NC1=CC=C3C=CNC3=C1)C=C2;COC1=CC=C2C(=C1)C=CN2CC(=O)NC1=CC=CC2=C1C=CN2C;CN1C(=O)[C@@](C)(O)C(=O)[C@@H]1CC1=CC=C2O[C@H](C(C)(C)O)CC2=C1;CN1C(=O)[C@@](C)(O)C(=O)[C@@H]1CC1=CC=C2OC(C(C)(C)O)CC2=C1;COC1=CC=CC2=C1C=CN2CCC(=O)NC1=CC=C2C=CNC2=C1;CCOC(=O)C1=C(C)OC2=CC=C(OCC(=O)N(CC)CC)C=C12
m_59bced,Cc1cc(Br)ccc1C(=O)NCC1CN(C)CCO1;COc1ccc(CN2CC(C)C(C(N)=O)C2)cc1Br;NC(=O)CC1(O)CCCN(Cc2cccc(Br)c2)C1;COc1ccc(Br)cc1CCC(=O)N1CCC(N)C1;COc1ccc(CCC(=O)N2CCC(N)C2)cc1Br;COC1=CC2=C(C=C(C(=O)C3=CC=C(OC(C)=O)C=C3)O2)C=C1O;COC1=CC=C2C(=C1OC)C=CC1=C(C(=O)O)C=C3OCOC3=C12;COC1=CC=C(C(=O)OC2=CC(=O)OC3=CC=CC=C23)C=C1OC;COC1=CC=CC=C1C1=COC2=CC(OCC(=O)O)=CC=C2C1=O;COC1=CC=CC2=C1OC(=O)C(C1=CC=C(OCC(=O)O)C=C1)=C2;COC1=CC(O)=C2C(=O)C3=CC=C(C)C=C3C(=O)C2=C1OC(C)=O;COC1=CC=C(C2=COC3=CC4=C(C=C3C2=O)OCO4)C=C1OC;COC(=O)C1=C(OC)C=C2C(=O)C3=CC=CC(O)=C3C(=O)C2=C1C;COC1=CC(O)=C2C(=O)C3=C(O)C=C(CC(C)=O)C=C3C(=O)C2=C1;COC1=CC=CC=C1C=C1OC2=CC(OCC(=O)O)=CC=C2C1=O;COC1=CC=C2C(=C1OC)C[C@H]1OC(=O)C3=C1C2=C1OCOC1=C3;COC1=CC=CC=C1OC1=COC2=CC(OC(C)=O)=CC=C2C1=O;COC1=CC=C2C(=O)C=C(C3=CC=C4OCOC4=C3)OC2=C1OC;COC(=O)OC1=CC=C2C(=O)C(C3=CC=CC=C3OC)=COC2=C1;COC1=CC(C=O)=CC2=C1OC(C1=CC=C3OCOC3=C1)=C2CO;COC1=CC=C2C(=O)C(C3=CC=C4OCOC4=C3)=COC2=C1OC;COC1=CC=C(C2=COC3=C4OCOC4=CC=C3C2=O)C=C1OC;COC1=CC=C(C2=C(CC(=O)O)C3=CC4=C(C=C3O2)OCO4)C=C1;COC1=CC2=C(C=C1O)OC=C(C1=CC=C(OC(C)=O)C=C1)C2=O;COC1=CC(O)=CC2=C1C(=O)C(OC(C)=O)=C(C1=CC=CC=C1)O2
m_5ae66f,Cc1cccnc1CCNC(=O)c1cc(C2CCOCC2)nn1C;Cc1cc(CN2CCN(C(=O)c3cccc(N(C)C)c3)CC2)no1;CCn1ccnc1C1OCCC1NCc1ccc(C(=O)NC)cc1;O=C(CCCc1ccccn1)NC1CC(Cn2cccn2)CC1O;COC1CN(Cc2ccccc2OC2CC2)CC1c1cn(C)nn1;C[C@@H]1C[C@@H]2OC(=O)C3=CCC[C@H]([C@@]1(C)CC(=O)C1=COC=C1)[C@]32C;CC1(C)C[C@H](NC(=O)CCC2=NC=C(C3=CC=CC=C3)O2)CCO1;CC1(C)C[C@@H](NC(=O)CCC2=NC=C(C3=CC=CC=C3)O2)CCO1;CCC=CCC=CCC=CCC=CCC1=CC=C(CC(=O)OC)O1;CC12CCC3C4=CC=C(OCC(=O)O)C=C4CCC3C1CCC2=O;COC(=O)C1=CC=C[C@H]2[C@](C)(CCC3=COC=C3)[C@H](C)CC[C@]12C;COC(=O)C1=CC=C[C@H]2[C@@](C)(CCC3=COC=C3)[C@H](C)CC[C@@]12C;CC(C)=CC[C@]12O[C@H](C(C)(C)O)C[C@H]1C(=O)C1=CC=CC=C1C2=O;C[C@@H]1CCC2=C(C[C@H]3C[C@]2(C)C(=O)O3)[C@@]1(C)CC(=O)C1=COC=C1;COC(=O)[C@@]1(O)CCC[C@]2(C)C3=CC4=C(C=CO4)C(C)=C3CC[C@H]12;C=C1CC[C@H]2C(COC(=O)/C(C)=C\C)=CC[C@@H]3C(=C)C(=O)O[C@@H]3[C@@H]12;COC(=O)C1=CC=CC2=C1OC([C@H]1CCN(C3CCCCC3)C1)=N2;CC(=O)N[C@H]1C[C@@H](CC2=NOC(COC3=CC=CC=C3)=C2)C1(C)C;CC(CO)C1=CC=C2C(=C1O)CCC1C3=C(CCC21C)C(=O)OC3;COC1=CC=C([C@H]2O[C@@H](C)[C@H](C3=CC=C(OC)C=C3)O[C@@H]2C)C=C1;C[C@]1(C(=O)O)CCC[C@]2(C)C3=C(CC[C@@H]12)C(=O)C1=C(C=CO1)CC3;CC1=C2C=C3CC[C@@H]4C(C)(C)C(=O)C(O)=C[C@@]4(C)[C@@H]3C[C@H]2OC1=O;CC[C@H]1CN(C(=O)C2CC2)CC[C@H]1CC(=O)NCC1=CC=CC=C1;COC(=O)C1=CCC[C@H]2C(=CC[C@@H](C)[C@]2(C)CCC2=COC=C2)C1;C=C1CC[C@H]2[C@]3(C)CCC[C@]2(C(=O)OC3)[C@H]1CC(=O)C1=COC=C1
m_5bfac3,COC(=O)C1CN(C(=O)Cc2ccc(C)cc2)CC1c1cncn1C;NC(=O)Cc1ccc(NC(=O)c2ccc(N3CCCC3)c(F)c2)cc1;O=C(NC1CC(Cn2ccnc2)CC1O)c1cccc2c1CCOC2;Cc1cc(C)n(Cc2ccc(C(=O)N3CCCCC3C(=O)O)cc2)n1;Cc1cc(C)n(Cc2cccc(C(=O)N3CCC(C(=O)O)CC3)c2)n1;COC1=CC2=C(C=C1OC)[C@H](CC1=CC=C(O)C=C1)N(C(C)=O)CC2;COC1=CC2=C(C=C1OC)[C@@H](CC1=CC=C(O)C=C1)N(C(C)=O)CC2;COC1=CC=C(CNC(=O)CCC(=O)C2=CC=C(C)C=C2)C=C1OC;COC1=CC=C(CC(=O)N2CCC3=CC(OC)=C(OC)C=C3C2)C=C1;CC1=CC2=C(C(=O)N1CCC1=CC=C(O)C=C1)C(C(C)C)CC(=O)O2;COC1=CC=C(C(=O)CN2CCC3=CC(OC)=C(OC)C=C3C2)C=C1;COC1=CC=C(C(=O)N2CCC3=CC(OC)=C(OC)C=C3C2C)C=C1;COC1=CC=C(CCNC(=O)[C@H]2OCCC3=CC=CC=C32)C=C1OC;COC1=CC=C(CCNC(=O)[C@@H]2OCCC3=CC=CC=C32)C=C1OC;COC1=CC=C(CC(=O)N2CCOC[C@H](OC3=CC=CC=C3)C2)C=C1;CC1=CC=C(CN[C@@H]2CO[C@H](CNC(=O)C3=CC=NC=C3)[C@H]2O)C=C1;COC1=CC=C(CC(=O)N[C@H]2[C@H](O)[C@H](O)C[C@@H]2C2=CC=CC=C2)C=C1;COC1=CC=C(CCNC(=O)[C@H]2COC3=CC=CC=C3C2)C=C1OC;COC1=CC=C(CCNC(=O)[C@@H]2COC3=CC=CC=C3C2)C=C1OC;COC1=CC2=C(C=C1OC)[C@H](C)N(C(=O)COC1=CC=CC=C1)CC2;COC1=CC=C([C@H]2C3=CC(OC)=C(OC)C=C3CCN2C(C)=O)C=C1;COC1=CC=C([C@@H]2C3=CC(OC)=C(OC)C=C3CCN2C(C)=O)C=C1;COC1=CC=C(CNC(=O)CCC2=CC=C3OCCC3=C2)C=C1OC;COC1=CC=C(CCNC(=O)CC2=CC=C3CCOC3=C2)C=C1OC;COC1=CC=C(CC(=O)N[C@H](CC(C)=O)C2=CC=CC=C2)C=C1OC
m_5c710b,O=C(CCc1nnc[nH]1)N1CCN(c2ccccc2Cl)CC1;CN(C)C(CNC(=O)c1nccnc1N)c1ccccc1Cl;Cc1cc(C)n(C(C)CC(=O)Nc2cc(C(=O)O)ccc2F)n1;CC1(C(=O)O)CCN(Cc2c[nH]nc2-c2cccc(Cl)c2)C1;O=C(Cc1cccc2ccccc12)NCc1ccc(C(=O)O)cc1;CC(=O)OCC[C@H](CNC(=O)/C=C/C1=CC=CC=C1)OC(C)=O;COC(=O)[C@H]1C(OC(=O)C2=CC=CC=C2)[C@@H]2C[C@H](C[C@H]1O)N2C;CN1[C@@H]2C[C@@H](C(=O)O[C@@](O)(CO)C3=CC=CC=C3)C[C@H]1[C@@H]1O[C@@H]12;CN1[C@@H]2C[C@@H]3C[C@H]1[C@@H](OC(=O)[C@](O)(CO)C1=CC=CC=C1)[C@H]2O3;COC(=O)C1=C([C@H](OC)C(=O)OC)N(C)C2=CC=CC=C2C1=O;COC(=O)C1=C([C@@H](OC)C(=O)OC)N(C)C2=CC=CC=C2C1=O;O=C(C=CC1=CC=CC=C1)NCCN1C=NC2=CC=CC=C2C1=O;COCC1=CC(=O)C(O)=C(C(CC(=O)OC)C2=CC=CN=C2)O1;COC1=C(C[C@H](OC(C)=O)[C@H](C)O)C(=O)N(C)C2=CC=CC=C12;CCOC(=O)C1=C(C)NC(C)=C(C(=O)OCC)C1C1=CC=CO1;COC1=CC=C([C@H]2C(C(C)=O)=C(O)C(=O)N2CCC(=O)O)C=C1;COC1=CC=C([C@@H]2C(C(C)=O)=C(O)C(=O)N2CCC(=O)O)C=C1;CCN1C(O)=C(C(=O)C=CC2=CC=CC=C2)C(=O)C2=CC=CC=C21;O=C(NCC1=CC=CC=C1)C1=CC=C2C(=O)N3CCCC3=NC2=C1;CCOC(=O)C1=C(C)N(C)C2=CC=C(O[C@H](C)C(=O)OC)C=C12;CCOC(=O)C1=C(C)N(C)C2=CC=C(O[C@@H](C)C(=O)OC)C=C12;CC(C)[C@H](NC(=O)CN1C(=O)NC2=CC=CC=C2C1=O)C(=O)O;CC(C)[C@@H](NC(=O)CN1C(=O)NC2=CC=CC=C2C1=O)C(=O)O;O=C(O)C=CC(=O)NNC(=O)CCC(=O)NCC1=CC=CC=C1;CC1=C(C)C2=CC=C(OCC(=O)NCC(=O)O)C(C)=C2OC1=O
m_5c8d41,O=C(NC1CC(O)C12CCOCC2)c1nc[nH]c1C(F)(F)F;O=C(c1c[nH]nc1-c1c(F)cccc1F)N1CC(O)C2(CC2)C1;CNC(=O)C12CCOCC1CN(c1cc(Cl)ccc1C#N)C2;O=S(=O)(NC1CCCCCC1)c1ccc(OC(F)F)cc1;O=C(CCCn1cccn1)NC1CCOc2c(Cl)cccc21;CC(=O)C1=CC2=C(C=C1NC(=O)[C@H]1[C@H](C(=O)O)C1(C)C)OCO2;CC(=O)C1=CC2=C(C=C1NC(=O)[C@H]1[C@@H](C(=O)O)C1(C)C)OCO2;CC(=O)C1=CC2=C(C=C1NC(=O)[C@@H]1[C@H](C(=O)O)C1(C)C)OCO2;CC(=O)C1=CC2=C(C=C1NC(=O)[C@@H]1[C@@H](C(=O)O)C1(C)C)OCO2;O=C(C1=CC=CC=C1)N1CC[C@H](C2=NN=C(C3=CC=CC=C3)O2)C1;O=C1N=C(O)C(C2=CC=CC=C2)=C2OCOC2=C1C1=CC=CC=C1;COC1=CC=C([C@H]2C(C(C)=O)=C(O)C(=O)N2CCC(=O)O)C=C1;COC1=CC=C([C@@H]2C(C(C)=O)=C(O)C(=O)N2CCC(=O)O)C=C1;COC(=O)C1=C([C@H](OC)C(=O)OC)N(C)C2=CC=CC=C2C1=O;COC(=O)C1=C([C@@H](OC)C(=O)OC)N(C)C2=CC=CC=C2C1=O;COCC1=CC(=O)C(O)=C(C(CC(=O)OC)C2=CC=CN=C2)O1;CC1=C(C)C2=CC=C(OCC(=O)NCC(=O)O)C(C)=C2OC1=O;O=C(N[C@H](CO)CC1=CC=C(O)C(O)=C1)C1=CC=C(O)C(O)=C1;COC1=CC(O)=CC2=C1C(C1=CC=C(CO)O1)NC(C(=O)O)C2;CC(C)(C)OC(=O)NCC(=O)OC1=CC=C2C=CC(=O)OC2=C1;CC1=CC(=O)OC2=CC(O[C@H](C)C(=O)N[C@H](C)C(=O)O)=CC=C12;CC1=CC(=O)OC2=CC(O[C@@H](C)C(=O)N[C@H](C)C(=O)O)=CC=C12;CC1=CC(=O)OC2=CC(OC(C)C(=O)N[C@H](C)C(=O)O)=CC=C12;CC1=C(CCC(=O)NCC(=O)O)C(=O)OC2=C(C)C(O)=CC=C12;CC1=C(CC(=O)N[C@@H](C)C(=O)O)C(=O)OC2=C(C)C(O)=CC=C12
m_5da1ef,Cc1ccc(CC(C)NC(=O)c2c(C)c(C)n[nH]c2=O)c(C)c1;CCC(=O)N1CCC(c2nc(Cc3cc(C)ccc3C)no2)C1;CCC(=O)N1CCC(c2nc(Cc3cc(C)cc(C)c3)no2)C1;CCOc1cc2c(cc1CNc1cc(C)nc(C)n1)OC(C)C2;CCc1ccc(C2CN(Cc3noc(C4CC4)n3)CCO2)cc1;CC(=O)N1CCC(N2CC[C@H](C3=NC4=CC=CC=C4O3)C2)CC1;O=C(NC1CCCCC1)N1CC[C@H](C2=NC3=CC=CC=C3O2)C1;CC1=CC=C(C2=NN=C([C@H]3CCN(C4CCOCC4)C3)O2)C=C1;O[C@@H]1C[C@@H](C2=NC(C3CC3)=NO2)N(CCCC2=CC=CC=C2)C1;C[C@H]1CC[C@](C)(C(=O)CN2C(=O)C3=CC=CC=C3C2=O)C1(C)C;C[C@H]1CC[C@@](C)(C(=O)CN2C(=O)C3=CC=CC=C3C2=O)C1(C)C;C[C@@H]1CC[C@](C)(C(=O)CN2C(=O)C3=CC=CC=C3C2=O)C1(C)C;C[C@@H]1CC[C@@](C)(C(=O)CN2C(=O)C3=CC=CC=C3C2=O)C1(C)C;COC1=CC=C2N=C([C@H]3CCN(C(=O)C4CCCC4)C3)NC2=C1;C[C@H]1CN(CC2=CC(=O)OC3=CC4=C(C=C23)CCC4)C[C@H](C)O1;C[C@@H]1CN(CC2=CC(=O)OC3=CC4=C(C=C23)CCC4)C[C@H](C)O1;C[C@@H]1CN(CC2=CC(=O)OC3=CC4=C(C=C23)CCC4)C[C@@H](C)O1;CC1=C(C(=O)NC2=CC=C(C)C=C2)C2(CCC(C)CC2)OC1=O;O=C(C=CCCC=CC1=CC=C2OCOC2=C1)N1CCCCC1;CCC1=CC=CC=C1NC(=O)C1=C(C)C(=O)OC12CCCCC2;O[C@@H]1C[C@@H](C2=NC(C3=CC=CC=C3)=NO2)N(C2CCCCC2)C1;CC1=NOC(C)=C1CCC(=O)N1CCCC[C@H]1C1=CC=CN=C1;O=C(C=CC=CCCC1=CC=C2OCOC2=C1)N1CCCCC1;COC1=CC2=CC(CO)=C3CN4CCCC4CC3=C2C=C1OC;CCC1=CC=CC(NC(=O)C2=C(C)C(=O)OC23CCCCC3)=C1
m_5dda21,COCc1ccc(CNc2cccc(N3CCCS3(=O)=O)c2)cc1;Cc1ccc(S(=O)(=O)NC(=O)NC(C)(C)Cc2ccccc2)cc1;CN(Cc1ccccc1)C(=O)CN(Cc1ccccc1)S(C)(=O)=O;O=C(O)c1ccccc1NN=Cc1ccccc1OCc1ccccc1;COc1cc(C)c(S(=O)(=O)N2CCc3cnccc32)cc1C(C)C;COC1=C(O)C(C(=O)CCC2=CC=CC=C2)=C(OC)C(OC)=C1OC;COC1=CC=C(C(CC(=O)O)C2=CC=C(OC)C(OC)=C2)C=C1OC;COC1=CC=C(C[C@H](C(=O)O)C2=CC=C(OC)C(OC)=C2)C=C1OC;COC1=CC=C(C[C@@H](C(=O)O)C2=CC=C(OC)C(OC)=C2)C=C1OC;COC1=CC=C(CCOC(=O)C2=CC(OC)=C(OC)C(OC)=C2)C=C1;COC(=O)[C@]12OC3[C@H](O)C[C@@](C)(C4=CC=CC=C41)[C@@H]2[C@]3(C)C(=O)OC;COC(=O)CC(C1=CC=C(OC(C)C)C=C1)C1=C(O)C(=O)C=C(C)O1;COC1=CC(OC)=C(CCC(=O)C2=CC=C(OC)C(O)=C2)C(OC)=C1;COC1=CC(OC)=C(CCC(=O)C2=CC=C(O)C(OC)=C2)C(OC)=C1;CCCC1=CC(O)=CC(O)=C1OC1=CC(O)=CC(CCC)=C1C(=O)O;COC(=O)C1=CC=C([C@H]2/C(=C(/C)O)C(=O)C[C@](C)(O)[C@H]2C(C)=O)C=C1;COC(=O)C1=CC=C([C@@H]2/C(=C(/C)O)C(=O)C[C@](C)(O)[C@H]2C(C)=O)C=C1;O=C(CCC1=CC=C(O)C(O)=C1)C[C@H](O)CCC1=CC=C(O)C(O)=C1;O=C(CCC1=CC=C(O)C(O)=C1)C[C@@H](O)CCC1=CC=C(O)C(O)=C1;COC(=O)C1=CC=C([C@H]2[C@H](C(C)=O)C(=O)C[C@](C)(O)[C@H]2C(C)=O)C=C1;COC1=CC=C(NC(=O)C2=CC=CC(NC(=O)C3=CC=CC=C3)=C2)C=C1;COC1=CC([C@@H]2OC3=C(OC)C=C(CCO)C=C3[C@@H]2CO)=CC=C1O;COC1=CC2=C(COC2=O)C(O)=C1CC=C(C)CCC=C(C)C(=O)O;COC1=CC([C@H]2OC[C@H](CC3=CC=C(O)C(O)=C3)[C@@H]2CO)=CC=C1O;CCOC(=O)CCC1=C(C)C2=CC=C(OCC(C)=O)C(C)=C2OC1=O
m_5fef1c,Cc1cccc(C2(CNC(=O)C3CCN(C(N)=O)CC3)CCCC2)c1;Cc1cccc(C2(CNC(=O)N3CCC(C(N)=O)CC3)CCCC2)c1;COc1cccc(NC2CCN(C(=O)C3(N)CC4(CCC4)C3)CC2)c1;CC(C)C1CCCN1C(=O)NC1CCN(C(=O)c2ccccc2)CC1;O=C(NC1CCN(c2ccccc2)CC1)N1CCOC2(CCCC2)C1;COC1=CC=C2NC(=O)[C@]3(CCN(C(=O)NC4CCCCC4)C3)C2=C1;COC1=CC=C2NC(=O)[C@@]3(CCN(C(=O)NC4CCCCC4)C3)C2=C1;O=C(NC1CCCCC1)N1CC[C@H]2COC(=O)N2C2=CC=CC=C2C1;CNC(=O)C1(N2CCC[C@H]2C(=O)NCC2=CC=CC=C2)CCCCC1;CN1C(=O)C2=CC=CC=C2O[C@H]2CN(C(=O)NC3CCCCC3)C[C@H]21;CCC(CC)C(=O)N[C@H]1CCN2C(=O)C3=CC=CC=C3NC(=O)[C@@H]2C1;O=C(NC1CCCC1)N1C[C@@H]2[C@H](O)C(=O)N(CC3=CC=CC=C3)[C@@H]2C1;COC1=CC=CC(CNC(=O)C2=C(C)C(=O)OC23CCCCCC3)=C1;CCC(CC)C(=O)N[C@H]1CCN2C(=O)N(C3=CC=CC=C3)C(=O)[C@@H]2C1;CCC(CC)C(=O)N[C@@H]1CCN2C(=O)N(C3=CC=CC=C3)C(=O)[C@@H]2C1;CCN1C(=O)[C@H]2CN(C(=O)C3=CC=CC=C3)CCN2C12CCOCC2;CC(=O)N1CCN2[C@H](C1)C(=O)N(CC1=CC=CC=C1)C21CCOCC1;CC(=O)N1CCC(N2C[C@@H]3OCC(=O)N(C4=CC=CC=C4)[C@@H]3C2)CC1;CC(=O)N1CCC(N2C[C@@H]3C[C@H]2C(=O)N(C)C2=CC=CC=C2O3)CC1;CNC(=O)[C@@H](C1=CC=CC=C1)N1CCC[C@H]1C(=O)NC1CCCCC1;CC(=O)N1CCC(N2C[C@@H]3OC4=CC=CC=C4C(=O)N(C)[C@@H]3C2)CC1;CNC(=O)[C@@H](CC1=CC=CC=C1)N1CCC[C@H]1C(=O)N1CCCCC1;COC(=O)[C@@]12CCCC=C1CN1CCC3=CC(OC)=C(OC)C=C3[C@H]12;COC1=CC=C2C[C@@H]3[C@@H]4CC[C@H](OC(C)=O)[C@@H]5OC1=C2[C@]45CCN3C;O=C1CN2CCN(C(=O)C3CCCC3)C[C@@H]2COC2=CC=CC=C2N1
m_6007c7,CCn1ccnc1CN(C(=O)c1ccc(C(N)=O)cc1)C1CC12CCNCC2;CN1CCN(c2cc(C(=O)N3CCCC(c4ccnc(N)n4)C3)ccn2)CC1;Cc1cc(C(=O)NCCc2nnc3n2CCCCC3)c2cnn(C(C)C)c2n1;CCCC(=O)NC1CCCN(C(=O)c2cc(-c3ccccc3)c(C)[nH]c2=O)C1;CNC(=O)c1nc(C)c(C)c(N2CCC(NCc3cc(C#N)n(C)c3C)C2)n1;CC1=CC(C)=NC(NCCCC(=O)N2C[C@H]3C[C@@H](C2)C2=CC=CC(=O)N2C3)=N1;COC1=CC2=C(C=C1)N(CC(=O)N1C[C@H]3C[C@@H](C1)C1CCCC(=O)N1C3)C=C2;CC1=CC=CC(OC[C@@H]2CN(C(=O)NC(C)C)[C@H]3C4=CC=CC=C4OC[C@@H]23)=N1;CC1=C(C)C2=CC3=C(C=C2O1)OC(=O)C(CCC(=O)NC1CCCCC1)=C3C;CC(=O)N1CCC(N[C@H]2C[C@@H](CC3=NOC(C4=CC=CC=C4)=C3)C2(C)C)CC1;C=CCNC(=O)NC[C@H]1C[C@@H]2CC[N@@]1C[C@@H]2C1=CC(C2=CC=CO2)=NC(C)=N1;C=CCNC(=O)NC[C@H]1C[C@@H]2CCN1C[C@@H]2C1=CC(C2=CC=CO2)=NC(C)=N1;CC(=O)C1=CC(C[C@H]2CNCC[C@H]2CC(=O)N2CCC3=CC=CC=C3C2)=NO1;O=C(C1CCCC1)N1C[C@H](C2=NC(C3=CC=CC=C3)=NO2)C2(CCOCC2)C1;O=C(C1CCCC1)N1C[C@@H](C2=NC(C3=CC=CC=C3)=NO2)C2(CCOCC2)C1;CC1=CC=CC(CN2C(NC3CCCCC3)=NC3=C2C(=O)N(C)C(=O)N3C)=C1;O=C(NC[C@@H]1CCCN2CCCC[C@H]12)C1=CC=CC(NC(=O)C2=CC=CO2)=C1;COC(=O)[C@@H]1CC2=C(CN1C(=O)C1CCCCC1)N(CC1=CC=CC=C1)C=N2;CC1=COC2=CC3=C(C=C12)C(C)=C(CCC(=O)NC1CCCCCC1)C(=O)O3;CC1=CC(C(=O)N2C[C@@H](COCC3CC3)[C@@H]3COC4=CC=CC=C4[C@@H]32)=C(C)O1;CC1=C(CC(=O)NC2CC2)C(=O)OC2=CC3=C(C=C12)CCC1(CCCCC1)O3;COC1=CC=CC=C1[C@H](CC(=O)N1CCCCC1)C1=CC=C(OC(C)C)C=C1;COC1=CC=CC=C1[C@@H](CC(=O)N1CCCCC1)C1=CC=C(OC(C)C)C=C1;COCCC(=O)N1C[C@H]2C[C@H](C1)C1=CC=C(NCC3=CC=CC=C3)C(=O)N1C2;COCCC(=O)N1C[C@@H]2C[C@H](C1)C1=CC=C(NCC3=CC=CC=C3)C(=O)N1C2
m_60e7b1,CS(=O)(=O)c1ccc(N2CCCC(Cn3ccnn3)C2)nc1;CS(=O)(=O)c1ccc(N2CCCC(n3ccnn3)CC2)nc1;COCc1nc(O)cc(N2CCCC2c2ccc(F)cc2F)n1;COc1cc(C(=O)N2CCCC(C(=O)O)C2)cc2c1OCCO2;Cc1[nH]c(=O)c(C#N)c(C)c1CCc1nc(-c2ccccn2)no1;O=C1C(=O)N(CN2CCCC[C@H]2C2=CC=CN=C2)C2=CC=CC=C12;O=C1C(=O)N(CN2CCCC[C@@H]2C2=CC=CN=C2)C2=CC=CC=C12;O=C(NCC1=CC=CC=C1)N1CC[C@H](C2=NC3=CC=CC=C3O2)C1;COC1=CC=C2NC([C@H]3CCN(C(=O)C4=CC=CC=C4)C3)=NC2=C1;O=C(NCC1=CC=CC=C1)O[C@H]1CCN2CC3=CC=CC=C3N=C12;O=C(NCC1=CC=CC=C1)O[C@@H]1CCN2CC3=CC=CC=C3N=C12;O=C(O)C1=CC=C(CN2CC[C@H](C3=NC4=CC=CC=C4N3)C2)C=C1;CNC1=CC=C([C@@H]2CCN3C2=NC2=C(OC)C=CC=C2C3=O)C=C1;CC1=CC=CC(NC(=O)O[C@H]2CCN3CC4=CC=CC=C4N=C23)=C1;CC1=CC=CC(NC(=O)O[C@@H]2CCN3CC4=CC=CC=C4N=C23)=C1;OC1=CC=CC=C1CN1CC[C@H](C2=NN=C(C3=CC=CC=C3)O2)C1;CN1CCC2=CN=C3C(=O)C(NCCC4=CC=C(O)C=C4)=CC1=C23;CC(=NCCC1=CC=CC=N1)C1=C(O)N(C)C2=CC=CC=C2C1=O;CC1=NN=C([C@H]2CCN(CC3=CC=C(S(C)(=O)=O)C=C3)C2)O1;COC(=O)C1=CN(CC2=CC=CC=C2)C(=O)C[C@H]1C1=CC=CC=C1;COC(=O)C1=CN(CC2=CC=CC=C2)C(=O)C[C@@H]1C1=CC=CC=C1;COC1=CC2=C(C=C1OC)CN(C1=NC=NC3=CC=CC=C13)CC2;C1=CC=C2NC([C@H]3CCN(CC4=CC=C5OCOC5=C4)C3)=NC2=C1;COC1=CC=C2NC3=C(CCCC3NC(=O)C3=CC=CN=C3)C2=C1;O=C1OC2=C(CN3CCCC3)C(O)=CC=C2C=C1C1=CC=CC=C1
m_6105c1,CC(O)CN1CCN(C(=O)c2c[nH]nc2-c2ccncc2)CC1;CCCCS(=O)(=O)NCCNc1cc(NCC)nc(C)n1;CC(C)C(NC(=O)C1CCCC(=O)N1)c1nnc2ccccn12;Cn1nccc1C1OCCC1CNC(=O)c1cc(C2CC2)[nH]n1;CN1CC(O)C(CC(=O)NCc2cccc(-c3nnc[nH]3)c2)C1;COC1=CC(CCNC(=O)C2=CC=CC=C2)=CC(OC)=C1OC;COC1=CC(C(=O)NCCC2=CC=CC=C2)=CC(OC)=C1OC;CCNC(=O)N1CC[C@H]2CC(=O)N(C3=CC=CC=C3)CC[C@H]2C1;CC1=NN(C)C(C(=O)N[C@H]2[C@H](O)[C@H](O)C[C@@H]2C2=CC=CC=C2)=C1;CC1=CC(C(=O)N[C@H]2[C@H](O)[C@H](O)C[C@@H]2C2=CC=CC=C2)=NN1C;COC1=CC=C(CCNC(=O)C2=CC(C3CC3)=NN2)C=C1OC;COC1=CC=C([C@@H](CNC(=O)C2=CC=CC=C2)OC)C=C1OC;COC1=CC(OC)=CC(C(=O)NCCOC2=CC=CC=C2C)=C1;CC1(C)CC(=O)C(=CN[C@H](CC2=CC=CC=C2)C(=O)O)C(=O)C1;CC1(C)CC(=O)C(=CN[C@@H](CC2=CC=CC=C2)C(=O)O)C(=O)C1;COC1=CC=CC2=C1OC(=O)C(C(=O)N1[C@H](C)CCC[C@H]1C)=C2;COC1=CC=CC2=C1OC(=O)C(C(=O)N1[C@H](C)CCC[C@@H]1C)=C2;COC1=CC=CC2=C1OC(=O)C(C(=O)N1[C@@H](C)CCC[C@@H]1C)=C2;COC1=CC=CC2=C1OC(=O)C(C(=O)N1C[C@H](C)C[C@H](C)C1)=C2;COC1=CC=CC2=C1OC(=O)C(C(=O)N1C[C@H](C)C[C@@H](C)C1)=C2;COC1=CC=CC2=C1OC(=O)C(C(=O)N1C[C@@H](C)C[C@H](C)C1)=C2;COC1=CC=C(CCNC(=O)COC2=CC=CC=C2)C=C1OC;CCOC1=CC=CC=C1NC(=O)CC1=CC=C(OC)C(OC)=C1;CC(C)(C)OC(=O)N[C@H](CC1=CC=C2C=CC=CC2=C1)C(=O)O;CC(C)(C)OC(=O)N[C@@H](CC1=CC=C2C=CC=CC2=C1)C(=O)O
m_610a9f,CCn1nc(C)c(C(=O)N2CCC(c3cccnc3OC)C2)c1C;CC(C)CC1CN(C)CCN1C(=O)c1cc(-c2ccccn2)no1;CCC1CN(C)CCCN1S(=O)(=O)c1cn(CC(C)C)cn1;O=C(O)CCCCN1CCC(c2nc(-c3ccccc3)n[nH]2)CC1;COC1CNC(C(=O)Nc2cnn(-c3cc(C)ccc3C)c2C)C1;COC1=CC2=C(C=C1OC)CN(C(=O)CN1C(C)=CC=C1C)CC2;CN1C(=O)C2=CC=CC=C2O[C@H]2CN(C(=O)C3CCCCC3)C[C@H]21;C=C1[C@H]2[C@@H](CO)C[C@](C(=O)CCC3=CC=CC=C3)([C@H]2OC)C1(C)C;COC(=O)C1=CC=CC2=C1OC([C@H]1CCN(C3CCCCC3)C1)=N2;COC1=CC2=C(C=C1OC)CN(C(=O)CCCN1C=CC=C1)CC2;CC(C)C1=NOC([C@@H]2C[C@H](NC(=O)CC3=CC=CC=C3)CN2C)=N1;CO[C@@H]1C(=O)N(CC2=CC=CC=C2)[C@@H]2CN(C(=O)C3CCC3)C[C@H]12;CC(=O)C(=CC1=CC=CC=C1)C(=O)O[C@@H]1C[C@H](C)CC[C@@H]1C(C)C;CC(=O)C(=CC1=CC=CC=C1)C(=O)O[C@@H]1C[C@@H](C)CC[C@@H]1C(C)C;CC(=O)/C(=C\C1=CC=CC=C1)C(=O)O[C@@H]1C[C@H](C)CC[C@@H]1C(C)C;CC(=O)/C(=C\C1=CC=CC=C1)C(=O)O[C@@H]1C[C@@H](C)CC[C@@H]1C(C)C;CC(=O)/C(=C/C1=CC=CC=C1)C(=O)O[C@@H]1C[C@H](C)CC[C@@H]1C(C)C;CC(=O)/C(=C/C1=CC=CC=C1)C(=O)O[C@@H]1C[C@@H](C)CC[C@@H]1C(C)C;C=C[C@H](C(=O)O[C@@H]1C[C@H](C)CC[C@H]1C(C)C)C(=O)C1=CC=CC=C1;C=C[C@H](C(=O)O[C@@H]1C[C@H](C)CC[C@@H]1C(C)C)C(=O)C1=CC=CC=C1;C=C[C@H](C(=O)O[C@@H]1C[C@@H](C)CC[C@H]1C(C)C)C(=O)C1=CC=CC=C1;C=C[C@H](C(=O)O[C@@H]1C[C@@H](C)CC[C@@H]1C(C)C)C(=O)C1=CC=CC=C1;CC(C)C[C@H](NC(=O)C1CC(=O)N(C)C1)C1=NC2=CC=CC=C2N1;CCN1CCC2(CC1)OC(=O)C(C)=C2C(=O)NC1=CC=C(C)C=C1;CC(=O)NC[C@H]1C[C@@H]2CC[N@@]1C[C@@H]2C1=CC(C2=CC=CO2)=NN1C
m_612431,CCCCCCCCCC(=O)NC(CCCC(=O)O)C(=O)O;CCCCCCCCCCCC(=O)NC(CC(=O)O)C(=O)O;CCCCOc1cc(C(O)=NCCNCC)c2ccccc2n1;CN(C)C1CCN(C(=O)c2ccc3c(c2)C(C)(C)C(=O)N3)CC1;CCn1cc(NC(=O)N2CCCCC2CCO)c2ccccc21;CCCCC1(CCCC)C(=O)NC(=NC2=CC=CC=C2)NC1=O;CCCCC1(CCCC)C(=O)NC(=O)N=C1NC1=CC=CC=C1;CCCCCCC[C@H]1C[C@@H]1CCC(=O)NCCC1=CC=CC=C1;CCCCCCC[C@@H]1C[C@H]1CCC(=O)NCCC1=CC=CC=C1;CCCCNC(=O)COC1=CC=C2N=C3CCCN3C(=O)C2=C1;CCCCCCCC=CC=CNC(=O)CCC1=CC=C(O)C=C1;CCCCCCCCN=C(C)C1=C(O)C2=CC=CC=C2OC1=O;CCNC(=O)N1CC[C@H]2CC(=O)N(C3=CC=CC=C3)CC[C@H]2C1;C=C(C)[C@H]1CC[C@H](C(=O)N[C@H](CC2=CC=CC=C2)C(=O)O)CC1;CCCCCCCCCCCC1=CC(=O)C2=CC=CC=C2[N@@H+]1[O-];CCC[C@H](C)[C@@]1(CC)C(=O)N=C(NC2=CC=CC(C)=C2)N=C1O;CCC[C@@H](C)[C@@]1(CC)C(=O)N=C(NC2=CC=CC(C)=C2)N=C1O;CCCCN(CC)CC1=C(O)C=CC2=C1OC(=O)C1=C2CCC1;CCCC1=NN=C([C@H]2CCN(CC3=CC=C(C(=O)O)C=C3)C2)O1;CC[C@H](C)NC(=O)COC1=CC=C2N=C3CCCN3C(=O)C2=C1;CC[C@@H](C)NC(=O)COC1=CC=C2N=C3CCCN3C(=O)C2=C1;CCC[C@H](C)[C@@]1(CC)C(=O)N=C(NC2=CC=C(C)C=C2)N=C1O;CCC[C@@H](C)[C@@]1(CC)C(=O)N=C(NC2=CC=C(C)C=C2)N=C1O;CNC(=O)[C@@H](C1CC1)N1CCC[C@H]1C(=O)NCC1=CC=CC=C1;CCN1C[C@H]2C[C@@H](O)CN2C2(C1)CN(C(=O)C1=CC=CC=C1)C2
m_62973b,COC1(c2nc(Cc3cccnc3)no2)CCOCC1;CC(C)(C(=O)N1CCN(S(N)(=O)=O)CC1)C1CC1;COc1ccc(CN(C)c2cc(O)ncn2)cc1OC;COC1CCN(C(=O)C(C)(C)S(=O)(=O)C2CC2)C1;CNS(=O)(=O)CC(=O)N(CC1CCCN1)C1CC1;COC1=CC=C(C(=O)O[C@H]2C[C@H]3CC[C@@H](C2)N3C)C=C1;COC1=CC=C(C(=O)O[C@@H]2C[C@H]3CC[C@@H](C2)N3C)C=C1;COC1=CC=C(C(=O)OC2C[C@H]3CC[C@@H](C2)N3C)C=C1;CN1[C@@H]2CC[C@H]1C[C@@H](OC(=O)CC1=CC=C(O)C=C1)C2;COC1=CC=C(C(=O)O[C@@H]2CCN3CC[C@H](C)[C@H]23)C=C1;COC1=CC=C(C(=O)O)C=C1C1CC2CCC(C1)N2C;COC1=CC=C(/C=C/C(=O)O[C@H]2CCCN(C)C2)C=C1;COC1=CC=C(/C=C/C(=O)O[C@@H]2CCCN(C)C2)C=C1;CN1[C@@H]2CC[C@H]1C[C@@H](OC(=O)CC1=CC=CC(O)=C1)C2;CC[C@H]1CN(C(=O)C2=CC=CC=C2)CC[C@H]1CC(=O)O;COC1=CC=CC=C1/C=C/C(=O)O[C@H]1CCCN(C)C1;COC1=CC=CC=C1/C=C/C(=O)O[C@@H]1CCCN(C)C1;O=C(O[C@H]1C[C@H]2CC[C@@H](C1)N2)[C@H](CO)C1=CC=CC=C1;O=C(O[C@H]1C[C@H]2CC[C@@H](C1)N2)[C@@H](CO)C1=CC=CC=C1;O=C(O[C@H]1CC2CC[C@H](C1)N2)[C@H](CO)C1=CC=CC=C1;O=C(O[C@@H]1C[C@H]2CC[C@@H](C1)N2)[C@@H](CO)C1=CC=CC=C1;O=C(OC1C[C@H]2CC[C@@H](C1)N2)[C@@H](CO)C1=CC=CC=C1;O=C(OC1CC2CCC(C1)N2)[C@H](CO)C1=CC=CC=C1;O=C(N[C@H]1/C=C\[C@@H](O)CCCC1)OCC1=CC=CC=C1;CN1[C@@H]2C[C@H](O)C[C@H]1[C@H](OC(=O)CC1=CC=CC=C1)C2
m_62dd85,CN(Cc1ccccn1)C(=O)CCc1nc2ccccc2c(=O)[nH]1;Cc1cccc(CNC(=O)Nc2cccc(OCC(F)F)n2)n1;CN(Cc1ccncc1)C(=O)Nc1cccc(OCC(F)F)n1;Cc1nc(C)c(C(=O)Nc2ccc(COc3ccccc3)cc2)o1;O=C(NCCS(=O)(=O)Nc1ccccc1)C1C2CCCCC21;COC1=CC=C(C(=O)NC2=CC(C)=NC3=CC=CC=C23)C=C1OC;C[C@@H](NC(=O)CC1=C(O)N=C2C=CC=CC2=C1O)C1=CC=CC=C1;COC1=C(CC2=CC=CC=C2)N(O)C(=O)C(CC2=CC=CC=C2)=N1;COC1=CC=C(C2=C(C(=O)NCCC3=CC=CC=C3)N=CO2)C=C1;CNC(=O)C1=CC(C2=CC=C(OC)C(OC)=C2)=NC2=CC=CC=C12;CC(C)CC(=O)NC1=CC=CC(C2=NC3=CC=CC=C3C(=O)O2)=C1;COC1=CC=C2N=C(O)C(CN(C)C(=O)C3=CC=CC=C3)=CC2=C1;COC1=CC=C(C2=CC(C(=O)NCCC3=CC=CC=C3)=NO2)C=C1;CC1[C@H](OC2=CC=CC=C2CC(=O)O)O[C@H](C(=O)O)C(C)[C@@H]1C;COC1=C(CC2=CC=CC=C2)N=C(O)C(CC2=CC=CC=C2)=[N+]1[O-];CCOC1=CC=CC(C2=CC=C(NC(=O)C(C#N)=C(C)O)C=C2)=C1;COC1=CC=CC(C2=CC(C(=O)NCCC3=CC=CC=C3)=NO2)=C1;C[C@H](NC(=O)C1=CC=C2C(=C1)C=CN2CC1=CC=CC=C1)C(=O)O;O=C(CN1C=CC2=CC=CC=C21)N[C@@H](CC1=CC=CC=C1)C(=O)O;O=C(CCN1C=CC2=CC=CC=C21)N[C@@H](C(=O)O)C1=CC=CC=C1;CCOC(=O)C1=C(C2=CC=CC=C2)NC(=O)N[C@H]1C1=CC=CC=C1;CCOC(=O)C1=C(C2=CC=CC=C2)NC(=O)N[C@@H]1C1=CC=CC=C1;COC1=CC=CC(C(=O)NC2=CC(C)=NC3=C(OC)C=CC=C23)=C1;COC1=CC=C([C@H](NC(C)=O)C2=CC=C3C=CC=NC3=C2O)C=C1;COC1=CC=C([C@@H](NC(C)=O)C2=CC=C3C=CC=NC3=C2O)C=C1
m_637284,CCC(Cc1ccccc1C(F)(F)F)NC(=O)Cc1ncc[nH]1;Cc1noc(C2CCN(C(=O)c3cnn(C)c3C(F)F)CC2)n1;CCc1noc(CC)c1Cc1nc(-c2ccc3c(c2)CCO3)no1;CNS(=O)(=O)c1ccc(CNC(=O)N2CCCCCC2)cc1;CC1CCN(C(=O)NCCc2ccc(S(N)(=O)=O)cc2)CC1;CC1=COC2=CC3=C(C=C12)C(C)=C(CC(=O)N1CCCC1)C(=O)O3;COC(=O)N1CCC2=CC(O)=C(OC)C3=C2[C@H]1CC1=CC=CC=C13;COC(=O)N1CCC2=CC(O)=C(OC)C3=C2[C@@H]1CC1=CC=CC=C13;COC1=CC=C(C(=O)CC(=O)C(=O)NC2=C(C)C=CC=C2C)C=C1;COC1=CC=C(C(=O)CC(=O)C(=O)NCCC2=CC=CC=C2)C=C1;CC[C@H](NC(=O)OCC1C2=CC=CC=C2C2=CC=CC=C21)C(=O)O;CC[C@@H](NC(=O)OCC1C2=CC=CC=C2C2=CC=CC=C21)C(=O)O;COC1=CC=C(C(=O)CCC(=O)NC2=CC=CC(C(C)=O)=C2)C=C1;COC1=CC=C(C(=O)C2=NCCC3=CC(OC)=C(OC)C=C23)C=C1;O=C(C1=CC=CO1)C1=COC2=CC=C(O)C(CN3CCCCC3)=C12;COC1=CC=C(CCNC(=O)[C@H]2CC3=CC=CC=C3C(=O)O2)C=C1;COC1=CC=C(CCNC(=O)[C@@H]2CC3=CC=CC=C3C(=O)O2)C=C1;CCOC(=O)C1=C2C3=CC=CC=C3CC3(CCCC3)N2C(=O)C1=O;COC1=CC=C(CCNC(=O)C=CC2=CC=C3OCOC3=C2)C=C1;COC1=CC=C(C(=O)CNC(=O)CC2=CC=C3CCOC3=C2)C=C1;CCOC(=O)C1=CC=C(NC(=O)C=CC2=CC=C(OC)C=C2)C=C1;CC1=C(C)C2=CC3=C(C=C2O1)OC(=O)C(CC(=O)NC1CC1)=C3C;CC1=CC=C(C=C2OC3=C(C=CC(O)=C3CN3CCCC3)C2=O)O1;CC1=CC(O)=C(C(=O)C=CC2=CC=C3CCN(C)CC3=C2)C(=O)O1;COC1=CC=C(CCNC(=O)C2=CC3=CC=CC=C3O2)C=C1OC
m_64030c,Cn1ccnc1C1OCCC1NCc1cccc2c1OC(C)(C)C2;Cc1nnc(C2CCCN(Cc3ccccc3OC3CC3)C2C)o1;OC1CC(Cn2cccn2)CC1NCc1cccc2c1COCC2;OC1CC(Cn2ccnc2)CC1NCc1cccc2c1COCC2;Cc1n[nH]c(C)c1CC(=O)N1CCCC(CO)(c2ccccc2)C1;COC1=CC=CC=C1CN1CC[C@@H](CO)N(C)C2=NC=CC=C2C1;CC1=C(C(=O)NCC2=CC=CC=C2C)C2(CCCCCC2)OC1=O;COC1=CC=CC(CN2CC[C@@H](CO)N(C)C3=NC=CC=C3C2)=C1;COC1=CC=C(CN2CC[C@@H](CO)N(C)C3=NC=CC=C3C2)C=C1;COC1=CC=CC=C1CN1CC[C@@H](CO)N(C)C2=CC=CN=C2C1;CC1=CC=C2CN(CC3=CC=CC=C3O)CC[C@@H](CO)N(C)C2=N1;CCOC1=CC=CC=C1CN1CCC2=CC(OC)=C(OC)C=C2C1;CC1(C)C[C@H](NC(=O)C[C@H](C2=CC=CC=C2)C2=CC=CO2)CCO1;CC1(C)C[C@H](NC(=O)C[C@@H](C2=CC=CC=C2)C2=CC=CO2)CCO1;CC1(C)C[C@@H](NC(=O)C[C@H](C2=CC=CC=C2)C2=CC=CO2)CCO1;CC1(C)C[C@@H](NC(=O)C[C@@H](C2=CC=CC=C2)C2=CC=CO2)CCO1;CN1CCC(NC2(CC3=NOC(C4=CC=CC=C4)=C3)COC2)CC1;COC1=CC=C(CN2CCOC[C@H](OCC3=CC=CC=C3)C2)C=C1;CC(CO)NC(=O)C1C=C2C3=CC=CC4=C3C(CN4)N(C)C2CC1;CC1=C(C(=O)NC2=C(C)C=CC=C2C)C2(CCCCCC2)OC1=O;CC1=CC=CC(C2=NOC([C@@H]3C[C@@H](O)CN3C3CCCCC3)=N2)=C1;CC1=CC=C(C2=CN3C[C@H](CNC4CCOCC4)OCC3=N2)C=C1;CC1=C(C(=O)NCCC2=CC=CC=C2)OC2=C1[C@H](O)CC(C)(C)C2;CC1=C(C(=O)NCCC2=CC=CC=C2)OC2=C1[C@@H](O)CC(C)(C)C2;CC(C)CNC(=O)C=CC=CCCC=CC1=CC=C2OCOC2=C1
m_64306c,CCOc1ccc(NC(=O)c2cccnc2OCC)cc1S(=O)(=O)N(C)C;Cc1c(C(=O)N2c3ccccc3CC2C)sc2nc3n(c(=O)c12)CCCCC3;Cc1cccc(C)c1NC(=O)CNC(=O)CSc1nnc(NC(C)C)s1;CCC(C(=O)Nc1ccc(C(=O)N2CCOCC2)c(Cl)c1)N1CCCC1=O;Cc1sc(NC(=O)C23CC4CC(C(=O)N2)C3C4)nc1-c1ccc2c(c1)CCC2;COC1=CC=CC=C1CNC(=O)COC1=CC(C)=CC2=C1C1=C(CCC1)C(=O)O2;COC1=CC=C(CNC(=O)COC2=CC(C)=CC3=C2C2=C(CCC2)C(=O)O3)C=C1;COC(=O)C1=CC=C(C=C2OC3=C(CN4CCCC4)C(O)=CC(C)=C3C2=O)C=C1;CC1=C(OCC(=O)NCCC2=CC=C(O)C=C2)C=CC2=C1OC(=O)C1=C2CCC1;O=C(O)[C@H](CC1=CC=CC=C1)NCC1=C(O)C=CC2=C1OC(=O)C1=C2CCCC1;O=C(O)[C@@H](CC1=CC=CC=C1)NCC1=C(O)C=CC2=C1OC(=O)C1=C2CCCC1;CC1=C(C)C2=CC3=C(OC(=O)C(CCC(=O)NCC4=CC=CO4)=C3C)C(C)=C2O1;COC(=O)CC1=C(C)C2=CC3=C(OCN(CC4=CC=CC=C4)C3)C(C)=C2OC1=O;COC1=CC=C2C(=O)C(OC3=CC=C(C(=O)NC4CCCC4)C=C3)=C(C)OC2=C1;CCCCCCOC(=O)C1=CC=C(NC(=O)C2=CC3=CC=CC=C3OC2=O)C=C1;O=C(COC1=CC(O)=C2C(=O)C=C(C3=CC=CC=C3)OC2=C1)NC1CCCCC1;COC(=O)C1CCN(CC2=CC(=O)OC3=CC(C4=CC=CC=C4)=C(O)C=C23)CC1;COC(=O)C1=CC=C(C=C2OC3=C(C=CC(O)=C3CN3CCCCC3)C2=O)C=C1;CCOC(=O)C1=CC=C(NC(=O)[C@]23CCC(=O)N2C2=CC=CC=C2C(=O)N3)C=C1;CCOC(=O)C1=CC=C(NC(=O)[C@@]23CCC(=O)N2C2=CC=CC=C2C(=O)N3)C=C1;O=C(COC1=CC=C2N=C3CCCN3C(=O)C2=C1)N[C@H](C(=O)O)C1=CC=CC=C1;CC1=COC2=CC3=C(C=C12)C(C)=C(CCC(=O)NCCCC1=CC=CO1)C(=O)O3;CC1=COC2=C1C(C)=CC1=C2C(C)=C(CC(=O)NCCCC2=CC=CO2)C(=O)O1;COC1=CC=C2C(C)=C(CCC(=O)NCC(=O)C3=CC=CC=C3)C(=O)OC2=C1C;COC(=O)[C@H](CC(C)C)NC(=O)C1=CC=CC(C2=CC3=CC=CC=C3OC2=O)=C1
m_65a7ff,Cc1nc(COc2ccc(C(=O)N3CCCC3c3ccncc3)cc2)no1;CC(C)c1nnc(CNc2ccc(S(=O)(=O)N3CCCC3)cn2)n1C;Cc1nn2c(SCC3CCN(C(=O)C(C)(C)C)CC3)nnc2nc1O;Cc1ccc(NC(=O)c2cnc3ccccn23)cc1C(=O)N1CCOCC1;COc1cccc2c1CCN(C(=O)c1ccc3c(c1)C(=O)N(C)C3=O)CC2;COCCOC(=O)C1=C(C)OC2=CC=C(OCC(=O)OC(C)(C)C)C=C12;COC1=CC2=C(C=C1OC)CN(C(=O)C1=CC(C3=CC=CN=C3)=NN1)CC2;O=C(C1=CC2=NN=C(C3=CC=CC=C3)N2C=C1)N1CCC2(CC1)OCCO2;C=C(CC(=O)C=C(C)C)[C@@H](COC1=CC=C(C(=O)OC)C=C1OC)OO;CC1=CC=NC(NC(=O)CN2C(=O)[C@@H]3CCCN3C(=O)C3=CC=CC=C32)=C1;CC(=O)O[C@H]1CC2=C(CO)C(=O)O[C@@H]2/C=C(\C)[C@@H](OC(C)=O)C/C=C\1C;C[C@@H](C1=CC=CC=C1)N1C(=O)[C@@H]2CN(C(=O)C3=CC=CN=C3)CCN2C1=O;CC(=O)OCC1=C2[C@@H](OC(C)=O)/C=C(\C)[C@@H](O)CC/C(C)=C/[C@H]2OC1=O;CC(=O)OCC1=C2[C@@H](OC(C)=O)/C=C(/C)[C@@H](O)CCC(C)=C[C@H]2OC1=O;C=C1CCC2=C(CO)C(=O)O[C@@H]2/C=C(/C)[C@H](OC(C)=O)C[C@@H]1OC(C)=O;C=C1CCC2=C(CO)C(=O)O[C@@H]2/C=C(/C)[C@@H](OC(C)=O)C[C@@H]1OC(C)=O;C=C1CCC2=C(CO)C(=O)O[C@@H]2/C=C(/C)C(OC(C)=O)C[C@@H]1OC(C)=O;CC1(C)O[C@H]2[C@@H](O1)[C@@H](COC(=O)C1=CC=CC=C1)O[C@@H]1OC(C)(C)O[C@@H]12;O=C1N[C@H](CC2=CC=CC=C2)C(=O)N2CCN(C(=O)C3=CC=CN=C3)C[C@@H]12;O=C1N[C@@H](CC2=CC=CC=C2)C(=O)N2CCN(C(=O)C3=CC=CN=C3)C[C@@H]12;CC(=O)OCC1=C2C/C=C(/C)[C@H](O)C[C@H](OC(C)=O)C(C)=C[C@@H]2OC1=O;CC(=O)OCC1=C2C/C=C(/C)[C@@H](O)C[C@H](OC(C)=O)C(C)=C[C@H]2OC1=O;CC(=O)OCC1=C2C/C=C(/C)[C@@H](O)C[C@H](OC(C)=O)/C(C)=C\[C@H]2OC1=O;CC(=O)OCC1=C2C/C=C(/C)[C@@H](O)C[C@@H](OC(C)=O)C(C)=C[C@H]2OC1=O;CC(=O)OCC1=C2C/C=C(/C)[C@@H](O)C[C@@H](OC(C)=O)/C(C)=C\[C@H]2OC1=O
m_6817b1,CC1(C)C(=O)NC(=O)N1CC(=O)NC1c2ccccc2CC1O;c1nnc(N2CCC(COc3ccc(C4CC4)nn3)CC2)s1;Cc1nn(C)cc1CC(=O)NC1CC(c2ccc(Cl)cc2)C1;O=C(O)COCC1CCN(C(=O)c2cc3cccnc3[nH]2)CC1;CC1(C(=O)O)CCN(C(=O)CCS(=O)(=O)C2CCCC2)C1;COC(=O)C1CCN(CC2=CC(=O)OC3=CC=C(O)C=C23)CC1;CCOC(=O)CNC(=O)O[C@H]1CCN2CC3=CC=CC=C3N=C12;CCOC(=O)CNC(=O)O[C@@H]1CCN2CC3=CC=CC=C3N=C12;CN1C([C@H]2CCN(C(=O)COCC(=O)O)C2)=NC2=CC=CC=C21;CCOC(=O)C1CCN(C=C2OC3=CC(O)=CC=C3C2=O)CC1;COCC(=O)N1CC[C@H]2NC(=O)N(C3=CC=C(C)C=C3)C(=O)[C@H]21;COCC(=O)N1CC[C@H]2NC(=O)N(C3=CC=C(C)C=C3)C(=O)[C@@H]21;COCC(=O)N[C@H]1CCN2C(=O)C3=CC=CC=C3NC(=O)[C@@H]2C1;COCC(=O)N1CC[C@H]2NC(=O)N(CC3=CC=CC=C3)C(=O)[C@H]21;COCC(=O)N1CC[C@@H]2NC(=O)N(CC3=CC=CC=C3)C(=O)[C@H]21;CC(=O)O[C@H]1CN(C(=O)/C=C\C2=CC=CC=C2)C[C@H]1OC(C)=O;CC(=O)O[C@H]1CN(C(=O)/C=C/C2=CC=CC=C2)C[C@@H]1OC(C)=O;CC(=O)O[C@@H]1CN(C(=O)/C=C/C2=CC=CC=C2)C[C@H]1OC(C)=O;COC1=CC=C(C(=O)N2CC[C@H](C3=NN=C(C)O3)C2)C=C1OC;CCOC(=O)[C@H]1CCCN(C=C2OC3=CC(O)=CC=C3C2=O)C1;CCOC(=O)[C@H]1CCCN(/C=C2\OC3=CC(O)=CC=C3C2=O)C1;CCOC(=O)[C@@H]1CCCN(C=C2OC3=CC(O)=CC=C3C2=O)C1;CCOC(=O)[C@@H]1CCCN(/C=C2\OC3=CC(O)=CC=C3C2=O)C1;CN1CCC2=C1N=C1C=CC=CC1=C2NC(=O)CC1=CC=CC=C1;COCC(=O)N1CCN2C(=O)N(CC3=CC=CC=C3)C(=O)[C@H]2C1
m_6b66aa,Cc1cc(S(=O)(=O)Nc2cc(Cl)ccc2O)ccc1F;Cc1cc(F)ccc1S(=O)(=O)N1CCC(C)CC1C(=O)O;COc1ccc(-c2nsc(NC(=O)c3ccoc3C)n2)cc1;Fc1ccc(COc2ccccc2C(=S)N2CCCC2)cc1;Cc1oncc1-c1nn2c(Cc3ccccc3F)nnc2s1;COC1=CC=C(C(=O)NC2=CC(C(=O)O)=CC=C2C)C=C1OC;COC1=CC(OC)=CC(C(=O)NC2=CC=C(C)C=C2C(=O)O)=C1;COC1=CC(NC(=O)C2=CC=CC(C)=C2)=C(C(=O)O)C=C1OC;COC1=CC=C(OC2=CC=C(NC(=O)CCC(=O)O)C=C2)C=C1;COC(=O)C1=CC=C(NC(=O)C2=C(OC)C=CC=C2OC)C=C1;COC(=O)C1=CC=CC=C1NC(=O)C1=CC(OC)=CC(OC)=C1;COC(=O)C1=CC=C(NC(=O)COC2=CC=C(OC)C=C2)C=C1;CC1=CC(=O)OC(C)=C1C(=O)N[C@@H](CC1=CC=CC=C1)C(=O)O;COC1=CC=C(C(=O)NCC2=CC=C(C(=O)O)C=C2)C=C1OC;CC1=C2C(=O)C3=C(O)C=CC=C3C(=O)C2=C([C@H](C)O)N1CCO;COC1=C(OC)C(OC)=C2C(=C1O)C(=O)C1=CC=CC=C1N2C;COC(=O)C1=CC=CC=C1NC(=O)COC1=CC=C(OC)C=C1;COC(=O)C1=CC=CC(NC(=O)C2=CC=C(OC)C(OC)=C2)=C1;COC(=O)C1=CC=C(NC(=O)C2=CC=C(OC)C=C2OC)C=C1;COC(=O)C1=CC=CC=C1NC(=O)C1=CC=C(OC)C=C1OC;COC(=O)[C@H]1[C@H](O)C(=O)N(CC2=CC=CC=C2)[C@H]1C1=CC=CO1;COC(=O)[C@H]1[C@H](O)C(=O)N(CC2=CC=CC=C2)[C@@H]1C1=CC=CO1;COC(=O)[C@@H]1[C@H](O)C(=O)N(CC2=CC=CC=C2)[C@H]1C1=CC=CO1;COC(=O)[C@@H]1[C@H](O)C(=O)N(CC2=CC=CC=C2)[C@@H]1C1=CC=CO1;COC1=CC(C2CC(=O)OC3=C2C(=O)N(C)C(C)=C3)=CC=C1O
m_6d224e,CNS(=O)(=O)c1cc(C(=O)N2CCN(c3cnccc3C)CC2)co1;Clc1ccccc1N1CCC(c2nc(-c3cccc4[nH]ccc34)no2)C1;Cc1noc(C2COCCN2C(=O)CNC(=O)c2cccc(Cl)c2)n1;CC1(C)Cc2c(Br)cccc2C1NC(=O)C1CCC(=O)NC1;O=C1CCN(CC(O)COc2ccccc2Cl)c2ccc(F)cc2N1;COC(=O)C1=CC=C(C=C2OC3=CC(OC(=O)C4CC4)=CC=C3C2=O)C=C1;COC(=O)C1=CC=C(C2CC(=O)OC3=CC=C4C(C)=CC(=O)OC4=C32)C=C1;O=C1C[C@](O)(C2=CC=CC=C2)[C@@H](C2=CC(O)=CC(=O)O2)C2=CC=CC(O)=C12;O=C1C[C@@](O)(C2=CC=CC=C2)[C@@H](C2=CC(O)=CC(=O)O2)C2=CC=CC(O)=C12;COC(=O)C1=C(C)CCC2=C1C=C1C(=O)C3=CC=CC(O)=C3C(=O)C1=C2O;COC(=O)[C@H]1C(=O)C[C@@](C)(O)[C@@H](C(=O)OC)[C@H]1C1=CC=C2OCOC2=C1;COC(=O)[C@H]1C(=O)C[C@@](C)(O)[C@@H](C(=O)OC)[C@@H]1C1=CC=C2OCOC2=C1;COC(=O)[C@@H]1C(=O)C[C@@](C)(O)[C@@H](C(=O)OC)[C@H]1C1=CC=C2OCOC2=C1;COC(=O)[C@@H]1C(=O)C[C@@](C)(O)[C@@H](C(=O)OC)[C@@H]1C1=CC=C2OCOC2=C1;COC(=O)C1C(=O)C[C@@](C)(O)C(C(=O)OC)C1C1=CC=C2OCOC2=C1;CC1=CC=CC2=C1C(O)=C(CC1=C(O)C3=C(C)C=CC=C3OC1=O)C(=O)O2;CC1=CC=CC2=C1C(=O)C(CC1=C(O)OC3=CC=CC(C)=C3C1=O)=C(O)O2;COC(=O)[C@@]1(O)C[C@H]2O[C@H](COC(=O)/C=C\C3=CC=CC=C3)[C@@H](O1)[C@H]2O;COC(=O)[C@@]1(O)C[C@H]2O[C@H](COC(=O)/C=C/C3=CC=CC=C3)[C@@H](O1)[C@H]2O;CC(=O)C1=C2OC(=O)CC(C3=CC=CC=C3)C2=C2OC(=O)C=C(C)C2=C1O;COC1=CC(OC)=C2C(=O)[C@@H]([C@@H](CC(C)=O)OC(C)=O)COC(=O)C2=C1;CCC[C@H]1O[C@H](CC(=O)O)C[C@]2(O)C(=O)C3=CC=CC(O)=C3C(=O)[C@@]12O;CCC[C@H]1O[C@H](CC(=O)O)C[C@@]2(O)C(=O)C3=CC=CC(O)=C3C(=O)[C@@]12O;O=C1C[C@@H](O)CC2=C1C(O)=CC(C1=CC=CC=C1)=C2C1=CC(O)=CC(=O)O1;CC(C)=C1OC2=C(C=CC3=C2C(C2=CC=C(C(=O)O)C=C2)CC(=O)O3)C1=O
m_6d3dc0,OC1CC(c2cccc(F)c2)N(Cc2nnc(-c3ccco3)o2)C1;O=C(O)C1CCCN(C(=O)CC(c2ccccc2)C(F)(F)F)C1;Cc1csc(CNC(=O)c2cccc(CN3CCCC3=O)c2)n1;Cc1ccc(C2CC2C(=O)NCc2cccc(NC(N)=O)c2)s1;Cc1cccc(-c2cncc(C(=O)Nc3ccc4nncn4c3)c2)c1;COC1=CC(C(=O)NC2=CC=CC(C(C)=O)=C2)=CC(OC)=C1OC;CCOC(=O)C1=CC=CC=C1NC(=O)C1=CC(OC)=CC(OC)=C1;CCOC(=O)C1=CC=CC=C1NC(=O)C1=CC=C(OC)C(OC)=C1;COC(=O)[C@H]1[C@H](O)C(=O)N(CC2=CC=C(C)C=C2)[C@H]1C1=CC=CO1;COC(=O)[C@H]1[C@H](O)C(=O)N(CC2=CC=C(C)C=C2)[C@@H]1C1=CC=CO1;COC(=O)[C@@H]1[C@H](O)C(=O)N(CC2=CC=C(C)C=C2)[C@H]1C1=CC=CO1;COC(=O)[C@@H]1[C@H](O)C(=O)N(CC2=CC=C(C)C=C2)[C@@H]1C1=CC=CO1;COC1=CC(NC(=O)CCC2=CC=CC=C2)=C(C(=O)O)C=C1OC;COC1=CC(C(=O)NC2=CC=C(C(C)=O)C=C2)=CC(OC)=C1OC;COC(=O)C1=CC=CC=C1NC(=O)CC1=CC=C(OC)C(OC)=C1;COC1=CC=CC(C(=O)N2CCC[C@H]2C(=O)NC2=NOC(C)=C2)=C1;COC1=CC=C(CNC(=O)CC2=CC=CC=C2C(=O)O)C=C1OC;CC1=CC=CC=C1OC[C@H](O)CNC(=O)C1=CC=CC=C1C(=O)O;CC1=CC=CC=C1OC[C@@H](O)CNC(=O)C1=CC=CC=C1C(=O)O;CC1=CC=CC(NC(=O)NCCOC(=O)N(O)C2=CC=CC=C2)=C1;O=C(NC[C@H]1COC2(CCCC2)O1)C1=CC2=CC=CC=C2OC1=O;O=C(NC[C@@H]1COC2(CCCC2)O1)C1=CC2=CC=CC=C2OC1=O;COC1=CC=CC(C2CC(=O)OC3=C2C(=O)N(C)C(C)=C3)=C1OC;CN1C(=O)[C@@H](O)[C@](O)(C2=CC=CC=C2)[C@@H]1[C@H](O)C1=CC=CC(O)=C1;CN1C(=O)[C@@H](O)[C@](O)(C2=CC=CC=C2)[C@@H]1[C@@H](O)C1=CC=CC(O)=C1
m_6d9287,Cc1cncc(C(=O)N(c2cccnc2)C(C)C)c1;C#Cc1ccc(C(=O)N2C3CCC2CC(O)C3)cc1;CN(C)C(=O)c1ccc(NCc2ccncc2)cc1;CCN(C(=O)c1ccc(C)nc1)c1cccnc1C;OCC(O)C(O)C(O)CNCCc1ccccc1;COC1=CC=C(C(=O)NCCC2=CC=CC=C2)C=C1;CCOC1=CC=C(C(=O)NCC2=CC=CC=C2)C=C1;CCC1=CC=CC=C1NC(=O)C1=CC=C(OC)C=C1;CC1=CC=C(C(=O)NCCOC2=CC=CC=C2)C=C1;COC1=CC=C(C(=CC2=CC=NC=C2)C(=O)O)C=C1;COC1=CC=C(CNC(=O)C2=CC=C(C)C=C2)C=C1;CCC1=CC=C(NC(=O)C2=CC=C(OC)C=C2)C=C1;O=C(O)C(=CN(O)C1=CC=CC=C1)C1=CC=CC=C1;C[C@H](NC(=O)C1=CC=CC=C1)[C@H](O)C1=CC=CC=C1;C[C@H](NC(=O)C1=CC=CC=C1)[C@@H](O)C1=CC=CC=C1;C[C@@H](NC(=O)C1=CC=CC=C1)[C@H](O)C1=CC=CC=C1;C[C@@H](NC(=O)C1=CC=CC=C1)[C@@H](O)C1=CC=CC=C1;COC1=CC=C(CCNC(=O)C2=CC=CC=C2)C=C1;COC1=CC=CC(C(=O)NCC2=CC=C(C)C=C2)=C1;COC(=O)C1=CC=CC=C1NC(=O)C1=CC=CC=C1;COC1=CC=CC=C1CNC(=O)C1=CC=CC(C)=C1;COC(=O)C1=CC=CC=C1NCC1=CC=C(C)C=C1;COC1=CC=CC=C1NC(=O)CC1=CC=C(C)C=C1;COC1=CC=C(CNC(=O)C2=CC=CC=C2C)C=C1;COC1=CC=C(CC(=O)NC2=CC=CC=C2C)C=C1
m_6e1c94,COC1CC(c2nnc(C)o2)N(c2ccnc3cc(F)ccc23)C1;Cc1cc(C2CN(c3ncnc4onc(C)c34)CCO2)ccc1F;Cc1cc(C(=O)NC2CCN(CCS(C)(=O)=O)CC2)c(C)o1;CCCS(=O)(=O)NC1CCN(C(=O)c2ccoc2CC)CC1;CCCCS(=O)(=O)NCC(=O)NC1CCc2c(F)cccc21;COC1=CC(C[C@H]2COC(=O)[C@@H]2CC2=CC=C(O)C=C2)=CC=C1O;COC1=CC(C[C@@H]2COC(=O)[C@@H]2CC2=CC=C(O)C=C2)=CC=C1O;CCOC(=O)C1=CC2=CC(C)=C(C)C=C2C=C(C(=O)OCC)C1=O;COC1=CC=C(CC[C@H]2CC3=CC(OC)=CC(O)=C3C(=O)O2)C=C1;COC1=CC(OC)=C2CC[C@@H](C3=CC=C(OC(C)=O)C=C3)OC2=C1;COC1=CC=C(C[C@H]2COC(=O)[C@@H]2CC2=CC=CC(O)=C2)C=C1O;COC1=CC=C(C(=O)CC2=CC=C3OCCCOC3=C2)C(O)=C1C;COC1=CC(C[C@H]2C(=O)OC[C@@H]2CC2=CC=CC(O)=C2)=CC=C1O;COC1=CC=C([C@H]2OC3=CC(OC)=CC=C3C[C@@H]2OC(C)=O)C=C1;CC1(C)C(=O)C2=C(OC3=CC=CC=C3[C@@H]2CC(=O)O)C(C)(C)C1=O;CC1COC(C2=CC=C3C4=C2C(=O)OC4CCC3(C)C)=C1C(=O)O;COC1=CC=C2C(=O)C3=C(C[C@H](C(C)=C(C)C)O3)C(=O)C2=C1OC;COC1=CC(C=CC(=O)C2=CC=C(O)C=C2C)=CC(OC)=C1OC;COC1=CC(C=CC(=O)C2=CC(C)=CC=C2O)=CC(OC)=C1OC;COC1=C(C)C2=C(C(=O)C[C@H](C3=CC=CC=C3)O2)C(OC)=C1CO;COC1=C(C)C2=C(C(=O)C[C@@H](C3=CC=CC=C3)O2)C(OC)=C1CO;COC1=C(C)C(OC)=C2C(=C1C=O)OC(C1=CC=CC=C1)CC2O;CCC1=CC(C(=O)CC2=CC=C3OCCOC3=C2)=C(O)C=C1OC;COC(=O)C1=C2[C@](C)(C(=O)OC)[C@@H]3O[C@@H]3C[C@@]2(C)C2=CC=CC=C12;COC(=O)C1=C2[C@](C)(C(=O)OC)C3OC3C[C@@]2(C)C2=CC=CC=C12
m_6ebcf9,COC1CC(c2nc(C3CC3)n[nH]2)N(Cc2ccc3c(c2)CCO3)C1;Cc1ccc(C)c(C(=O)NCc2nc(C)cc(N3CCOCC3)n2)c1;Cc1nn(C)c(C)c1CNC(=O)NC(C)c1oc2ccccc2c1C;Cc1ccc(C(=O)N2CCN(Cc3noc(C4CC4)n3)CC2)cc1C;CCN1CCN(S(=O)(=O)c2cc(C(C)C)c(C)cc2OC)CC1;COC1=CC=C(CN2CCN(C(=O)C3=CC=C(OC)C=C3)CC2)C=C1;COC1=CC=CC(CN2CCN(C(=O)C3=CC=CC(OC)=C3)CC2)=C1;CC1=C(O)C=CC(C(=O)CN2CCN(CC3=CC=CC=C3)CC2)=C1O;CC1=CC(=O)C(O)=C(CN2CCN(CC=CC3=CC=CC=C3)CC2)O1;COC1=CC=C(CN2CCN(C(=O)C3=CC=CC=C3)CC2)C(OC)=C1;COC1=CC=C(C(=O)N2CCN(CC3=CC=CC=C3OC)CC2)C=C1;CN1CCN(CC2=C(O)C=CC(C(=O)CC3=CC=CC=C3)=C2O)CC1;COC1=CC2=C(C=C1OC)C(C1=CC=CC=C1)N(C(=O)N(C)C)CC2;COC1=CC=CC(CN2CCN(CC3=CC=C4OCOC4=C3)CC2)=C1;COC1=CC2=C(C=C1OC)CN(CC(=O)NCC1=CC=CC=C1)CC2;COC1=CC2=C(C=C1OC)CN(C(=O)NCCC1=CC=CC=C1)CC2;COC1=CC=C(CC(=O)N2N=C(C)C3=C2C[C@@H]2[C@H]3C2(C)C)C=C1OC;COC1=CC=C([C@H](CNC(=O)C2=CC=CC=C2)N2CCOCC2)C=C1;COC1=CC=C([C@@H](CNC(=O)C2=CC=CC=C2)N2CCOCC2)C=C1;COC1=CC2=C(C=C1OC)[C@H](C)N(CC(=O)NC1=CC=CC=C1)CC2;COC1=CC2=C(C=C1OC)[C@@H](C)N(CC(=O)NC1=CC=CC=C1)CC2;COC1=CC2=C(C=C1OC)[C@H](C1=CC=CC=C1)N(CCC(N)=O)CC2;COC1=CC2=C(C=C1OC)[C@H](C)N(C(=O)NCC1=CC=CC=C1)CC2;COC1=CC2=C(C=C1OC)[C@@H](C1=CC=CC=C1)N(CCC(N)=O)CC2;CC[C@H]1CN(C(=O)C2=CC=CO2)CC[C@H]1CC(=O)NC1=CC=CC=C1
m_6f127a,COc1ccc(CC(=O)N2CC(O)CC2c2cccc(F)c2)nc1;Cc1ccc(C(=O)NC(C)c2ccc(SC(C)C)cc2)c(=O)[nH]1;O=C(c1coc(C2CCOCC2)n1)N1CCCc2ccc(F)cc21;O=C(c1coc(C2CCC2)n1)N1CC(O)CC1c1cccc(F)c1;COc1cccc(CC(=O)N2CC(O)CC2c2cccc(F)c2)n1;COC(=O)CC1CC(OC)CC2=C1C(=O)CC(C1=CC=CC=C1)O2;OC1=CC=C(CC[C@H]2C[C@H](O)[C@H](O)[C@@H](C3=CC=C(O)C=C3)O2)C=C1;OC1=CC=C(CC[C@H]2C[C@H](O)[C@@H](O)[C@@H](C3=CC=C(O)C=C3)O2)C=C1;OC1=CC=C(CC[C@H]2C[C@@H](O)[C@H](O)[C@@H](C3=CC=C(O)C=C3)O2)C=C1;OC1=CC=C(CC[C@H]2C[C@@H](O)[C@@H](O)[C@@H](C3=CC=C(O)C=C3)O2)C=C1;OC1=CC=C(CC[C@H]2CC(O)C(O)[C@@H](C3=CC=C(O)C=C3)O2)C=C1;CCCCC(=O)[C@H]1C(=O)C[C@H](C2=CC=CC=C2)C(C(=O)OC)=C1O;CCCCC(=O)[C@H]1C(=O)C[C@@H](C2=CC=CC=C2)C(C(=O)OC)=C1O;CCCCC(=O)[C@@H]1C(=O)C[C@H](C2=CC=CC=C2)C(C(=O)OC)=C1O;CCCCC(=O)[C@@H]1C(=O)C[C@@H](C2=CC=CC=C2)C(C(=O)OC)=C1O;CCCCC(=O)C1C(=O)CC(C2=CC=CC=C2)C(C(=O)OC)C1=O;OC1=CC=C2C=C1C1=CC(=CC=C1O)CC(O)C(O)CC(O)CC2;O=[N+]([O-])C1=CC=CC(C2=NOC([C@@H]3C[C@@H](O)CN3CC3CC3)=N2)=C1;COC1=CC2=C(C(OC)=C1OC)[C@H](OC)C[C@@H](C1=CC=CC=C1)O2;COC(=O)[C@]1(C)C=CCC2(C)C3=CC=CC=C3[C@](O)(C(=O)OC)[C@H]21;COC1=C2C(C)(C)C(=O)CCC2(C)C2=C(C=C(C)C(O)=C2O)C1=O;OC1=CC=C2C=C1C1=CC(=CC=C1O)CC(O)C(O)CCC(O)C2;C[C@@H]1C[C@@H]2C[C@H]3/C=C4/C(=O)C[C@H](C[C@@H](O)C[C@H]3C=C2C1=O)OC4=O;COC(=O)C1=C2[C@](C)(C(=O)OC)[C@H](O)CC[C@@]2(C)C2=CC=CC=C12;COC(=O)C1=C2[C@](C)(C(=O)OC)[C@@H](O)CC[C@@]2(C)C2=CC=CC=C12
m_6f3a5c,CC(C)c1ccc(OCC(=O)NC2CN(c3ccccn3)C2)cc1;Cc1ccccc1CN(C)C(=O)CNc1cccc(C)c1C(N)=O;Cc1n[nH]c(C)c1C1CCCN1C(=O)Cc1ccc2c(c1)CCO2;O=C(Cn1ncc(=O)c2ccccc21)NCCC1CC2CCC1C2;CNC(=O)c1ccc(NC(=O)C(N)CCc2ccccc2)c(C)c1;CC1=CC=CC=C1C(=O)N[C@H]1[C@H](O)[C@H](O)C[C@@H]1C1=CC=CC=C1C;CN1CCOC(OC(=O)CC(C2=CC=CC=C2)C2=CC=CC=C2)C1;CNC(=O)[C@@H]1CC2=CC=CC=C2CN1C(=O)CCCN1C=CC=C1;COC(C(=O)OC1CCN(C)C1)(C1=CC=CC=C1)C1=CC=CC=C1;CCNCC(=O)NC1=CC=C(C(=O)NC2=C(C)C=CC=C2C)C=C1;CC[C@H](C(=O)NC1=CC=CC2=CC=CC=C12)[C@H]1CC[C@H](OC)CC1;CC[C@H](C(=O)NC1=CC=CC2=CC=CC=C12)[C@H]1CC[C@@H](OC)CC1;CC[C@@H](C(=O)NC1=CC=CC2=CC=CC=C12)[C@H]1CC[C@H](OC)CC1;CC[C@@H](C(=O)NC1=CC=CC2=CC=CC=C12)[C@H]1CC[C@@H](OC)CC1;COC1=CC2=C(C=C1OC)CN(C(=O)CCC1=CC=CC=C1)CC2;CC1=CC=C(C)N1CC(=O)N1C[C@H]2C[C@@H](C1)C1=CC=CC(=O)N1C2;O=C(NC[C@H]1CN2C(C3=CC=CC=C3)=CN=C2CO1)C1CCCC1;COC1=CC=C(C2(CNC(=O)C3=CC=CC=C3)CCOCC2)C=C1;O=C(NC[C@H]1CN2C=C(C3=CC=CC=C3)N=C2CO1)C1CCCC1;O=C(N[C@H](CO)C1=CC=CC=C1)C1(C2=CC=CC=C2)CCOCC1;COC1=CC2=C(C=C1OC)CC(C)(C)N(C(=O)C1=CC=CC=C1)C2;CCOC(=O)C1=C(C)N(CC(C)C)C2=C1C=C(O)C1=CC=CC=C12;CCN(CC)CC(=O)NC1=CC=CC=C1C(=O)NC1=CC=CC=C1;O[C@H](C[C@H]1CCC[C@@H](C[C@H](O)C2=CC=CC=C2)N1)C1=CC=CC=C1;O[C@H](C[C@@H]1CCC[C@H](C[C@H](O)C2=CC=CC=C2)N1)C1=CC=CC=C1
m_6f414f,Cc1cccc(S(=O)(=O)Nc2cccc(-c3ccc(=O)[nH]n3)c2)c1;Cc1ccc(S(=O)(=O)Nc2cccc(-c3ccc(=O)[nH]n3)c2)cc1;O=c1cccc2n1CC1CC2CN(c2nc3ccc(Cl)cc3o2)C1;CS(=O)(=O)c1ccc(OCCC(=O)N2CCC(C(=O)O)C2)cc1;CCOC(=O)c1cnc2ccc(Cl)cc2c1NCc1cccnc1;COC1=CC=C(C(=O)CC(=O)C(=O)NCC2=CC=CC(OC)=C2)C=C1;CCN(CC)C(=O)OC1=CC=C2C(=O)C(=CC3=CC=CO3)OC2=C1C;CC(C)[C@H](NCC1=C(O)C=CC2=C1OC(=O)C1=CC=CC=C12)C(=O)O;CC1=C(CC(=O)NCCCC2=CC=CO2)C(=O)OC2=CC(O)=CC=C12;COC1=CC=C(C(=O)C[C@]2(O)C(=O)NC3=CC=C(C)C=C32)C(OC)=C1;COC1=CC=C(C(=O)C[C@@]2(O)C(=O)NC3=CC=C(C)C=C32)C(OC)=C1;COC1=CC=C2C(C)=C(CCC(=O)NCC3=CC=CO3)C(=O)OC2=C1;CC1=CC(O)=C(CN2CCOCC2)C2=C1C(=O)C(=CC1=CC=CO1)O2;CC(C)OC(=O)COC1=CC=C2C(=O)C(=CC3=CC=CN3C)OC2=C1;COC1=CC=C2C(=C1)C(=O)OC1=C(C)C(OCC(=O)N(C)C)=CC=C12;COC1=CC=C(C(=O)CC2(O)C(O)=NC3=CC=C(C)C=C32)C(OC)=C1;COC(=O)C1=CC(OC)=C(OC)C=C1NC(=O)C=CC1=CC=CC=C1;C=C(C)[C@H](O)CC1=C(O)C=C2C(=C1O)C(=O)C1=CC=CC(O)=C1N2C;C=C(C)CC(O)C1=C(O)C=C2C(=C1O)C(=O)C1=CC=CC(O)=C1N2C;COC1=CC=C(NC(=O)C2=C(C)OC3=CC=C(OC)C=C23)C(OC)=C1;CCN(CC)C(=O)OC1=CC=C2C(=O)C(=CC3=CC=C(C)O3)OC2=C1;COC1=C2C3=CC=C(OC)C(=O)C=C3[C@H]3CC[C@]2(C=C(O)C1=O)N3C;COC1=C2C3=CC=C(OC)C(=O)C=C3[C@@H]3CC[C@@]2(C=C(O)C1=O)N3C;CCC1=C(C)C(O)=C(CC2=C(OC)C=C3C=CN=CC3=C2O)C(=O)O1;COC1=CC=C(C2=CC(=O)C3=C(OC)C(OC)=CC=C3N2)C=C1OC
m_6f45e5,O=C(NC1CCN(CCc2ccccc2)CC1)N1CCCC(n2cncn2)C1;Cc1ccccc1CN1CCOC(c2noc(C(C)c3c(C)noc3C)n2)C1;COc1ccc(C2c3[nH]c4ccccc4c3CCN2Cc2ccc(C)cc2)cc1;CCn1ccnc1C1OCCCC1NC1CCN(CCc2ccccc2)CC1;Cc1ccc(CN2CC(C(=O)N3CCC(c4nc(C)no4)CC3)CC2=O)cc1;CN1CCN2[C@H](C1)C(=O)N(CC1=CC=CC=C1)C21CCN(C(=O)C2CC2)CC1;CC1=NC(C2=CC=CO2)=CC([C@H]2C[N@]3CC[C@H]2C[C@@H]3CNC2CCOCC2)=N1;CC1=NC(C2=CC=CO2)=CC([C@H]2CN3CC[C@H]2C[C@@H]3CNC2CCOCC2)=N1;C1=CC=C(CN[C@H]2CO[C@H]3[C@@H]2OC[C@@H]3N2C=C(CC3CCCCC3)N=N2)C=C1;CN1CCN2[C@H](C1)C(=O)N(CC1CC1)C21CCN(C(=O)C2=CC=CC=C2)CC1;CN(CCC1=CC=CC=N1)C[C@H]1C[N@]2CC[C@H]1C[C@@H]2CNC(=O)C1=CC=CO1;CN(CCC1=CC=CC=N1)C[C@H]1CN2CC[C@H]1C[C@@H]2CNC(=O)C1=CC=CO1;CN1CCN(C(=O)C[C@@H]2CCNC[C@@H]2CC2=NOC(C3=CC=CC=C3)=C2)CC1;CC1=NC(C2=CC=CO2)=CC([C@H]2C[N@]3CC[C@H]2C[C@@H]3CNC(=O)C(C)(C)C)=N1;CC1=NC(C2=CC=CO2)=CC([C@H]2CN3CC[C@H]2C[C@@H]3CNC(=O)C(C)(C)C)=N1;CN1N=C(C2CCCC2)C=C1[C@H]1C[N@]2CC[C@H]1C[C@@H]2CNC(=O)C1=CC=CO1;CN1N=C(C2CCCC2)C=C1[C@H]1CN2CC[C@H]1C[C@@H]2CNC(=O)C1=CC=CO1;CCCN1CC[C@H]2CC(=O)NC3=CC=C(C4=CN(C)N=C4)C=C3OCC[C@H]2C1;CC(C)NC(=O)OC[C@H]1C[C@@H]2CC[N@@]1C[C@@H]2C1=CC(C2=CC=CC=C2)=NN1C;CC(C)NC(=O)OC[C@H]1C[C@@H]2CCN1C[C@@H]2C1=CC(C2=CC=CC=C2)=NN1C;CCCNC(=O)OC[C@H]1C[C@@H]2CC[N@@]1C[C@@H]2C1=CC(C2=CC=CC=C2)=NN1C;CCCNC(=O)OC[C@H]1C[C@@H]2CCN1C[C@@H]2C1=CC(C2=CC=CC=C2)=NN1C;O=C(CCCC1=NC(C2=CC=CC=C2)=NO1)NC[C@H]1CCCN2CCCC[C@H]12;CN(C[C@@H]1CCCN2CCCC[C@H]12)C(=O)CCN1C=NC2=CC=CC=C2C1=O;COC1=CC=CC=C1C1=NN(C)C(C(=O)NC[C@@H]2CCCN3CCCC[C@H]23)=C1
m_70464b,Cc1occc1C(=O)N1CCS(=O)(=O)C(C)C1C;Cc1occc1C(=O)N1CCS(=O)(=O)C(C)(C)C1;Cc1cc(C(=O)Nc2ccccc2OCC2CC2)co1;O=C(NCc1ccc(F)cc1)c1cncnc1C1CC1;O=C(NCC1(c2ccc(F)cc2)CC1)c1cnccn1;COC1=CC=CC=C1NC(=O)C1=CC=CC=C1C(=O)O;COC1=CC=CC=C1C(=O)NC1=CC=CC=C1C(=O)O;CON(C)C(=O)C1=CC=CC=C1OCC1=CC=CC=C1;COC1=CC=CC(C(=O)O)=C1NC(=O)C1=CC=CC=C1;COC1=CC=C(CCNC(=O)C2=CC=CC=C2O)C=C1;COC1=CC=CC(C(=O)NCC2=CC=CC=C2OC)=C1;CCOC(=O)[C@H]1C=C(C#N)O[C@H](C2=CC=C(C)C=C2)C1;CCOC(=O)[C@H]1C=C(C#N)O[C@@H](C2=CC=C(C)C=C2)C1;CCOC(=O)[C@@H]1C=C(C#N)O[C@H](C2=CC=C(C)C=C2)C1;CCOC(=O)[C@@H]1C=C(C#N)O[C@@H](C2=CC=C(C)C=C2)C1;CC1=CC(=O)OC(C)=C1C(=O)N[C@@H](C)C1=CC=CC=C1;COC(=O)C1=CC=CC=C1NC(=O)C1=CC=CC=C1O;CC1=CC=CC(C(=O)NC2=CC=C(O)C=C2C(=O)O)=C1;COC1=CC=C(OCC(=O)NCC2=CC=CC=C2)C=C1;COC1=CC=C(CC(=O)NC2=CC=C(OC)C=C2)C=C1;CCOC(=O)C1=CC=C2N=C(C)C3=C(O[C@H](C)C3)C2=C1;CCOC(=O)C1=CC=C2N=C(C)C3=C(O[C@@H](C)C3)C2=C1;COC1=CC=CC=C1C(=O)NC1=CC=CC(C(=O)O)=C1;COC1=CC=C(CC(=O)NC2=CC=CC=C2OC)C=C1;COC1=CC=C(C(=O)NC2=CC=CC=C2C)C=C1OC
m_70fe91,Cn1ccnc(NC2CCN(c3ccc(Br)cc3)C2)c1=O;Cn1cnc(C(=O)N2CCCC2Cc2ccc(Br)cc2)n1;Cn1ccnc(NC2CCN(c3ccccc3Br)C2)c1=O;CCn1nncc1C(=O)NC1(c2ccccc2Br)CCC1;Cn1nncc1C(=O)N1CCC(C)(C)c2ccc(Br)cc21;CCOC(=O)C1CCN(S(=O)(=O)C2=CC=CC3=CC=CN=C23)CC1;CCS(=O)(=O)C1=CC=C2OC([C@H]3CCN(C(=O)C4CC4)C3)=NC2=C1;CCS(=O)(=O)C1=CC=C2OC([C@@H]3CCN(C(=O)C4CC4)C3)=NC2=C1;COC(=O)C1=C(O)C=C(C)C=C1OC1=C(O)C=CC(O)=C1C(=O)OC;O=C1C=CC2(C=C1)OCC(C1=CC=C(C3=CC=C(C(=O)O)C=C3)C=C1)O2;COC1=CC(C(=O)O)=CC=C1OC1=C(OC)C=C(C(=O)O)C=C1OC;CC(=O)N1CCC2(CC1)OC(=O)C(C)=C2C(=O)NCC1=CC=CS1;CC(C)C[C@H](NC(=O)[C@@H]1CS[C@H]2C3=CC=CC=C3C(=O)N12)C(=O)O;CC(C)C[C@H](NC(=O)[C@@H]1CS[C@@H]2C3=CC=CC=C3C(=O)N21)C(=O)O;CC(C)C[C@H](NC(=O)[C@@H]1CSC2C3=CC=CC=C3C(=O)N21)C(=O)O;CC(C)C[C@@H](NC(=O)[C@@H]1CS[C@H]2C3=CC=CC=C3C(=O)N12)C(=O)O;CC(C)C[C@@H](NC(=O)[C@@H]1CS[C@@H]2C3=CC=CC=C3C(=O)N21)C(=O)O;CC(C)C[C@@H](NC(=O)[C@@H]1CSC2C3=CC=CC=C3C(=O)N21)C(=O)O;COC(=O)C1=CC=C(COC2=CC=C3OC=C(C4=CC=CC=C4)C3=C2)O1;COC1=CC=C(C2=NC(C)=C(C(=O)N[C@H](C(=O)O)C(C)C)S2)C=C1;COC(=O)[C@H](O)CC1=CC(O)=C(O)C=C1C(=O)C1=CC=C(O)C(O)=C1;COC(=O)CCC/C=C1\SC[C@H](NC(=O)C2=CC=CC=C2)\C1=N\O;COC(=O)CCC/C=C1\SC[C@@H](NC(=O)C2=CC=CC=C2)\C1=N\O;CC[C@H](C)[C@H](NC(=O)[C@@H]1CS[C@H]2C3=CC=CC=C3C(=O)N12)C(=O)O;CC[C@H](C)[C@H](NC(=O)[C@@H]1CS[C@@H]2C3=CC=CC=C3C(=O)N21)C(=O)O
m_70ff2a,CCOCC1CN(C(=O)c2cccnc2C)CC1c1cnn(C)c1;Cc1n[nH]cc1CNc1ccc(C(=O)N2CC(C)OC(C)C2)cc1;CC(NC(=O)N1CCCC(CO)C1)c1cccc(-n2ccnc2)c1;Cc1ccc(-c2cc(C(=O)N3CCCC4(CCN(C)C4)C3)[nH]n2)o1;Cc1ccccc1CNC(=O)NC1CCCOC1c1cnn(C)c1;CN1C(=O)C2=CC=CC=C2O[C@H]2CN(C(=O)C3CCCCC3)C[C@H]21;CO[C@@H]1C(=O)N(CC2=CC=CC=C2)[C@@H]2CN(C(=O)C3CCC3)C[C@H]12;O=C(C1CCC1)N1CCC2(CC1)CC(=O)N(CC1=CC=CC=C1)O2;COC(=O)C1=CC=CC2=C1OC([C@H]1CCN(C3CCCCC3)C1)=N2;O=C(C1=CC=CN=C1)N1CCN2C(=O)N(C3CCCCC3)C[C@H]2C1;CC(C)C1=NOC([C@@H]2C[C@H](NC(=O)CC3=CC=CC=C3)CN2C)=N1;C=C1C2=C(C[C@H]3[C@H]1CC[C@@H]1[C@]3(C)CCC[C@]1(C)C(=O)OC)OC=C2;CCC=CCC=CCC=CCC=CCC1=CC=C(CC(=O)OC)O1;CC1=CC=C2CN(C(=O)C3CCCC3)CC[C@H]3COC(=O)N3C2=C1;CC1=CC=C(C2=CN3C[C@H](CNC(=O)NC(C)C)OCC3=N2)C=C1;COC1=CC2=C(C=C1OC)CN(C(=O)CN1C(C)=CC=C1C)CC2;CCN1CCC2(CC1)OC(=O)C(C)=C2C(=O)NC1=CC=C(C)C=C1;COC(=O)[C@]1(C)CCC[C@]2(C)C3=CC=C(C(C)C)C=C3C(=O)C[C@@H]12;COC(=O)[C@]1(C)CCC[C@@]2(C)C3=CC=C(C(C)C)C=C3C(=O)C[C@H]12;CCN1CCC2(CC1)OC(=O)C(C)=C2C(=O)NC1=CC=CC=C1C;C/C(=C\CCC1=COC=C1)CC(=O)C[C@H](C)CCCC1=COC=C1;C/C(=C\CCC1=COC=C1)CC(=O)C[C@@H](C)CCCC1=COC=C1;CC1(C)C[C@H](NC(=O)CCC2=NC=C(C3=CC=CC=C3)O2)CCO1;CC1(C)C[C@@H](NC(=O)CCC2=NC=C(C3=CC=CC=C3)O2)CCO1;COC(=O)C1=CC=C[C@H]2[C@](C)(CCC3=COC=C3)[C@H](C)CC[C@]12C
m_7108be,Nc1ccc(N2CCN(C3CC4CCC3C4)CC2)cc1;CCCCCC=CC=CCNC(CCS)C(=O)O;CCCCCCCCCCCCC(=O)NCC(=O)O;CC(C)C(CO)C(NC(=O)C1CCCOC1)C(C)C;CC1CCC(CCC(=O)N2CCOC(C(=O)O)C2)O1;C=C(C)[C@H]1CCC(C)=C1COC(=O)NC1=CC=CC=C1;C=C(C)[C@@H]1CCC(C)=C1COC(=O)NC1=CC=CC=C1;COC(=O)C1=CN(CC2CCCCC2)C2=CC=CC=C12;COC1=CC=C(OCC(=O)NCC2=CC=CC=C2)C=C1;COC1=CC=C(CC(=O)NC2=CC=CC=C2)C=C1OC;COC1=CC=C(CC(=O)NC2=CC=C(OC)C=C2)C=C1;COC1=CC=C([C@H](O)CNC(=O)C2=CC=CC=C2)C=C1;COC1=CC=C([C@@H](O)CNC(=O)C2=CC=CC=C2)C=C1;O=C(O)[C@H](CC1=CC=CC=C1)NOCC1=CC=CC=C1;O=C(O)[C@@H](CC1=CC=CC=C1)NOCC1=CC=CC=C1;CN1[C@@H]2CC[C@H]1C[C@H](OC(=O)/C=C\C1=CC=CC=C1)C2;CN1[C@@H]2CC[C@H]1C[C@H](OC(=O)/C=C/C1=CC=CC=C1)C2;CN1[C@@H]2CC[C@H]1C[C@@H](OC(=O)/C=C\C1=CC=CC=C1)C2;CN1[C@@H]2CC[C@H]1C[C@@H](OC(=O)/C=C/C1=CC=CC=C1)C2;CN1[C@@H]2CC[C@H]1CC(OC(=O)/C=C/C1=CC=CC=C1)C2;CCOC(=O)C1=CC=C2N=C(C)C3=C(O[C@H](C)C3)C2=C1;CCOC(=O)C1=CC=C2N=C(C)C3=C(O[C@@H](C)C3)C2=C1;O=C(CCC1=CNC2=CC=CC=C12)OC1CCCCC1;O=C(O)CCC1=C2C3=CC=CC=C3CCN2C(=O)CC1;CC(C(=O)OC1=CC2CCC(C1)N2C)C1=CC=CC=C1
m_7125ae,COc1cc(C(=O)NC(C)(CO)C2CCCCC2)on1;COc1cc(C(=O)NCC2CCOC2C(C)(C)C)on1;Cc1nc(C)c(CNCC2CCOC2C(C)(C)C)s1;CC(C)(C)CCN(C1CC1)S(=O)(=O)c1cccnc1;O=S(=O)(NCC1CCCCCCC1)c1cccnc1;C[C@H]1[C@H](O)CCC2=CC(=O)[C@]3([C@@](C)(O)CO)O[C@@H]3[C@@]21C;C[C@H]1[C@H](O)CCC2=CC(=O)[C@]3(C(C)(O)CO)O[C@@H]3[C@@]21C;C=CCC1=C[C@@]2(O)C[C@H](C(C)(C)O)O[C@@]2(OC)CC1=O;C=CCC1=C[C@@]2(O)C[C@@H](C(C)(C)O)O[C@@]2(OC)CC1=O;C=CCC1(CO)CC2(O)CC(C(C)(C)O)OC2=CC1=O;C[C@H](O)[C@@H](O)C1=CC=C2CC(C(C)(C)O)OC2=C1CO;C=CC[C@H]1C[C@@]23C[C@H](C(C)(C)O)O[C@]2(CC1=O)OCO3;C=CC[C@@H]1C[C@@]23C[C@H](C(C)(C)O)O[C@]2(CC1=O)OCO3;CC(C)[C@H]1CCC(CO)=C[C@@H]1/C=C(\CC(=O)O)C(=O)O;C[C@@]1(CO)[C@@H]2C[C@@]3([C@H](CO)CC[C@@H]13)[C@@H](O)C=C2C(=O)O;CC1(C)C=CC(=O)[C@@]2(C)OO[C@@H]3C[C@]12CC[C@]3(O)CO;CC1(C)C=CC(=O)[C@@]2(C)OO[C@@H]3C[C@]12CCC3(O)CO;C[C@H](CO)CC(=O)C[C@@](C)(O)CCC(=O)C1=COC=C1;C=C1CCC2C(C=C(CO)C(O)CC1O)OC(=O)C2C;C[C@@H]1C(=O)O[C@@H]2C3=C([C@H](O)C[C@]3(C)O)[C@@](C)(O)CC[C@@H]12;C[C@@H]1C(=O)O[C@@H]2C3=C([C@@H](O)C[C@@]3(C)O)[C@@](C)(O)CC[C@@H]12;CC1=CC[C@@H]([C@](C)(O)C/C=C/[C@@H](CO)C(=O)O)CC1=O;C[C@H]1[C@H](O)CCC2=CC(=O)C(=C(CO)CO)C(O)[C@@]21C;C[C@@H]1C(=O)O[C@H]2[C@H]1CC[C@@](C)(O)[C@]1(O)C=C[C@@](C)(O)[C@H]21;C[C@@H]1C(=O)O[C@H]2[C@H]1CC[C@@](C)(O)[C@@]1(O)C=C[C@@](C)(O)[C@H]21
m_741f2c,O=C(NCc1ccc(Br)cn1)C1NCC12CCCC2;O=C(Nc1ccc(F)c(S(=O)(=O)NC2CC2)c1)c1ccc[nH]1;CCOc1ccccc1-c1nn2c(-c3ccncc3)nnc2s1;COc1ccc(Cc2nn3c(-c4cccnc4)nnc3s2)cc1;O=C(O)c1ccc(-n2[nH]c3c(cnc4c(F)cccc43)c2=O)cc1;O=C(O)C1=C(C2=CC=CC=C2)C(C2=CC=C(O)C=C2)=C(C(=O)O)N1;CC(=O)C1=CC=C(OCC(=O)C2=CC=C3NC(=O)[C@H](C)C3=C2)C=C1;CC(=O)C1=CC=C(OCC(=O)C2=CC=C3NC(=O)[C@@H](C)C3=C2)C=C1;O=C(NC1(C(=O)O)CC1)OCC1C2=CC=CC=C2C2=CC=CC=C21;COC1=CC=C(CCN2C(C(=O)O)=CC3=CC=CC=C3C2=O)C=C1;COC1=CC=C(C(=O)C2=NC=CC3=CC(OC)=C(OC)C=C23)C=C1;COC1=CC=CC(=O)C2=C(C)N(C3=CC=C(C(=O)O)C=C3)C(C)=C12;CCCC1=CC2=C(C=C1OC(C)=O)OC=C(C1=CC=CC=N1)C2=O;COC1=CC=CC(C(=O)OCC2=CC3=CC=CC(C)=C3N=C2O)=C1;CC1=CC=CC=C1NC(=O)COC1=CC=C2C(C)=CC(=O)OC2=C1;CC1=CC(=O)OC2=C(C)C(OCC(=O)NC3=CC=CC=C3)=CC=C12;CC(=COC(=O)C1=CC=CC=C1)C(C)=NOC(=O)C1=CC=CC=C1;O=C(OC(C1=CC=CC=C1)C1=CC=CC=C1)[C@H]1CN2C(=O)C[C@@H]2O1;CC1=CC(=O)OC2=CC(OCC(=O)NCC3=CC=CC=C3)=CC=C12;CC1=C(CC2=CC=CC=C2)C(=O)OC2=CC(OCC(N)=O)=CC=C12;CCOC1=CC=CC=C1C1=CC(=O)C2=CC=C(NC(C)=O)C=C2O1;CCOC1=CC=CC=C1C1=CC(=O)C2=CC(NC(C)=O)=CC=C2O1;CCOC1=CC(C=CC(=O)O)=CC=C1OCC1=CC=CC=C1C#N;CC1=CC=CC(NC(=O)COC2=CC=C3C(C)=CC(=O)OC3=C2)=C1;CC(C)(C)C(=O)OC1=CC=C2C(=O)C(=CC3=CC=CN=C3)OC2=C1
m_75100f,O=C(NCCN1CCN(c2ccc(F)cc2)CC1)NC1COc2ccccc21;CC(C)Cn1nnc2c1CC(c1nc(CC(=O)Nc3ccn(C)n3)no1)CC2;O=C(CNC(=O)c1ccc(-c2ccccc2)cc1)NC1CCCc2ccccc21;CCOc1ccc(C(=O)NCC(c2ccccc2)c2c[nH]c3ccccc23)cc1;Cn1cc(CCC(=O)Nc2cccc(C(=O)N3CCCCC3C(=O)O)c2)cn1;COC1=CC=C(C(=O)NCCCCCCNC(=O)C2=CC=C(OC)C=C2)C=C1;COCC(=O)N[C@H]1[C@H](C2=CC=CC=C2)N(CC2=CC=CC=C2O)CC[C@@]1(C)O;CN(CCC1=CC=CC=C1)[C@@H]1[C@H](O)[C@H](CO)O[C@@H]1CNC(=O)C1=CC=CC=C1;COC1=CC=C(CN2CCC[C@@H](O)[C@H](NC(=O)C3=CC=C(OC)C=C3)C2)C=C1;COC1=CC=C(C(=O)N[C@H]2CO[C@@H](CN(C)CCC3=CC=CC=C3)[C@@H]2O)C=C1;COC1=CC=C(C(=O)N[C@@H]2CN(CC3=CC=CC(OC)=C3)CCC[C@H]2O)C=C1;COC1=CC2=C(C=C1OC)C(NC(=O)CC1(N3C=CC=C3)CCOCC1)CC2;CC[C@]12[C@@H]3N4CC[C@H]1OC(C(=O)OC)([C@@H]1N(C)C5=CC=CC=C5[C@]31CC4)[C@@H]2O;CC[C@@]12[C@H](O)C3(C(=O)OC)O[C@@H]1CCN1CC[C@@]4(C5=CC=CC=C5N(C)[C@@H]34)[C@@H]12;COC1=CC(C[C@H]2CN(C(C)=O)[C@@H](CC3=CC=CC=C3)CN2)=CC(OC)=C1O;CC(=O)C(CC(=O)O)C1CC2C3=C(CC(C1CO)N2C)C1=CC=CC=C1N3C;COC1=CC=C(CC(=O)NC[C@H](C2=CC=C(OC)C=C2)N2CCOCC2)C=C1;COC1=CC=C(CC(=O)NC[C@@H](C2=CC=C(OC)C=C2)N2CCOCC2)C=C1;CC1=C(CC(=O)NC[C@@H]2CCCN3CCCC[C@H]23)C(=O)OC2=CC(O)=CC=C12;COCCN1C=C(C(=O)N2CC[C@@]3(O)CCCC[C@H]3C2)C2=CC=CC=C2C1=O;CC1=CC(=O)OC2=CC(OCC(=O)NC[C@@H]3CCCN4CCCC[C@H]34)=CC=C12;CC[C@]12C=CCN3CC[C@]4(C5=CC=CC=C5N(C)[C@@H]4[C@@](O)(C(=O)OC)[C@@H]1O)[C@@H]32;CC[C@]12C=CCN3CC[C@@]4(C5=CC=CC=C5N(C)[C@H]4[C@@](O)(C(=O)OC)[C@@H]1O)[C@@H]32;CC[C@]12C=CCN3CC[C@@]4(C5=CC=CC=C5N(C)[C@@H]4[C@@](O)(C(=O)OC)[C@@H]1O)[C@@H]32;CC[C@@]12C=CCN3CC[C@]4(C5=CC=CC=C5N(C)[C@@H]4[C@@](O)(C(=O)OC)[C@H]1O)[C@H]32
m_75dece,Cc1cc(C)cc(C(=O)OCC2CC(=O)N(C3CC3)C2)c1;O=C(O)C1CC(c2ccccc2)CN(C(=O)C2CCC2)C1;Cc1cc(C(=O)N2CCNC(C)(C)C2)c2cnn(C)c2n1;Cc1cn2ccc(C(=O)NC3CCC(CO)CC3)cc2n1;Cc1nc2ccc(C(=O)N3CCOCCC3C)cc2n1C;CC1=NN=C([C@H]2CCN(CC3=CC=C(C(=O)O)C=C3)C2)O1;CCOC(=O)C1=C(C)N=C2C([C@@H]3CCCN3C)=CC=CN12;COC1=CC=C(C(=O)N2CC[C@H](C3=NN=C(C)O3)C2)C=C1;CC1=CC=C(C(=O)OC[C@@H]2CCCN3CCCC[C@H]23)C=C1;C=C(O[C@H]1C[C@@H]2CC[C@H]([C@H]1C(=O)O)N2C)C1=CC=CC=C1;CC1=CC=C2N=C(C[C@H]3CNCC[C@H]3CC(=O)O)NC2=C1;CC1=CC(=O)OC2=C(CN3CCC(C)CC3)C(O)=CC=C12;CC1=C(O)C=CC2=C1OC(=O)C=C2CN1CCC(C)CC1;COC1=CC=C(/C=C/C(=O)O[C@H]2C[N@]3CC[C@H]2CC3)C=C1;COC1=CC=C(/C=C/C(=O)O[C@@H]2C[N@]3CC[C@H]2CC3)C=C1;C=C1C2=CC(OC)=C(OC)C=C2CCN1C(=O)C1CCC1;CN1CC(=O)N2CC[C@H](NC(=O)C3=CC=CC=C3)[C@H]2C1=O;CN1CC[C@@H](CC(=O)O)[C@@H](CC2=NC3=CC=CC=C3N2)C1;CN1C(C[C@H]2CNCC[C@H]2CC(=O)O)=NC2=CC=CC=C21;CC1=CC=CC(C2=NOC([C@@H]3C[C@@H](O)CN3C(C)C)=N2)=C1;CC1=NN=C([C@H]2CCN(C(=O)COC3=CC=CC=C3)C2)O1;C=C(C(=O)OC1CC2CC(O)C(C1)N2C)C1=CC=CC=C1;C[C@H]1NC(=O)[C@@H]2[C@@H](NC(=O)C3=CC=CC=C3)CCN2C1=O;C[C@@H]1NC(=O)[C@@H]2[C@@H](NC(=O)C3=CC=CC=C3)CCN2C1=O;CC1=CC(C)(C)NC2=CC=C(OC(=O)[C@@H]3CCCO3)C=C12
m_762dcf,Cc1cccc(C(NC(=O)c2ccnn2C)C(=O)O)c1C;Cc1cc(C)cc(C(NC(=O)c2ccnn2C)C(=O)O)c1;Cc1cc(C(=O)Nc2cccc(C(C)C(=O)O)c2)n(C)n1;COc1cccc(C2CC(O)CN2C(=O)c2ccoc2)c1;CC1(CNC(=O)c2nc(-c3cnccn3)no2)CCCC1;COC1=CC(NC(=O)C2=CC=CC=C2)=CC(OC)=C1OC;COC1=CC=CC(C(=O)NC2=CC(OC)=CC=C2OC)=C1;O=C(N[C@H](CO)CC1=CC=CC=C1)C1=CC=C(O)C(O)=C1;COC(=O)C1=CC=C(C(CC2=CC=CC=C2)NC(C)=O)O1;COC1=COC(C(=O)NC2=CC=C(C(C)C)C=C2)=CC1=O;N[C@H](C[C@H](CC1=CC=C2C=CC=CC2=C1)C(=O)O)C(=O)O;COC1=CC=C(C(=O)NC2=CC=CC=C2OC)C(OC)=C1;COC1=CC=C(CCNC(=O)C2=C(O)C=CC=C2O)C=C1;CNC(=O)C1=NN(C)C2=C1CC1=CC(OC)=C(OC)C=C12;CN1CC(=O)N2CC[C@H](NC(=O)C3=CC=CC=C3)[C@H]2C1=O;CN1CCC(OC(=O)C2=CC3=CC=CC=C3OC2=O)CC1;C[C@@H](NC1CCC1)C1=C(C(=O)O)C(C2=CC=CN=C2)=NO1;C[C@H](O)C1=C(C(=O)NC2CCC2)C(C2=CC=CN=C2)=NO1;C[C@@H](NCC1CC1)C1=C(C(=O)O)C(C2=CC=CN=C2)=NO1;COC1=CC2=C(C=C1OC)CN(C(=O)C1=CC=CO1)CC2;COC1=CC=CC=C1C(=O)NC[C@H]1CN2C=CN=C2CO1;C[C@H](O)C1=C(C(=O)N2CCCC2)C(C2=CC=CN=C2)=NO1;CCOC(=O)C1=C(C)N(C)C2=C1C=C(O)C1=C2C(C)=CO1;CN1C(=O)C2=CC=CN=C2O[C@H]2CN(C(=O)C3CC3)C[C@H]21;CC1=NN=C([C@H]2CCN(C(=O)COC3=CC=CC=C3)C2)O1
m_76b47b,Cc1cccc(C)c1OCC(O)Cn1cnc2c(N3CCCC3)ncnc21;CCOc1ccccc1NC(=O)C(C)Nc1cccc(N2CCCC2=O)c1;CCOc1ccccc1NC(=O)C(c1ccccc1)N1CC(C)(C(N)=O)C1;CCOc1ccccc1N1CCN(C(=O)Nc2cnc(C3CC3)nc2)CC1;COc1cccc(C(=O)N2CCN(c3cc(NCC4CC4)ncn3)CC2)c1;CCOC(=O)C1(C2=CC=CC=C2)CCN(CCOCC2=CC=CC=C2)CC1;CCCCCCCCOC(=O)[C@H](NC(=O)C1=CC=CC=C1)C1=CC=CC=C1;CCCCCCCCOC(=O)[C@@H](NC(=O)C1=CC=CC=C1)C1=CC=CC=C1;CCCCCCCCCOC(=O)C1=CC=CC=C1NC(=O)C1=CC=CC=C1;CCOC1=CC=CC=C1C=C1OC2=C(C=CC(O)=C2CN(CC)CC)C1=O;COC1=CC(C(=O)NCC2(C3=CC=CC=C3)CCCC2)=CC=C1OC(C)C;CC(C(=O)C(C)C1=CC=CC(OC2=CC=CC=C2)=C1)C(=O)N1CC[C@H](O)C1;COC1=CC=CC=C1CNC(=O)[C@@H](C)NC(=O)[C@@H]1CC2=CC=CC=C2CN1;COCCN1C=C(CCCC(=O)NC2=CC=C(OC)N=C2)C2=CC=CC=C21;COC1=CC=C(C2(CNC(=O)CC3=CC=CC=C3)CCCCC2)C=C1OC;COC1=CC=C(NC(=O)C[C@H](C2=CC=CC=C2)[C@H]2CCOC(C)(C)C2)C=C1;COC1=CC=C(NC(=O)C[C@H](C2=CC=CC=C2)[C@@H]2CCOC(C)(C)C2)C=C1;COC1=CC=C(NC(=O)C[C@@H](C2=CC=CC=C2)[C@H]2CCOC(C)(C)C2)C=C1;COC1=CC=C(NC(=O)C[C@@H](C2=CC=CC=C2)[C@@H]2CCOC(C)(C)C2)C=C1;CCOC1=CC=C(CC2=NC(C)=CC3=CC(OC)=C(OC)C=C23)C=C1OC;COC(=O)NC1=CC=C2CCC3=CC=CC=C3N(C(=O)CCN(C)C)C2=C1;COC1=CC=C(NC(=O)C[C@]2(CC3=CC=CC=C3)CCOC(C)(C)C2)C=C1;COC1=CC=C(NC(=O)C[C@@]2(CC3=CC=CC=C3)CCOC(C)(C)C2)C=C1;CCCCC1=CC=C(C(=O)N2CCC3=CC(OC)=C(OC)C=C3C2C)C=C1;CC(C)CC[C@H](NC(=O)OCC1C2=CC=CC=C2C2=CC=CC=C21)C(=O)O
m_76ffc5,COc1ccc2c(c1)CCN2C(=O)c1ccn(-c2cccc(Br)c2)n1;Cc1nn(-c2ccccc2)cc1CNS(=O)(=O)CCc1ccc2c(c1)CCO2;Cn1cc(CNS(=O)(=O)CCc2ccc3c(c2)CCO3)c(-c2ccccc2)n1;CC(O)(C#Cc1ccc2c(c1)N(c1nc(N)ncc1Cl)CC2)c1nccs1;O=C(Cc1ccc(Br)cc1)Nc1cccc(-c2noc(C3CC3)n2)c1;COC(=O)CC(C1=CC=CO1)C1=C(O)C=C(C)N(CCC2=CC=C(O)C=C2)C1=O;COC1=CC=CC=C1CC1=NN=C(C(=O)NCCC2=CC=C(OC)C(OC)=C2)O1;COC1=CC=C(C=C2OC3=C(C=CC(O)=C3CN3CCOCC3)C2=O)C=C1OC;COC1=CC=C(CNC(=O)CC2=C(C)C3=C(OC)C=C(OC)C=C3OC2=O)C=C1;COC1=CC=C(C(=O)CN2C=CC3=CC(OC)=C(OC)C=C3CC2=O)C=C1OC;CC1=C(CCC(=O)NCC(=O)O)C(=O)OC2=C(C)C3=C(C=C12)C1=C(CCCC1)O3;CC1=C(CC(=O)N[C@@H](C)C(=O)O)C(=O)OC2=C(C)C3=C(C=C12)C1=C(CCCC1)O3;CC1=C(CC(=O)NCCC(=O)O)C(=O)OC2=C(C)C3=C(C=C12)C1=C(CCCC1)O3;COC1=CC=CC(C=C2OC3=C(C=CC(O)=C3CN3CCOCC3)C2=O)=C1OC;COC1=CC=C(OC)C(C=C2OC3=C(C=CC(O)=C3CN3CCOCC3)C2=O)=C1;COC1=CC=C(C=C2OC3=C(C=CC(O)=C3CN3CCOCC3)C2=O)C(OC)=C1;COC1=C2OCOC2=CC2=C1[C@H](CC(=O)C1=CC=C3OCCOC3=C1)N(C)CC2;COC1=C2OCOC2=CC2=C1[C@@H](CC(=O)C1=CC=C3OCCOC3=C1)N(C)CC2;COC1=CC=C(CNC(=O)CC2=C(C)C3=CC=C(O)C(C)=C3OC2=O)C=C1OC;COC(=O)CC1=CC2=C(C=C1[C@H]1[C@H](C)C3=CC=C4OCOC4=C3CN1C)OCO2;CC[C@H](NC(=O)CC1=C(C)C2=CC3=C(C=C2OC1=O)OC1=C3CCCC1)C(=O)O;CC[C@@H](NC(=O)CC1=C(C)C2=CC3=C(C=C2OC1=O)OC1=C3CCCC1)C(=O)O;CCO[C@H]1O[C@@H]([C@@H]2C3=CC4=C(C=C3CCN2C)OCO4)C2=CC=C3OCOC3=C21;CCO[C@@H]1O[C@@H]([C@@H]2C3=CC4=C(C=C3CCN2C)OCO4)C2=CC=C3OCOC3=C21;CC1=C(CCC(=O)NCCC(=O)O)C(=O)OC2=CC3=C(C=C12)C1=C(CCCC1)O3
m_773a95,Fc1ccc(CCc2nc(-c3cnccn3)no2)cc1;Cn1nccc1C(=O)Nc1cc(C(F)(F)F)ccn1;Fc1ccc(COc2cccc(-c3nnco3)c2)cc1;CCC(CC#N)NS(=O)(=O)c1c(C)cccc1F;COCc1cccc(S(=O)(=O)N2CCC(N)C2)c1;O=CC1=CC=CC(OCCOC2=CC=CC(C=O)=C2)=C1;CCOC(=O)C#CC1=CC=CC(C#CC(=O)OCC)=C1;O=CC1=CC=CC=C1OCCOC1=CC=CC=C1C=O;C1=CC2=C(C=C1CCC1=CC=C3OCOC3=C1)OCO2;COC1=CC=CC2=C1C(OC)=CC1=C2OC(=O)C(C)=C1;O=C(CCC(=O)OC1=CC=CC=C1)OC1=CC=CC=C1;O=C(O)C(=CC1=CC=C(O)C(O)=C1)CC1=CC=CC=C1;COC1=CC=CC(C(=O)OC2=CC=C(C(C)=O)C=C2)=C1;COC1=CC(O)=CC2=CC(O)=C3C=CC=C(OC)C3=C12;O=C1C[C@@H](C2=CC=CC=C2)OC2=CC(CO)=CC(O)=C12;COC1=CC=CC=C1C(=O)C(=O)C1=CC=CC=C1OC;COC1=CC(O)=C2C(=C1)C=C(O)C1=CC=CC(OC)=C12;O=C1C2=CC=C(O)C=C2OC[C@H]1CC1=CC=C(O)C=C1;O=C1C2=CC=C(O)C=C2OC[C@@H]1CC1=CC=C(O)C=C1;COC1=CC=CC(OC(=O)C=CC2=CC=C(O)C=C2)=C1;COC1=CC=C(O)C(C(=O)CC(=O)C2=CC=CC=C2)=C1;COC1=CC=C(C(=O)CC(=O)C2=CC=CC=C2)C(O)=C1;C=C(C)CCOC1=C2OC=CC2=CC2=C1OC(=O)C=C2;O=C(C=CC1=CC=C(O)C(O)=C1)OCC1=CC=CC=C1;COC1=C(O)C=CC2=C1OC(CC1=CC=C(O)C=C1)=C2
m_77b2b0,CC1(C)CC(NC(=O)c2n[nH]c(=O)c3ccccc23)c2ccccc21;CC1CCCN(C(=O)c2n[nH]c(=O)c3ccccc23)c2ccccc21;O=S(=O)(Cc1ccccc1)N1CCC(NCc2cc[nH]c2)CC1;N#Cc1ccc(C(=O)NCC(=O)N2CCCC2c2ccccc2)cc1;O=C(c1cc(-c2ccccc2)no1)N(c1ccccn1)C1CCCC1;O=C(C1=CC=CC=C1)N1CC[C@H](C2=NN=C(CC3=CC=CC=C3)O2)C1;CC1=CC=C(C2=NN=C([C@H]3CCN(C(=O)C4=CC=CC=C4)C3)O2)C=C1;N[C@@H](CC1=CC=CC=C1)C(=O)N1CCC(C(=O)NCC(=O)O)CC1;NCC(=O)N1CCC(C(=O)N[C@@H](CC2=CC=CC=C2)C(=O)O)CC1;O=C(NC1=CC=CC=C1)C1=CC=C2C(=O)N3CCCCCC3=NC2=C1;COC(=O)[C@@H](CC1=CC=CC=C1)NC(=O)N1CCC(C(N)=O)CC1;O=C1N[C@H]2[C@H]3CC[C@H]2C2=CC=CC=C2[C@H]3NC(=O)N1C1=CC=CC=C1;O=C1N[C@H]2[C@H]3CC[C@H]2C2=CC=CC=C2[C@@H]3NC(=O)N1C1=CC=CC=C1;O=C1N[C@H]2[C@H]3CC[C@@H]2C2=CC=CC=C2[C@H]3NC(=O)N1C1=CC=CC=C1;O=C1N[C@H]2[C@H]3CC[C@@H]2C2=CC=CC=C2[C@@H]3NC(=O)N1C1=CC=CC=C1;O=C(NC1=CC=CC=C1)N[C@@H]1C2CO[C@H](O2)[C@H](N2CCCC2)[C@H]1O;O=C(NC[C@H]1CN2C(C3=CC=CC=C3)=CN=C2CO1)C1=CC=CC=C1;O=C(NCC(=O)N1CCC2=C(C1)C1=CC=CC=C1N2)C1=CC=CC=C1;O=C(NCCC1=CC=CC=C1)C1=CC=C2C(=O)N3CCCC3=NC2=C1;C[C@H](NC(=O)C1=CC=C2C(=O)N3CCCC3=NC2=C1)C1=CC=CC=C1;C[C@@H](NC(=O)C1=CC=C2C(=O)N3CCCC3=NC2=C1)C1=CC=CC=C1;O=C(NC[C@H]1CN2C=C(C3=CC=CC=C3)N=C2CO1)C1=CC=CC=C1;O=C(CC1NCCC2=C(NC3=CC=CC=C23)C1=O)NC1=CC=CC=C1;N[C@H]1CCN2C(=O)C3=CC(/C=C/C4=CC=CC=C4)=CC=C3NC(=O)[C@H]12;O=C(C1=CNC2=CC=CC=C12)N1C[C@H]2C[C@@H](C1)C1=CC=CC(=O)N1C2
m_7874d0,CC(C)c1csc(C2CCCN(C(=O)c3ccc4n[nH]c(=O)n4c3)C2)n1;CCC(=O)Nc1ccc(NC2CCCN(c3ccccc3Cl)C2=O)cc1;COCC1(C)CCN(C(=O)c2ccc3c(c2)[nH]c(=O)n3CC(F)(F)F)C1;CC1CN(S(=O)(=O)c2cccc(-c3cn4ccccc4n3)c2)CC(C)O1;Cc1nc(C)c(C(=O)Nc2cccc(C(=O)N3CCCCC3C(=O)O)c2)o1;O=C(O)[C@@H]1CCCN1C(=O)COC1=CC=C2C3=C(CCCC3)C(=O)OC2=C1;COC1=C(O)C=C2CC[C@H](NC(C)=O)C3=CC(=O)C(O)=CC=C3C2=C1OC;COC1=C(O)C=C2CC[C@@H](NC(C)=O)C3=C(C=CC(=O)C(O)=C3)C2=C1OC;COC1=CC2=C(CCN3C(=O)C4=C(C=CC(O)=C4O)C[C@@H]23)C(OC)=C1OC;O=C(O)C1CCN(C(=O)COC2=CC=C3N=C4CCCN4C(=O)C3=C2)CC1;COC(=O)N1CCC2=CC(O)=C(OC)C3=C2C1CC1=CC=C(OC)C(O)=C13;COC1=CC2=C(C3=CC=C(O)C(=O)C=C3[C@@H](NC(C)=O)CC2)C(OC)=C1O;COC1=CC2=C(C3=C(C=C(O)C(=O)C=C3)[C@H](NC(C)=O)CC2)C(OC)=C1O;COC1=C(O)C(O)=CC2=C1C1=CC=C(OC)C(=O)C=C1[C@H](NC(C)=O)CC2;COC1=C(O)C(O)=CC2=C1C1=CC=C(OC)C(=O)C=C1[C@@H](NC(C)=O)CC2;CC(=O)O.CC(=O)[C@@H]1[C@H]2C3COC(O3)C(=O)[C@@H]2[C@H]2C=CC3=CC=CC=C3N21;COC1=CC2=C(C=C1O)[C@@H]1CC3=CC(OC)=C(O)C(OC)=C3C(=O)N1CC2;COCCCN1C(=O)C(O)=C(C(=O)C2=CC=C(C)O2)[C@H]1C1=CC=CC(O)=C1;COCCCN1C(=O)C(O)=C(C(=O)C2=CC=C(C)O2)[C@@H]1C1=CC=CC(O)=C1;COC1=CC=C(C(=O)C(=O)C2=CC3=C(C=C2CCN(C)C)OCO3)C=C1O;COC(=O)N1CCC2=CC(O)=C(OC)C3=C2[C@@H]1CC1=CC(O)=C(OC)C=C13;COC1=C2OCOC2=CC2=C1[C@H](C1=CC=C(O)C(C(C)=O)=C1O)N(C)CC2;COC1=C2OCOC2=CC2=C1[C@@H](C1=CC=C(O)C(C(C)=O)=C1O)N(C)CC2;COC1=C2OCOC2=CC2=C1C(CC(=O)C1=CC(O)=CC=C1O)N(C)CC2;COC1=CC2=C(C3=CC=C(OC)C(=O)C=C3[C@@H](NC=O)CC2)C(OC)=C1O
m_78c402,CCn1cc(S(=O)(=O)NC(CN)C2CC2)nc1C;CCn1cc(S(=O)(=O)N2CC(N(C)C)C2)nc1C;Cc1noc(C)c1CC(C)NS(=O)(=O)C1CCC1;Cc1nc(C)c(C(=O)N2c3ccccc3OCC2C)o1;Cc1cnn(C(C)C(C)Nc2ccc3nnnn3n2)c1;CC(C)CCNC(=O)C1=CN(C)C(=O)C2=CC=CC=C12;CC(C)CCOC1=CC=C2N=C3CCCN3C(=O)C2=C1;C[C@H](O)C1=C(C(=O)NC2CC2)C(C2=CC=CC=C2)=NO1;COC(=O)[C@H]1CC2=C(CN1C(C)=O)NC1=CC=CC=C21;COC(=O)[C@@H]1CC2=C(CN1C(C)=O)NC1=CC=CC=C21;C=CC(C)(C)N1C=C(C[C@H](N)C(=O)O)C2=CC=CC=C21;COC1=CC(=O)C2=C(C[C@]3(C)CCC=C(C)[C@@H]3C2)C1=O;CCC(C1=CC=C2C=C(O)C=CC2=C1)C(C)(C)C(=O)O;CCC1=CN2C(=O)C3=CC=C(OC)C(O)=C3N=C[C@@H]2C1;CC1=CC=C2C(CN3CCN(C)CC3)=CC(=O)OC2=C1;CCCCCOC1=CC=C2N=C3CCCN3C(=O)C2=C1;CC1(C)[C@H]2CC(=O)[C@]1(C)C[C@H]2OC(=O)C1=CC=CC=C1;CC(=C/C(=O)CC[C@H](C)C(=O)O)/C=C/C1=CC=CC=C1;CC(/C=C/C1=CC=CC=C1)=C\C(=O)CC[C@H](C)C(=O)O;C[C@H](O)C1=C(C(=O)N2CCC2)C(C2=CC=CC=C2)=NO1;CC(=O)CN1C(=O)[C@@H]2CCCN2C(=O)C2=CC=CC=C21;C[C@]12CN3C[C@](C)(C[N@@](C1)[C@@H]3C1=CC=CC=C1O)C2=O;C[C@]12CN3C[C@](C)(CN(C1)C3C1=CC=CC=C1O)C2=O;CC(C)C[C@@H]1C(=O)N/C(=C\C2=CC=CC=C2)C(=O)N1C;COC1=C(C(C)(C)C(C)C)C(=O)C(=O)C2=CC=CC=C12
m_78cd05,O=C(NC1CC(C(=O)O)C2CC12)c1ccccn1;O=C(c1ccc(O)cc1)c1ccc(O)c(O)c1O;COCCn1ccc(NC(=O)c2cccnc2)n1;CCN(CCO)Cc1ncn(-c2ccccc2)n1;CC(NCc1noc2c1CCCC2)C1CC12CC2;COC(=O)C1=C(C(=O)OC)CC2=CC=CC=C2C1;COC(=O)C=CC1=CC=CC(C=CC(=O)OC)=C1;COC(=O)C(=CC=CC1=CC=CC=C1)C(=O)OC;COC(=O)C(=CC(=O)C=CC1=CC=CC=C1)OC;CCCC1=CC(=O)C2=C(C(=O)OC)C=CC=C2O1;COC1=CC=CC2=CC(CC(C)=O)=C(O)C(O)=C12;COC1=CC=CC(O)=C1C1=C(O)C=CC=C1OC;COC1=C(O)C(CC(C)=O)=CC2=CC=CC(O)=C12;CC(C)CC1=C(C2=CC=C(O)C=C2)C(=O)OC1=O;COC1=CC=CC(OC)=C1C1=C(O)C=CC=C1O;CCCC1=CC(=O)C2=C(CC(=O)O)C=CC=C2O1;CC(C)N1N=C(CC(=O)O)C2=CC=CC=C2C1=O;CC[C@H](C)C1=C(C2=CC=C(O)C=C2)C(=O)OC1=O;COC1=CC=C(C2=CC=C(CCC(=O)O)O2)C=C1;COC1=CC(=O)OC([C@H](O)CC2=CC=CC=C2)=C1;COC1=CC(=O)OC([C@@H](O)CC2=CC=CC=C2)=C1;C[C@H](NC(=O)CN1C=CC2=CC=CC=C21)C(=O)O;COC(=O)CNC(=O)C1=CC2=CC=CC=C2N1C;CNC(=O)C1=C([C@H](C)O)ON=C1C1=CC=CC=C1;CN1C(C(=O)NCCC(=O)O)=CC2=CC=CC=C21
m_79cf07,COC(=O)C1CC1C(=O)Nc1cc(C2CCCC2)[nH]n1;CCOc1cc(C)ccc1CNC(=O)C1CC1C(=O)O;c1cc(OCC2CO2)cc(N(CC2CO2)CC2CO2)c1;c1cc(N(CC2CO2)CC2CO2)ccc1OCC1CO1;O=C(C1CCCO1)N1CCOC(c2cccc(O)c2)C1;COC1=CC=C(CC(=O)NC2CCCCC2)C=C1OC;COC1=CC=C(CCNC(=O)C2CCCC2)C=C1OC;CC(=O)N[C@H]1CO[C@H]2[C@@H]1OC[C@H]2OCC1=CC=CC=C1;CC(=O)N[C@@H]1CO[C@@H]2[C@@H]1OC[C@H]2OCC1=CC=CC=C1;CO[C@@H]1CO[C@H]2[C@H]1OC[C@H]2NC(=O)C1=CC=C(C)C=C1;CO[C@@H]1CO[C@H]2[C@@H]1OC[C@@H]2NC(=O)C1=CC=C(C)C=C1;COC1=CC=C(C(=O)CCN2CCCCC2)C(OC)=C1;O=C(N[C@H]1CC[C@H](C(=O)O)CC1)OCC1=CC=CC=C1;O=C(CC1=CC=CC=C1)O[C@@H]1C[C@@H]2N[C@H](C1)[C@@H](O)[C@H]2O;O=C(N[C@H]1CCCC[C@H]1C(=O)O)OCC1=CC=CC=C1;O=C(N[C@H]1CCCC[C@@H]1C(=O)O)OCC1=CC=CC=C1;O=C(N[C@@H]1CCCC[C@H]1C(=O)O)OCC1=CC=CC=C1;O=C(N[C@@H]1CCCC[C@@H]1C(=O)O)OCC1=CC=CC=C1;CCCOC1=CC=C(C(=O)N2CCC[C@H]2C(=O)O)C=C1;CCCOC1=CC=C(C(=O)N2CCC[C@@H]2C(=O)O)C=C1;COC1=CC=C([C@]2(CC(N)=O)CCOC(C)(C)C2)C=C1;COC1=CC=C([C@@]2(CC(N)=O)CCOC(C)(C)C2)C=C1;O=C(CCCCC1=CC=C(O)C(O)=C1)N1CCCCC1;COC1=CC=C(CNC(=O)C2CC(=O)OC2(C)C)C=C1;CCCC(C(=O)C1=CC=C(O)C(OC)=C1)N1CCCC1
m_7b993b,CCc1ccc(C(=O)NC(C)CNC(=O)C2CCCC(=O)N2C)cc1;O=C(NCCOC1CCCC1)N1CC2CC(C1)c1cccc(=O)n1C2;CCN(CC)S(=O)(=O)N1CCN(C(=O)CCC2CCCC2)CC1;NC(=O)C1CCCN1C1CCN(C(=O)COCc2ccccc2)CC1;CN1CCOC2CN(C(=O)c3ccnc(OC4CCCCC4)c3)CC21;COC(=O)C1=CC=C(NC(=O)NC[C@@H]2CCCN3CCCC[C@H]23)C=C1;CCCCCOC1=CC=C(C(=O)N2CC[C@@]3(O)CCCC[C@H]3C2)C=C1;CC(C)OC1=CC=C(C(=O)OCC[C@H]2CCCN3CCCC[C@H]23)C=C1;CC(C)OC1=CC=C(C(=O)OCC[C@H]2CCCN3CCCC[C@@H]23)C=C1;COC1=CC=C(/C=C/C(=O)N2CC[C@@]3(O)CCCC[C@H]3C2)C=C1OC;COC1=CC(/C=C\C(=O)OC[C@@H]2CCCN3CCCC[C@H]23)=CC=C1O;COC1=CC(/C=C/C(=O)OC[C@H]2CCCN3CCCC[C@H]23)=CC=C1O;COC1=CC(/C=C/C(=O)OC[C@@H]2CCCN3CCCC[C@H]23)=CC=C1O;CNC(=O)[C@@H](CC1=CC=CC=C1)N1CCC[C@H]1C(=O)N1CCOCC1;CC(=O)N1C[C@@H]2CN(C(=O)COC3=CC=CC=C3)CCN2C(C)(C)C1;CNC(=O)[C@@H](C1=CC=CC=C1OC)N1CCC[C@H]1C(=O)NCC1CC1;CCC(=O)OC[C@@H](C(=O)O[C@H]1C[C@H]2CC[C@@H](C1)N2C)C1=CC=CC=C1;CC(C)C[C@@H](NC(=O)[C@H]1CCCN1C(=O)CC1=CC=CC=C1)C(N)=O;O=C(N[C@H]1CO[C@H]2[C@H]1OC[C@@H]2OCC1=CC=CC=C1)C1CCCCC1;O=C(N[C@H]1CO[C@H]2[C@@H]1OC[C@H]2OCC1=CC=CC=C1)C1CCCCC1;COC1=CC=CC=C1[C@]1(CC(=O)N2CCCC2)CCO[C@H](C(C)C)C1;COC1=CC=CC=C1[C@]1(CC(=O)N2CCCC2)CCO[C@@H](C(C)C)C1;COC1=CC=CC=C1[C@@]1(CC(=O)N2CCCC2)CCO[C@H](C(C)C)C1;COC1=CC=CC=C1[C@@]1(CC(=O)N2CCCC2)CCO[C@@H](C(C)C)C1;CNC(=O)C1(N2CCC[C@H]2C(=O)NCC2=CC=CC=C2)CCOCC1
m_7d4c58,Cc1noc(CC2(O)CCCN(Cc3cc[nH]c3)C2)n1;CC(C1CC1)n1cc(NC(=O)NC2C3COCC32)cn1;COC(=O)c1cnc(N2CCC3CCN(C)CC32)nc1;CCn1cc(NC(=O)Nc2ccnn2CC(C)C)cn1;O=C(c1ccncc1)N1CCOCC2(CCOCC2)C1;CC[C@]1(C)C[C@](CC(=O)O)(C2=CC=C(C)C=C2)CCO1;CC[C@@]1(C)C[C@](CC(=O)O)(C2=CC=C(C)C=C2)CCO1;CCC1(C)C[C@](CC(=O)O)(C2=CC=C(C)C=C2)CCO1;CC(C)(O)[C@H](C(=O)O)C1=CC=C(C2CCCCC2)C=C1;CC(=O)OC[C@H]1C=C(CC2=COC=C2)[C@@H](C(C)C)CC1;CNC(=O)[C@@H](CC1=CC=CC=C1)N1CCC[C@H]1C(=O)O;CC1=CC=C([C@]2(CC(=O)O)CCO[C@H](C(C)C)C2)C=C1;CC1=CC=C([C@]2(CC(=O)O)CCO[C@@H](C(C)C)C2)C=C1;CC1=CC=C([C@@]2(CC(=O)O)CCO[C@H](C(C)C)C2)C=C1;CC1=CC=C([C@@]2(CC(=O)O)CCO[C@@H](C(C)C)C2)C=C1;CC1=CC=CC(O[C@H]2COCCN(C(=O)C3CC3)C2)=N1;COC(=O)[C@H](CC1=CC=CC=C1)NC(=O)N1CCCC1;CC(C)[C@H](NC(=O)N1CCC2=CC=CC=C2C1)C(=O)O;COC(=O)C1=CC(OC)=CC([C@@]2(C)CCCC2(C)C)=C1;CCCCC1CCC(C(=O)OC2=CC=C(O)C=C2)CC1;CC1(C)[C@H]([C@H](O)CC2=CC=CC=C2)CC[C@]1(C)C(=O)O;CC1(C)[C@H]([C@H](O)CC2=CC=CC=C2)CC[C@@]1(C)C(=O)O;CC1(C)[C@@H]([C@H](O)CC2=CC=CC=C2)CC[C@]1(C)C(=O)O;CC1(C)[C@@H]([C@H](O)CC2=CC=CC=C2)CC[C@@]1(C)C(=O)O;CC(=O)OC1=CC=C(C)C(O)=C1[C@@]1(C)CCCC1(C)C
m_7e912f,Cc1ccn2c(C(=O)NC3CCC(CNC(=O)CCN(C)C)C3)cnc2c1;O=C(CCC1CCCC1)N1CCN(S(=O)(=O)N2CCCCCC2)CC1;O=C(CCc1ccccc1)N1CCC(NC(=O)N2CCC3(COC3)C2)CC1;COc1ccc(CN(C(=O)c2ccnc(N(C)C)c2)C(CO)C(C)C)cc1;O=C(NCCc1c[nH]c2ccccc12)N1CCC(OCC2CCCO2)CC1;O=C(CCC(=O)N1C[C@H]2C[C@@H](C1)C1=CC=CC(=O)N1C2)NC1CCCCC1;O=C(CCC(=O)N1C[C@@H]2C[C@H](C1)C1=CC=CC(=O)N1C2)NC1CCCCC1;O=C(CCC(=O)N1CC2C[C@@H](C1)C1=CC=CC(=O)N1C2)NC1CCCCC1;CC(C)NC(=O)N1CC[C@@H](CC(=O)O)[C@@H](CC2=NCCC3=CC=CC=C23)C1;C=CCNC(=O)N1CC[C@H]2CC(=O)N(CC3=CC=C(OC)C=C3)CC[C@H]2C1;C=CCNC(=O)N1CC[C@H]2CC(=O)N(CC3=CC=C(OC)C=C3)CC[C@@H]2C1;CCCNC(=O)N1CC[C@@H](CC(=O)O)[C@@H](CC2=NCCC3=CC=CC=C23)C1;CCCCCC(=O)N1CC[C@@H](CC(=O)O)[C@@H](CC2=NC3=CC=CC=C3N2)C1;CN1C(C[C@H]2CN(C(=O)C(C)(C)C)CC[C@H]2CC(=O)O)=NC2=CC=CC=C21;CCNC(=O)N1CC[C@@H](CC(=O)O)[C@@H](CC2=NCCC3=CC=C(C)C=C23)C1;CCC(CC)C(=O)N1CC[C@@H](CC(=O)O)[C@@H](CC2=NC3=CC=CC=C3N2)C1;CC(C)CC(=O)N1CC[C@@H](CC(=O)O)[C@@H](CC2=NC3=CC=CC=C3N2C)C1;CC(C)(C)CC(=O)N1CC[C@@H](CC(=O)O)[C@@H](CC2=NC3=CC=CC=C3N2)C1;CC1=CC=C2N=C(C[C@H]3CN(C(=O)C(C)(C)C)CC[C@H]3CC(=O)O)NC2=C1;CC1=CC=C2N=C(C[C@H]3CN(C(=O)CC(C)C)CC[C@H]3CC(=O)O)NC2=C1;COC1=CC=C(OC)C2=C1C=C(C(=O)NC[C@@H]1CCCN3CCCC[C@H]13)N2;CC(C)(C)CC(=O)N1C[C@@H]2C[C@H](C1)C1=CC=C(NC(=O)C3CC3)C(=O)N1C2;CC(C)C(=O)N1C[C@H]2C[C@@H](O)CN2C2(CN(C(=O)CC3=CC=CC=C3)C2)C1;CC(C)C(=O)N1C[C@@H]2C[C@@H](O)CN2C2(CN(C(=O)CC3=CC=CC=C3)C2)C1;C#CCNC(=O)[C@H]1O[C@H](CCN2CCN(C3=CC=CC=C3)CC2)CC[C@@H]1O
m_7ee70f,Cc1ccc(S(=O)(=O)NCCC2CCNC2)c(C)c1;O=C(NC1(c2ccccc2)COC1)c1[nH]ccc1C1CC1;O=C(c1cncc2ccccc12)N1CCOC(C2CC2)C1;CCOC1CC(C(=O)NCCc2sc(C)nc2C)C1;Cc1ccc2c(c1)N(C(=O)c1c[nH]c(C)cc1=O)CCC2;CC(C)[C@H]1CCC(CO)=C[C@@H]1/C=C(\CC(=O)O)C(=O)O;C[C@@]1(CO)[C@@H]2C[C@@]3([C@H](CO)CC[C@@H]13)[C@@H](O)C=C2C(=O)O;CC(=O)OC1CC(=O)C(=O)C(C)=CC(C)(C)C(C)(O)C1;CC1=C[C@@H](O)[C@@H](O)[C@]2(C)CC[C@@H]3[C@H](OC(=O)[C@]3(C)O)[C@H]12;CC1=C[C@@H](O)[C@@H](O)[C@]2(C)CC[C@@H]3[C@H](OC(=O)[C@]3(C)O)[C@@H]12;C=C1CC[C@H](C(C)C)[C@@H](/C=C(\CC(=O)O)C(=O)O)[C@@H]1O;C[C@@]1(O)C(=O)C=C2C[C@@H](CO)CC[C@@H]2[C@H]1C(=O)CCO;C=C(C(=O)OC)C1CCC2(C)C(O)CCC(=O)C2C1O;CC1=C(C(=O)O)[C@@]2(C)CCC[C@](C)(C(=O)O)[C@@H]2C[C@H]1O;CC1=C(C(=O)O)[C@@]2(C)CCC[C@](C)(C(=O)O)[C@@H]2C[C@@H]1O;CC1(C)[C@@H](O)CC[C@]23C(O)OC[C@H]2C(C(=O)O)=CC[C@@H]13;C/C1=C/[C@H]2OC(=O)[C@H](C)[C@@H]2[C@H](O)[C@H](O)[C@@]2(C)O[C@@H]2CC1;C/C1=C/[C@@H]2OC(=O)[C@@H](C)[C@@H]2[C@@H](O)[C@H](O)[C@@]2(C)O[C@@H]2CC1;C/C(C(=O)O)=C1/CC[C@]2(C)CC[C@@](O)(C(=O)O)CC[C@@H]12;CC(C=CC1(O)C(C)=CC(O)CC1(C)CO)=CC(=O)O;CC(C)[C@H]1CC[C@]2(C)C[C@]3(O)O[C@]12[C@@H](O)C=C3C(=O)O;CC(C)[C@@H]1CC[C@]2(C)C[C@@H]3O[C@@]2(O1)[C@@H](O)C=C3C(=O)O;CC1=C2C[C@H]3[C@H](CC[C@]3(C)O)[C@@](C)(O)C[C@]2(O)OC1=O;CC(C)[C@H]1CC[C@]2(C)C[C@@H]3OO[C@]12[C@@H](O)C=C3C(=O)O;C=C1CC[C@@H]2[C@@H](/C=C(/C)[C@@H](O)C[C@H]1OO)OC(=O)[C@@H]2C
m_80401f,CC(C)(N)C(=O)N1CCOC(c2ccccc2Cl)C1;CCC(N)C(=O)N1CCOC(c2ccccc2Cl)C1;O=C1CC2(CCSC2)C(=O)N1CCN1CCCCC1;COC1CCCCCC1NCc1cc(C(N)=O)cs1;CCC1(NC(=O)c2cnc(C(C)C)s2)CCOCC1;CC(=O)CC1=CC=C2OC(C3=CC=C(O)C=C3)C(C)C2=C1;O=C(CCC1=CC=CC=C1)OC(=O)CCC1=CC=CC=C1;CC(/C=C/C1=CC=CC=C1)=C1\C(=O)C=CC[C@@H]1CC(=O)O;C[C@@H]1C/C=C/C(=O)O[C@H](C)C[C@@H](O)C(=O)/C=C/C(=O)O1;C[C@@H]1C/C=C/C(=O)O[C@@H](C)C[C@@H](O)C(=O)/C=C/C(=O)O1;C/C=C/C(=O)O[C@@H]1C[C@@H](C)OC(=O)[C@H]2O[C@H]2/C=C/[C@@H]1O;C/C=C/C(=O)O[C@@H]1C[C@@H](C)OC(=O)C2OC2/C=C\[C@@H]1O;C/C=C/C(=O)O[C@@H]1C[C@@H](C)OC(=O)C2OC2/C=C/[C@@H]1O;CC(=O)N1CCN(CC2=C(O)C(=O)C=C(CO)O2)CC1;C[C@@H]1OC(=O)/C=C\[C@@H](O)CC[C@H](C)OC(=O)/C=C\C1=O;C[C@@H]1OC(=O)/C=C/[C@@H](O)CC[C@H](C)OC(=O)/C=C/C1=O;C[C@@H]1CC[C@@H](O)/C=C/C(=O)O[C@H](C)C(=O)/C=C/C(=O)O1;COC1=CC(C2OCC3C(O)OCC23)=CC(OC)=C1O;CC1CCC(=O)C=CC(=O)OC(C)C(O)C=CC(=O)O1;C[C@H](O)C[C@H](O)CC1CC2=CC(O)=CC(O)=C2C(=O)O1;CCC[C@H](O)C[C@H]1CC2=CC(O)=C(O)C(O)=C2C(=O)O1;CC1=C[C@@H]2O[C@@H]3[C@@H](O)[C@@H](O)[C@H]([C@@]2(CO)CC1=O)[C@]31CO1;CC1=CC=C(NC(=O)CN2C(=O)OC3=CC=CC=C32)C=C1;CO[C@H]1[C@@H](O)[C@H](O)[C@@H](C2=CC=CC=C2)OC(=O)C[C@H]1O;CC(=O)O[C@H](CCC(=O)C1=CC=CC=C1)C1=CC=CC=C1
m_8071e1,Cc1cnc(N(C)CC2CCN(C(=O)OC(C)(C)C)CC2)nc1;CC(C)c1cc(C(=O)N2CCN(C3CCCN(C)C3)CC2)no1;CN1CCC(OCC(=O)N2CCCC(c3cnn(C)c3)C2)CC1;CC(C)(C)C(O)CN1CCN(CC(=O)Nc2cccnc2)CC1;COC1CCN(C2CCCC2N(C)C(=O)CCn2cccn2)C1;COC1=CC(CCC(=O)C[C@H](O)CCC2CCCC2)=CC=C1O;COC(=O)[C@@]1(C)CCC[C@]2(C)[C@H]3CC=C(O)C(=O)[C@]3(C)CC[C@H]21;COC1=CC=C(C(=O)[C@H](CCCO)[C@H]2CCOC(C)(C)C2)C=C1;COC1=CC=C(C(=O)[C@H](CCCO)[C@@H]2CCOC(C)(C)C2)C=C1;COC1=CC=C(C(=O)[C@@H](CCCO)[C@H]2CCOC(C)(C)C2)C=C1;COC1=CC=C(C(=O)[C@@H](CCCO)[C@@H]2CCOC(C)(C)C2)C=C1;CC(=O)OCC1=CC[C@@H]2C[C@]13[C@H](COC(C)=O)CC[C@H]3C2(C)C;CC(=O)OCC1=CC[C@@H]2C[C@]13[C@@H](COC(C)=O)CC[C@H]3C2(C)C;C=C(COC(C)=O)[C@@H]1CC[C@@H](C)[C@@H]2CCC(COC(C)=O)=C[C@H]21;COC1=CC=CC=C1C(=O)[C@H](CCCO)[C@H]1CCOC(C)(C)C1;COC1=CC=CC=C1C(=O)[C@H](CCCO)[C@@H]1CCOC(C)(C)C1;COC1=CC=CC=C1C(=O)[C@@H](CCCO)[C@H]1CCOC(C)(C)C1;COC1=CC=CC=C1C(=O)[C@@H](CCCO)[C@@H]1CCOC(C)(C)C1;C=C(C)[C@H]1CCC(=C)[C@H](OC(C)=O)CCC(=C)[C@@H](OC(C)=O)C1;C=C(C)[C@H]1CCC(=C)[C@@H](OC(C)=O)CCC(=C)[C@@H](OC(C)=O)C1;CC(C)CCC(C)OC(=O)C1=CC=CC=C1C(=O)OCC(C)C;CC(=O)O/C=C(\C)[C@H]1[C@@H](OC(C)=O)CC=C2CCC[C@H](C)[C@]21C;CC(=O)OCC(C)(OC(C)=O)C1=C[C@@]2(C)C(=CCC[C@@H]2C)CC1;CCCCCCCCOC(=O)C1=CC=CC=C1C(=O)OCCC;CC(=O)OC[C@]12CC[C@@]1(OC(C)=O)[C@@H]1C=C(C)[C@H]2CC(C)(C)C1
m_808712,COC1CC(C(N)=O)N(Cc2ccc(Cl)c3cccnc23)C1;CNC1CCCN(C(=O)c2cnc(-c3ccccc3F)s2)C1;O=C(CCc1cccc(F)c1F)N1CCc2nc[nH]c(=O)c2C1;O=C(c1cc2ccncc2c(=O)[nH]1)N1CCC2(CC1)CC2(F)F;O=C(CNC(=O)c1ncoc1C(F)(F)F)NC1CCCCC1;O=C(C1=CC=CC=C1)N1CC[C@H](C2=NN=C(C3=CC=CC=C3)O2)C1;O=C1N=C2C=CC(C(=O)N3CCC4=CC=CC=C4C3)=CC2=NC1=O;COC1=CC=C([C@H]2C(C(C)=O)=C(O)C(=O)N2CCC(=O)O)C=C1;COC1=CC=C([C@@H]2C(C(C)=O)=C(O)C(=O)N2CCC(=O)O)C=C1;O=C(NCC1=CC=CC=C1)C1=CC=C2C(=O)N3CCCC3=NC2=C1;O=C(C=CC1=CC=CC=C1)NCCN1C=NC2=CC=CC=C2C1=O;O=C1N=C(O)C(C2=CC=CC=C2)=C2OCOC2=C1C1=CC=CC=C1;CCC(=O)OC[C@H]1C2=C(C=CN1C=O)C(=O)C(C)=C(OC)C2=O;COC(=O)C1=C([C@H](OC)C(=O)OC)N(C)C2=CC=CC=C2C1=O;COC(=O)C1=C([C@@H](OC)C(=O)OC)N(C)C2=CC=CC=C2C1=O;COCC1=CC(=O)C(O)=C(C(CC(=O)OC)C2=CC=CN=C2)O1;CC1=C(C)C2=CC=C(OCC(=O)NCC(=O)O)C(C)=C2OC1=O;O=C(N[C@H](CO)CC1=CC=C(O)C(O)=C1)C1=CC=C(O)C(O)=C1;COC1=CC(O)=CC2=C1C(C1=CC=C(CO)O1)NC(C(=O)O)C2;CN1C(=O)C(C2=NN[C@H](C3=CC=CC=C3)C2)=C(O)C2=CC=CC=C21;CN1C(=O)C(C2=NN[C@@H](C3=CC=CC=C3)C2)=C(O)C2=CC=CC=C21;CN1C(=O)/C(=C(O)\C=C\C=C\C=C\C=C\C(=O)O)C(=O)[C@@H]1CO;COC1=CC=C(CNC(=O)C2=CC=C(C3=CC=CN=C3)N=C2)C=C1;CC1=C(C)C2=CC=C(OCC(=O)N[C@@H](C)C(=O)O)C=C2OC1=O;CC1=C(C)C2=CC=C(OCC(=O)NCCC(=O)O)C=C2OC1=O
m_80b537,CCN1CCN(C(=O)c2ccc(OC)c(-c3ccccn3)c2)C(C)(C)C1=O;O=C(c1cccc(OCc2cccnc2)c1)N1CCC(N2CCOCC2)C1;Cc1ccc(OC2CCN(C(=O)CCc3ccc(C(=O)O)cc3)CC2)cc1;CCS(=O)(=O)NCc1ccc(C(=O)NC2CN(C(C)C)CC2C)cc1;CC(C)c1cc(C(=O)NC2CCCN(Cc3ccccc3)C2=O)cc(O)n1;CCCCC1=CC=C(C(=O)N2CCC3=CC(OC)=C(OC)C=C3C2C)C=C1;COC1=CC2=C(C=C1OC)CN(C(=O)CCC(=O)C1=CC=C(C)C=C1)CC2;CCC1=CC=C(C(=O)C[C@H]2C3=C(OC)C4=C(C=C3CCN2C)OCO4)C=C1;CCC1=CC=C(C(=O)C[C@@H]2C3=C(OC)C4=C(C=C3CCN2C)OCO4)C=C1;CC(C(=O)C(C)C1=CC=CC(OC2=CC=CC=C2)=C1)C(=O)N1CC[C@H](O)C1;CCOC(=O)C1(C2=CC=CC=C2)CCN(CCOCC2=CC=CC=C2)CC1;O=C(CC1=CC=CC=C1)NC[C@H](C(=O)O)N1CCCC[C@@H]1C1=CC=CN=C1;O=C(CC1=CC=CC=C1)NC[C@@H](C(=O)O)N1CCCC[C@@H]1C1=CC=CN=C1;COC1=CC(C(=O)NCC2(C3=CC=CC=C3)CCCC2)=CC=C1OC(C)C;COC1=CC=C(CCN2C(=O)C[C@H]([C@H](C)C3=CC=CC=C3)C2=O)C=C1OC;COC1=CC=C(CCN2C(=O)C[C@H]([C@@H](C)C3=CC=CC=C3)C2=O)C=C1OC;COC1=CC=C(CCN2C(=O)C[C@@H]([C@H](C)C3=CC=CC=C3)C2=O)C=C1OC;COC1=CC=C(CCN2C(=O)C[C@@H]([C@@H](C)C3=CC=CC=C3)C2=O)C=C1OC;CN1[C@H]2C[C@H](OC(=O)C3=CC=CC=C3)[C@@H]1C[C@@H](O)[C@@H]2[C@H](O)C1=CC=CC=C1;CC1=NN(CC2=CC=CC=C2)C(C)=C1[C@@H]1C=C[C@@H](NC(=O)CCC(=O)O)C1;COC1=CC=C(C2(CNC(=O)CC3=CC=CC=C3)CCCCC2)C=C1OC;CN1[C@H]2C[C@@H](O)[C@@H]1[C@H]([C@H](O)C1=CC=CC=C1)[C@@H](OC(=O)C1=CC=CC=C1)C2;CN1[C@@H]2C[C@H](O)[C@H]1[C@H]([C@@H](O)C1=CC=CC=C1)[C@H](OC(=O)C1=CC=CC=C1)C2;CN1[C@@H]2C[C@H](O)[C@H]1[C@@H]([C@@H](O)C1=CC=CC=C1)[C@H](OC(=O)C1=CC=CC=C1)C2;COC1=CC=CC(/C=C/C(=O)N2CCC3=CC(OC)=C(OC)C=C3[C@H]2C)=C1
m_8114e3,COc1ccc2[nH]cc(CC(=O)N3CCS(=O)(=O)CCC3C)c2c1;Cc1onc(-c2ccccc2)c1C(=O)N1c2ccc(F)cc2CCC1C;CC(C)NS(=O)(=O)N1CCN(C(=O)c2ccc3[nH]ccc3c2)CC1;CC(C)Oc1ccc(Cl)cc1C(=O)N1CC(NC(=O)C2CCC2)C1;COC(=O)C(Cc1ccccc1)NC(=O)C(CC(=O)O)NC(C)C=O;CC(C)COC(=O)[C@H]1[C@H]2C3=CC=CC=C3[C@H](C3=CC=CC=C32)[C@H]1C(=O)O;CC(C)COC(=O)[C@H]1[C@H]2C3=CC=CC=C3[C@H](C3=CC=CC=C32)[C@@H]1C(=O)O;CC(C)COC(=O)[C@@H]1[C@H]2C3=CC=CC=C3[C@H](C3=CC=CC=C32)[C@H]1C(=O)O;CC(C)COC(=O)[C@@H]1[C@H]2C3=CC=CC=C3[C@H](C3=CC=CC=C32)[C@@H]1C(=O)O;CC(C)NC(=O)C1=CN(C2=CC=C3OCOC3=C2)C(=O)C2=CC=CC=C12;CC(C)N1C=C(C(=O)NC2=CC=C3OCOC3=C2)C2=CC=CC=C2C1=O;CC1=CC=CC(NC(=O)[C@@H]2CCC(=O)N2[C@H]2OC(=O)C3=CC=CC=C32)=C1;CC1=CC=CC(NC(=O)[C@@H]2CCC(=O)N2[C@@H]2OC(=O)C3=CC=CC=C32)=C1;CC1=CC=CC(NC(=O)[C@@H]2CCC(=O)N2C2OC(=O)C3=CC=CC=C32)=C1;C=CCC1=CC=C(OC(C)=O)C(C2=CC(CC=C)=CC=C2OC(C)=O)=C1;COC(=O)[C@H]1CN(C(=O)C2CCCC2)CCN1C(=O)C1=CC=CS1;COC(=O)[C@@H]1CN(C(=O)C2CCCC2)CCN1C(=O)C1=CC=CS1;CCOC(=O)[C@H]1[C@H](C(=O)O)[C@]2(C)C3=CC=CC=C3[C@@]1(C)C1=CC=CC=C12;CCOC(=O)[C@H]1[C@@H](C(=O)O)[C@]2(C)C3=CC=CC=C3[C@@]1(C)C1=CC=CC=C12;CCOC(=O)[C@@H]1[C@H](C(=O)O)[C@]2(C)C3=CC=CC=C3[C@@]1(C)C1=CC=CC=C12;CCOC(=O)[C@@H]1[C@@H](C(=O)O)[C@]2(C)C3=CC=CC=C3[C@@]1(C)C1=CC=CC=C12;COC(=O)[C@H]1C(=O)C[C@](C)(O)[C@@H](C(=O)OC)[C@H]1C1=CC=CC(OC)=C1;COC(=O)[C@H]1C(=O)C[C@@](C)(O)[C@@H](C(=O)OC)[C@H]1C1=CC=CC(OC)=C1;COC(=O)[C@@H]1C(=O)C[C@](C)(O)[C@@H](C(=O)OC)[C@H]1C1=CC=CC(OC)=C1;COC(=O)[C@@H]1C(=O)C[C@@](C)(O)[C@@H](C(=O)OC)[C@H]1C1=CC=CC(OC)=C1
m_82f2e2,Cc1nc(C2CC2)ccc1C(=O)NCC1CCC2(CCCCC2)O1;CN(C)C(=O)C1CCN(C(=O)c2cccc(C3CCCC3)c2)CC1;Cn1cc(C(=O)NCc2nnc3n2CCCCC3)c(C2CCC2)n1;CC(C)(C)c1ccc(C(C)(C)CNC(=O)CCc2nnc[nH]2)cc1;CC1CCC(C)(CNC(=O)Nc2cnn(C)c2C(F)F)C1(C)C;CC[C@H]1CN(C(=O)C2CC2)CC[C@H]1CC(=O)NCC1=CC=CC=C1;COC(=O)C1=CC=C[C@H]2[C@](C)(CCC3=COC=C3)[C@H](C)CC[C@]12C;COC(=O)C1=CC=C[C@H]2[C@@](C)(CCC3=COC=C3)[C@H](C)CC[C@@]12C;C=C1C2=C(C[C@H]3[C@H]1CC[C@@H]1[C@]3(C)CCC[C@]1(C)C(=O)OC)OC=C2;CCC=CCC=CCC=CCC=CCC1=CC=C(CC(=O)OC)O1;COC(=O)C1=CC[C@@H](/C(C)=C\CC=C(C)C)[C@H]1[C@@H]1C(=O)C=C[C@H]1C;COC(=O)[C@]1(C)CCC[C@]2(C)C3=CC=C(C(C)C)C=C3C(=O)C[C@@H]12;COC(=O)[C@]1(C)CCC[C@@]2(C)C3=CC=C(C(C)C)C=C3C(=O)C[C@H]12;COC(=O)C1=C(C)[C@@H]2CCC3=CC(C(C)(C)O)=CC=C3[C@@]2(C)CC1;C=C1C(C(=O)OC)CCC2(C)C3=CC=C(C(C)C)C(O)=C3CCC12;C=C(C)C1=CC=C2C(=C1)CC[C@H]1[C@](C)(C(=O)OC)C[C@H](O)C[C@]21C;COC(=O)C1=CCC[C@H]2C(=CC[C@@H](C)[C@]2(C)CCC2=COC=C2)C1;CCCCC1=CC=C(CCC2=CC=C(O)C(OC3CCCC3)=C2)O1;CCC(=O)O[C@H]1CC[C@H]2[C@H]3CCC4=CC(O)=CC=C4[C@H]3CC[C@]12C;CCC(=O)O[C@H]1CC[C@H]2[C@H]3CCC4=CC(O)=CC=C4[C@@H]3CC[C@]12C;CCC(=O)O[C@H]1CC[C@H]2[C@@H]3CCC4=CC(O)=CC=C4[C@H]3CC[C@]12C;CCC(=O)O[C@H]1CC[C@@H]2[C@H]3CCC4=CC(O)=CC=C4[C@H]3CC[C@]12C;CCC(=O)O[C@H]1CC[C@@H]2[C@H]3CCC4=CC(O)=CC=C4[C@@H]3CC[C@]12C;CCC(=O)O[C@H]1CCC2C3CCC4=CC(O)=CC=C4C3CC[C@@]21C;C=C1CC[C@@H](C)[C@](C)(CCC2=COC=C2)C/C=C\C=C/1C(=O)OC
m_83ac87,COc1cccc(Cl)c1CC(=O)Nc1c[nH]c(=O)c(C)c1;CS(=O)(=O)N1CCCC1C(=O)N1CCOC(C(=O)O)C1;CCCn1c(O)nnc1S(=O)(=O)Cc1ccccc1C#N;COc1ccc(NC(=O)Cc2cc(Cl)ccc2OC)cn1;C1=C(c2ccccc2)Sc2nnc(-c3ccccc3)n2NC1;CC(=O)C[C@@]1(O)C2=CC=CC=C2N2C1=NC1=CC=CC=C1C2=O;O=C1C(=CC2=CC=CC=C2)N=C(CC2=CC=CC=C2)C(=O)N1O;COC(=O)C[C@@H](O)CC1=C(O)C(=O)C2=C(O)C=CC=C2C1=O;CN1C(O)=C(C(=O)C=CC2=CC=CC=N2)C(=O)C2=CC=CC=C21;COC(=O)C[C@H](O)[C@H](O)C1=CC(=O)C2=C(O)C=CC=C2C1=O;CC(=O)N(C1=C(N)C(=O)C2=CC=CC=C2C1=O)C1=CC=CC=C1;CCOC(=O)C1=CC=C(CC(=O)C2=C(O)C=C(O)C=C2O)O1;CC1=C(C(=O)CC2=CC3=CC=CC=C3O2)OC2=CC(O)=CC=C12;CC1=C(CC(=O)O)C(=O)OC2=C(C)C(OCC(=O)O)=CC=C12;O=C(O)CCCC1=CC(=O)N2C3=CC=CC=C3C3=C2C1=NC=C3;COC1=CC=CC(C=CC(=O)C2C(=O)C3=CC=CC=C3C2=O)=C1;COC1=CC=C(C=CC(=O)C2=C(O)C3=CC=CC=C3C2=O)C=C1;C=C(C)C(=O)OC1=C(C2=CC=CC=C2)OC2=CC=CC=C2C1=O;O=C(C1=C(O)C=C(O)C=C1O)[C@@H](O)[C@H](O)C1=CC=C(O)C=C1;O=C(OCCO)C1=C2C=CC=CC2=NC2=C1NC1=CC=CC=C12;CC(=O)COC1=CC=C2OC=C(C3=CC4=CC=CC=C4O3)C2=C1;CCN1C(=O)C2=CC=CC3=C(NC(=O)C4=CC=CO4)C=CC1=C23;CCC1=CC2=C(C=C1O)OC=C(N1C=NC3=CC=CC=C31)C2=O;COC1=CC(OC)=C2C(=O)C(O)=C(CC(C)=O)C(=O)C2=C1O;CC1=C(CCC(=O)O)C(=O)OC2=CC(OCC(=O)O)=CC=C12
m_83e861,CCn1ccnc1C1OCCCC1Nc1nc2cc(F)ccc2o1;CC(NC(=O)NC1CCC(O)CC1)c1ccc(C(F)(F)F)cc1;O=C(Cc1noc(C23CCC2CNC3)n1)NCc1cccc(F)c1;O=C(Cc1noc(C23CCC2CNC3)n1)NCc1ccccc1F;CC(Cc1ccccc1C(F)(F)F)NC(=O)NC1CCCOC1;COC(=O)[C@]12OC3CC[C@@](C)(C4=CC=CC=C41)[C@@H]2[C@]3(C)C(=O)OC;COC(=O)CC(C1=C(O)C2=CC=CC=C2OC1=O)C1CCCCC1;COC(=O)CC(C1=C(O)C(=O)C2=CC=CC=C2O1)C1CCCCC1;COC(=O)CC1CC(OC)CC2=C1C(=O)CC(C1=CC=CC=C1)O2;COC(=O)C1=C2[C@](C)(C(=O)OC)[C@H](O)CC[C@@]2(C)C2=CC=CC=C12;COC(=O)C1=C2[C@](C)(C(=O)OC)[C@@H](O)CC[C@@]2(C)C2=CC=CC=C12;COC(=O)C1=C2[C@](C)(C(=O)OC)C(O)CC[C@@]2(C)C2=CC=CC=C12;CCCCC(=O)[C@H]1C(=O)C[C@H](C2=CC=CC=C2)C(C(=O)OC)=C1O;CCCCC(=O)[C@H]1C(=O)C[C@@H](C2=CC=CC=C2)C(C(=O)OC)=C1O;CCCCC(=O)[C@@H]1C(=O)C[C@H](C2=CC=CC=C2)C(C(=O)OC)=C1O;CCCCC(=O)[C@@H]1C(=O)C[C@@H](C2=CC=CC=C2)C(C(=O)OC)=C1O;CCCCC(=O)C1C(=O)CC(C2=CC=CC=C2)C(C(=O)OC)C1=O;COC(=O)[C@]1(C)C=CCC2(C)C3=CC=CC=C3[C@](O)(C(=O)OC)[C@H]21;CC(C)CC(=O)OC(C)(C)[C@H]1CC2=C(C=CC3=C2OC(=O)C=C3)O1;CC(C)CC(=O)OC(C)(C)[C@@H]1CC2=C(C=CC3=C2OC(=O)C=C3)O1;C[C@]1(C[C@H](O)C2=COC=C2)CC(=O)C[C@@]23COC(=O)C2=CCC[C@H]13;CCC(C)C(=O)OC(C)(C)C1CC2=C(C=CC3=C2OC(=O)C=C3)O1;CC(C)CC(=O)O[C@@H]1CC2=C(C=CC3=C2OC(=O)C=C3)OC1(C)C;C/C=C(/C)C(=O)OC1=CC=C(OC(=O)/C(C)=C\C)C([C@H]2O[C@@H]2C)=C1;COC(=O)C1=CCC[C@@H]2[C@H]3C[C@H](C4=COC=C4)OC(=O)[C@H]3CC[C@H]12
m_83fdb3,CC(C(=O)NCc1cccs1)N1CC(O)CC1CO;N#Cc1ccc(N2CCN(Cc3cccs3)CC2)nc1;CC(C)(C)c1ncc(C(=O)NC2CC(O)C(O)C2)s1;NC(=O)c1ccc(NC(=O)C2CCc3nccn3C2)cc1;CNCC1CCN(S(=O)(=O)c2ccccc2OC)C1;CC(=O)OC1=CC=C(CC2=CC=C(OC(C)=O)C=C2)C=C1;CC(COC(=O)C1=CC=CC=C1)OC(=O)C1=CC=CC=C1;COC1=CC=CC=C1C(=O)CC(=O)C1=CC=C(C)C=C1O;COC(=O)C=CC1=CC=C(OCC2=CC=CC=C2)C(O)=C1;COC(=O)C1=C(CC=C(C)C)C(=O)C2=CC=CC=C2C1=O;CC(C)(C1=CC=C(C(=O)O)C=C1)C1=CC=C(C(=O)O)C=C1;O=C(CC(O)CC(=O)C1=CC=C(O)C=C1)C1=CC=CC=C1;CCOC(=O)[C@H](C)C(O)(C1=CC=CC=C1)C1=CC=CC=C1;CCOC(=O)[C@@H](C)C(O)(C1=CC=CC=C1)C1=CC=CC=C1;CC(=O)O[C@@H](CC1=CC=CC=C1)[C@@H](O)CC1=CC=CC=C1;O=C1[C@](O)(C2=CC=CC=C2)C[C@@H](O)[C@@]1(O)C1=CC=CC=C1;COC1=CC=C(C=CC(=O)O)C=C1OCC1=CC=CC=C1;COC1=CC(C=CC(=O)O)=CC=C1OCC1=CC=CC=C1;CC(C)OC1=CC=C([C@H](CC(=O)O)C2=CC=CC=C2)C=C1;CC(C)OC1=CC=C([C@@H](CC(=O)O)C2=CC=CC=C2)C=C1;O=C(O)C[C@H]1CC=CC(=O)/C1=C(O)/C=C/C1=CC=CC=C1;COC(=O)C1=CC=C2O[C@@H](C3=CC=C(O)C=C3)[C@H](C)C2=C1;CC(C)=C(C)C1CC2=C(O1)C(=O)C1=CC=CC(O)=C1C2=O;O=C(O)[C@H]1CC(=O)N(CCN2C[C@@H](C(=O)O)CC2=O)C1;O=C(O)[C@@H]1CC(=O)N(CCN2C[C@H](C(=O)O)CC2=O)C1
m_847112,O=S(=O)(c1cccs1)N1CCCC1c1nc(CCC(F)(F)F)no1;CC(=O)CCN(CCNC(=O)OC(C)(C)C)c1nc2cc(Cl)ccc2o1;COc1ccc(-c2c(C)noc2NC(C)=O)cc1S(=O)(=O)NC(C)(C)C;COc1ccc(-c2c(Cl)ncn2-c2ccc(S(N)(=O)=O)cc2)cc1F;O=C(Cn1ncc(=O)c2ccccc21)Nc1c(Cl)cccc1C(F)(F)F;COC1=CC(CC2=NC=CC3=CC(OC)=C(OC)C=C23)=C(C(C)=O)C=C1OC;COC1=CC=C(CNC(=O)CCC2=C(C)C3=CC=C(OC)C=C3OC2=O)C=C1;COC1=CC=C(CCNC(=O)CC2=C(C)C3=CC=C(OC)C=C3OC2=O)C=C1;CCOC1=CC=C(C=C2OC3=CC(OC(=O)N(CC)CC)=CC=C3C2=O)C=C1;CCCCOC1=CC=C(NC(=O)COC2=CC=C3C(C)=CC(=O)OC3=C2)C=C1;COC1=CC=C(C2=CC=C(CCC(=O)O)N2C2=CC=C(OC)C=C2OC)C=C1;COC1=CC=C(C2=CC=C(CCC(=O)O)N2C2=CC(OC)=CC=C2OC)C=C1;CCN(CC)C(=O)OC1=CC=C2C(=O)C(=CC3=CC=C(OC)C=C3)OC2=C1C;CC1=C(C)C2=CC=C(OC(=O)CNC(=O)OCC3=CC=CC=C3)C=C2OC1=O;COC1=CC=CC=C1CNC(=O)CC1=C(C)C2=C(OC)C=C(C)C=C2OC1=O;COC1=CC=C2C(=O)C(OC3=CC=C(C(=O)NCC(C)C)C=C3)=C(C)OC2=C1;COC1=CC=C(CNC(=O)CC2=C(C)C3=C(OC)C=C(C)C=C3OC2=O)C=C1;COC1=CC=C(C2=CC(=O)OC3=CC(OCC(=O)NCC(C)C)=CC=C23)C=C1;COC1=CC(OC)=C2C(C)=C(CC(=O)NCC3=CC=C(C)C=C3)C(=O)OC2=C1;CCN(CC)CC1=C(O)C=CC2=C1OC(=CC1=CC=C(C(=O)OC)C=C1)C2=O;CC(C)[C@@H](CO)NC(=O)COC1=CC=C(C2=CC3=CC=CC=C3OC2=O)C=C1;COC1=CC=C(CCNC(=O)C2=CC=C(COC3=CC=CC=C3OC)O2)C=C1;CCN(CC)C(=O)OC1=CC=C2C(C)=C(C3=CC=C(OC)C=C3)C(=O)OC2=C1;CCN(CC)C(=O)OC1=CC=C2C(=O)C(C3=CC=C(OC)C=C3)=C(C)OC2=C1;COC1=CC=CC(CNC(=O)CCC2=C(C)C3=CC=C(OC)C=C3OC2=O)=C1
m_875d74,Cc1cnccc1NS(=O)(=O)c1ccc2c(c1)CCC2;CCSc1ccc(NC(=O)NCc2ccncc2)cn1;CC(C)c1ocnc1C(=O)NCc1ccc(C(=O)O)cc1;COc1cc(CNc2cnc3[nH]ncc3c2)ccc1Cl;C=Cc1ccc(S(=O)(=O)NC(C)c2cccnc2)cc1;COC1=CC(C(=O)O)=CC(OCC2=CC=CC=C2)=C1OC;COC1=CC(CO)=CC=C1OCC1=CC=C(C(=O)O)C=C1;COC(=O)C1=CC=C(OC2=CC(CO)=CC=C2OC)C=C1;COC(=O)C1=CC=C(OC)C(OC2=CC=C(CO)C=C2)=C1;COC1=CC=CC(OC)=C1C(=O)OCC1=CC=C(O)C=C1;COC1=CC(O)=C(C(=O)CCC2=CC=C(O)C=C2)C(O)=C1;COC1=CC(CC(=O)C2=CC=C(O)C(OC)=C2)=CC=C1O;COC1=CC=C(CCC(=O)C2=C(O)C=C(O)C=C2O)C=C1;COC1=CC=CC(OC)=C1C(=O)OCC1=CC=CC(O)=C1;COC1=CC=C(OC)C(C(=O)OCC2=CC=CC=C2)=C1O;CCOC1=CC=C(OCC(=O)C2=CC=C(O)C=C2O)C=C1;COC(=O)CC(C1=CC=CC=C1)C1=C(O)C(=O)C=C(C)O1;COC1=CC(O)=CC=C1[C@@H](O)C(=O)CC1=CC=C(O)C=C1;COC1=CC=C(CC(=O)C2=CC=C(O)C=C2O)C=C1OC;COC1=CC=C(C(=O)CCC2=CC=C(O)C(O)=C2)C(O)=C1;COC1=CC(O)=CC=C1C(=O)[C@H](O)CC1=CC=C(O)C=C1;COC1=CC(O)=CC=C1C(=O)[C@@H](O)CC1=CC=C(O)C=C1;COC1=CC(O)=CC(O)=C1C(=O)CCC1=CC=C(O)C=C1;COC1=CC(O)=C(C(=O)O)C(CCC2=CC=C(O)C=C2)=C1;COC1=C(O)C=CC(C(=O)CCC2=CC=C(O)C=C2)=C1O
m_88505f,Cc1noc(C2CN(Cc3cc(Br)c[nH]3)CCN2C)n1;Cc1cc(Br)ccc1CC(=O)NC1CCN(C(N)=O)C1;CC(=O)NCCNC(=O)NC1CC1c1ccccc1Br;CC(C(=O)NC1CCN(C(N)=O)C1)c1ccc(Br)cc1;CCc1ccc(Br)cc1C(=O)N1CC(NC(=O)NC)C1;COC(=O)CCCN1C(=O)C2=CC3=C(C=C2C2=CC=CC=C21)OCO3;COC(=O)C1=CC=C(NC(=O)C[C@H]2CC(=O)OC3=CC=CC=C32)C=C1;COC(=O)C1=CC=C(NC(=O)C[C@@H]2CC(=O)OC3=CC=CC=C32)C=C1;CC(=O)N1[C@H](C2=CC=CC=C2)CC(=O)O[C@H]1C1=CC=C2OCOC2=C1;CC(=O)N1[C@@H](C2=CC=CC=C2)CC(=O)O[C@H]1C1=CC=C2OCOC2=C1;CC(=O)N1[C@@H](C2=CC=CC=C2)CC(=O)O[C@@H]1C1=CC=C2OCOC2=C1;CC(=O)N1[C@@H](C2=CC=C3OCOC3=C2)OC(=O)C[C@H]1C1=CC=CC=C1;COC1=CC2=C(C=C1O)CCN1C2=CC2=CC=C(O)C(OC)=C2C1=O;CCOC(=O)CCN1C(=O)C2=CC3=C(C=C2C2=CC=CC=C21)OCO3;O=C(C=CC1=CC=C2OCOC2=C1)NCCC1=CC=C2OCOC2=C1;COC1=CC=C([C@H]2NC(=O)C(O)=C2C(=O)C2=CC=CC=C2)C=C1OC;COC1=CC=C([C@@H]2NC(=O)C(O)=C2C(=O)C2=CC=CC=C2)C=C1OC;O=C(C[C@H]1CC(=O)OC2=CC=CC=C21)NCC1=CC=C2OCOC2=C1;O=C(C[C@@H]1CC(=O)OC2=CC=CC=C21)NCC1=CC=C2OCOC2=C1;CC(=O)NCC1CCN(C(=O)C2=CC=C(Br)C=N2)CC1;O=C(C1=CC=CO1)N1CCN2C(=O)N(CC3=CC=CC=C3)C(=O)[C@H]2C1;COC1=CC=C2C[C@H]3C4=CC5=C(C=C4CCN3C(=O)C2=C1O)OCO5;COC1=C2C3=CC=C(OC)C(=O)C=C3[C@H]3CC4(C)N3C24C=C(O)C1=O;CN1C2=CC=CC=C2C(=O)C2=C(O)C=C3O[C@@H]([C@]4(C)CO4)[C@H](O)C3=C21;COC1=CC=C(NC(=O)COC2=CC=C3OC(=O)C=C(C)C3=C2)C=C1
m_88a263,Cc1occc1C(=O)N1CCC(CO)(Cc2ccc(F)cc2)C1;Cc1c(NC(=O)C2CC(=O)N(c3ccccc3F)C2)nnn1C;O=C(c1n[nH]c2c1CCC2)N1CCCC1c1ccc(F)c(F)c1;Cc1ccc(C(=O)N2CC(N3CCn4c(C)nnc4C3)C2)s1;Cn1cncc1C1CCCN(C(=O)Cc2ccccc2Cl)C1;COC1=CC=C(C(=O)N2CC[C@H](C3=NN=C(C)O3)C2)C=C1OC;CC(=O)O[C@H]1CN(C(=O)/C=C\C2=CC=CC=C2)C[C@H]1OC(C)=O;CC(=O)O[C@H]1CN(C(=O)/C=C/C2=CC=CC=C2)C[C@@H]1OC(C)=O;CC(=O)O[C@@H]1CN(C(=O)/C=C/C2=CC=CC=C2)C[C@H]1OC(C)=O;COC1=CC=C(C(=O)N2CCN3C(=O)[C@H](C)NC(=O)[C@@H]3C2)C=C1;COC1=CC=C(C(=O)N2CCN3C(=O)[C@@H](C)NC(=O)[C@@H]3C2)C=C1;CN1C([C@H]2CCN(C(=O)COCC(=O)O)C2)=NC2=CC=CC=C21;COCC(=O)N1CCN2C(=O)N(CC3=CC=CC=C3)C(=O)[C@H]2C1;CCOC(=O)[C@H]1CCCN(C=C2OC3=CC(O)=CC=C3C2=O)C1;CCOC(=O)[C@H]1CCCN(/C=C2\OC3=CC(O)=CC=C3C2=O)C1;CCOC(=O)[C@@H]1CCCN(C=C2OC3=CC(O)=CC=C3C2=O)C1;CCOC(=O)[C@@H]1CCCN(/C=C2\OC3=CC(O)=CC=C3C2=O)C1;CCOC(=O)CNC(=O)O[C@H]1CCN2CC3=CC=CC=C3N=C12;CCOC(=O)CNC(=O)O[C@@H]1CCN2CC3=CC=CC=C3N=C12;O=C1N[C@H](CC2=CC=CC=C2)C(=O)N2CCN(C(=O)CO)C[C@@H]12;O=C1N[C@@H](CC2=CC=CC=C2)C(=O)N2CCN(C(=O)CO)C[C@@H]12;CCOC(=O)C1CCN(C=C2OC3=CC(O)=CC=C3C2=O)CC1;CC1=C(CC(=O)N2CCCCC2)C(=O)OC2=CC(O)=CC(O)=C12;COCC(=O)N1CC[C@H]2NC(=O)N(C3=CC=C(C)C=C3)C(=O)[C@H]21;COCC(=O)N1CC[C@H]2NC(=O)N(C3=CC=C(C)C=C3)C(=O)[C@@H]21
m_895051,Cc1nccc(CCC(=O)N2CCNC(=O)CC2c2ccccc2)n1;COc1ccc(COCc2cccc(NCc3ncnn3C)c2)cc1;CC(NS(=O)(=O)CC12CC3CC(CC(C3)C1)C2)c1nncn1C;CN1CCC2(CC1)CCN(C(=O)Cc1ccccc1OC(F)F)C2;CN(c1cccnn1)C1CCN(C(=O)C2Cc3ccccc3O2)CC1;COC1=CC=C(C(=O)N2CCN(C(=O)CC3=CC=CC=C3)CC2)C=C1;O=C(C[C@H](C(=O)O)N1CCN(C2=CC=CC=C2)CC1)C1=CC=CC=C1;O=C(C[C@@H](C(=O)O)N1CCN(C2=CC=CC=C2)CC1)C1=CC=CC=C1;COC1=CC=CC(C(=O)N2CCN(C(=O)CC3=CC=CC=C3)CC2)=C1;CC1=CC=C(NC(=O)[C@H]2CCCN2C(=O)OCC2=CC=CC=C2)C=C1;CC1=CC=C(NC(=O)[C@@H]2CCCN2C(=O)OCC2=CC=CC=C2)C=C1;CCOC(=O)[C@H]1CN(N=O)[C@H](C2=CC=CC=C2)C[C@@H]1C1=CC=CC=C1;CCOC(=O)[C@H]1CN(N=O)[C@@H](C2=CC=CC=C2)C[C@@H]1C1=CC=CC=C1;CCOC(=O)[C@@H]1CN(N=O)[C@H](C2=CC=CC=C2)C[C@@H]1C1=CC=CC=C1;CCOC(=O)[C@@H]1CN(N=O)[C@@H](C2=CC=CC=C2)C[C@@H]1C1=CC=CC=C1;C/C=C1\CN2CC[C@]34C(=NC5=CC=CC=C53)[C@@H]2C[C@@H]1[C@]4(CO)C(=O)O;COC1=CC=C(OC)C2=C1C=C(C(=O)N(C)CC1=CC=CC=C1)N2C;COC1=CC=C(N2C[C@H](C(=O)NCCC3=CC=CC=C3)CC2=O)C=C1;COC1=CC=C(N2C[C@@H](C(=O)NCCC3=CC=CC=C3)CC2=O)C=C1;COC1=CC=C(CC(=O)NCC(=O)N2CCCC3=CC=CC=C32)C=C1;COC(=O)[C@H]1[C@H]2C[C@H]3C4=NC5=CC=CC=C5[C@]41CCN3C/C2=C/CO;COC(=O)[C@H]1[C@H]2C[C@@H]3C4=NC5=CC=CC=C5[C@@]41CCN3C/C2=C\CO;COC(=O)[C@H]1[C@@H]2C[C@@H]3C4=NC5=CC=CC=C5[C@@]41CCN3C/C2=C\CO;O=C1C=C(CN2CCN(CCO)CC2)C2=C(C=CC3=CC=CC=C32)O1;COC1=CC=C(OC)C2=C1C=C(C(=O)NCCC1=CC=CC=C1)N2C
m_89a6f2,CC(C(=O)Nc1ccnn1C(C)C)N1CCN(c2cnccn2)CC1;Cc1ccnc(N2CCC(C3OCCCC3c3nc(C)no3)CC2)n1;Cc1ccc(C(=O)NCC2CC(c3nnc(N(C)C)[nH]3)CC2O)cc1;Cc1nccc(N2CCC(C3OCCCC3c3nc(C)no3)CC2)n1;C#CC(NC(=O)NCc1ccc(OC2CCN(C)CC2)cc1)C(C)C;CC1=CC=C(C(=O)N2CCN3C(=O)N(C4CCOCC4)C[C@H]3C2)C=C1;COC(=O)C1=CC=CC2=C1OC([C@H]1CCN(C3CCN(C)CC3)C1)=N2;CCC(CC)C(=O)N1CC[C@H]2NC(=O)N(C3=CC=C(C)C=C3)C(=O)[C@H]21;CCC(CC)C(=O)N1CC[C@@H]2NC(=O)N(C3=CC=C(C)C=C3)C(=O)[C@H]21;CC1=CC=C(N2C(=O)N[C@@H]3CCN(C(=O)CC(C)(C)C)[C@H]3C2=O)C=C1;CC1=CC=C(N2C(=O)N[C@@H]3CCN(C(=O)CC(C)(C)C)[C@@H]3C2=O)C=C1;O=C(C1=CC=CC=N1)N1C[C@@H]2OCC(=O)N(CC3CCCCC3)[C@@H]2C1;CC1CCN(C[C@@H]2OC[C@H](NC(=O)C3=CC=C(C#N)C=C3)[C@H]2O)CC1;O=C(C1CCCCC1)N1C[C@@H]2OCC(=O)N(CC3=CC=CC=N3)[C@@H]2C1;CC(=O)N1CCC(N2C[C@@H]3OCC(=O)N(C4=CC=CC=C4)[C@@H]3C2)CC1;CC(=O)N1CCC(N2C[C@@H]3C[C@H]2C(=O)N(C)C2=CC=CC=C2O3)CC1;O=C(C1=CC=NC=C1)N1C[C@@H]2OCC(=O)N(CC3CCCCC3)[C@@H]2C1;CCC(CC)C(=O)N[C@H]1CCN2C(=O)N(C3=CC=CC=C3)C(=O)[C@@H]2C1;CCC(CC)C(=O)N[C@@H]1CCN2C(=O)N(C3=CC=CC=C3)C(=O)[C@@H]2C1;CC(=O)N1CCC(N2C[C@@H]3OC4=CC=CC=C4C(=O)N(C)[C@@H]3C2)CC1;O=C(NC1CCCCC1)N1CC[C@H]2COC(=O)N2C2=CC=CC=C2C1;CN1C(=O)C2=CC=CC=C2O[C@H]2CN(C(=O)NC3CCCCC3)C[C@H]21;COC(=O)C1=CC=C2C(=C1)N=C1COC[C@H](CNC3CCCCC3)N12;O[C@@H]1[C@@H](N2C=NC3=CC=CC=C32)[C@@H]2OCC(O2)[C@H]1NCC1CCCC1;COC(=O)[C@@H]1CC2=C(CN1CC1=CC=C(OC)C=C1)N(C(C)C)C=N2
m_89b9d2,COC1(C(C)NC(=O)c2cc(F)c(O)c(Cl)c2)CCC1;CNC(=O)CNC(=O)c1nc(C(F)(F)F)n2ccncc12;O=C(O)CCNC(=O)C1CC1c1cccc(C(F)(F)F)c1;Cc1oc(CNC(=O)c2ccc3c(c2)CCO3)cc1C(=O)O;CC(C)CC(=O)Nc1cccc(-c2nn3cnnc3s2)c1;COC1=CC=C(CNC(=O)C2=CC(OC)=CC(OC)=C2)C=C1;COC1=CC(C(=O)NCC2=CC=CC=C2)=CC(OC)=C1OC;COC1=CC=C(CNC(=O)C2=C(OC)C=CC=C2OC)C=C1;COC1=CC=C([C@@H](O)CNC(=O)C2=CC=CC=C2)C=C1OC;COC1=CC=C(CNC(=O)COC2=CC=C(OC)C=C2)C=C1;CCOC1=CC=C(NC(=O)C2=CC=C(OC)C(OC)=C2)C=C1;O=C(CCC1=CC=C(O)C(O)=C1)NCCC1=CC=C(O)C=C1;COC1=CC=C(CNCC2=CC=C(C(=O)O)C=C2)C=C1OC;CCOC(=O)C(NC1=CC=C2C=CC=CC2=C1)C(=O)OCC;COC1=CC=C(CCNC(=O)C2=C(O)C=CC=C2OC)C=C1;COC1=CC=CC=C1NC(=O)CC1=CC=C(OC)C(OC)=C1;CCOC1=CC=CC2=C1OC(=O)C(C(=O)NC1CCCC1)=C2;C[C@]12C=C[C@](CNC(=O)OCC3=CC=CC=C3)(CC(=O)C1)O2;C[C@@]12C=C[C@@](CNC(=O)OCC3=CC=CC=C3)(CC(=O)C1)O2;CNC1=CC=CC=C1C(=O)C1=C(OC)C=C(OC)C=C1OC;COC(=O)C1=C(C)NC(C)=C(C(=O)OC)C1C1=CC=CC=C1;COC1=CC(NC(=O)C2=CC=CC=C2)=C(C(=O)O)C=C1OC;CN1CCC2=CC(O)=C(O)C=C2[C@H]1CC1=CC=C(O)C(O)=C1;O=C(/C=C/[C@H]1C=CC(O)=C(O)C1)NCCC1=CC=C(O)C=C1;COC1=CC=C(NC(=O)C[C@]2(C(=O)O)C[C@@H]3C=C[C@H]2C3)C=C1
m_8b6b8e,Cc1nn(C)c(C)c1CC(=O)Nc1ncccc1O;Cc1nn(C)c(C)c1CC(=O)Nc1cccnc1O;Cc1cc(CNC(=O)c2cc(C3CC3)n(C)n2)on1;Nc1nccnc1C(=O)NCCc1cccc(F)c1;CC(C)(C)c1cc(NC(=O)c2nccnc2N)[nH]n1;COC(=O)CC1=NN(C(C)C)C(=O)C2=CC=CC=C12;CC1=CC=C2C(=C1)C=C(C(=O)N[C@@H](C)C(=O)O)N2C;CC1=CC2=CC=CC=C2N1CC(=O)N[C@@H](C)C(=O)O;CC(C)CCN1C=NC2=CC(C(=O)O)=CC=C2C1=O;CC1=C(C(=O)O)[C@H](C2=CC=CC=C2)N(C)C(=O)N1C;CC1=C(C(=O)O)[C@@H](C2=CC=CC=C2)N(C)C(=O)N1C;CC(C)NC(=O)C1=C(O)N(C)C2=CC=CC=C2C1=O;CC(C)NC(=O)C1=C(O)C2=CC=CC=C2N(C)C1=O;COC(=O)[C@@H](C)NC(=O)C1=CN(C)C2=CC=CC=C12;C[C@H](NC(=O)CCN1C=CC2=CC=CC=C21)C(=O)O;COC(=O)[C@H](C)NC(=O)C1=CC=C2C(=C1)C=CN2C;COC(=O)[C@@H](C)NC(=O)C1=CC=CC2=C1C=CN2C;COC(=O)[C@@H](C)NC(=O)C1=CC=C2C=CN(C)C2=C1;COC(=O)C1=CC2=C(C=CN(C(C)C)C2=O)N=C1C;CCOC(=O)CCC(=O)CC=CCC1=CC=CC=C1;O=C(O)CCNC(=O)CCN1C=CC2=CC=CC=C21;COC(=O)C=CC1=CC=C(OC)C(CC=C(C)C)=C1;COC(=O)C1=CC=C(C(C)=CC(=O)CC(C)C)C=C1;COC(=O)C1=CC=CC2=C1OC([C@H]1CCN(C)C1)=N2;CC(=O)OCC=CC1=CC=C(OCC=C(C)C)C=C1
m_8bb047,Cc1ncccc1NC(=O)Cc1c[nH]c2ncccc12;Nc1ncnc2c1ccn2C1OC(CO)C(O)C1O;Nc1nccc2c1ncn2C1OC(CO)C(O)C1O;O=C(Cc1cc2ccccc2o1)NCc1ccncc1;COc1ccc(-c2nc(Cc3ccccc3)no2)cc1;COC(=O)CC[C@@H]1O[C@H](C2=CC=CC=C2)[C@@H](O)[C@@H]1O;COC(=O)CC[C@@H]1OC(C2=CC=CC=C2)[C@@H](O)[C@@H]1O;COC(=O)C[C@H]1C[C@H](O)[C@H](O)[C@H](C2=CC=CC=C2)O1;COC(=O)C[C@H]1C[C@H](O)[C@H](O)[C@@H](C2=CC=CC=C2)O1;C[C@H](O)CCC[C@@H]1CC2=C(O)C=CC(O)=C2C(=O)O1;C[C@@H](O)CCC[C@@H]1CC2=C(O)C=CC(O)=C2C(=O)O1;CO[C@@H]1C2CO[C@@H](O2)[C@H](OCC2=CC=CC=C2)[C@@H]1O;C[C@H](O)[C@@H](O)CC[C@@H]1CC2=CC=CC(O)=C2C(=O)O1;C[C@H](O)CCC[C@H]1OC(=O)C2=C(O)C=CC=C2[C@@H]1O;C[C@@H](O)[C@@H](O)CC[C@@H]1CC2=CC=CC(O)=C2C(=O)O1;C[C@@H](O)CCC[C@H]1OC(=O)C2=C(O)C=CC=C2[C@@H]1O;COC1=CC([C@H]2O[C@@H]2CO)=CC=C1OC(=O)C(C)C;O=C1O[C@H](CCC[C@@H](O)CO)CC2=CC=CC(O)=C12;C[C@H](O)CCC[C@@H]1CC2=C(C=CC(O)=C2O)C(=O)O1;COC1=CC=C([C@H]2OC[C@H]3[C@@H]2CO[C@@H]3O)C=C1OC;COC1=CC=C(C(=O)OC[C@H]2OC2(C)C)C=C1OC;CC(=O)O[C@@H](C)C(O)C[C@H]1OCC2=C(O)C=CC=C21;CC(=O)OC(C[C@H]1OCC2=C(O)C=CC=C21)[C@H](C)O;COC1=CC=C(C2OC(=O)C(C)(O)C2C)C=C1OC;CO[C@H]1O[C@@H]2CO[C@H](C3=CC=CC=C3)O[C@H]2C[C@H]1O
m_8c72d4,O=C(NCC1CCN(CC(F)(F)F)CC1)c1nc(N2CCCC2)ncc1Cl;Cc1nc(-c2ccc(CNC(=O)C3CCCN3C(=O)c3ccccc3)cc2)cs1;CC(C(=O)NC(N)=O)N1CCCN(S(=O)(=O)c2cccc3cnccc23)CC1;COc1ccc(-c2c(C#N)c(N)nc3c2CCCCC3)cc1COCC(F)(F)F;O=C(c1cc(C(=O)N(Cc2ccc(C(F)(F)F)cc2)C2CC2)c[nH]1)N1CCCC1;CC(=O)C1=CC=C(NC(=O)COC2=CC=C3N=C4CCCCCN4C(=O)C3=C2)C=C1;CC(=O)C1=CC=CC(NC(=O)COC2=CC=C3N=C4CCCCCN4C(=O)C3=C2)=C1;COC(=O)[C@@H]1CC2=C(CN1C(=O)C1=CC=CC=C1)N(CC1=CC=C(OC)C=C1)C=N2;COC1=CC=C2C=C(NC(=O)C3CC(=O)N(CCC4=CC=C(O)C=C4)C3)C=NC2=C1;COC(=O)C1CCN(C(=O)C2=CC=CC3=C2OC(C2=CC=CC=C2)=C(C)C3=O)CC1;O=C(CCC1=CC=C2OCCC2=C1)NC1=CC=C2NC(=O)[C@@H]3CCCN3C(=O)C2=C1;C=CCC1=C(OCC(=O)NC2=CC=CC=C2OC)C=CC2=C1C(=O)N1CCCC1=N2;COC(=O)[C@@H]1CC2=C(CN1C(=O)COC1=CC=CC=C1)N(CC1=CC=CC=C1)C=N2;COC1=CC=CC(NC(=O)CN2C(=O)C=C(C(=O)N3CCCC3)C3=CC=CC=C32)=C1;COC(=O)[C@@H]1CC2=C(CN1C(=O)C1=CC=C(OC)C=C1)N(CC1=CC=CC=C1)C=N2;O=C(CN1C(=O)C2=CC=CC=C2N2C(=O)C3=CC=CC=C3C12)NCC1CCOCC1;COC(=O)C1=CN=CC2=C1CC1C3=C(CCN1C2COC(C)=O)C1=CC=CC=C1N3;COC1=CC2=C(C=C1OC)CN(C(=O)CN1N=C(C3=CC=CC=C3)C=CC1=O)CC2;CC1=CC=C(C(=O)NC[C@H]2CN3C(C4=CC=C5OCCOC5=C4)=CN=C3CO2)C=C1;COC(=O)C1=CC=C(N2COC3=C(C=C4C5=C(CCCC5)C(=O)OC4=C3C)C2)C=C1;CC1=C(CC(=O)NCC2=CC=CO2)C(=O)OC2=C(C)C3=C(C=C12)C1=C(CCCC1)O3;CCCN1C(=O)C2=CC=CC=C2N2C(=O)CC[C@@]12C(=O)NC1=CC=C(C(C)=O)C=C1;CC1=C(CCC(=O)NCC2=CC=CO2)C(=O)OC2=CC3=C(C=C12)C1=C(CCCC1)O3;O=C(NC1=CC=CC2=CC=CC=C12)O[C@@H]1CO[C@H]2[C@@H]1OC[C@@H]2NCC1=CC=CC=N1;CCCN1C(=O)C2=CC=CC=C2N2C(=O)CC[C@@]12C(=O)NC1=CC=CC(C(C)=O)=C1
m_8d19fa,Cc1ccc(CC(C)NC(=O)CN(C)S(C)(=O)=O)c(C)c1;Cc1ccccc1CCNC(=O)COc1ccc(C(N)=O)cc1;CCc1ccc(CS(=O)(=O)NCC2CN(C)CCO2)cc1;CC(NC(=O)CC(C)(C)C)c1ccccc1NS(C)(=O)=O;CCCS(=O)(=O)Nc1cc(CN2CCOCC2)ccc1C;O=C(CCC1=CC=C(O)C=C1)CC(=O)CCC1=CC=C(O)C=C1;C=C(C)C1=CC2=C(C)C=CC(C)=C2C(OC(C)=O)=C1OC(C)=O;CC1=CC=C(O)C(C(=O)CC(=O)C2=CC=CC=C2OC(C)C)=C1;CC1=CC=C(C(=O)CC(=O)C2=CC=CC=C2OC(C)C)C(O)=C1;CCCCC1=CC=C(C(=O)OC2=CC=C(C(=O)OC)C=C2)C=C1;COC1=CC(O)=C(C(=O)C=CC2=C(C)C=CC=C2C)C(OC)=C1;COC1=CC(C=CC(=O)C2=CC=C(C)C=C2)=CC(OC)=C1OC;CC1=CC=CC(NC(=O)N[C@@H](CC2=CC=CC=C2)C(=O)O)=C1C;CC1=CC=C(NC(=O)N[C@@H](CC2=CC=CC=C2)C(=O)O)C=C1C;COC1=CC=C(C=CC(=O)OC2=CC=C(C)C(C)=C2)C=C1OC;O=C(C=C(O)CCC1=CC=C(O)C=C1)CCC1=CC=C(O)C=C1;CCCCOC(=O)C1=CC=C(COC(=O)C2=CC=CC=C2)C=C1;COC1=CC=C(C=CC(=O)C2=CC(C)=CC=C2OC)C=C1OC;COC1=CC(OC)=C(C(=O)C=CC2=CC=C(C)C=C2)C(OC)=C1;C=CCC1=CC=C(OCC2=CC=C(C(=O)OC)C=C2)C(OC)=C1;CCCOC1=CC=C(OC(=O)C=CC2=CC=C(OC)C=C2)C=C1;CC(=O)OC1=CC(CC=C(C)C)=C(OC(C)=O)C2=CC=CC=C12;CC(C)C=CC1=C(O)C=C(C=CC2=CC=C(O)C(O)=C2)C=C1O;COC1=CC=C(CCNC(=O)C(=O)NC2=CC=C(C)C=C2)C=C1;CCCCOC(=O)C1=CC=CC=C1COC(=O)C1=CC=CC=C1
m_8d374f,Cc1nc(Nc2ccccc2)cc(N2CCS(=O)(=O)CC(C)C2)n1;Cc1cc(C(=O)N2CCC(Cc3ccc(F)c(F)c3)CC2)cc(O)n1;CC(Oc1ccccc1C#N)C(=O)N(CCC(=O)O)CC1CCCO1;CCOC(=O)N1CCN(C(=O)c2cc(-c3ccc(F)cc3)[nH]n2)CC1;Cn1nc(C2CCCO2)cc1NC(=O)N1CCCC1c1cccs1;COC1=CC=C(C(CC(=O)O)C2=CC=C(OC)C(OC)=C2)C=C1OC;COC(=O)[C@]12OC3[C@H](O)C[C@@](C)(C4=CC=CC=C41)[C@@H]2[C@]3(C)C(=O)OC;COC1=CC=C(C[C@H](C(=O)O)C2=CC=C(OC)C(OC)=C2)C=C1OC;COC1=CC=C(C[C@@H](C(=O)O)C2=CC=C(OC)C(OC)=C2)C=C1OC;COC1=C(O)C(C(=O)CCC2=CC=CC=C2)=C(OC)C(OC)=C1OC;COC(=O)C1=CC=C([C@H]2[C@H](C(C)=O)C(=O)C[C@](C)(O)[C@H]2C(C)=O)C=C1;COC(=O)CC(C1=CC=C(OC(C)C)C=C1)C1=C(O)C(=O)C=C(C)O1;C[C@H]1CC[C@@H]2C(COC(=O)/C=C/C3=CC=C(O)C(O)=C3)=CO[C@@H](O)[C@@H]21;COC1=CC(OC)=C(CCC(=O)C2=CC=C(OC)C(O)=C2)C(OC)=C1;COC1=CC(OC)=C(CCC(=O)C2=CC=C(O)C(OC)=C2)C(OC)=C1;CC1=CC(C(=O)NC[C@@]2(COC3=CC=CC=C3)C[C@@H](O)[C@@H](O)C2)=NO1;OC1=CC=C2C=C1C1=CC(=CC=C1O)C[C@H](O)[C@H](O)[C@H](O)C[C@@H](O)C2;OC1=CC=C2C=C1C1=CC(=CC=C1O)C[C@H](O)[C@@H](O)[C@@H](O)C[C@@H](O)C2;COC1=CC=C(CCOC(=O)C2=CC(OC)=C(OC)C(OC)=C2)C=C1;CC(=O)OCC1=C2[C@@H](OC(C)=O)CC(C)=C=CC/C(C)=C/[C@H]2OC1=O;CC1=CC(=O)C[C@H]2[C@H]1CC[C@@H](C)[C@]21C[C@H](C2=C[C@H](O)OC2=O)OC1=O;CC1=CC(=O)C[C@H]2[C@@H]1CC[C@@H](C)[C@]21C[C@@H](C2=C[C@H](O)OC2=O)OC1=O;CC1=CC(=O)C[C@@H]2[C@H]1CC[C@@H](C)[C@]21C[C@@H](C2=C[C@H](O)OC2=O)OC1=O;CC(=O)OCC1=C2[C@@H](OC(C)=O)C(C)=C=CCC/C(C)=C\[C@@H]2OC1=O;COC(=O)C1=CC=C([C@H]2/C(=C(/C)O)C(=O)C[C@](C)(O)[C@H]2C(C)=O)C=C1
m_8d75c7,Cc1nc(C2CCCN2C(=O)c2nn(C)cc2Br)cs1;Cc1oc(Br)cc1C(=O)N1CCCCC1c1nc(=O)[nH][nH]1;Cc1cc(Br)oc1C(=O)N1CC(N)CCC1C(F)(F)F;Cc1noc(C(C)C)c1C(=O)N1CCOc2c1cccc2C(F)(F)F;Cc1ccc(Cc2noc(C3CC(=O)N(Cc4ccccn4)C3)n2)s1;O=C(O[C@@H]1CO[C@H]2[C@@H]1OC[C@H]2OC(=O)C1=CC=CC=C1)C1=CC=CC=C1;C[C@@H](C(=O)C1=CC=C2OCOC2=C1)[C@@H](C)C(=O)C1=CC=C2OCOC2=C1;CC1=CC2=C(C=C1C)C(=O)C[C@H](C1=CC(C(=O)O)=CC3=C1OCOC3)O2;CC1=CC2=C(C=C1C)C(=O)C[C@@H](C1=CC(C(=O)O)=CC3=C1OCOC3)O2;O=C1C[C@H]2O[C@@]3(O)CC[C@@H](O)[C@@H]1[C@H]3C21OC2=CC=CC3=CC=CC(=C23)O1;O=C1CC2OC3(O)CC[C@@H](O)[C@@H]1[C@H]3C21OC2=CC=CC3=CC=CC(=C23)O1;CO/C(C)=C/C1=C2C(=O)C[C@@H](O)CC2=C(C(=O)C(=O)C2=CC=CC=C2)O1;O=C1C[C@@H](O)C2(OC3=CC=CC4=CC=CC(=C34)O2)[C@H]2[C@H]1[C@@H](O)C=C[C@H]2O;CC1=CCC2=C(C=C(O)C3=C2O[C@H](C2=CC=C(O)C(O)=C2)CC3=O)OC1;COC1=CC2=C(C=C1OC)[C@H](C(=O)C1=CC=C3OC=CC3=C1O)CCO2;COC1=CC2=C(C=C1OC)[C@@H](C(=O)C1=CC=C3OC=CC3=C1O)CCO2;CC1=CC2=C(O1)C(=O)C1=C(C(=O)C(O)=C3C(C)(C)C(=O)CC[C@]13C)C2=O;COC1=CC=CC2=C1C(O)C13C=CC4=C(C(=O)CC(C)C4O)C1(O3)C2=O;CCOC(=O)COC1=CC=C2C=C(C3=CC=C(OC)C=C3)C(=O)OC2=C1;CC1(C)OC2=CC3=C(C(O)=C2C[C@@H]1O)C(=O)C=C(C1=CC=C(O)C=C1)O3;CC1(C)OC2=CC3=C(C(O)=C2CC1O)C(=O)C(O)=C(C1=CC=CC=C1)O3;C=CC(C)(O)CC1=CC2=C(C=C1O)OC(=O)C(C1=CC=C(O)C=C1O)=C2;COC1=C(C2=CC=C(O)C=C2)[C@@]2(CO2)[C@](OC)(C2=CC=C(O)C=C2)C1=O;COC1=CC=CC2=C1C(=O)O[C@H]2C1=C(O)C=CC2=C1C(=O)C[C@@H](C)[C@@H]2O;COC1=CC=CC2=C1C(=O)O[C@@H]2C1=C(O)C=CC2=C1C(=O)C[C@@H](C)[C@@H]2O
m_8db7e3,Cn1ncc(NC(=O)NC2CCNCC(C)(C)C2)c1C(F)F;Cc1n[nH]c(C)c1C(C)CC(=O)NCC(O)Cc1ccccc1;CN1CC(NC(=O)NCc2ccc(C3CCC3)cc2)CCC1=O;Cc1ccc2c(CCNC(=O)NC3CCOCC3)cn(C)c2c1;Cc1ccc(N2CCC(C(=O)N(C)C3CCNC3)C2=O)cc1C;COC1=CC=C2NC=C(CCNC(=O)NC3CCCCC3)C2=C1;CC1=CC(=O)OC2=CC(OCC(=O)NC3CCCCC3)=CC=C12;CCNC(=O)N1CC[C@H]2CC(=O)N(C3=CC=CC=C3)CC[C@H]2C1;C[C@@]12C(=O)N(CCC3=CC=C(O)C=C3)C(=O)[C@]1(C)[C@H]1CC[C@@H]2O1;CC1=NOC([C@@H]2C[C@H](NC(=O)NCC3=CC=CC=C3)CN2C)=N1;COC1=CC(C(=O)NCC2=CC=C(C)C=C2)=CC(OC)=C1OC;CC[C@H]1CN(C(=O)C2=CC=CN=C2)CC[C@H]1CC(=O)NC1CC1;CNC(=O)[C@@H](C1CC1)N1CCC[C@H]1C(=O)NCC1=CC=CC=C1;O=C(NC1CC1)N1C[C@@H]2[C@H](O)C(=O)N(CC3=CC=CC=C3)[C@@H]2C1;CCNC(=O)N[C@H]1C[C@@H](C2=NC(C3=CC=CC=C3)=NO2)N(C)C1;CNC(=O)C1(N2CCC[C@H]2C(=O)NCC2=CC=CC=C2)CCC1;CC1=NN(C)C(C(=O)N[C@H]2[C@H](O)[C@H](O)C[C@@H]2C2=CC=CC=C2)=C1;CC1=CC(C(=O)N[C@H]2[C@H](O)[C@H](O)C[C@@H]2C2=CC=CC=C2)=NN1C;CC(C)[C@H]1NC(=O)[C@@H]2[C@@H](NC(=O)C3=CC=CC=C3)CCN2C1=O;CC(C)[C@@H]1NC(=O)[C@@H]2[C@@H](NC(=O)C3=CC=CC=C3)CCN2C1=O;COC1=CC=C(CCNC(=O)C2=CC(C3CC3)=NN2)C=C1OC;CCN1CCCC1CNC(=O)C1=CC2=CC(OC)=CC=C2N1C;COC1=CC(OC)=CC(C(=O)NCCOC2=CC=CC=C2C)=C1;CCOC(=O)[C@H]1C(=O)N[C@H]2C3=CC=CC=C3O[C@H]3CCCC[C@@]132;CCOC(=O)[C@H]1C(=O)N[C@@H]2C3=CC=CC=C3O[C@H]3CCCC[C@@]132
m_8e45f7,Cc1ncsc1C(=O)N(C)Cc1nccn1CC(F)(F)F;CN(Cc1ccncc1)C(=O)CNC(=O)c1ccc(Cl)cn1;Cc1cccc(Cl)c1S(=O)(=O)NC1(CN)CCOCC1;Cc1nccn1CC1CN(c2nc3ccc(Cl)cc3s2)C1;Cc1ccc(Cl)c(S(=O)(=O)NC2(CN)CCOCC2)c1;COC(=O)C1=C(O)C=CC(O)=C1C(=O)C1=C(O)C=C(C)C=C1O;COC(=O)C1=CC=C(O)C(OC2=CC(C(=O)OC)=CC=C2O)=C1;COC(=O)C1=CC(OC2=CC=C(O)C(C(=O)OC)=C2)=CC=C1O;COC(=O)C1=C(O)C(C)=CC(O)=C1C(=O)C1=C(O)C=CC=C1O;CC1=CC(O)=CC2=C1C(=O)C[C@@](O)(CC1=CC(O)=CC(=O)O1)O2;COC(=O)C1=CC=CC(O)=C1C(=O)C1=C(O)C=C(CO)C=C1O;COC(=O)C1=CC(CO)=CC(O)=C1C(=O)C1=C(O)C=CC=C1O;CCOC(=O)CC(=O)C1=CC2=CC=C(OC(C)=O)C=C2OC1=O;C[C@H]1O[C@H](CC(=O)O)CC2=C1C(=O)C1=C(O)C=CC(O)=C1C2=O;CC1=CC(C(=O)OC2=CC(O)=CC(O)=C2CC(=O)O)=CC=C1O;COC(=O)[C@@]12CC(C)=COC(O)=C1C(=O)C1=C(O)C=CC=C1O2;C[C@@]1(O)CC(=O)C2=C(CC3=CC(O)=CC(=O)O3)C=C(O)C=C2O1;COC(=O)[C@]1(O)C2=C(C=C(C)[C@@H]1O)OC1=CC=CC(O)=C1C2=O;COC1=CC(C2=C(O)C(=O)C3=C(O)C=C(O)CC3O2)=CC=C1O;COC1=C(C2=CC=C(O)C(O)=C2)OC2CC(O)=CC(O)=C2C1=O;COC(=O)[C@H]1C2=C(OC=C(C)[C@H]1O)OC1=CC=CC(O)=C1C2=O;CC1=CC(O)=C(O)C2=C1OC1=C(CO)C(O)=CC(C)=C1C(=O)O2;COC(=O)C1=C(O)C(C)=COC2OC3=CC=CC(O)=C3C(=O)C12;COC(=O)C1=CC(OC)=C2C(=O)OCC3=C(O)C=C(C)OC1=C32;CC1=C(O)C=C(O)C2=C1O[C@H](C1=CC=C(O)C(O)=C1)[C@@H](O)C2=O
m_8eaf01,Cc1ccc(CC(=O)N2CCN(CC(N)=O)CC2)cc1C;COc1ccc(N2CCN(C(=O)C(C)C3CC3)CC2)nc1;CC(C)(C)c1nnc2ccc(NC3CCOC3(C)C)nn12;CNC(=O)c1ccc(N2CCC3(CCCN(C)C3)C2)nn1;CCOc1cccc(CC(=O)NC2CC(N)C23CCC3)n1;CC(=O)[C@H]1C(=O)C[C@](C)(O)[C@@H](C(C)=O)[C@H]1C1=CC=CN=C1;CC(=O)[C@H]1C(=O)C[C@](C)(O)[C@@H](C(C)=O)[C@@H]1C1=CC=CN=C1;COC1=CC=C(C2(C(=O)N3CCCC3)CCOCC2)C=C1;CC(=O)[C@H]1[C@H](C2=CC=CN=C2)/C(=C(/C)O)C(=O)C[C@]1(C)O;CC(=O)[C@H]1[C@@H](C2=CC=CN=C2)/C(=C(/C)O)C(=O)C[C@]1(C)O;C[C@H]1CN(C(=O)/C=C/C2=CC=C3OCOC3=C2)C[C@H](C)O1;C[C@@H]1CN(C(=O)/C=C/C2=CC=C3OCOC3=C2)C[C@H](C)O1;C[C@@H]1CN(C(=O)/C=C/C2=CC=C3OCOC3=C2)C[C@@H](C)O1;COC(=O)C1=C(C)N(C[C@H]2CCCO2)C2=CC=C(O)C=C12;COC(=O)C1=C(C)N(C[C@@H]2CCCO2)C2=CC=C(O)C=C12;COC(=O)C1=C[C@H]2C[C@H](O)[C@H]3CCCN4CCC[C@@]32C4=C1;CC1(C)C[C@H](NC(=O)CC2=CC=C3CCOC3=C2)CCO1;CC1(C)C[C@@H](NC(=O)CC2=CC=C3CCOC3=C2)CCO1;C[C@H](CNC(=O)[C@H]1CCCC[C@@H]1C(=O)O)C1=CC=CC=C1;C[C@H](CNC(=O)[C@@H]1CCCC[C@@H]1C(=O)O)C1=CC=CC=C1;C[C@@H](CNC(=O)[C@H]1CCCC[C@@H]1C(=O)O)C1=CC=CC=C1;C[C@@H](CNC(=O)[C@@H]1CCCC[C@@H]1C(=O)O)C1=CC=CC=C1;CC1CCN(CCCNC(=O)NCC2=CC=CC=C2)CC1;COC1=CC=C(C=CC(=O)N2CCCCC2=O)C=C1OC;CN1C(=O)[C@](O)([C@H]2COC(C)(C)CC2=O)C2=CC=CC=C21
m_9068e1,CSCCC(N)C(=O)N1CC(c2ccc(F)cc2)CC1C;Fc1ccc2c(c1)C(NCCc1nnc3ccccn13)CCC2;O=C(NCCOc1ccc(F)cc1F)N1CC(CC2CC2)C1;Cc1ccccc1C1(CNC(=O)c2cccnc2)CCOCC1;COc1ccc(CC2CCN(C(=O)c3ccncc3)CC2)cc1;COC1=CC=C(CC(=O)N2CCCC[C@@H]2C2=CC=CN=C2)C=C1;CCOC1=CC=CC(C(=O)N2CCCC[C@H]2C2=CC=CN=C2)=C1;CCOC1=CC=CC(C(=O)N2CCCC[C@@H]2C2=CC=CN=C2)=C1;CC[C@H]1[C@@H]2N3CC[C@H]1C(C(=O)O)=C1NC4=CC=CC=C4[C@]12CC3;CN(C)CCCNC(=O)C1C2=CC=CC=C2OC2=CC=CC=C21;CC1=NN(CCOC(=O)C2=CC=CC=C2)C2=C1[C@H]1[C@@H](C2)C1(C)C;COC1=CC=C(CCNC(=O)[C@@H]2CC3=CC=CC=C3CN2)C=C1;COC1=CC=CC(CN2CCN(C(=O)C3=CC=CC=C3)CC2)=C1;COC1=CC=CC(C(=O)N2CCN(CC3=CC=CC=C3)CC2)=C1;O=C(NCCC1=CC=CC=N1)C1(C2=CC=CC=C2)CCOCC1;NCCCCNC(=O)OCC1C2=CC=CC=C2C2=CC=CC=C21;CC(C)C(=O)NC1=CC=C(C(=O)NCCC2=CC=CC=C2)C=C1;CCOC(=O)C(CC1=CC=CC=C1)(CC1=CC=CC=C1)C(C)=O;CCCC(=O)NC1=CC=C(C(=O)NCCC2=CC=CC=C2)C=C1;CC1=CC=C2C=C(C(C)C)C(=O)C(=O)C2=C1C(=O)C[C@H]1C[C@@H]1C;COC1=CC=C(C=O)C=C1CN1CCCC[C@H]1C1=CC=CN=C1;COC1=CC=C(C=O)C=C1CN1CCCC[C@@H]1C1=CC=CN=C1;CC(C)C(=O)NC1=CC=CC(C(=O)NCCC2=CC=CC=C2)=C1;CC1(C)CCC2=CC(CC(=O)CC3=CC=C(O)C=C3)=CC=C2O1;CCCCC1=CC=C(N=NC2=CC=C(OC(=O)CC)C=C2)C=C1
m_907412,Cc1oc(C(=O)N(C)c2ccc(F)cc2)cc1S(N)(=O)=O;Cc1ccc2c(N)c(C(=O)c3ccc4c(c3)OCO4)sc2n1;COc1ccc(Cl)c2sc(N3CCCC(CO)C3)nc12;CCCc1nn2c(-c3cccc(C(F)(F)F)c3)nnc2s1;O=C(NCc1ccc(-c2ccco2)nc1)c1ccccc1Cl;CCOC(=O)C1=CC2=C(C=CC3=C2C2=C(CCCC2)O3)OC1=O;CCOC(=O)C1=C(C2=CC=C(OC)C=C2)OC2=CC=C(O)C=C12;CCCC(=O)C1=CC2=C(OC(=O)C3=C(O)C=CC=C32)C(O)=C1C;CCCC(=O)C1=CC2=C(C(O)=C1C)C(=O)OC1=C(O)C=CC=C12;O=C(CCC1=CC=C(CCC(=O)C2=CC=CO2)O1)C1=CC=CO1;COC1=CC=C(C(=O)C2=C(C)OC3=CC=C(O)C=C23)C=C1OC;CCOC(=O)C1=CC(O)=C2C(=O)C3=CC=CC(O)=C3C(=O)C2=C1;CCCC1=CC(=O)OC2=C(C)C(OC(=O)C3=CC=CO3)=CC=C12;COC(=O)COC1=CC=C2OC=C(C3=CC=C(OC)C=C3)C2=C1;CCOC1=CC=C2OC(C3=CC=C(OC)C=C3)=C(C(=O)O)C2=C1;CC1=C(CC(=O)O)C(=O)OC2=CC3=C(C=C12)C1=C(CCCC1)O3;COC1=CC=C(C2=C(C)C3=CC=C(O)C=C3OC2=O)C(OC)=C1;COC1=CC=C(C(=O)C2=C(C)OC3=CC=C(O)C=C23)C(OC)=C1;COC1=CC(C2=CC=C(O)C(O)=C2)=CC(=O)C2=C(C)OC(C)=C12;COC1=CC(C2=CC(=O)C3=C(C)OC(C)=C3C(O)=C2)=CC=C1O;CCCC1=C(O)C(C)=C(O)C2=C1C(=O)C1=C(O)C=CC=C1C2=O;COC1=CC=C(CC2=COC3=CC(O)=C(C)C(O)=C3C2=O)C=C1;CCOC1=CC=CC=C1OC1=C(C)OC2=CC(O)=CC=C2C1=O;COC1=CC=C(C2=CC(=O)C3=C(O)C(C)=C(O)C(C)=C3O2)C=C1;CC1=COC2=C1C(=O)C(=O)C1=C2C=CC2=C1CCC[C@]2(O)CO
m_90baa7,CC(=O)Oc1cc(OC(C)CCCc2ccccc2)cc2c1C1CC(O)CCC1C(C)N2;COc1cc(C)[nH]c(=O)c1CNC(=O)c1c(C)n(C(C)C2CCOCC2)c2ccccc12;CCN1CC2(COC)CCC(O)C34C5CC6C(OC)CC(O)(C5C6O)C(C(OC)C23)C14;O=C(CC(NC(=O)OCC1c2ccccc2-c2ccccc21)C(=O)O)OC1CCCCC1;CCc1cc(-c2csc(S(=O)(=O)N3CCN(c4ccc(Cl)cc4)CC3)c2)on1;CC(=O)OC1=CC=C(N2C(=O)[C@@H]3[C@H](C2=O)[C@@H](C2=CC=CC=C2)C=C[C@H]3C2=CC=CC=C2)C=C1;CC(=O)OC1=CC=C(N2C(=O)[C@@H]3[C@H](C2=O)[C@@H](C2=CC=CC=C2)C=C[C@@H]3C2=CC=CC=C2)C=C1;CC(=O)OC1=CC=C(N2C(=O)[C@@H]3[C@@H](C2=O)[C@H](C2=CC=CC=C2)C=C[C@@H]3C2=CC=CC=C2)C=C1;CC(=O)OC1=CC=C(N2C(=O)[C@@H]3[C@@H](C2=O)[C@@H](C2=CC=CC=C2)C=C[C@@H]3C2=CC=CC=C2)C=C1;CC(C)C1=CC=C2C(=C1)[C@H]1C3=CC=CC=C3[C@@H]2[C@H]2C(=O)N(C3=CC=C(C(=O)O)C=C3)C(=O)[C@H]12;CC(C)C1=CC=C2C(=C1)[C@@H]1C3=CC=CC=C3[C@H]2[C@H]2C(=O)N(C3=CC=C(C(=O)O)C=C3)C(=O)[C@H]12;O=C(N[C@H](CC1=CC=C2C=CC=CC2=C1)C(=O)O)OCC1C2=CC=CC=C2C2=CC=CC=C21;O=C(N[C@@H](CC1=CC=C2C=CC=CC2=C1)C(=O)O)OCC1C2=CC=CC=C2C2=CC=CC=C21;CCOC1=CC=CC=C1N1C(=O)[C@H]2[C@H]3C4=CC=CC=C4[C@](C(C)=O)(C4=CC=CC=C43)[C@H]2C1=O;CCOC1=CC=CC=C1N1C(=O)[C@H]2C3C4=CC=CC=C4C(C(C)=O)(C4=CC=CC=C43)[C@H]2C1=O;CCOC1=CC=CC=C1N1C(=O)[C@@H]2[C@H]3C4=CC=CC=C4[C@](C(C)=O)(C4=CC=CC=C43)[C@H]2C1=O;CCOC1=CC=CC=C1N1C(=O)[C@@H]2[C@H]3C4=CC=CC=C4[C@](C(C)=O)(C4=CC=CC=C43)[C@@H]2C1=O;CCOC1=CC=CC=C1N1C(=O)[C@@H]2[C@@H](C1=O)[C@H]1C3=CC=CC=C3[C@]2(C(C)=O)C2=CC=CC=C21;CCOC1=CC=CC=C1N1C(=O)[C@@H]2[C@@H](C1=O)C1C3=CC=CC=C3C2(C(C)=O)C2=CC=CC=C21;CCOC1=CC=CC=C1N1C(=O)[C@@H]2C3C4=CC=CC=C4C(C(C)=O)(C4=CC=CC=C43)[C@H]2C1=O;CCOC1=CC=CC=C1N1C(=O)[C@@H]2C3C4=CC=CC=C4C(C(C)=O)(C4=CC=CC=C43)[C@@H]2C1=O;CCOC1=CC=C(N2C(=O)[C@H]3[C@H]4C5=CC=CC=C5[C@](C(C)=O)(C5=CC=CC=C54)[C@H]3C2=O)C=C1;CCOC1=CC=C(N2C(=O)[C@H]3C4C5=CC=CC=C5C(C(C)=O)(C5=CC=CC=C54)[C@H]3C2=O)C=C1;CCOC1=CC=C(N2C(=O)[C@@H]3[C@H]4C5=CC=CC=C5[C@](C(C)=O)(C5=CC=CC=C54)[C@H]3C2=O)C=C1;CCOC1=CC=C(N2C(=O)[C@@H]3[C@H]4C5=CC=CC=C5[C@](C(C)=O)(C5=CC=CC=C54)[C@@H]3C2=O)C=C1
m_91512a,COC1CC(CO)N(C(=O)CCc2cccc(F)c2F)C1;Cc1ncc(CN(C)C(=O)NCC2CCC(CO)O2)s1;Cc1nn(C(C)C)c(C)c1Nc1nccc(C(F)(F)F)n1;CC1CN(CC(F)(F)F)CCN(c2cnc(C#N)cn2)C1;Cc1ccccc1-n1ncc(C(=O)NC2(C(=O)O)CC2)c1C;CC1=C(OCC(=O)N2CCC3=CC=CC=C3C2)C(=O)C=CO1;COC1=CC=CC(C(=O)NCCOC2=CC(C)=CC(C)=C2)=C1;COC(=O)[C@H]1[C@H]2C=C[C@]3(CN(C4=CC=C(C)C=C4)C(=O)[C@@H]13)O2;COC(=O)[C@H]1[C@H]2C(=O)N(C3=CC=C(C)C=C3)C[C@]23C=C[C@H]1O3;COC(=O)[C@@H]1[C@H]2C=C[C@]3(CN(C4=CC=C(C)C=C4)C(=O)[C@@H]13)O2;COC(=O)[C@@H]1[C@H]2C(=O)N(C3=CC=C(C)C=C3)C[C@]23C=C[C@H]1O3;COC(=O)C1C2C(=O)N(C3=CC=C(C)C=C3)C[C@]23C=C[C@H]1O3;CC1=CC=C(CN2C[C@@]34C=C[C@@H](O3)[C@H](C(=O)O)[C@@H]4C2=O)C=C1;CC1=CC=C(CN2C[C@@]34C=C[C@@H](O3)[C@@H](C(=O)O)[C@@H]4C2=O)C=C1;COC1=CC=C(CC(=O)NC2=CC(C)=CC(C)=C2)C=C1OC;COC(=O)[C@H]1[C@H]2C(=O)N(CC3=CC=CC=C3)C[C@]23C=C[C@H]1O3;COC(=O)[C@@H]1[C@H]2C(=O)N(CC3=CC=CC=C3)C[C@]23C=C[C@H]1O3;COC(=O)C1[C@H]2C(=O)N(CC3=CC=CC=C3)C[C@]23C=C[C@H]1O3;CCOC(=O)[C@H]1[C@H]2C(=O)N(C3=CC=CC=C3)C[C@]23C=C[C@H]1O3;CCOC(=O)[C@@H]1[C@H]2C(=O)N(C3=CC=CC=C3)C[C@]23C=C[C@H]1O3;CCOC(=O)C1[C@H]2C(=O)N(C3=CC=CC=C3)C[C@]23C=C[C@H]1O3;CCOC(=O)C1=C2C3=CC=CC=C3CC(C)(C)N2C(=O)C1=O;CCOC(=O)C1=CC=CC=C1NC(=O)C1=CC=C(OC)C=C1;COC1=CC=C(CC(=O)NC2=CC=C(C)C(C)=C2)C=C1OC;O=C(COC1=CC=CC=C1)N[C@H](CC1=CC=CC=C1)C(=O)O
m_916daf,Cc1nnc(C2OCCC2CNC(=O)c2cc3ccccc3n2C)[nH]1;COCC1CN(C(=O)c2ccc3[nH]cnc3c2)CC1c1cnn(C)c1;Cc1nnc(C2CC(O)C(CNC(=O)c3cc4ccccn4c3)C2)[nH]1;Cc1nc(C2CN(S(=O)(=O)N3CCCCC3)CC2C2CC2)n[nH]1;COc1cccc2c(NC3CC(Cn4ccnc4)CC3O)ncnc12;CC1=C(C)C2=C(O1)C1=C(C=C2C)OC(=O)C(CC(=O)NC2CC2)=C1C;CNC(=O)[C@@H]1CC2=CC=CC=C2CN1C(=O)CCN1C(C)=CC=C1C;CC1=C(C)C2=CC3=C(OC(=O)C(CC(=O)NC4CC4)=C3C)C(C)=C2O1;COC(=O)N1CCC2=CC(OC)=C(OC)C3=C2[C@H]1CC1=CC=CC=C13;COC(=O)N1CCC2=CC(OC)=C(OC)C3=C2[C@@H]1CC1=CC=CC=C13;O=C(NC[C@@H]1CCCN2CCCC[C@H]12)C1=CC(=O)NC2=CC=CC=C12;COC1=CC=C(C(=O)CC(=O)C(=O)NCCC2=CC=CC(C)=C2)C=C1;CC(C)[C@H](NC(=O)OCC1C2=CC=CC=C2C2=CC=CC=C21)C(=O)O;CC(C)[C@@H](NC(=O)OCC1C2=CC=CC=C2C2=CC=CC=C21)C(=O)O;O=C(C[C@@H]1CCNC[C@@H]1CC1=NOC(C2=CC=CC=C2)=C1)NC1CC1;CCCNC(=O)O[C@H]1C=C[C@H](C2=C(C)N(C3=CC=CC=C3)N=C2C)C1;CCCNC(=O)O[C@@H]1C=C[C@H](C2=C(C)N(C3=CC=CC=C3)N=C2C)C1;CC(=O)NC1=CC=CC=C1CCNCCC1=CC=CC=C1NC(C)=O;CCOC(=O)C1=C(C)N(C2=CC=C(OC)C=C2)C2=CC=C(OC)C=C12;CCC[C@H](NC(=O)OCC1C2=CC=CC=C2C2=CC=CC=C21)C(=O)O;CCC[C@@H](NC(=O)OCC1C2=CC=CC=C2C2=CC=CC=C21)C(=O)O;COC1=CC=C(C(=O)N2CCC(CC3=CC=CC=C3)CC2)C=C1OC;COC1=CC=C(CCNC(=O)C2=C(C)C3=CC=CC=C3O2)C=C1OC;CCOC1=CC=C2OC(C)=C(C(=O)NC3=CC=CC=C3OCC)C2=C1;CC1=COC2=C1C(C)=CC1=C2C(C)=C(CC(=O)N2CCCC2)C(=O)O1
m_921c43,CC1CN(C(=O)CNC2CC2)CC(c2ccc(F)cc2)O1;O=C(NC1CCN(C(=O)c2ccco2)CC1)C1CCCO1;CC(C)c1cc(C(=O)N2CC(C)C(C(=O)O)C2)cc(O)n1;CNC1CCCN(C(=O)CCOc2ccccc2OC)C1;Cc1nnc2n1CCN(c1ccnc(-c3ccccc3)n1)C2;CC1(C)[C@H]([C@H](O)[C@H](O)C2=CC=CC=C2)CC[C@]1(C)C(=O)O;CC1(C)[C@H]([C@H](O)[C@H](O)C2=CC=CC=C2)CC[C@@]1(C)C(=O)O;CC1(C)[C@@H]([C@H](O)[C@H](O)C2=CC=CC=C2)CC[C@]1(C)C(=O)O;CC1(C)[C@@H]([C@H](O)[C@H](O)C2=CC=CC=C2)CC[C@@]1(C)C(=O)O;CCCCC(CC)COC(=O)C1=CC=CC=C1C(=O)OC;CCCCCCCCOC(=O)C1=CC=CC=C1C(=O)OC;COC(=O)C1=CC[C@H]2C(C(=O)OC)=CC[C@@H](C(C)C)C[C@H]12;COC1=CC=CC=C1[C@H](CC(=O)O)[C@H]1CCOC(C)(C)C1;COC1=CC=CC=C1[C@H](CC(=O)O)[C@@H]1CCOC(C)(C)C1;COC1=CC=CC=C1[C@@H](CC(=O)O)[C@H]1CCOC(C)(C)C1;COC1=CC=CC=C1[C@@H](CC(=O)O)[C@@H]1CCOC(C)(C)C1;COC(=O)[C@H]1CC[C@]2(C)[C@H]3COC(=O)C3=CC[C@H]2C1(C)C;CC(C)CCCCCCOC(=O)C1=CC=CC=C1C(=O)O;CC1(C)[C@](O)(C[C@H](O)C2=CC=CC=C2)CC[C@]1(C)C(=O)O;CC1(C)[C@](O)(C[C@H](O)C2=CC=CC=C2)CC[C@@]1(C)C(=O)O;CC1(C)[C@@](O)(C[C@H](O)C2=CC=CC=C2)CC[C@]1(C)C(=O)O;CC1(C)[C@@](O)(C[C@H](O)C2=CC=CC=C2)CC[C@@]1(C)C(=O)O;CC(=O)OC/C(C)=C1\CC(=O)[C@@H](C)CC/C=C(/C)CC1=O;CO[C@H]1[C@@H]2OCC[C@H](C3=CC=CC=C3)[C@H]2C[C@@H](O)[C@@H]1OC;COC1=CC=C([C@H](CC(=O)O)[C@H]2CCOC(C)(C)C2)C=C1
m_930a3b,Cc1[nH]ncc1C(=O)N1CCN(Cc2ccc(C(N)=O)cc2)CC1;CN(CC(=O)NCc1cccnc1)C(c1ccc(F)cc1)C1CC1;Cc1ccc(C(=O)N2CCC(NC(=O)c3cnn(C)c3)CC2)cn1;CCn1nc(C)cc1C(=O)Nc1nc2ccccc2n1CCOC;CCc1nnc(CC2CCC(Nc3cc(C)nc4ncnn34)C2)o1;CC1=CC=C(C(=O)N[C@H](C(=O)O)C23CC4CC(CC(C4)C2)C3)C=C1;CC1=CC=C(C(=O)N[C@@H](C(=O)O)C23CC4CC(CC(C4)C2)C3)C=C1;CCOC(=O)C1=CC=C(NC=C2C(=O)[C@]3(C)CC[C@@H]2C3(C)C)C=C1;CCOC(=O)C1=CC=C(NC=C2C(=O)[C@@]3(C)CC[C@H]2C3(C)C)C=C1;CCOC(=O)C1=CC=C(N/C=C2\C(=O)[C@]3(C)CC[C@H]2C3(C)C)C=C1;CCOC(=O)C1=CC=C(N/C=C2\C(=O)[C@@]3(C)CC[C@@H]2C3(C)C)C=C1;C=C1C(C)(C)[C@H]2CC[C@]1(C(=O)NC1=CC=C(C(=O)OCC)C=C1)C2;C=C1C(C)(C)[C@@H]2CC[C@@]1(C(=O)NC1=CC=C(C(=O)OCC)C=C1)C2;CCCCOC1=CC=C(C(=O)NCCOC2=CC=C(C)C=C2)C=C1;CC1=C(C(=O)NC2=CC=C(C)C=C2C)C2(CCC(C)CC2)OC1=O;CC1=C(C(=O)NCCC2=CC=CC=C2)OC2=C1[C@H](O)CC(C)(C)C2;CC1=C(C(=O)NCCC2=CC=CC=C2)OC2=C1[C@@H](O)CC(C)(C)C2;CC1(C)C[C@H](NC(=O)C[C@H](C2=CC=CC=C2)C2=CC=CO2)CCO1;CC1(C)C[C@H](NC(=O)C[C@@H](C2=CC=CC=C2)C2=CC=CO2)CCO1;CC1(C)C[C@@H](NC(=O)C[C@H](C2=CC=CC=C2)C2=CC=CO2)CCO1;CC1(C)C[C@@H](NC(=O)C[C@@H](C2=CC=CC=C2)C2=CC=CO2)CCO1;CC1=C(C(=O)NCC2=CC=CC=C2C)C2(CCCCCC2)OC1=O;COC(=O)[C@H](NC(=O)C1=CC=CC=C1)C12CC3CC(CC(C3)C1)C2;COC(=O)[C@@H](NC(=O)C1=CC=CC=C1)C12CC3CC(CC(C3)C1)C2;CC1=CC=C2CN(CC3=CC=CC=C3O)CC[C@@H](CO)N(C)C2=N1
m_935b22,Cc1ccc(CNC2CCN(c3ncccn3)CC2)c(C)c1;CC(=O)Nc1ccc(CCNCc2c(C)cccc2C)cc1;Cc1cccc(CNC2CCN(c3ncccn3)CC2)c1C;CCNS(=O)(=O)C1CCN(Cc2cccc(C)c2C)C1;Cc1ccc(CNC2CCCN(c3cccnn3)C2)c(C)c1;C1=CN=C2C(OC[C@H]3CCCN4CCCC[C@H]34)=CC=CC2=C1;C1=CN=C2C(OC[C@@H]3CCCN4CCCC[C@H]34)=CC=CC2=C1;CCC1CN2CCC1C=C2C1=C(CCO)C2=CC=CC=C2N1;CC[C@]1(O)C[C@@H]2CCC3=NC4=CC=CC=C4[C@]34CCN(C1)[C@H]24;CC[C@]1(O)C[C@@H]2CCC3=NC4=CC=CC=C4[C@@]34CCN(C1)[C@H]24;CC[C@H]1CN2CC[C@]34C(=NC5=CC=CC=C53)CC[C@@H]([C@H]1O)[C@@H]24;C=C[C@H]1C[N@]2CC[C@H]1C[C@@H]2CNCC1=CC2=CC=CC=C2O1;C=C[C@H]1CN2CC[C@H]1C[C@@H]2CNCC1=CC2=CC=CC=C2O1;O=C(/C=C\C1=CC=CC=C1)N1CCC[C@H](C2=CCCCN2)C1;CCC12CCCN3CCC4C5=CC=CC=C5N(C(=O)CC1)C432;CC1=CC=C(CC2=CN=C(CN3CCCCC3)C(O)=C2)C=C1;CC[C@@]12CCC(=O)N3CC[C@]4(C5=CC=CC=C5N[C@@H]4CC1)[C@H]32;C/C=C(\CO)[C@@H]1CCN2CCC3=C(NC4=CC=CC=C34)[C@H]2C1;CC[C@H]1C[C@@H]2C[C@H]3C4=NC5=CC=CC=C5[C@@]4(O)CCN(C2)[C@@H]13;CC[C@@]12CCCN3CC=C(C4=CC=CC=C4/N=C(/O)CC1)[C@H]32;CC[C@@]12CCCN3C(=O)C[C@]4(C5=CC=CC=C5N[C@@H]4CC1)[C@H]32;CC[C@@H]1CN2CC[C@@]34C(=NC5=CC=CC=C53)[C@@H](CO)C1C[C@H]24;CCC12CCC3C(C4=C(CCN3C1)C1=CC=CC=C1N4)C2O;C/C=C1\[C@@H]2CCN3CC[C@]4(C5=CC=CC(OC)=C5N[C@@H]4C2)[C@@H]13;CC[C@@]12C[C@@H]3CC[C@]4(NC5=CC=CC=C5[C@@]45CCN(C3)[C@@H]15)O2
m_93b6a1,CCN(CC)C(=O)CN(C)c1nn2cc(C)nc2s1;Cc1n[nH]c(C)c1CC(=O)N1CCOC(CC(=O)O)C1;O=c1oc2c3c4c(cc2c2c1CCC2)CCCN4CCC3;CCCN1CCC(c2cccc(S(C)(=O)=O)c2)CC1;Cc1noc(COC2CN(C(=O)CC3CCCO3)C2)n1;CC1=CC=CC=C1NC(=O)C=CC1=CC=C2OCOC2=C1;CC(=O)N1C(=O)C(=C2C=C(C)OC(C)=C2)C2=CC=CC=C21;CC1=CC=CC=C1C(=O)N1CCN(C2=CC=CC=N2)CC1;CC1=CC(=O)OC2=C1C(=O)N(CCC1=CC=CC=C1)C=C2;CC1=NC=CN1[C@H]1[C@@H]2OCC(O2)[C@@H](NCC(C)C)[C@@H]1O;CC1=CN([C@H]2[C@@H]3OCC(O3)[C@@H](NCC(C)C)[C@@H]2O)N=C1;CC(=O)N1CCC(N2C[C@@H]3OCC(=O)N(C)[C@@H]3C2)CC1;CCOC(=O)C(C#N)=CC1=CC=C(C2=CC=C(C)C=C2)O1;O=C(O)[C@H](CC1=CC=CC=C1)N1CC2=CC=CC=C2C1=O;O=C(O)[C@@H](CC1=CC=CC=C1)N1CC2=CC=CC=C2C1=O;CC(C)CCCCC(=O)C1=CC(CCCC(=O)O)=NO1;COC1=CC=C(C(=O)OCCN2CCOCC2)C(O)=C1;CC1=NN([C@H]2[C@@H]3OCC(O3)[C@@H](NC(C)C)[C@@H]2O)C(C)=C1;CC/C=C(\C)C(=O)[C@@H](C)C(=O)N1C(=O)OC[C@@H]1C(C)C;CC(=O)OC1CC2CCC(N3CCOCC3)C(C1)C2=O;C[C@@H](CON=C1C2=CC=CC=C2C2=CC=CC=C12)C(=O)O;CN1CCC(NC2(CC3=NOC(CO)=C3)COC2)CC1;CCC(=O)NC1=NC(=O)N([C@H]2CC[C@H](O)[C@@H](C)O2)C=C1;CCC(=O)N=C1C=CN([C@H]2CC[C@H](O)[C@@H](C)O2)C(O)=N1;CN(C)C1(CC2=NOC(CN3CCOCC3)=C2)COC1
m_94a765,O=C(NCCN1CCc2ccccc2C1)NCc1cc[nH]n1;Cc1ccccc1CCC(=O)NC1CNCC1n1ccnn1;CCc1nc(CN2CCN(C(=O)c3ccccc3)CC2)n[nH]1;CNc1cc(N2CCN(c3ccccc3O)CC2)nc(C)n1;CNc1cc(N2CCCC2CNc2ncncc2C)ncn1;COC1=CC=CC=C1[C@H](CC(=O)N1CCCC1)C1=CC=CO1;COC1=CC=CC=C1[C@@H](CC(=O)N1CCCC1)C1=CC=CO1;COC(=O)[C@H](COCC1=CC=CC=C1)NCC1=CC=CC=C1;COC(=O)[C@@H](COCC1=CC=CC=C1)NCC1=CC=CC=C1;CCCC(=O)N1CCC[C@]2(C1)N=C(C1=CC=CC=C1)C(=O)N2;CCCC(=O)N1CCC[C@@]2(C1)N=C(C1=CC=CC=C1)C(=O)N2;O=C(/C=C/C1=CC=CC=C1)OC[C@@H]1CCCN2CCCC[C@H]12;C#CCNC(=O)[C@@H]1CCCN1[C@@H](C(=O)NC)C1=CC=CC=C1;COC1=CC=C(CC(=O)N[C@H](C)C2=CC=CC=C2)C=C1OC;COC1=CC=C(CC(=O)N[C@@H](C)C2=CC=CC=C2)C=C1OC;CN(CCC1=CC=CC=C1)C(=O)C(O)C(O)C1=CC=CC=C1;CC1=C(C(=O)NC2=CC=C(C)C=C2)C2(CCCCC2)OC1=O;COC1=CC=CC(C(=O)NCCOC2=CC(C)=CC(C)=C2)=C1;CC(C)(C)C1=NN=C([C@H]2CCN(C(=O)C3=CC=CC=C3)C2)O1;CC1(C)[C@]2(C(=O)NCCC3=CC=CC=C3)CC[C@@]1(C)C(=O)C2;CC1(C)[C@@]2(C(=O)NCCC3=CC=CC=C3)CC[C@]1(C)C(=O)C2;COC1=CC=C2C=C(C(=O)CCN3CCOCC3)C=CC2=C1;COC1=CC=C(CC(=O)NC2=CC(C)=CC(C)=C2)C=C1OC;CN1CCC2(CC1)NC(C(=O)O)CC1=C2NC2=CC=CC=C12;COC(=O)C1=C2[C@](C)(C(N)=O)CCC[C@@]2(C)C2=CC=CC=C12
m_95e8da,CC(N)C1CCCN(C(=O)C2CC2c2cc(F)ccc2F)C1;CN(Cc1ccc(F)cc1F)C(=O)C1CCCNC1C1CC1;COc1ccc(CC2CCN(c3cnc(C#N)cn3)CC2)cc1;O=C(Cc1c[nH]c2ccccc12)NCc1[nH]nc2c1CCCC2;Cc1nc2n(n1)CC(NCc1ccc(-n3ccnc3)cc1)CC2;COC(=O)C1=C[C@H](O)[C@@]23C[C@@H]1C(C)(C)[C@@H]2CC[C@H]3C(=O)OC;COC(=O)C1=C[C@H](O)[C@@]23C[C@@H]1C(C)(C)[C@@H]2CC[C@@H]3C(=O)OC;COC1=CC(=O)C=C2CCCCCCC[C@@H](C)OC(=O)[C@@]21O;COC1=CC(O)=CC2=C1C(=O)O[C@H](C)[C@@H](O)CCCCCC2;C=C(C(=O)O)[C@H]1CC[C@H](C)C(CCC(C)=O)=C[C@H]1OC(C)=O;C=C(C(=O)O)[C@@H]1CC[C@H](C)C(CCC(C)=O)=C[C@H]1OC(C)=O;C=C1C(=O)O[C@H]2C=C([C@H](O)C[C@@H](C)OC(C)=O)[C@@H](C)CC[C@@H]12;COC1=CC(O)=CC2=C1C(=O)O[C@H](C)CC[C@@H](O)CCCC2;COC1=CC(O)=CC2=C1C(=O)O[C@@H](C)CC[C@H](O)CCCC2;COC1=CC(O)=CC2=C1C(=O)O[C@H](C)C[C@H](O)CCCCC2;COC1=CC(O)=CC2=C1C(=O)O[C@@H](C)C[C@H](O)CCCCC2;COC1=CC(O)=CC2=C1C(=O)O[C@@H](C)C[C@@H](O)CCCCC2;CC(=O)O[C@H]1O[C@@H]2OC=C(C(=O)CCC(C)C)[C@H]3CC[C@H]1[C@H]23;CC(=O)O[C@H]1OC=C(CO)[C@@H]2[C@@H]3[C@H](CC[C@@]4(CO4)[C@H]12)C3(C)C;CC(=O)O[C@H]1OC=C(CO)[C@@H]2[C@@H]3[C@@H](CC[C@@]4(CO4)[C@H]12)C3(C)C;C=C1C(=O)O[C@@H]2[C@@H](OC(C)=O)[C@H](C)CCC/C(C)=C\[C@H](O)[C@@H]12;CC(=O)C(=O)C1(C)CCC2CC(=O)CCC2(C)C1CC(=O)O;CC(C)COC(=O)C1=CC=CC=C1C(=O)OCC(C)(C)CO;COC1=CC(CCC(=O)CC(=O)CCC[C@H](C)O)=CC=C1O;CC(=O)OC1CC=C(C)CCC2C(C=C1CO)OC(=O)C2C
m_966da0,CC(C(=O)NCCN1CCN(C(=O)C(C)C2CC2)CC1)C1CC1;CCOc1ccc(OCC(O)CN2CCOC3(CCC3)C2)cc1;NC(=O)C1(N2CCCCC2)CCN(C(=O)C2CCCCC2)CC1;CCc1noc(CC)c1CC(=O)N1CCC2OCCN(C)C2C1;CC(C)Cn1ncc(NC(=O)NC2CC(=O)N(C)C2)c1C(C)C;COC1=CC(C(=O)O[C@H]2C[C@H]3CC[C@@H](C2)N3C)=CC(OC)=C1O;CN1[C@@H]2C[C@H](OC(=O)[C@H](O)CC3=CC=CC=C3)C[C@H]1[C@@H](O)[C@@H]2O;CN1[C@@H]2C[C@@H](OC(=O)[C@H](O)CC3=CC=CC=C3)C[C@H]1[C@H](O)[C@@H]2O;CC(=O)N1CCC(N2C[C@@H]3OCC(=O)N(CC4CC4)[C@@H]3C2)CC1;CN1C(=O)[C@@H](OCC2CC2)[C@H]2CN(C(=O)NC3CCCC3)C[C@H]21;CC(C)C(=O)N1C[C@@H]2COCCN2C2(C1)CN(C(=O)C1CC1)C2;COC1=CC(C(=O)OC[C@@H]2CCN3CCC[C@H]23)=CC(OC)=C1O;C[C@H]1C[C@@H]2[C@@H](CC(=O)N2C2CC2)[C@@H]1CNC(=O)N1CCOCC1;CCNC(=O)N1CC[C@H]2CC(=O)N(C3CCCCC3)CC[C@H]2C1;C/C=C(\C)C(=O)O[C@H]1CCN2CC=C(COC(=O)[C@H](C)CC)[C@H]12;C/C=C(\C)C(=O)O[C@H]1CCN2CC=C(COC(=O)C(C)CC)[C@H]12;C/C=C(/C)C(=O)O[C@H]1CCN2CC=C(COC(=O)[C@H](C)CC)[C@H]12;C#CCNC(=O)C[C@@H]1CCN(C(=O)N2CCOCC2)C[C@@H]1CC;O=C(NCC1=CC=CC=C1)N1CC[C@H](C2=NC3=CC=CC=C3O2)C1;CCC/C(=C1/C(=O)CC(C)(C)[C@H](C(=O)OC)C1=O)N1CCCC1;CCC/C(=C1/C(=O)CC(C)(C)[C@@H](C(=O)OC)C1=O)N1CCCC1;C/C=C(\C)C(=O)O[C@H]1C[C@H]2C[C@H](OC(=O)/C(C)=C/C)[C@@H](C1)N2C;C/C=C(\C)C(=O)O[C@@H]1C[C@H]2C[C@H](OC(=O)/C(C)=C/C)[C@@H](C1)N2C;C/C=C(\C)C(=O)O[C@@H]1C[C@@H]2C[C@@H](OC(=O)/C(C)=C/C)[C@H](C1)N2C;C/C=C(\C)C(=O)OC1C[C@H]2CC(OC(=O)/C(C)=C/C)[C@@H](C1)N2C
m_97693a,COC(=O)C1CCCN1C(=O)c1cccc(S(=O)(=O)N(C)c2ccccc2)c1;Cc1c(NS(=O)(=O)c2ccc3c(c2)OCCCO3)cccc1-n1cn[nH]c1=O;COc1ccccc1S(=O)(=O)NC1CCc2nnc(-c3ccc(F)cc3)n2C1;CN1CCN(c2ccc(C=Cc3nc(O)nc(O)c3[N+](=O)[O-])cc2[N+](=O)[O-])CC1;Cc1nn(-c2ccc(C(F)(F)F)cn2)c(C)c1CC(=O)NCC(C)[S+](C)[O-];CC1=C(C(C)C2=C(C)C(=O)C3=CC=CC(O)=C3C2=O)C(=O)C2=C(O)C=CC=C2C1=O;CC1=CC(O)=C2C(=O)C3=C(O)C=CC=C3[C@@H]([C@@H]3O[C@H](CO)[C@H](O)[C@@H](O)[C@@H]3O)C2=C1;CC1=CC(O)=C2C(=O)C3=C(O)C=CC=C3[C@@H]([C@@H]3O[C@H](CO)[C@@H](O)[C@H](O)[C@H]3O)C2=C1;COC1=CC2=C(C(=O)C3=C(OC)C(C)=C(OC)C(OC)=C3C2=O)C(OC)=C1OC;CC1=CC(=O)C2=C(C=CC(C(C)C3=CC=C4C(=O)C(C)=CC(=O)C4=C3O)=C2O)C1=O;COC1=CC([C@H]2OC[C@H]3[C@@H]2C(=O)O[C@@H]3C2=CC(OC)=C(O)C(OC)=C2)=CC=C1O;COC1=CC(/C=C2\C[C@H](C3=CC(OC)=C(O)C(OC)=C3)OC2=O)=CC(OC)=C1O;COC1=CC(/C=C2\C[C@@H](C3=CC(OC)=C(O)C(OC)=C3)OC2=O)=CC(OC)=C1O;C[C@H]1O[C@H]([C@@H]2C3=CC=CC(O)=C3C(=O)C3=C(O)C=C(CO)C=C32)[C@@H](O)[C@@H](O)[C@@H]1O;C[C@H]1OC(C2C3=CC=CC(O)=C3C(=O)C3=C(O)C=C(CO)C=C32)[C@@H](O)[C@@H](O)[C@@H]1O;COC1=CC=C2C(=C1OC)OC[C@H]1C3=CC(OC(C)=O)=C(OC)C(OC)=C3O[C@@H]21;CC(=O)O[C@@H]1CO[C@@H](OC2=CC(O)=CC(/C=C/C3=CC=C(O)C=C3)=C2)[C@H](O)[C@H]1O;COC1=CC=CC(S(=O)(=O)N2CC[C@]3(C2)C(=O)N(C)C2=CC=C(OC)C=C23)=C1;COC1=CC=CC(S(=O)(=O)N2CC[C@@]3(C2)C(=O)N(C)C2=CC=C(OC)C=C23)=C1;COC1=CC=C(S(=O)(=O)N2C[C@@H]3[C@H](O)C(=O)N(CC4=CC=CC=C4)[C@@H]3C2)C=C1;COC1=C(OC)C(OC)=C(C2=CC(=O)C3=C(OC)C=CC=C3O2)C(OC)=C1OC;COC1=CC=C(C2=CC=C(OC)C3=C2C(=O)C(C)=CC3=O)C2=C1C(=O)C=C(C)C2=O;COC1=CC(C(=O)C[C@H]2OC(=O)C3=C2C=CC(OC)=C3OC)=CC(OC)=C1OC;COC1=CC(C(=O)C[C@@H]2OC(=O)C3=C2C=CC(OC)=C3OC)=CC(OC)=C1OC;CC1=CC(=O)C2=C(C=CC([C@@H](C)C3=CC=C4C(=O)C=C(C)C(=O)C4=C3O)=C2O)C1=O
m_97cca9,CCN(C(=O)Cc1nnc(C2CCOCC2)[nH]1)c1ccccc1;CN1CCOC(C(=O)Nc2ccc3c(c2)nc(C2CC2)n3C)C1;Cc1nc2ccc(C(=O)NC(C)CN3CCCC3=O)cc2n1C;O=C(NCc1cn(C2CCCCCC2O)nn1)c1ccccc1;CCC(C)n1cnc(S(=O)(=O)NC2CCCCC2CN)c1;C=C(CO)C1=CC=C2C(=C1)CCC1C(C)(C(=O)O)CCCC21C;C=C(C)C1=CC=C2C(=C1)CC[C@H]1[C@@](CO)(C(=O)O)CCC[C@]21C;CCC1=C(C(=O)O)C=CC2=C1C(=O)CC1C(C)(C)CCCC21C;CCC1=C(C)C=CC2=C1C(=O)C[C@@H]1[C@@](C)(C(=O)O)CCC[C@]21C;C=C1[C@H]2CC[C@@](C(=O)CCC3=CC=CC=C3)(C1(C)C)[C@]2(O)OC;CC1(C)CCC[C@]2(C)C(CCC3=COC=C3)=C(C(=O)O)C=C[C@@H]12;C[C@@H](NCC1CCCC1)C1=C(C(=O)O)C(C2=CC=CC=C2)=NO1;CC(=O)[C@H]1C(C2=CC=C3OCOC3=C2)=C[C@@H](O)[C@H]2CCCC[C@H]12;C[C@H]1CC[C@]2(C)C(C(=O)O)=CC=C[C@H]2[C@]1(C)CCC1=COC=C1;C[C@H]1CC[C@]2(C)C(C(=O)O)=CC=C[C@@H]2[C@@]1(C)CCC1=COC=C1;C[C@H]1CC[C@@]2(C)C(C(=O)O)=CC=C[C@H]2[C@]1(C)CCC1=COC=C1;C[C@H]1CC[C@@]2(C)C(C(=O)O)=CC=C[C@@H]2[C@@]1(C)CCC1=COC=C1;C[C@@H]1CC[C@]2(C)C(C(=O)O)=CC=C[C@@H]2[C@@]1(C)CCC1=COC=C1;C[C@@H]1CC[C@@]2(C)C(C(=O)O)=CC=C[C@H]2[C@@]1(C)CCC1=COC=C1;C[C@@H]1CC[C@@]2(C)C(C(=O)O)=CC=C[C@@H]2[C@@]1(C)CCC1=COC=C1;COC(=O)C1=C(C)C2CCC3=CC(C(C)O)=CC=C3C2(C)CC1;C=C1CC[C@@H]2C(C)(C)CC(=O)C[C@]2(C)[C@@H]1CC(=O)C1=COC=C1;C=C1CC[C@@H]2C(C)(C)CC(=O)C[C@@]2(C)[C@@H]1CC(=O)C1=COC=C1;CCC=CCC=CCC=CCC=CCC1=CC=C(CC(=O)O)O1;CC1(C)C(=O)C(C(=O)CCC2=CC=CC=C2)C(=O)C(C)(C)C1=O
m_982aac,Cc1cc(Cl)cc(C(=O)N2CCC(C3OCCC3C(N)=O)CC2)c1;Cc1cc(C(=O)N2CCC(C3OCCC3C(N)=O)CC2)ccc1Cl;Cc1cccc(C(=O)N2CCC(C3OCCC3C(N)=O)CC2)c1Cl;Cc1c(Cl)cccc1C(=O)N1CCC(C2OCCC2C(N)=O)CC1;Cc1ccc(Cl)cc1C(=O)N1CCC(C2OCCC2C(N)=O)CC1;CC1=CC=CC(NC(=O)[C@@H]2CCC(=O)N2[C@H]2OC(=O)C3=CC=CC=C32)=C1;CC1=CC=CC(NC(=O)[C@@H]2CCC(=O)N2[C@@H]2OC(=O)C3=CC=CC=C32)=C1;CC1=CC=CC(NC(=O)[C@@H]2CCC(=O)N2C2OC(=O)C3=CC=CC=C32)=C1;COC1=CC=C(C2=NN=C([C@H]3CCN(C(=O)C4=CC=NC=C4)C3)O2)C=C1;CC1=CC(=O)OC2=CC(OC3=CC=C(NC(=O)C4CCC4)C=N3)=CC=C12;CC1=CC=C(NC(=O)[C@@H]2CCC(=O)N2[C@H]2OC(=O)C3=CC=CC=C32)C=C1;CC1=CC=C(NC(=O)[C@@H]2CCC(=O)N2[C@@H]2OC(=O)C3=CC=CC=C32)C=C1;CC1=CC=C(NC(=O)[C@@H]2CCC(=O)N2C2OC(=O)C3=CC=CC=C32)C=C1;CC(=O)C1=CN(CCC(=O)NC2=CC=C3OCOC3=C2)C2=CC=CC=C12;COC1=CC=C(C2=NN=C([C@H]3CCN(C(=O)C4=CC=CN=C4)C3)O2)C=C1;COC1=CC=CC(C(=O)N2CCN3C2=CC2=CC=CC=C2C3=O)=C1OC;CC(C)N1C=C(C(=O)NC2=CC=C3OCOC3=C2)C2=CC=CC=C2C1=O;CC1=CC(=O)OC2=CC(OC3=NC=CC=C3NC(=O)C3CCC3)=CC=C12;CC1=CC=C(S(=O)(=O)N2[C@@H](C(N)=O)C[C@H]3C(=O)CCCC[C@H]32)C=C1;CC(C)NC(=O)C1=CN(C2=CC=C3OCOC3=C2)C(=O)C2=CC=CC=C12;O=C(O)C1=CCC2CC3C(CC4=CC=C5OCOC5=C4)C4C=CC1C2C43;CC(C)C(=O)OC1=CC=C2C(=O)C(=CC3=CC=C(C(C)C)C=C3)OC2=C1;O=C(C1=CC=CO1)N1C[C@@H]2C[C@H](C1)C1=CC=C(C3=CC=CO3)C(=O)N1C2;O=C(C1=CC=CO1)N1C[C@@H]2C[C@H](C1)C1=C(C3=CC=CO3)C=CC(=O)N1C2;CCOC(=O)[C@H]1[C@H](C(=O)O)[C@]2(C)C3=CC=CC=C3[C@@]1(C)C1=CC=CC=C12
m_987cff,CC(C)(CNC(=O)NC1CC1c1ccco1)C1CCOCC1;COCC1CCN(C(=O)c2cc(O)nc(CC(C)C)c2)CC1;Cn1cnnc1C1CC(O)C(CNC(=O)C2CCCCC2)C1;CC(C)(C)c1ccc(OCCNC(=O)C2CC(O)CN2)cc1;CC(C)COc1cccc(C(=O)N2CC(O)C(N(C)C)C2)c1;COC(=O)C1(C)CCC=C2C1CCC(C)C2(C)CCC(C)=O;CCCCCCCCCCCCOC(=O)C1=CC=C(O)C=C1;C[C@@H]1CC[C@@H]2[C@@H](CC[C@@H]3C[C@@H](O)CC(=O)O3)[C@@H](C)C=C[C@H]2C1;C[C@@H]1CC[C@@H]2[C@@H](CC[C@@H]3C[C@@H](O)CC(=O)O3)[C@@H](C)C=C[C@@H]2C1;C[C@@H]1CCC2C(C=C[C@@H](C)[C@@H]2CC[C@H]2C[C@H](O)CC(=O)O2)C1;CC(=O)O[C@H](C)CCC1=CC=C(CC[C@H](C)OC(C)=O)C=C1;CC(=O)O[C@H](C)CCC1=CC=C(CC[C@@H](C)OC(C)=O)C=C1;CC(=O)O[C@@H](C)CCC1=CC=C(CC[C@H](C)OC(C)=O)C=C1;CC(=O)OCCCC[C@H]1O[C@H]2CCCC[C@H]2C2=CCCC[C@H]21;CC(=O)OCCCC[C@H]1O[C@H]2CCCC[C@H]2C2=CCCC[C@@H]21;CC(=O)OCCCC[C@@H]1O[C@H]2CCCC[C@H]2C2=CCCC[C@H]21;CC(=O)OCCCC[C@@H]1O[C@H]2CCCC[C@H]2C2=CCCC[C@@H]21;CC(=O)OCCCCC1OC2CCCC[C@H]2C2=CCCCC21;C=C1CC[C@H]2[C@](C)(CCC[C@]2(C)C(=O)OC)[C@H]1CCC(C)=O;C=C1CC[C@H]2[C@](C)(CCC[C@]2(C)C(=O)OC)[C@@H]1CCC(C)=O;C=C1CC[C@H]2[C@@](C)(CCC[C@]2(C)C(=O)OC)[C@@H]1CCC(C)=O;C=C1CC[C@@H]2[C@](C)(CCC[C@]2(C)C(=O)OC)[C@H]1CCC(C)=O;CCCCCCCCCCC(=O)OCCC1=CC=C(O)C=C1;CCCCCCCCCOC(=O)C1=CC=CC=C1C(=O)OC;CCCCCCCCC(=O)OCC1=CC=C(CCCO)C=C1
m_9910fd,CCS(=O)(=O)c1ccccc1N1CCOC(Cn2cc(C)cn2)C1;CC1CN(C(=O)CC(c2ccccc2)C(F)(F)F)Cc2cncnc21;Cc1cc(S(=O)(=O)NC2CCN(Cc3ccncc3)CC2)c(C)o1;Cc1cc(S(=O)(=O)NC2CCN(Cc3ccccn3)CC2)c(C)o1;CCc1ccccc1S(=O)(=O)N1CCOC(c2cnn(CC)c2)C1;O=C(O)C1=CC=C(CN2CC[C@H](C3=NN=C(C4=CC=CC=C4)O3)C2)C=C1;C[C@H]1CCCN(CC2=C(O)C=CC3=C2O/C(=C\C2=CC=CC=C2)C3=O)C1;C[C@@H]1CCCN(CC2=C(O)C=CC3=C2O/C(=C\C2=CC=CC=C2)C3=O)C1;O=C(COC1=CC=CC=C1)N1CC[C@H](C2=NN=C(C3=CC=CC=C3)O2)C1;CC1CCN(CC2=C(O)C=CC3=C2OC(=CC2=CC=CC=C2)C3=O)CC1;CC1=C(C2=CC=CC=C2)C(=O)OC2=C(CN3CCCCC3)C(O)=CC=C12;COC1=CC=CC=C1C1=NN=C([C@H]2CCN(C(=O)C3=CC=CC=C3)C2)O1;COC1=CC=C(C2=NN=C([C@H]3CCN(C(=O)C4=CC=CC=C4)C3)O2)C=C1;COC1=CC=C(C(=O)N2CC[C@H](C3=NN=C(C4=CC=CC=C4)O3)C2)C=C1;CC1CCN(CC2=CC(=O)OC3=CC(C4=CC=CC=C4)=C(O)C=C23)CC1;CC1=C(CC2=CC=CC=C2)C(=O)OC2=C(CN3CCCC3)C(O)=CC=C12;CC1=C(C2=CC=CC=C2)C(=O)C2=CC=C(O)C(CN3CCCCC3)=C2O1;C[C@H]1CCCN(CC2=C(O)C=CC3=C2OC=C(C2=CC=CC=C2)C3=O)C1;C[C@H]1CCCN(CC2=C(O)C=CC3=C2OC(=O)C=C3C2=CC=CC=C2)C1;C[C@@H]1CCCN(CC2=C(O)C=CC3=C2OC=C(C2=CC=CC=C2)C3=O)C1;C[C@@H]1CCCN(CC2=C(O)C=CC3=C2OC(=O)C=C3C2=CC=CC=C2)C1;CC(=O)NC1=CC=C(C(=O)N2CC[C@H](C3=NC4=CC=CC=C4O3)C2)C=C1;O=C1C2=CC=CC=C2C(=O)N1CC(=O)N1CCCCC1C1=CC=CN=C1;CC1CCN(CC2=C(O)C=CC3=C2OC(=O)C=C3C2=CC=CC=C2)CC1;O=C(C1=CC=CC=C1)N1CCN2C(=O)N(CC3=CC=CC=C3)C(=O)[C@H]2C1
m_997dbc,CCOC(=O)C1CCN(S(=O)(=O)c2cc(Br)ccc2OC)CC1;CCOC(=O)C1CCCN(S(=O)(=O)c2ccc(Br)c(OC)c2)C1;COc1ccc(S(=O)(=O)N2CCC(C(C)(C)C)C(O)C2)cc1Br;Cc1nc(-c2nc3c(s2)CN(C(=O)COc2ccc(Cl)cc2)CC3)cs1;O=C(NC(CO)c1ccc(Cl)cc1C(F)(F)F)c1cc2c(s1)CCOC2;COC1=CC2=C(C=C1OC)[C@H](C)N(C(=O)CSC1=NC(O)=CC(=O)N1C)CC2;C#CCNC(=O)[C@@H]1C[C@@H](O)[C@H](O)[C@@H]2NC(=S)N(C3=CC(OC)=CC(OC)=C3)[C@H]21;C#CCNC(=O)[C@@H]1C[C@@H](O)[C@H](O)[C@@H]2NC(=S)N(C3=CC(OC)=CC(OC)=C3)[C@@H]21;CO[C@@H]1C(=O)N(CC2=CC=CC=C2)[C@@H]2CN(S(=O)(=O)C3=C(C)ON=C3C)C[C@H]12;CC1=CC(O)=CC(=O)N1CCS(=O)(=O)N1C[C@H]2C[C@@H](C1)C1=CC=CC(=O)N1C2;COC1=CC=C(C2=C(C3=CC=C(OC)C=C3OC(=O)C3=CC=CO3)ON=C2C)C=C1;COC(=O)CC1C2=C(C=CC3=C2OCO3)C2=CC=C3C=C4OCOC4=CC3=C2N1C;CC1=CC(OC(=O)CN2C(=O)C3C4C=CC(C5CC45)C3C2=O)=CC2=C1C=CC(=O)O2;COC1=CC=C(C(=O)C2=C(C)C3=CC=C(NC(=O)C4=CC=CO4)C=C3O2)C=C1OC;COC1=CC=C(C(=O)C2=C(C)C3=CC(NC(=O)C4=CC=CO4)=CC=C3O2)C=C1OC;CC1=NOC(C)=C1S(=O)(=O)N1CCC2(CC1)CC(=O)N(CC1=CC=CC=C1)O2;CC1=CC2=C(C=C1OC(=O)N1CCOCC1)C(C1=CC3=CC=CC=C3O1)=CC(=O)O2;COC1=CC=C(OC)C(C(=O)C2=C(C)C3=CC=C(NC(=O)C4=CC=CO4)C=C3O2)=C1;COC1=CC=C(OC)C(C(=O)C2=C(C)C3=CC(NC(=O)C4=CC=CO4)=CC=C3O2)=C1;COC1=CC=C(C(=O)CC2(O)C(O)=NC3=CC=C(Br)C=C32)C(OC)=C1;COC1=CC=C2NC3=C(CCN4C(=O)N(C5=CC=C(C(=O)O)C=C5)C(=O)[C@]34C)C2=C1;COC1=CC=C(C(=O)C[C@]2(O)C(=O)NC3=CC=C(Br)C=C32)C=C1OC;COC1=CC=C(C(=O)C[C@@]2(O)C(=O)NC3=CC=C(Br)C=C32)C=C1OC;COC1=CC=CC2=C1OC(=O)C(C1=CC=C(OCC(=O)NCC3=CC=CO3)C=C1)=C2;COC1=CC=C2NC3=C(CCN4C(=O)N(C5=CC=CC=C5C(=O)O)C(=O)[C@]34C)C2=C1
m_99e777,CC(SCc1ccccc1)C(=O)NCCC(=O)N(C)C;CN(C)C(CNC(=O)c1cc[nH]n1)c1c(F)cccc1F;Oc1cccc(CNC(Cn2cncn2)c2ccccc2)c1;CCNC(=O)Nc1c(C)cnn1Cc1cc(F)ccc1F;NC(Cc1c[nH]c2ccccc12)C(=O)OCc1ccccc1;O=C(CC1=CC=CC=C1)NC=CNC(=O)CC1=CC=CC=C1;OC1=N[C@@H](CC2=CC=CC=C2)C(O)=N[C@H]1CC1=CC=CC=C1;O=C1N[C@H](CC2=CC=CC=C2)C(=O)N[C@H]1CC1=CC=CC=C1;O=C1N[C@@H](CC2=CC=CC=C2)C(=O)N[C@H]1CC1=CC=CC=C1;CC(=O)NC1=CC=CC=C1C=CC1=CC=CC=C1NC(C)=O;O=C(C1=CC=CC=C1)N1CCN(C(=O)C2=CC=CC=C2)CC1;C[C@]1([C@H](O)C[C@H](O)CCC2=CC=CC=C2)C(=O)OC[C@H]1O;O=C(COC1=CC=CC2=C1C=CN2)NCCC1=CC=CC=C1;COC1=CC=C([C@H](O)C2=NC=CN2CC2=CC=CC=C2)C=C1;COC1=CC=C([C@@H](O)C2=NC=CN2CC2=CC=CC=C2)C=C1;CN1C=C(C(=O)NCCC2=CC=C(O)C=C2)C2=CC=CC=C21;CC(C)CC1=NC2=CC=CC=C2C(=O)N1C1=CC=C(O)C=C1;COC1=CC=C2NC=C(CCNC(=O)C3=CC=CC=C3)C2=C1;COC1=CC=C2C(CCNC(=O)C3=CC=CC=C3)=CNC2=C1;CCCCC[C@H](O)[C@H](O)/C=C/C1=CC=CC(O)=C1C(=O)O;CCCCC[C@H](O)[C@@H](O)/C=C/C1=CC=CC(O)=C1C(=O)O;CCCCC[C@@H](O)[C@H](O)/C=C/C1=CC=CC(O)=C1C(=O)O;CCCCC[C@@H](O)[C@@H](O)/C=C/C1=CC=CC(O)=C1C(=O)O;O=C(O)C1=CC=C(CNCCC2=CNC3=CC=CC=C23)C=C1;O=C(CC1=CNC2=CC=CC=C12)NCCC1=CC=C(O)C=C1
m_9b41d0,O=C1CN(C(=O)CNc2ccccc2)c2ccccc2N1;Cc1cc(C)nc(NC(=O)Cc2noc3ccccc23)c1;CC(C(=O)O)c1ccc(N2Cc3ccccc3C2=O)cc1;N#Cc1ccc(OCC(=O)NCCc2ccccn2)cc1;COc1cc(C(=O)N2CC(F)CC2C(N)=O)cc(C)n1;O=C(O)C1(N(CC2=CC=CC=C2)CC2=CC=CC=C2)CC1;C[C@@H](CON=C1C2=CC=CC=C2C2=CC=CC=C12)C(=O)O;O=C(O)[C@H](CC1=CC=CC=C1)N1CC2=CC=CC=C2C1=O;O=C(O)[C@@H](CC1=CC=CC=C1)N1CC2=CC=CC=C2C1=O;CC1=CC=C(C(=O)NC(=CC2=CC=CC=C2)C(=O)O)C=C1;CC1=CC=C(NC(=O)CCCC(=O)C2=CC=CC=C2)C=C1;CC1(C)N[C@@H]1C(=O)OC(C1=CC=CC=C1)C1=CC=CC=C1;COC(=O)C1=CC=C(NC(=O)C=CC2=CC=CC=C2)C=C1;COC(=O)C1=CC=C(O)C=C1C=CC=CC1=CC=CC=N1;CC1=CC=CC(NC(=O)CCCC(=O)C2=CC=CC=C2)=C1;CC1=CC=CC=C1NC(=O)C=CC1=CC=C2OCOC2=C1;CC(=O)N1C(=O)C(=C2C=C(C)OC(C)=C2)C2=CC=CC=C21;O=C(CN1C(=O)C2=CC=CC=C2C1=O)NC1=CC=NC=C1;CC(=O)NC1=CC=C(O)C(C(=O)C=CC2=CC=CC=C2)=C1;CC(=O)NC1=CC=C(C(=O)C=CC2=CC=CC=C2)C(O)=C1;COC1=CC=C(CCNC(=O)C=CC2=CC=CC=C2)C=C1;COC1=CC=C(C=CC(=O)NCCC2=CC=CC=C2)C=C1;CN(CC(O)C1=CC=CC=C1)C(=O)C=CC1=CC=CC=C1;CON1C=C(CC(=O)NC2=CC=CC=N2)C2=CC=CC=C21;O=C(O)[C@H]1CN[C@H](C2=CC=CC=C2)C[C@H]1C1=CC=CC=C1
m_9b8030,COc1ccc(C(C)NC(=O)CN2CCCCCCC2=O)cc1OC;COCCN1CCC(NC(=O)N2CCC(Oc3cccnc3)C2)CC1;Cc1cc(C)c(CC(=O)N2CCOC(CN(C)CC(=O)O)C2)c(C)c1;CC(C)N1CCC(NC(=O)N2CCn3c(nnc3C(C)(C)C)C2)C1=O;CN(CC(=O)O)CC1CN(C(=O)c2ccccc2C(C)(C)C)CCO1;CCCCCCCCOC(=O)C1=CC=CC=C1C(=O)OCCCCC;C=C1CCC(C)C(C)(CCC(C)CC(=O)O)CC=CC=C1C(=O)OC;CCCCC[C@@H](O)CC(=O)CCC1=CC=C(O)C(OC2CCCC2)=C1;CCCCCCCCCC(=O)CC(=O)CCC1=CC=C(O)C(OC)=C1;CCCCCC=CCCCCCCCC(=O)C1=C(O)C=C(O)C=C1O;COC(=O)[C@@]1(C)CCC[C@@]2(C)[C@H](CCC3=COC=C3)[C@H](CO)CC[C@@H]21;COC(=O)C[C@@]1(C)CC[C@@]2(O1)C(C)=CC(=O)[C@H]1C(C)(C)CCC[C@@]12C;COC(=O)C[C@@]1(C)CC[C@@]2(O1)C(C)=CC(=O)[C@@H]1C(C)(C)CCC[C@@]12C;COC(=O)C1=C[C@@H]2C(=C(C)CC[C@H]2C(C)C)C[C@@H]1OC(=O)CC(C)C;C=C(C(=O)OC)[C@H]1CC[C@@]2(C)O[C@@H]2CC/C(C)=C/CC[C@@]2(C)O[C@H]2C1;C=C(C(=O)OC)[C@@H]1CC[C@@]2(C)O[C@@H]2CC/C(C)=C/CC[C@]2(C)O[C@H]2C1;CC[C@@H](C)C(=O)O[C@H]1CC2=C(C)CC[C@@H](C(C)C)[C@@H]2C=C1C(=O)OC;C/C=C(\C)[C@H]1C(C)=C[C@H]2C[C@@H](C)C[C@@H](C(=O)O)[C@@H]2[C@@]1(C)C(=O)CCO;COC(=O)CC(C)CCC1(C)C(C)CCC23COC(=O)C2=CCCC31;COC(=O)[C@]1(C)CCC[C@@]2(C)C3=CC[C@H]4C[C@]3(CC[C@H]12)C[C@]4(O)CO;COC(=O)[C@]1(C)CCC[C@@]2(C)C3=CC[C@@H]4C[C@@]3(CC[C@H]12)C[C@]4(O)CO;COC(=O)C[C@]1(C)CC[C@@]2(O1)C(C=O)=CC[C@H]1C(C)(C)CCC[C@@]12C;CC(=O)O[C@@H]1/C(C=O)=C\C/C=C(/C)C[C@@H](O)[C@H]1[C@H](C)CCC=C(C)C;C=C(C)C(CC[C@](C)(O)[C@H]1CC[C@@H]2CC=C(C(C)=O)C[C@H]21)OC(C)=O;CCC1(C2=C(O)C(=O)C=C(OC)C2=O)CCCCCCCCCCC1
m_9b95d4,O=C(Cc1c[nH]c2ccc(F)cc12)NC1CCCN(Cc2ccc(F)cc2F)C1=O;O=C(CN1CCc2ccccc2C1)Nc1ccc(S(=O)(=O)N2CCOCC2)cc1;Cc1c(C(=O)Nc2cccc(C(=O)Nc3ccncc3)c2)cnn1-c1ccc(=O)[nH]n1;O=C(Nc1ccc2[nH]c(C3CCCO3)nc2c1)C1CC1c1ccc(C(F)(F)F)cc1;Cc1cncc(CN2CCC(=C3c4ccc(Cl)cc4CCc4cccnc43)CC2)c1;CCC(=O)NC1=CC=C(C(=O)NNC(=O)C2=CC=CC=C2C(=O)C2=CC=CC=C2)C=C1;CC1=C(C(=O)NC2=CC=C3OCCOC3=C2)C2=CC(OCC3=CC=CC=C3)=CC=C2O1;CCOC1=CC=C(NC(=O)COC2=CC=C3C(C4=CC=CC=C4)=CC(=O)OC3=C2)C=C1;CC1=CC(=O)OC2=CC(OCC(=O)NC3=CC=C(OCC4=CC=CC=C4)C=C3)=CC=C12;COC1=CC=CC(C(=O)NC2=CC=C3OC(C(=O)C4=CC=CC(OC)=C4)=C(C)C3=C2)=C1;COC1=CC=CC(C(=O)NC2=CC=C3C(C)=C(C(=O)C4=CC=CC(OC)=C4)OC3=C2)=C1;O=C(COC1=CC=C2C(C3=CC=CC=C3)=CC(=O)OC2=C1)NC1=CC=C(CCO)C=C1;COC1=CC(OC)=CC(C(=O)NC2=CC=C3OC(C(=O)C4=CC=CC=C4)=C(C)C3=C2)=C1;COC1=CC(OC)=CC(C(=O)NC2=CC=C3C(C)=C(C(=O)C4=CC=CC=C4)OC3=C2)=C1;COC1=CC=C(C(=O)NC2=CC=C3OC(C(=O)C4=CC=CC(OC)=C4)=C(C)C3=C2)C=C1;COC1=CC=C(C(=O)NC2=CC=C3OC(C(=O)C4=CC=C(OC)C=C4)=C(C)C3=C2)C=C1;COC1=CC=C(C(=O)NC2=CC=C3C(C)=C(C(=O)C4=CC=CC(OC)=C4)OC3=C2)C=C1;COC1=CC=C(C(=O)NC2=CC=C3C(C)=C(C(=O)C4=CC=C(OC)C=C4)OC3=C2)C=C1;COC1=CC=C(C(=O)C2=C(C)C3=CC=C(NC(=O)C4=CC=CC=C4)C=C3O2)C=C1OC;COC1=CC=C(C(=O)C2=C(C)C3=CC=C(NC(=O)C4=CC=CC(OC)=C4)C=C3O2)C=C1;COC1=CC=C(C(=O)C2=C(C)C3=CC(NC(=O)C4=CC=CC=C4)=CC=C3O2)C=C1OC;COC1=CC=C(C(=O)C2=C(C)C3=CC(NC(=O)C4=CC=CC(OC)=C4)=CC=C3O2)C=C1;CCOC1=CC=C(C2=CC(=O)C3=CC=C(NC(=O)C4=CC=CC(OC)=C4)C=C3O2)C=C1;CCOC1=CC=C(C2=CC(=O)C3=CC(NC(=O)C4=CC=CC=C4OC)=CC=C3O2)C=C1;CC1=C(C)C2=CC3=C(C=C2O1)OC(=O)C(CCC(=O)NC1=NC2=CC=CC=C2N1)=C3C
m_9c4788,Cn1ccc2c(C(=O)Nc3cn[nH]c3-c3nccs3)cccc21;O=C(O)COc1ccc(NC(=O)c2ccnnc2)c2ccccc12;O=C(NC1(C(=O)O)CCSC1)c1ccc2c(c1)OCCCO2;CS(=O)(=O)N(CC(=O)Nc1cccnc1)c1cccc(F)c1;CCOC(=O)c1cn(C2CC2)c2c(OC)c(F)c(F)cc2c1=O;CC(C)[C@H](C(=O)NC1=CC=NC=C1)N1C(=O)C2=CC=CC=C2C1=O;CC(C)[C@@H](C(=O)NC1=CC=NC=C1)N1C(=O)C2=CC=CC=C2C1=O;COC1=CC=C(CCC(=O)NC2=CC(=O)OC3=CC=CC=C23)C=C1;CC1=CC=CC=C1NC(=O)COC1=CC=C2C(C)=CC(=O)OC2=C1;CC1=CC(=O)OC2=C(C)C(OCC(=O)NC3=CC=CC=C3)=CC=C12;CC1=CC=C(NC(=O)CCCN2C(=O)C3=CC=CC=C3C2=O)N=C1;CC(=O)NC1=CC=CC(NC(=O)COC2=CC=CC3=C2C=CN3)=C1;COC1=CC=C(C(=O)C2=NC=CC3=CC(OC)=C(OC)C=C23)C=C1;C[C@H](O)C1=C(C(=O)NCC2=CC=CN=C2)C(C2=CC=CC=C2)=NO1;CCOC1=CC=CC=C1C1=CC(=O)C2=CC=C(NC(C)=O)C=C2O1;CCOC1=CC=CC=C1C1=CC(=O)C2=CC(NC(C)=O)=CC=C2O1;CC1=CC=CC(NC(=O)COC2=CC=C3C(C)=CC(=O)OC3=C2)=C1;CN1C(C(=O)NCCC2=CC=C(O)C=C2)=NC2=CC=CC=C2C1=O;COC1=CC=C2OC(C)=C(C(=O)NC3=CC=C(C(C)=O)C=C3)C2=C1;C[C@H](O)C1=C(C(=O)NCC2=CC=NC=C2)C(C2=CC=CC=C2)=NO1;COC1=CC=CC=C1CNC(=O)C1=NC2=CC=CC=C2C(=O)N1C;CC1=CC=C(NC(=O)COC2=CC=C3C(C)=CC(=O)OC3=C2)C=C1;CC1=C(C2=CC=CC=C2)OC2=C(C(=O)NCCO)C=CC=C2C1=O;C[C@H](O)C1=C(C(=O)NCC2=CC=CC=N2)C(C2=CC=CC=C2)=NO1;COC1=CC=CC=C1CCNC(=O)C1=NC2=CC=CC=C2C(=O)N1
m_9dc5c4,O=C1CC(C(=O)NCc2ccc(C(F)(F)F)cc2)c2ccccc2N1;Cc1cnn(CC(=O)Nc2nc(-c3ccc4ccccc4c3)cs2)c1;Cc1nn(C)c2ncc(S(=O)(=O)NC(C)c3ccc(F)cc3)cc12;O=C(c1ccc(Cl)cc1F)N1CCC(c2nncn2C2CC2)CC1;Cc1cc(S(N)(=O)=O)cc(C(=O)N2CCCC2c2ccco2)c1C;COC(=O)C1=C(O)C=C(C)C=C1OC1=C(O)C=CC(O)=C1C(=O)OC;COC(=O)C1=C(OC)C=C(OC)C=C1OC1=C(C)C=C(O)C=C1OC;CCOC(=O)C1CCN(S(=O)(=O)C2=CC=CC3=CC=CN=C23)CC1;COC(=O)CC(C1=CC=C(OC)C(OC)=C1)C1=C(O)C=C(C)OC1=O;COC(=O)CC(C1=CC=C(OC)C(OC)=C1)C1=C(O)C(=O)C=C(C)O1;COC(=O)C1=CC(/C=C/N2CCC[C@@H]2C(=O)OC)=CC(C(=O)OC)=N1;C[C@@H]1C[C@H]2O[C@@H]2C[C@H](O)/C=C/C(=O)CC2=CC(O)=CC(O)=C2C(=O)O1;C[C@@H]1C[C@H]2OC2C[C@H](O)/C=C\C(=O)CC2=CC(O)=CC(O)=C2C(=O)O1;COC1=CC(OC)=C2C(=C1)C(=O)[C@@H](OC(C)=O)C1=C(C)CO[C@]12OC;COC(=O)CC(C1=CC=C(OC)C=C1OC)C1=C(O)C=C(C)OC1=O;COC(=O)CC(C1=CC=C(OC)C=C1OC)C1=C(O)C(=O)C=C(C)O1;CC(=O)OC1=C2[C@@H](OC(C)=O)CC(C)=C=CC[C@@]3(C)O[C@@H]3[C@H]2OC1=O;CC1=CC2=C(C(C)=CC(=O)O2)C2=C1C(CC(=O)O)=C(C1=CC=CC=C1)O2;CC1=C(C2=CC=CC=C2)C2=CC3=C(C=C2O1)OC(=O)C(CC(=O)O)=C3C;COC(=O)C1=C(C)C(OC2=CC(C)=CC(O)=C2CO)=C(O)C(C)=C1O;COC(=O)C1=C(C)C=C(OC(=O)C2=C(C)C=C(O)C(O)=C2O)C=C1O;CCOC(=O)C1=C(O)C=C(C2=C(O)C=C(C(=O)OC)C=C2O)C=C1O;COC(=O)CC1=C(C)C2=CC=C(OCC(=O)OC(C)C)C=C2OC1=O;CCOC(=O)CCC1=C(C)C2=CC=C(OCC(=O)OC)C=C2OC1=O;CC(=O)OC1=C2/C(=C\[C@](C)(O)CC=C=C(C)C[C@@H]2OC(C)=O)OC1=O
m_9e99f7,Cc1c(C)n2c3c(=O)n(CCC(C)C)c(=O)n(C)c3nc2n1Cc1ccco1;CC(c1ccccc1)N(C)C(=O)CN1CCC(C(=O)NCc2ccco2)CC1;Cn1cc(-c2nc(C3CCCCCN3C(=O)Cc3ccccc3F)no2)cn1;CCC(O)CN1CCN(CC(=O)Nc2ccccc2Oc2ccccc2)CC1;CCN(CC)Cc1ccc(C(=O)N2CCCNC(=O)C2Cc2ccccc2)o1;COC1=CC=CC=C1[C@H](CC(=O)N1CCOCC1)C1=CC=C(OC(C)C)C=C1;COC1=CC=CC=C1[C@@H](CC(=O)N1CCOCC1)C1=CC=C(OC(C)C)C=C1;CC(C)N1C(=O)CO[C@H](C2=CC=C(NC(=O)NC3=CC=CC=C3)C=C2)[C@H]1CO;CCNC(=O)NC1=CC=C([C@@H](O)[C@H]2COCC(=O)N2CC2=CC=CC=C2)C=C1;O=C1OC2(CN(CC3=CC=C(CO)O3)C2)C2CN(CC3=CC=CC=C3)CCN12;CCNC(=O)NC1=CC=C([C@H]2OCC(=O)N(CC3=CC=CC=C3)[C@@H]2CO)C=C1;O=C(C1=CC=CC=C1)N1CCN2C(=O)OC3(CCN(C(=O)C4CC4)CC3)C2C1;COC1=CC2=C(C=C1OC)CN(C(=O)N[C@@H](C)C(=O)NC1=CC=CC=C1)CC2;O=C(N[C@@H]1CN(C(=O)NCC2=CC=CC=C2)CCC[C@H]1O)C1=CC=C(O)C=C1;COC1=CC2=C(C=C1OC)CN(C(=O)NCCC(=O)NC1=CC=CC=C1)CC2;CC1=CC(C(=O)N2C[C@@H](COCC(C)C)[C@@H]3COC4=CC=CC=C4[C@@H]32)=C(C)O1;COC1=CC=C(C(=O)N[C@@H]2CN(C(=O)NC3=CC=CC=C3)CCC[C@H]2O)C=C1;CC(C)(C)OC(=O)N1C=C(C[C@@H]2NC(=O)[C@@H]3CCCN3C2=O)C2=CC=CC=C21;CC(=O)NC1=CC=C(CN[C@@H]2CO[C@H](CNC(=O)C3=CC=CC=C3)[C@H]2O)C=C1;O=C(O)C1=CC(C[C@H]2CNCC[C@H]2CC(=O)N2CCC3=CC=CC=C3C2)=NO1;O=C(O)C1=CC(C[C@H]2CNCC[C@@H]2CC(=O)N2CCC3=CC=CC=C3C2)=NO1;NCCN1C(=O)CO[C@H](C2=CC=C(NC(=O)CC3=CC=CC=C3)C=C2)[C@H]1CO;CCN1C(=O)[C@H]2CN(C(=O)C3=CN4C=CC=CC4=N3)CCN2C12CCOCC2;CC1=NN(CC2=CC=CC=C2)C(C)=C1[C@@H]1C=C[C@@H](NC(=O)COCC(=O)O)C1;CC(C)C(=O)NC1=CC=C([C@H]2OCC(=O)N(CC3=CC=NC=C3)[C@@H]2CO)C=C1
m_9f1fb6,CC(C)CCN1CCC(CNC(=O)NCCO)CC1;CCCCCCCCCCC=CCNCCSC;CCNC(=O)N1CCC(CN(CCO)C(C)C)CC1;CCC=CCCCNC(CCCNC(N)=O)C(=O)O;CC(C)=CCCC(C)CNC(CCC(=O)O)C(=O)O;CCCC#CC#CCCC=CC=CC(=O)NCC(C)C;CC#CC#CCC=CCCCCCC=CC(=O)NCC;C#CC#CC/C=C\CCC/C=C/C(=O)NC[C@@H](C)CC;CCCCCCCCCCCC(O)C(C)NC(C)=O;COC1=CC=C([C@H](O)CNC(=O)C2=CC=CC=C2)C=C1;COC1=CC=C([C@@H](O)CNC(=O)C2=CC=CC=C2)C=C1;O=C(O)[C@H](CC1=CC=CC=C1)NOCC1=CC=CC=C1;O=C(O)[C@@H](CC1=CC=CC=C1)NOCC1=CC=CC=C1;COC1=CC=C(CCNC(=O)C=CC2=CC=CO2)C=C1;CC=CC=CCCC#CC#CCCC(=O)NCC(C)C;COC1=CC=C(CCNC(=O)C2=CC=CC=C2O)C=C1;CCCCCCCCC[C@H](OC(C)=O)[C@@H](C)NC=O;COC1=CC=C(OCC(=O)NCC2=CC=CC=C2)C=C1;CC=CC=CC#CCCC=CC=CC(=O)NCC(C)C;COC1=CC=C(CC(=O)NC2=CC=C(OC)C=C2)C=C1;COC1=CC=CC(C(=O)NCC2=CC=CC=C2OC)=C1;CC1=CC(=O)OC(C)=C1C(=O)N[C@@H](C)C1=CC=CC=C1;C=C(C)CNC(=O)C=CC=CCCC=CC=CC=CC;COC1=CC=C(CC(=O)NC2=CC=CC=C2OC)C=C1;COC1=CC=C(CC(=O)NC2=CC=CC=C2)C=C1OC
m_9fcc62,O=C(Nc1cncnc1N1CCCC1)C1CC=CC1;N#Cc1cccc(OCCCN2CCCCC2=O)c1;CC1CN(C(=O)Cc2ccc3cn[nH]c3c2)CC1N;CC1CC1C(=O)Nc1ccc(N2CCCC2=O)cc1;CC1OCCN(C(=O)c2cccc3[nH]ccc23)C1C;C[C@]1(C(=O)O)CCC[C@]2(C)C3=CC=CC=C3CC[C@@H]12;C=C1CC[C@](C)(C2=CC=C(COC(C)=O)C=C2)[C@H]1C;C=C1CC[C@@](C)(C2=CC=C(COC(C)=O)C=C2)[C@H]1C;CCOC(=O)[C@H]1CCCCCC1=CC1=CC=CC=C1;CCOC(=O)[C@H]1CCCCC/C1=C\C1=CC=CC=C1;CCOC(=O)[C@@H]1CCCCCC1=CC1=CC=CC=C1;CCOC(=O)[C@@H]1CCCCC/C1=C\C1=CC=CC=C1;COC1=CC=C(C=CC(=O)C2(C)CCCCC2)C=C1;CC1(C)[C@H](/C=C\C2=CC=CC=C2)CC[C@@]1(C)C(=O)O;CC1(C)[C@H](/C=C/C2=CC=CC=C2)CC[C@@]1(C)C(=O)O;CC1(C)[C@@H](/C=C\C2=CC=CC=C2)CC[C@@]1(C)C(=O)O;CC1(C)[C@@H](/C=C/C2=CC=CC=C2)CC[C@@]1(C)C(=O)O;C=C1CCC(C(C)(C)OC(=O)C2=CC=CC=C2)CC1;C=C(C)C(=O)N1C[C@H]2C[C@@H](C1)C1=CC=CC(=O)N1C2;C=C(C)C(=O)N1CC2C[C@H](C1)CN1C2=CC=CC1=O;C=C1[C@@H](C)CC[C@@]1(C)C1=CC=C(C)C=C1OC(C)=O;C=C1CC[C@@](C)(C2=CC=C(C)C=C2OC(C)=O)[C@H]1C;CC1(C)[C@H]2CC[C@]1(C)C[C@@H]2C(=O)OC1=CC=CC=C1;CC1(C)[C@@H]2CC[C@@]1(C)C[C@@H]2C(=O)OC1=CC=CC=C1;CC1(C)C2CCC1(C)C(OC(=O)C1=CC=CC=C1)C2
m_a06450,CCCCCCCCCCCCCC(=O)NC(CCCNC(N)=O)C(=O)O;CCC(C)C(NC1CCC2C3CCc4cc(O)ccc4C3CCC12C)C(=O)O;O=C(Nc1ccccc1C(=O)NCc1cccnc1)c1ccc(C2CCC2)cc1;Cc1cc(NC(=O)N2CCC3(CCN(C)C3=O)CC2)nn1-c1cccc(F)c1;CCC=CCC=CCC=CCC=CCC=CCC=CCCC(=O)NCC(=O)O;CC[C@H]1CN(C(=O)C2=CC=CC=C2)CC[C@H]1CC(=O)N1CC[C@@H](NC(C)=O)C1;CC[C@@H]1CN(C(=O)C2=CC=CC=C2)CC[C@H]1CC(=O)N1CC[C@@H](NC(C)=O)C1;CC[C@H]1CN(C(=O)C2=CC=CC=C2)CC[C@H]1CC(=O)N1CCC(C(N)=O)CC1;COC1=CC=C(CC(=O)NC[C@H](C2=CC=C(N(C)C)C=C2)N(C)C)C=C1OC;COC1=CC=C(CC(=O)NC[C@@H](C2=CC=C(N(C)C)C=C2)N(C)C)C=C1OC;COC1=CC=C(OC)C2=C1C=C(C(=O)NC[C@@H]1CCCN3CCCC[C@H]13)N2C;C#CCNC(=O)[C@H]1O[C@H](CCN2CCN(CC3=CC=CC=C3)CC2)CC[C@@H]1O;CC(C)CNC(=O)C=CCCCCCCCCC=CC1=CC=C2OCOC2=C1;C[C@H]1C[C@@H]2[C@@H](CC(=O)N2CCN2CCOCC2)[C@@H]1CNC(=O)C1=CC=CC=C1;C=CCNC(=O)N1CC[C@@](C)(O)[C@@H](NC(=O)C2CCCC2)[C@@H]1C1=CC=CC=C1;COCCOC1=CC(C)=C2CC[C@@H]([C@H](C)C(=O)NCC3=CC=CO3)CC2=C1C;C[C@H]1[C@@H]2[C@H]3OC(=O)[C@@H](C)[C@@H]3CC[C@@]2(C)CC[C@@H]1NC(=O)COC1=CC=CC=C1;COC1=CC=CC(N2C[C@@H](C(=O)NC[C@H]3CCCN4CCCC[C@H]34)CC2=O)=C1;CCOC1=CC=C([C@H]2NCCC3=CC(OCC)=C(OCC)C=C32)C=C1OCC;CCOC1=CC=C([C@@H]2NCCC3=CC(OCC)=C(OCC)C=C32)C=C1OCC;COC1=CC2=C(C=C1OC)N(C)C(C(=O)NC[C@@H]1CCCN3CCCC[C@H]13)=C2;CCN(CC)C(=O)C[C@@H]1CCNC[C@@H]1CC1=NOC(COC2=CC=CC=C2)=C1;CCC(CC)C(=O)N1CC[C@@H](CC(=O)O)[C@@H](CC2=NC3=CC=C(C)C=C3N2)C1;CC[C@H](C)[C@@H](OC(=O)/C=C/C1=CC=CC=C1)[C@@H](C)[C@@H](O)C/C=C/C=C\C(N)=O;CC[C@@H](C)[C@H](OC(=O)/C=C/C1=CC=CC=C1)[C@H](C)[C@H](O)C/C=C/C=C\C(N)=O
m_a0edff,COCCN1C(=O)NC2CN(Cc3ccc(CO)cc3)CCC21;CC(C)(C)n1cc(C(=O)N2C(C(=O)O)CC3CCCCC32)cn1;NC(=O)C1(N2CCN(Cc3ccc(CO)cc3)CC2)CCOC1;Cc1nnc2n1CC(C(=O)NCC1(N3CCOCC3)CC1)CC2;CC(C)(C)Cc1ccccc1C(=O)N1CCOC(C)(C(=O)O)C1;COC1=CC=C(O[C@H]2COCCN(C(=O)C3CCCC3)C2)C=C1;COC1=CC=C(C2(C(=O)N3CCCC3)CCOCC2)C=C1OC;COC1=CC=C(C2(C(=O)NC[C@H]3CCCO3)CCOCC2)C=C1;COC1=CC=C(C2(C(=O)NC[C@@H]3CCCO3)CCOCC2)C=C1;COC1=CC=C(CN(CC[C@H]2CCOC(C)(C)C2)C(C)=O)C=C1;COC1=CC=C(CN(CC[C@@H]2CCOC(C)(C)C2)C(C)=O)C=C1;COC(=O)N1CC[C@@]2(O)CCCC[C@H]2[C@@H]1C1=CC=C(OC)C=C1;COC(=O)N1CCC2(O)CCCCC2[C@@H]1C1=CC=C(OC)C=C1;C/C=C(\C)C(=O)OCC1=CCN2CC[C@H](OC(=O)/C(C)=C/C)[C@@H]12;C/C=C(/C)C(=O)OCC1=CCN2CC[C@H](OC(=O)/C(C)=C\C)[C@@H]12;COC1=CC=C(C(=O)N2CC[C@@]3(O)CCCC[C@H]3C2)C=C1OC;COC(=O)[C@H]1CCCN1C(=O)C1=CC=C(OCCC(C)C)C=C1;COC(=O)[C@@H]1CCCN1C(=O)C1=CC=C(OCCC(C)C)C=C1;CC1=CC=C([C@H]2C[C@@H](O)[C@@H](O)[C@@H]2NC(=O)C2CCOCC2)C=C1;COC(=O)N1CC[C@@]2(O)CCCC[C@H]2[C@@H]1C1=CC=CC=C1OC;COC(=O)N1CCC2(O)CCCCC2[C@@H]1C1=CC=CC=C1OC;CC1=CC(=O)OC(C)=C1C(=O)OC[C@@H]1CCCN2CCCC[C@H]12;COC1=CC=CC(C(CO)C(=O)OC2CC3CCC(C2)N3C)=C1;CC1=CC=CC([C@H]2C[C@@H](O)[C@@H](O)[C@@H]2NC(=O)C2CCOCC2)=C1;C/C=C(/C)C(=O)O[C@@H]1CCN2CC=C(COC(=O)C=C(C)C)[C@@H]12
m_a12514,Cc1cccc(CC(=O)N(CCC#N)C2CCOCC2)c1;CC12CCC3c4ccc(O)cc4CCC3C1CC(O)C2=O;CN(Cc1cccc2c1OC(C)(C)C2)Cc1nncn1C;O=C1CC2(CCN(c3ncnc4c3CCCCC4)C2)CN1;CN(Cc1cc2ccccc2o1)C(=O)C1(CN)CCCC1;CC12CCC3C4=CC=C(O)C=C4CCC3C1CCC(=O)O2;CC1(C)[C@H]2CC[C@]1(C)C(=O)[C@@H]2COC(=O)C1=CC=CC=C1;CC1(C)[C@H]2CC[C@]1(C)C(=O)[C@@H]2CC(=O)OC1=CC=CC=C1;CC1(C)[C@@H]2CC[C@@]1(C)C(=O)[C@@H]2COC(=O)C1=CC=CC=C1;CC1(C)[C@@H]2CC[C@@]1(C)C(=O)[C@@H]2CC(=O)OC1=CC=CC=C1;C[C@]12CC[C@H]3C4=CC=C(O)C=C4[C@@H](O)C[C@@H]3[C@H]1CCC2=O;C[C@]12CC[C@@H]3C4=CC=C(O)C=C4[C@H](O)C[C@H]3[C@H]1CCC2=O;C[C@]12CC[C@@H]3C4=CC=C(O)C=C4[C@H](O)C[C@H]3[C@@H]1CCC2=O;C[C@]12CC[C@@H]3C4=CC=C(O)C=C4[C@@H](O)C[C@H]3[C@H]1CCC2=O;C[C@]12CC[C@@H]3C4=CC=C(O)C=C4CC[C@H]3[C@H]1[C@@H](O)CC2=O;C[C@]12CC[C@@H]3C4=CC=C(O)C=C4CC[C@H]3[C@@H]1[C@@H](O)CC2=O;O=C1CC[C@H]2[C@@H]3CCC4=CC(O)=CC=C4[C@H]3CC[C@]12CO;O=C1CC[C@@H]2[C@@H]3CCC4=CC(O)=CC=C4[C@H]3CC[C@]12CO;C[C@]12CC[C@H]3C4=CC=C(O)C=C4CC[C@H]3[C@@H]1CC(=O)[C@@H]2O;C[C@]12CC[C@@H]3C4=CC=C(O)C=C4CC[C@H]3[C@@H]1CC(=O)[C@@H]2O;CC(=O)OC[C@@]12CC=C(C)[C@@H](C1)[C@H](C1=CC=CC=C1)OC2;CC(=O)OC[C@@]12CC=C(C)[C@@H](C1)[C@@H](C1=CC=CC=C1)OC2;CC(=O)OC[C@@]12CC=C(C)[C@@H](C1)C(C1=CC=CC=C1)OC2;C[C@]12CC[C@@H]3C4=CC=C(O)C(O)=C4CC[C@H]3[C@@H]1CCC2=O;C[C@@]12CCC3C4=CC=C(O)C(O)=C4CCC3C1CCC2=O
m_a3c949,N#Cc1cc(F)ccc1CN1CCCC(c2noc(C3CC3)n2)C1;Cc1nnc(C2CC23CCN(Cc2cc(C#N)ccc2F)CC3)o1;CCOc1cc(C(=O)N2CCC(c3ccc(OC)cc3)C2)ccn1;CCc1cc(NCc2nnc3n2CCC(C(F)(F)F)C3)ncn1;O=C(Cc1c[nH]c2cc(F)ccc12)NCc1[nH]nc2c1CCCC2;C[C@H](CC1=CC=C2OCOC2=C1)[C@H](C)CC1=CC=C2OCOC2=C1;C[C@H](CC1=CC=C2OCOC2=C1)[C@@H](C)CC1=CC=C2OCOC2=C1;C[C@@H](CC1=CC=C2OCOC2=C1)[C@@H](C)CC1=CC=C2OCOC2=C1;CC(CC1=CC=C2OCOC2=C1)[C@H](C)CC1=CC=C2OCOC2=C1;COCC1=CC(O)=CC2=C1O[C@@H](C1=CC=C(O)C=C1)[C@H]1CCC[C@@H]21;CC(C)=CCC1=CC2=C(C=C1O)OC[C@@H](C1=CC=C(O)C=C1O)C2;CC(C)=CCC1=CC([C@@H]2CCC3=CC=C(O)C=C3O2)=CC(O)=C1O;C=CCC1=CC(O)=C(C2=CC(OC)=C(CC=C)C=C2O)C=C1OC;COC1=CC=C([C@H]2O[C@@H](C3=CC=C4OCOC4=C3)[C@H](C)[C@H]2C)C=C1;COC1=CC=C([C@H]2O[C@@H](C3=CC=C4OCOC4=C3)[C@H](C)[C@@H]2C)C=C1;COC1=CC=C([C@H]2O[C@@H](C3=CC=C4OCOC4=C3)[C@@H](C)[C@H]2C)C=C1;COC1=CC=C([C@H]2O[C@@H](C3=CC=C4OCOC4=C3)[C@@H](C)[C@@H]2C)C=C1;COC1=CC=C2OC[C@H]([C@H]3COC4=CC=C(OC)C=C4C3)CC2=C1;COC1=CC=C2OC[C@@H]([C@H]3COC4=CC=C(OC)C=C4C3)CC2=C1;OC1=CC=C2C=C1C1=CC(=CC3=C1OCO3)CCCCC(O)CC2;CC(C)=CCC1=CC([C@H]2OC3=CC(O)=CC=C3C[C@H]2O)=CC=C1O;CC(C)=CCC1=CC([C@H]2OC3=CC(O)=CC=C3C[C@@H]2O)=CC=C1O;CC(C)C[C@@H]1CC(C2=CC=C(O)C(O)=C2)=CC2=CC(O)=C(O)C=C21;NC(=O)C1CCN(CC2=CC(=O)OC3=CC4=C(C=C23)CCC4)CC1;CC(C)=CC[C@@]12C(=O)C=C[C@@](O)(CC[C@H]1C1=CC=C(O)C=C1)C2=O
m_a5509a,CCn1nccc1C1OCCC1CNC(=O)c1ncoc1C;CCc1nnc(C2CCCN(C(=O)c3ncoc3C)C2C)o1;CCc1nnc(CC2CCC(NC(=O)c3ncoc3C)C2)o1;CCc1nnc(CC2CCC(NC(=O)c3ocnc3C)C2)o1;Cc1cc(NC(=O)C(C)NC2CCc3nc(C)nn3C2)on1;COC(=O)C1=C(C)OC2=CC=C(OCC(=O)C(C)(C)C)C=C12;CCCOC1=CC=C2C(C)=C(CC(=O)OC)C(=O)OC2=C1C;CCCCOC1=CC=C2C(C)=C(CC(=O)OC)C(=O)OC2=C1;C=C(C)COC1=CC=C2OC(C)=C(C(=O)OCCOC)C2=C1;CCOC(=O)[C@H]1CC[C@](C)(C(=O)OC2=CC=CC=C2)C1(C)C;CCOC(=O)[C@H]1CC[C@@](C)(C(=O)OC2=CC=CC=C2)C1(C)C;CCOC(=O)[C@@H]1CC[C@](C)(C(=O)OC2=CC=CC=C2)C1(C)C;CCOC(=O)[C@@H]1CC[C@@](C)(C(=O)OC2=CC=CC=C2)C1(C)C;CCOC(=O)[C@H](C)OC1=CC2=C(C=C1CC)C(C)=CC(=O)O2;CCOC(=O)[C@@H](C)OC1=CC2=C(C=C1CC)C(C)=CC(=O)O2;CCOC(=O)C1=C(C)OC2=CC=C(OC(=O)C(C)(C)C)C=C12;CCOC(=O)CCC1=C(C)C2=CC=C(OCC)C=C2OC1=O;CCCOC1=CC=C2C(C)=C(CCC(=O)O)C(=O)OC2=C1C;CCCCOC1=CC=C2C(C)=C(CCC(=O)O)C(=O)OC2=C1;CCC(=O)O[C@@H]1C2=C(C[C@H]3C(=O)CC[C@H](C)[C@@]13C)OC=C2C;CCOC(=O)[C@H](C)OC1=CC=C2C(C)=C(C)C(=O)OC2=C1C;CCOC(=O)[C@@H](C)OC1=CC=C2C(C)=C(C)C(=O)OC2=C1C;CC1=C(C)C2=CC=C(OCC(=O)OC(C)C)C(C)=C2OC1=O;CC1=CC(C(=O)N2CC3(CC(=O)N(CC4CC4)O3)C2)=C(C)O1;COCCOC1=CC(C)=C2CC[C@H]3[C@H](C)C(=O)O[C@H]3C2=C1C
m_a5bb0e,Cn1cc(CC(=O)N2CCOC(c3nnn[nH]3)C2)c2ccccc21;CNC(=O)C1(COC)CCCN1C(=O)c1cc(C)c(F)cc1F;CN(C)CCN(CC(=O)O)C(=O)C1CC1c1cccc(F)c1F;O=c1nc(C2CCCCN2Cc2cc(=O)n3ccccc3n2)[nH][nH]1;O=C(O)CCCCC(=O)NC1CCN(c2c(F)cccc2F)C1;CCCCOC(=O)C1=CC=CC=C1C(=O)OCCC1=CC=CC=C1;CCCCCOC(=O)C1=CC=CC=C1C(=O)OCC1=CC=CC=C1;CC(C)(O)[C@H]1CC2=C(C=CC(C(=O)CCC3=CC=CC=C3)=C2O)O1;CC(C)(O)[C@@H]1CC2=C(C=CC(C(=O)CCC3=CC=CC=C3)=C2O)O1;COC1=CC(CCC=CC(=O)CCC2=CC=CC=C2)=CC(O)=C1O;COC1=CC(CCC(=O)CC(=O)CCC2=CC=CC=C2)=CC=C1O;CC(C)CCC(=O)C1=C(O)C=C(CC(=O)C2=CC=CC=C2)C=C1O;C1=CC=C(COC2COC3C(OCC4=CC=CC=C4)COC23)C=C1;CC(C)=CC[C@@]12C(=O)C=C[C@@](O)(CC[C@H]1C1=CC=C(O)C=C1)C2=O;COC1=CC(CCC(O)=CC(=O)CCC2=CC=CC=C2)=CC=C1O;CC(C)=CCOC1=CC(O)=C(C(=O)CCC2=CC=CC=C2)C(O)=C1;CC(C)=CCC1=C(O)C=C(O)C(C(=O)CCC2=CC=CC=C2)=C1O;CC(C)=CCC1=C(O)C=C(CCC2=CC=CC=C2)C(C(=O)O)=C1O;COC1=CC(C[C@@H](O)/C=C/C(=O)CCC2=CC=CC=C2)=CC=C1O;C=C(C)C(=O)CCC1=C(C)C=CC2=C1C(=O)C(O)=C(C(C)C)C2=O;C=C(C)C(=O)CCC1=C(C)C=CC2=C1C(=O)C(=O)C(C(C)C)=C2O;COCC1=CC(O)=CC2=C1O[C@@H](C1=CC=C(O)C=C1)[C@H]1CCC[C@@H]21;CC(C)=CCC1=CC2=C(C=C1O)OC[C@@H](C1=CC=C(O)C=C1O)C2;CC(C)=CCC1=CC([C@H]2OC3=CC(O)=CC=C3C[C@H]2O)=CC=C1O;CC(C)=CCC1=CC([C@H]2OC3=CC(O)=CC=C3C[C@@H]2O)=CC=C1O
m_a5d8e5,CCc1nnc(C23CCCC2CN(Cc2c(C)cc(OC)nc2C)C3)o1;COc1cccc(CC(=O)NCC2CCCN(C)C2c2cncn2C)c1;CCCOc1cccc(CCNC(=O)N2CCC(c3nccn3C)C2)c1;CCN1CCCC(CN(C)C(=O)c2cnc(C)cn2)C1c1cnn(C)c1;Cc1noc(CCCNC(=O)N2CCCCC2c2cccc(C)c2C)n1;CC[C@H]1CN(C(=O)C2=CC=CC=C2)CC[C@H]1CC(=O)NC1CCCCC1;CC[C@@H]1CN(C(=O)C2=CC=CC=C2)CC[C@H]1CC(=O)NC1CCCCC1;O=C(NC[C@@H]1CCCN2CCCC[C@H]12)C1(C2=CC=CC=C2)CCOCC1;COC(=O)C1=CC=C(O)C(C[C@]2(C)[C@@H](C)CC[C@]3(C)C(C)=CCC[C@@H]23)=C1;COC(=O)C1=CC=C(O)C(C[C@]2(C)[C@@H](C)CC[C@@]3(C)C(C)=CCC[C@@H]23)=C1;COC(=O)C1=CC=C(O)C(C[C@H]2C(C)=CC[C@H]3C(C)(C)CCC[C@]23C)=C1;C=C1[C@H]2CC[C@](C(=O)CCC3=CC=CC(CCCO)=C3)([C@H]2OC)C1(C)C;C=C1CCC[C@H]2[C@](C)(CC3=CC(C(=O)OC)=CC=C3O)[C@@H](C)CC[C@]12C;C=C1CCC[C@@H]2[C@](C)(CC3=CC(C(=O)OC)=CC=C3O)[C@@H](C)CC[C@]12C;COC(=O)C1=CC=C(O)C(CC2(C)C(C)CCC3C(C)=CCCC32C)=C1;O=C(NCC1=CC=CC=C1)N1CCN2C(=O)N(C3CCCCC3)C[C@H]2C1;C=C1CCC[C@@]2(C)[C@H]1CC[C@H](C)[C@@]2(C)CC1=CC(C(=O)OC)=CC=C1O;C[C@@]1(O)CCN(CC2CCCC2)[C@@H](C2=CC=CC=C2)[C@@H]1NC(=O)C1CC1;C[C@@]1(O)CCN(CC2CC2)[C@@H](C2=CC=CC=C2)[C@@H]1NC(=O)C1CCCC1;CC[C@H](C(=O)C=CC1=CC=CC=C1)C(=O)O[C@H]1C[C@H](C)CC[C@@H]1C(C)C;CC[C@H](C(=O)/C=C\C1=CC=CC=C1)C(=O)O[C@@H]1C[C@H](C)CC[C@@H]1C(C)C;CC[C@H](C(=O)/C=C/C1=CC=CC=C1)C(=O)O[C@@H]1C[C@H](C)CC[C@@H]1C(C)C;CC[C@@H](C(=O)C=CC1=CC=CC=C1)C(=O)O[C@H]1C[C@H](C)CC[C@@H]1C(C)C;CC[C@@H](C(=O)/C=C\C1=CC=CC=C1)C(=O)O[C@@H]1C[C@H](C)CC[C@@H]1C(C)C;CC[C@@H](C(=O)/C=C/C1=CC=CC=C1)C(=O)O[C@@H]1C[C@H](C)CC[C@@H]1C(C)C
m_a87b11,COc1ccccc1Cn1cc(CNC(=O)N(C)C)nn1;Cc1c(NC(=O)C2OCC3CCCC32)cccc1C(=O)O;COc1cccc(Cn2nnnc2N2CCCOCC2)c1;Cc1nc(C(C)(C)NC(=O)c2ccc(N(C)C)nc2)no1;Cc1cnn(C2CN(CCC(=O)Nc3cc(C)on3)C2)c1;CC1(CC2=CN(CCC(=O)O)C3=CC=CC=C23)OCCO1;COC(=O)C1=C(C)N(C[C@H]2CCCO2)C2=CC=C(O)C=C12;COC(=O)C1=C(C)N(C[C@@H]2CCCO2)C2=CC=C(O)C=C12;COC(=O)C1=C(C)N(CC(C)C)C(=O)C1=CC1=CC=CO1;C=C1N(C(=O)OCC)C2=CC=CC=C2[C@]1(C)C(=O)OCC;C=C1N(C(=O)OCC)C2=CC=CC=C2[C@@]1(C)C(=O)OCC;CCOC(=O)C(CCC#N)(C(=O)OCC)C1=CC=CC=C1;CC1=C(C)C2=CC=C(O)C(CN3CCOCC3)=C2OC1=O;CC1=C(CC(=O)NC(C)C)C(=O)OC2=C(C)C(O)=CC=C12;CC1=C(C)C2=CC=C(OCC(=O)N(C)C)C(C)=C2OC1=O;CC(=O)[C@H]1[C@H](CC(=O)O)C(=O)N(CC2=CC=CC=C2)[C@H]1C;CC(=O)[C@H]1[C@H](CC(=O)O)C(=O)N(CC2=CC=CC=C2)[C@@H]1C;CC(=O)[C@@H]1C(C)N(CC2=CC=CC=C2)C(=O)[C@H]1CC(=O)O;CC1=C(CC(=O)NCC(C)C)C(=O)OC2=CC(O)=CC=C12;CC(C)(O)CNC(=O)C=CC=CC1=CC=C2OCOC2=C1;CC(=O)NC1=C2C3=CC=CC=C3N=C(C)N2C2=CC=CC=C12;CCNC(=O)N1C[C@@H]2OCC(=O)N(C3=CC=CC=C3)[C@@H]2C1;CCNC(=O)N1C[C@@H]2C[C@H]1C(=O)N(C)C1=CC=CC=C1O2;COC1=CC(CCC(=O)N2C=CC=C2)=CC(OC)=C1OC;CCOC(=O)[C@H]1C(=O)N[C@]2(C)OC3=CC=CC=C3[C@H]1[C@H]2C
m_a94f72,CC(CC(=O)O)NC(=O)c1ccnn1CC1CCC1;CC(CNC(=O)c1ccnn1C1CCCC1)C(=O)O;O=C(CC1(O)CCCCC1)NCc1ccc(F)cc1;O=C(c1cc[nH]n1)N1CCSC2(CCCCC2)C1;CCCNC(=O)CCNC(=O)c1ccc(OC)nc1;COC1=CC=C(C(=O)NCCCCCC(=O)O)C=C1;CC(C)COC1=CC=C(C(=O)NCCC(=O)O)C=C1;COC1=CC=CC=C1C(=O)NCCCCCC(=O)O;COC[C@H]1C[C@@H](NC(=O)C2=CC=CC=C2)[C@H](O)[C@@H]1O;CC(C)COC1=CC=CC=C1C(=O)NCCC(=O)O;CCCCCCNC(=O)C1=C(OC)C=CC=C1OC;CN(C)[C@@H]1CO[C@H](CNC(=O)C2=CC=NC=C2)[C@H]1O;C[C@H]1CN(CC(=O)C2=CC=C(O)C=C2O)C[C@H](C)O1;C[C@@H]1CN(CC(=O)C2=CC=C(O)C=C2O)C[C@H](C)O1;C[C@@H]1CN(CC(=O)C2=CC=C(O)C=C2O)C[C@@H](C)O1;COC1=CC=C(C(=O)OCCN2CCOCC2)C=C1;COC1=CC(CCNC(C)=O)=C(C(C)=O)C=C1OC;COCC(=O)N[C@H]1[C@H](O)[C@H](O)C[C@@H]1C1=CC=CC=C1;CCNC(=O)N[C@H]1[C@H](O)[C@H](O)C[C@@H]1C1=CC=NC=C1;CC(C)(C)OC(=O)N[C@](C)(C(=O)O)C1=CC=CC=C1;CC(C)(C)OC(=O)N[C@@](C)(C(=O)O)C1=CC=CC=C1;COC1=CC2=C(C=C1OC)CN(CCC(=O)O)CC2;CC[C@H](C)[C@H](NC(=O)OCC1=CC=CC=C1)C(=O)O;CC[C@@H](C)[C@@H](NC(=O)OCC1=CC=CC=C1)C(=O)O;CC(C)CCOCC(=O)NC1=CC=C(C(=O)O)C=C1
m_a98076,CN(CC1(O)CCN(Cc2ccccc2)C1)C(=O)c1c[nH]c(C#N)c1;CN(CC1(O)CCN(Cc2ccccc2)C1)C(=O)c1cc(C#N)c[nH]1;CCCC(C(=O)NCCc1nnc(-c2ccco2)[nH]1)c1ccccc1;Cc1nccc(CNC(=O)C2CCC(=O)N(C)C2c2ccccc2)n1;Cc1ccc(CCC(=O)NCCCn2nc3ccccn3c2=O)cc1;COC1=CC=C(C(=O)N2CCN(C(=O)CC3=CC=CC=C3)CC2)C=C1;COC1=CC2=C(C=C1OC)C(=CC(=O)NCC1=CC=CC=C1)NCC2;COC1=CC=C(N2C[C@H](C(=O)NCCC3=CC=CC=C3)CC2=O)C=C1;COC1=CC=C(N2C[C@@H](C(=O)NCCC3=CC=CC=C3)CC2=O)C=C1;COC1=CC=C(OC)C2=C1C=C(C(=O)NCCC1=CC=CC=C1)N2C;COC1=CC=CC(C(=O)N2CCN(C(=O)CC3=CC=CC=C3)CC2)=C1;C[C@@H](C(=O)N[C@H](CO)CC1=CC=CC=C1)N1CC2=CC=CC=C2C1=O;CC1=CC=C(NC(=O)[C@H]2CCCN2C(=O)OCC2=CC=CC=C2)C=C1;CC1=CC=C(NC(=O)[C@@H]2CCCN2C(=O)OCC2=CC=CC=C2)C=C1;O=C(C[C@H](C(=O)O)N1CCN(C2=CC=CC=C2)CC1)C1=CC=CC=C1;O=C(C[C@@H](C(=O)O)N1CCN(C2=CC=CC=C2)CC1)C1=CC=CC=C1;COC1=CC=C(CC(=O)NCC(=O)N2CCCC3=CC=CC=C32)C=C1;COC1=CC=CC(CCNC(=O)[C@H]2CC3=CC=CC=C3N2C(C)=O)=C1;COC1=CC=CC(CCNC(=O)[C@@H]2CC3=CC=CC=C3N2C(C)=O)=C1;COC1=CC=CC(CC(=O)NCC(=O)N2CCCC3=CC=CC=C32)=C1;COC1=CC=C(CNC(=O)CCC2=CNC3=CC=CC=C23)C=C1OC;COC1=CC=C(CCNC(=O)C2=CN(C)C3=CC=CC=C23)C=C1OC;O=C(C=CC1=CC=CC=C1)NCCCCNC(=O)C1=CC=C(O)C=C1;COC1=CC=C(OC)C2=C1C=C(C(=O)N(C)CC1=CC=CC=C1)N2C;CCOC(=O)[C@H]1CN(N=O)[C@H](C2=CC=CC=C2)C[C@@H]1C1=CC=CC=C1
m_aa5754,C=C(C)CN(C)C(=O)NCc1cc(C(=O)OC)c(C)o1;CCc1sc(C(=O)NC2CCNC(=O)CC2)cc1C;CC(NC(=O)Cn1cncn1)c1ccc2ccccc2c1;O=C(NCCOc1ccccc1)N1CCOC(CO)C1;CC(C)Oc1ccc(C(=O)NC2CCSCC2)cn1;COC(=O)CCCCC(=O)C1=CC(OC)=CC=C1OC;COC(=O)CCC1=CC2=C(C=C1O)OC(C(C)(C)O)C2;COC1=CC(CO)=C(C2(C(=O)O)CCCC2)C=C1OC;CO[C@@]1(C(=O)C2=CC(O)=C(C)C(O)=C2)CCC[C@H](C)O1;CCOC1=CC(C=CC(=O)O)=CC(OCC)=C1OCC;CCCOC(=O)C1=CC=CC=C1C(=O)OCCCCO;CCC=CC(=O)C1=C(OC)C=C(OC)C(OC)=C1OC;COC1=CC=CC([C@H](CCC(=O)O)C(C)(C)C(=O)O)=C1;COC1=CC=CC([C@@H](CCC(=O)O)C(C)(C)C(=O)O)=C1;CCO[C@H]1CCC(=O)O[C@@H](C2=CC=CC=C2)[C@@H](O)[C@@H]1O;CCO[C@@H]1CCC(=O)O[C@H](C2=CC=CC=C2)[C@@H](O)[C@@H]1O;CC1(C)CC[C@@H](O)[C@](C)(C2=CC=C(C(=O)O)C=C2O)O1;COC1=CC=C([C@H](CCC(=O)O)C(C)(C)C(=O)O)C=C1;COC1=CC=C([C@@H](CCC(=O)O)C(C)(C)C(=O)O)C=C1;COC(=O)[C@](O)(C(C)C)[C@H](C)OC(=O)C1=CC=CC=C1;COC(=O)[C@](O)(C(C)C)[C@@H](C)OC(=O)C1=CC=CC=C1;CCOC(=O)C[C@@](O)(CC1=CC=CC=C1)C(=O)OCC;CC1(C)O[C@@](C)(C2=CC=C(C(=O)O)C=C2O)CC[C@@H]1O;COC1=CC(C=CCOC(=O)C(C)C)=CC(OC)=C1O;CC(C)(O)CC(=O)C[C@@](C)(O)C1=CC=C(C(=O)O)C=C1
m_ab3260,O=C(Cc1cccc(C(F)(F)F)c1)NCC1COc2ccccc2O1;O=C(Nc1cccc(OCC(F)(F)F)c1)c1ccc(NC2CC2)nc1;CC(Cc1ccc(NS(=O)(=O)c2cn(C(C)C)cn2)cc1)C(=O)O;COC(=O)c1cc(C(C)C)nc2c1c(C)nn2C1CCS(=O)(=O)C1;O=C(O)C1CN(C(=O)Cc2cccc3ccccc23)CC1C(F)(F)F;O=C1C[C@H](C(=O)O)N(C(=O)OCC2C3=CC=CC=C3C3=CC=CC=C32)C1;O=C1C[C@@H](C(=O)O)N(C(=O)OCC2C3=CC=CC=C3C3=CC=CC=C32)C1;CC(=O)C1=CC=CC(NC(=O)CC2N=C(O)C3=CC=CC=C3N=C2O)=C1;O=C(O)CCN1C(=O)C(O)=C(C(=O)C2=CC=CC=C2)[C@H]1C1=CC=CC=C1;O=C(O)CCN1C(=O)C(O)=C(C(=O)C2=CC=CC=C2)[C@@H]1C1=CC=CC=C1;O=C(O)CCN1C(=O)C(=O)C(=C(O)C2=CC=CC=C2)C1C1=CC=CC=C1;O=C(COC1=CC=C2N=C3CCCN3C(=O)C2=C1)NC1=CC=CC(O)=C1;O=C(COC1=CC(O)=C2C(=O)C=C(C3=CC=CC=C3)OC2=C1)NC1CC1;COC(=O)CC(C1=CC2=C(C=C1O)OCO2)C1=CC=NC2=CC=CC=C12;COC(=O)CC(C1=CC=C2N=CC=CC2=C1)C1=CC2=C(C=C1O)OCO2;CC1=NC2=CC=CC=C2C(=O)N1CCNC(=O)C1=CC=C2OCOC2=C1;COC(=O)CNC(=O)C1=CN(CC2=CC=CC=N2)C(=O)C2=CC=CC=C12;CC(=O)C1=CC=CC(NC(=O)C[C@@H]2NC(=O)C3=CC=CC=C3NC2=O)=C1;COC(=O)CNC(=O)C1=CC=CC2=C1OC(C1=CC=CC=C1)=C(C)C2=O;C[C@@H]1C(O)=N[C@](O)(CC2=CC=CC=C2)C2=NC3=C(O)C=CC=C3C(=O)N21;C[C@@H]1C(O)=N[C@@](O)(CC2=CC=CC=C2)C2=NC3=C(O)C=CC=C3C(=O)N21;O=C(NC[C@]1(O)CCOC2=CC=CC=C21)C1=CC(=O)C2=CC=CC=C2O1;O=C(NC[C@@]1(O)CCOC2=CC=CC=C21)C1=CC(=O)C2=CC=CC=C2O1;O=C(CCN1C=NC2=CC=CC=C2C1=O)N[C@H](C(=O)O)C1=CC=CC=C1;CC(=O)C1=CC=CC(NC(=O)COC2=CC=C3C(C)=CC(=O)OC3=C2)=C1
m_ab91a8,COCC(=O)NC1CCC(c2ccccc2)CC1;Cc1ccc(CCNC(=O)C2CC2C(=O)O)cc1;O=C(O)CCCN1CCCC1Cc1ccccc1;Cc1ccc(N2CC(C(=O)O)CCC2=O)cc1C;Cc1ccc(CN2CCC(C(=O)O)CC2)cc1C;CC(=O)C1=CC=C(N2C[C@@H](C(=O)O)CC2=O)C=C1;O=C(O)C1=CC=C(NC(=O)C2CCCCC2)C=C1;CC(C)(C)C(=O)N1C(=O)OC[C@@H]1C1=CC=CC=C1;C[N+]1([C@H](CC2=CC=CC=C2)C(=O)[O-])CCCCC1;C[N+]1([C@@H](CC2=CC=CC=C2)C(=O)[O-])CCCCC1;CC(C)C[C@@H](C(=O)O)N1CC2=CC=CC=C2C1=O;CC[C@H](C)[C@@H](C(=O)O)N1CC2=CC=CC=C2C1=O;CC[C@@H](C)[C@@H](C(=O)O)N1CC2=CC=CC=C2C1=O;CCC(=O)OC1(C2=CC=CC=C2)CCN(C)CC1;CC1=CC=C2C(=N1)CC(C(=O)CCO)CCC2C;C[C@H]1COC(=O)[C@]1(CCC(N)=O)C1=CC=CC=C1;O=C(ON1C(=O)OC[C@H]1C1=CC=CC=C1)C1CC1;O=C(ON1C(=O)OC[C@@H]1C1=CC=CC=C1)C1CC1;CCC1=CC=CC(CC)=C1NC(=O)C=CC(=O)O;COC1=CC=C2C(=C1)C(=O)C=C(C)N2CC(=O)O;CCOC(=O)CCC1=CC=C2CCC(=O)NC2=C1;O=C(O[C@@H]1[C@@H](O)C[C@@H]2CC[C@H]1N2)C1=CC=CC=C1;O[C@H]1[C@H](NCC2CC2)[C@@H](C2=CC=CC=C2)C[C@H]1O;COC1=CC=C(C(=O)CCN2CCCCC2)C=C1;CCCC[C@H](CC)C(=O)NCCC1=CC=CC=C1
m_abbd02,CCN1CCC2OCCN(Cc3nnnn3CC(F)(F)F)C2C1;CC(=O)NCC(=O)NCC1CC2c3ccccc3C1c1ccccc12;Cc1cccc(C(=O)N2CCC(C3OCCC3C(N)=O)CC2)c1F;Cc1ccc(CN2CCSCC2)cc1NC(=O)CC1CCCO1;CC1C(c2cccc(F)c2)OCCN1C(=O)C1CCCC(=O)N1C;CC(C)CC(=O)OC[C@H]1O[C@@H]1C1=CC=C(OC(=O)CC(C)C)C=C1;CC(C)CC(=O)OC[C@@]1(C2=CC=CC=C2OC(=O)CC(C)C)CO1;CC(=O)OC[C@@]1(C)C[C@@H](OC(C)=O)C[C@@]2(C)C3=C(C=CO3)CC[C@H]12;C=C1CC[C@@H]2[C@H](CO)[C@H](O)[C@H](O)C[C@]2(C)[C@@H]1CC(=O)C1=COC=C1;C=C1CC[C@@H]2[C@H](CO)[C@H](O)[C@H](O)C[C@@]2(C)[C@@H]1CC(=O)C1=COC=C1;C=C1C(=O)O[C@@H]2C=C(COC(=O)[C@H](C)CO)CC/C=C(/C)CC[C@@H]12;C=C1C(=O)O[C@@H]2/C=C(/C)CC[C@H]3O[C@]3(C)C[C@@H](OC(=O)C(C)C)[C@@H]12;C=C(C)C(=O)OC[C@@H]1CCC/C(C)=C/[C@H](O)[C@@H]2C(=C)C(=O)O[C@@H]2C1;COC1=CC(O)=CC2=C1C(=O)O[C@@H](C)CCCC(=O)CCCCC2;C=C1C(=O)O[C@H]2/C=C(/C)[C@@H](O)CC/C(C)=C/[C@H](OC(=O)C(C)C)[C@H]12;C=C1C(=O)O[C@H]2/C=C(/C)[C@@H](O)CC/C(C)=C/[C@@H](OC(=O)C(C)C)[C@H]12;C=C1C(=O)O[C@@H]2/C=C(/C)[C@@H](O)CC/C(C)=C/[C@@H](OC(=O)C(C)C)[C@H]12;COC1=CC(O)=CC2=C1C(=O)O[C@H](C)CCCCCCCC(=O)C2;COC1=CC(O)=CC2=C1C(=O)O[C@@H](C)CCCCCCCC(=O)C2;C=C1CC[C@H]2[C@@H]([C@H]3C(COC(C)=O)=CO[C@H](OC(C)=O)[C@@H]13)C2(C)C;C=C1C(=O)O[C@H]2[C@@H]1CC[C@@H](COC(=O)C(C)C)[C@H]1CCC(=O)[C@]12C;C=C1C(=O)O[C@@H]2[C@H]1CC[C@H](COC(=O)C(C)C)[C@@H]1CCC(=O)[C@@]21C;CCOC(=O)CC1=CC(O)=CC2=C1C(=O)CCCCC[C@H](CC)O2;CC1=C2[C@@H](OC(=O)C(C)C)[C@@]3(C)C(=CCC[C@@H]3C)C[C@@]2(O)OC1=O;C=C1CC[C@H]2C([C@H]3C(C)=CO[C@H](OC(C)=O)[C@@H]13)[C@@]2(C)COC(C)=O
m_acdfec,CC1CN(c2ccc(NC(=O)c3cc(C4CC4)[nH]n3)cn2)CC(C)O1;CCc1ncc2c(n1)CCN(C(=O)c1n[nH]c3c1CC(C)OC3C)C2;CCCOc1ccc(CN2CCN(C(=O)c3cnccn3)CC2)cn1;CCOC(=O)c1ccc(N2CCCN(c3ccc(C)nn3)CC2)nc1;CCn1nc(C(=O)N2CCc3ncncc3C2)c2c1C(C)OC(C)C2;COC1=CC2=C(C=C1OC)[C@H](C)N(C(=O)COC1=CC=CC=C1)CC2;COC1=CC=C(C(=O)N2CCC3=CC(OC)=C(OC)C=C3C2C)C=C1;COC1=CC=C(CC(=O)N2CCOC[C@H](OC3=CC=CC=C3)C2)C=C1;COC1=CC=C(CC(=O)N2CCC3=CC(OC)=C(OC)C=C3C2)C=C1;CCOC1=CC2=C(C=C1OCC)[C@H](C1=CC=C(C(=O)O)C=C1)NCC2;CCOC1=CC2=C(C=C1OCC)[C@@H](C1=CC=C(C(=O)O)C=C1)NCC2;COC1=CC2=C(C=C1OC)[C@H](CC1=CC=C(O)C=C1)N(C(C)=O)CC2;COC1=CC2=C(C=C1OC)[C@@H](CC1=CC=C(O)C=C1)N(C(C)=O)CC2;COC1=CC=C(C(=O)CN2CCC3=CC(OC)=C(OC)C=C3C2)C=C1;CCCOC(=O)[C@H]1[C@H]2C=C[C@@]3(CN(C4=CC=CC=C4CC)C(=O)[C@@H]13)O2;CCC1=CC=C(N2C[C@@]34C=C[C@@H](O3)[C@H](C(=O)OC(C)C)[C@@H]4C2=O)C=C1;CC[C@H]1CN(C(=O)C2=CC=CC=C2)CC[C@H]1CC(=O)N(C)CCC#N;COC1=CC=C([C@H]2C3=CC(OC)=C(OC)C=C3CCN2C(C)=O)C=C1;COC1=CC=C([C@@H]2C3=CC(OC)=C(OC)C=C3CCN2C(C)=O)C=C1;CCO[C@@H](C1=CC=C(O)C=C1)[C@H]1C(=O)N(C)C[C@@H]1C1=CC=C(O)C=C1;COC[C@@H]1CN(C(=O)C2=C(C)OC(C)=C2)[C@H]2C3=CC=CC=C3OC[C@@H]12;CCCOC(=O)[C@H]1[C@H]2C(=O)N(CC3=CC=C(C)C=C3)C[C@]23C=C[C@H]1O3;CCCOC(=O)[C@@H]1[C@H]2C(=O)N(CC3=CC=C(C)C=C3)C[C@]23C=C[C@H]1O3;CCCOC(=O)C1[C@H]2C(=O)N(CC3=CC=C(C)C=C3)C[C@]23C=C[C@H]1O3;CCCCOC(=O)[C@H]1[C@H]2C=C[C@]3(CN(C4=CC=C(C)C=C4)C(=O)[C@@H]13)O2
m_ace790,CCOC(=O)c1sc(NC(=O)NCC2CC2)nc1C;CN1C(=O)c2ccccc2NC1c1ccc([N+](=O)[O-])cc1;Cn1nccc1C(=O)NCc1ccc(C(F)(F)F)cc1;C=CCNC(=O)CNc1ccc(C(F)(F)F)c(C#N)c1;Cc1ccc(C(=O)NCC2(C(=O)O)CCOCC2)s1;CC(=O)O[C@H](CNC(=O)C1=CC=CC=C1)C1=CC=CC=C1;CC(=O)N[C@H](CC1=CC=C(C2=CC=CC=C2)C=C1)C(=O)O;CC(=O)N[C@@H](CC1=CC=C(C2=CC=CC=C2)C=C1)C(=O)O;CC(=O)OC1=CC=CC=C1C(=O)NCCC1=CC=CC=C1;CC(=O)OC1=CC=C(C(=O)NCCC2=CC=CC=C2)C=C1;CC1=CC=C(CC(=O)NCC2=CC=C3OCOC3=C2)C=C1;COC1=CC=C(NC(=O)CCC(=O)C2=CC=CC=C2)C=C1;COC1=CC=C(C=CC(=O)NC2=CC=C(OC)C=C2)C=C1;O=C(C=CC1=CC=CC=C1O)NCCC1=CC=C(O)C=C1;O=C(/C=C/C1=CC=CC=C1)NC[C@@H](O)C1=CC=C(O)C=C1;COC1=CC=CC=C1CC(=O)NC1=CC=C(C(C)=O)C=C1;COC(=O)CNC(=O)C1=CC(OC)=C(OC)C(OC)=C1;O=C(CC1=CC=CC=C1)NC[C@H]1COC2=CC=CC=C2O1;O=C(CC1=CC=CC=C1)NC[C@@H]1COC2=CC=CC=C2O1;O=C(C=CC1=CC=CC(O)=C1)NCCC1=CC=C(O)C=C1;O=C(C=CC1=CC=C(O)C(O)=C1)NCCC1=CC=CC=C1;CN(C(=O)CCC1=CC=CC=C1)C1=CC=CC=C1C(=O)O;O=C1C=CC(O)(CCNC(=O)C=CC2=CC=CC=C2)C=C1;CC(=O)C1=CC=CC(OCC(=O)NC2=CC=C(C)C=C2)=C1;CCOC(=O)C(=CN(O)C1=CC=CC=C1)C1=CC=CC=C1
m_acfc1e,COCC1CN(C(=O)Cc2ccccc2OC)CC(C)(C)O1;Cc1[nH]ncc1CCCNC(=O)N1CCC(CC(N)=O)CC1;COc1cc(CN2CCCCC(CO)C2)cc2c1OCCO2;COc1cccc(C[n+]2cn(Cc3ccccc3)c(C)c2C)c1;CCC(CC)(CNC(=O)C1CCc2cnc(C)n2C1)C(=O)O;CC[C@H]1CN(CC2=CC=C(OC)C=C2O)CC[C@H]1CC(=O)O;CC[C@@H]1CN(CC2=CC=C(OC)C=C2O)CC[C@H]1CC(=O)O;COC1=CC2=C(C=C1OC)[C@H](C)N(C(=O)CCC(=O)O)CC2;COC1=CC2=C(C=C1OC)[C@@H](C)N(C(=O)CCC(=O)O)CC2;COC1=CC=C(C(=O)CCN2CCC[C@H]2C(=O)O)C(OC)=C1;COC1=CC=C(C(=O)CCN2CCC[C@@H]2C(=O)O)C(OC)=C1;CCCCCCCCC(CC1=CC=C(O)C(OC)=C1)C(N)=O;COC1=CC(CNC(=O)CCCCC=CC(C)C)CC=C1O;CC(C)[C@H](CCNC(=O)[C@H]1CCOC(C)(C)C1)C1=CC=CO1;CC(C)[C@H](CCNC(=O)[C@@H]1CCOC(C)(C)C1)C1=CC=CO1;CC(C)[C@@H](CCNC(=O)[C@H]1CCOC(C)(C)C1)C1=CC=CO1;CC(C)[C@@H](CCNC(=O)[C@@H]1CCOC(C)(C)C1)C1=CC=CO1;COC1=CC=C(CN2CCOC[C@H](OCCC(C)C)C2)C=C1;CO[C@H]1O[C@@H]2CO[C@@H](C3=CC=CC=C3)O[C@H]2C[C@H]1NC(C)=O;COC1=CC=C(CNC(=O)C2CC(=O)OC2(C)C)C=C1OC;CC1=CC(=O)C(O)=C(C2(CC(=O)NC3CC3)CCOCC2)O1;CC[C@H](C)CCCCCC(=O)NCC1=CC=C(O)C(OC)=C1;C/C=C(\C)C(=O)O[C@@H]1CCN2CC=C(COC(=O)/C=C\O)[C@H]12;CN1[C@@H]2C[C@@H](OC(=O)CC3=CC=CC(O)=C3)C[C@H]1[C@H](O)[C@@H]2O;C=C[C@H]1OC[C@@]2(COC(=O)NC(C)C)[C@H](C)C=C(C)[C@@H]1[C@H]2C
m_aec773,NC(=O)C1(CNC(=O)c2cc(F)cc(Br)c2)CCCC1;Cc1cccc(S(=O)(=O)NC2(C#N)CC2(C)C)c1Br;O=C(NCC1(C(=O)O)CCOCC1)c1ccc(Br)cn1;Cc1ccc(Br)c2[nH]c(C(=O)NCC[S+](C)[O-])cc12;O=C(NCC1CCCOC1)c1cc2cc(Br)sc2[nH]1;O=C(C=CC1=CC=C(O)C(O)=C1)OC(=O)C=CC1=CC=C(O)C(O)=C1;COC(=O)C1=CC=C2C(=O)C3=C(O)C=C(CC(C)=O)C=C3OC2=C1O;COC(=O)[C@]1(O)OC(=O)C(C2=CC=C(O)C=C2)=C1C1=CC=C(O)C=C1;COC(=O)[C@@]1(O)OC(=O)C(C2=CC=C(O)C=C2)=C1C1=CC=C(O)C=C1;COC(=O)C1=CC=CC2=C1C(=O)C1=C(O)C=C(COC(C)=O)C=C1O2;COC(=O)C1=CC(OC)=C2C(=O)C3=C(C(=O)OC)C=CC=C3OC2=C1;O=C(O)C=CC1=CC=C(OC(=O)C=CC2=CC=C(O)C(O)=C2)C(O)=C1;O=C(O)C=CC1=CC=C(O)C(OC(=O)C=CC2=CC=C(O)C(O)=C2)=C1;COC1=CC(C2=C(CC(=O)O)C3=CC4=C(C=C3O2)OCO4)=CC=C1O;COC(=O)C1=C(OC)C=C2C(=O)C3=C(C(=O)C2=C1C)C(O)=C(O)C=C3;CC=C(C)C(=O)OCC1=C2C(=O)C3=C(O)C=CC(O)=C3C(=O)C2=CO1;O=C(O)CCC1=CC=C(OC2=C(O)C=CC3=C2OC(=O)C=C3)C=C1O;COC1=CC=C(OC2=COC3=CC(OCC(=O)O)=CC=C3C2=O)C=C1;CCCC(=O)C1=C(O)C=C(O)C2=C1C(=O)C1=CC(O)=CC(O)=C1C2=O;COC1=CC=C(C2=C(CC(=O)O)C3=CC(C(=O)O)=CC(O)=C3O2)C=C1;CC1=CC=C(C(=O)NCC(=O)O)C=C1S(=O)(=O)N1CCOCC1;O=C(O)/C=C/C1=CC=C2O[C@@H](C3=CC=C(O)C(O)=C3)CC(=O)OC2=C1;COC(=O)C1=C(O)C=C2C(=O)C3=CC(OC)=CC(O)=C3C(=O)C2=C1C;CCCC1=C(C(=O)O)C(O)=CC2=C1C(=O)C1=C(O)C=C(O)C=C1C2=O;CC1=C(O)C=C2OC=C(CC3=CC=C4OCOC4=C3O)C(=O)C2=C1O
m_aef2b4,Cc1ccc2cc(S(=O)(=O)N3CCOCC3)ccc2c1;CNC(=O)C(C)NC(=O)c1c[nH]cc1-c1ccc(C)s1;O=C(Nc1ccncc1)c1cccc(Nc2cnccn2)c1;COCc1noc(C2CC(=O)N(c3ccccc3F)C2)n1;COc1ccc(C)cc1CCNC(=O)c1snnc1C;CN(C)C1=CC(NC(=O)C2=CC=CC=C2)=C2C=CC=CC2=N1;COCCNC(=O)COC1=CC=C2C(C)=CC(=O)OC2=C1;COCCNC(=O)CC1=C(C)C2=CC=C(O)C=C2OC1=O;COC(=O)C1=C(C)N=C(C)/C(=C(/O)OC)[C@H]1C1=CC=CO1;COC1=CC(NC(=O)C2=CC=CO2)=C(C(=O)O)C=C1OC;CC1=CC=C(NC(=O)[C@H](CC(=O)O)[C@H]2CCCO2)C(C)=C1;CC1=CC=C(NC(=O)[C@H](CC(=O)O)[C@@H]2CCCO2)C(C)=C1;CC1=CC=C(NC(=O)[C@@H](CC(=O)O)[C@H]2CCCO2)C(C)=C1;CC1=CC=C(NC(=O)[C@@H](CC(=O)O)[C@@H]2CCCO2)C(C)=C1;CC1=C(CC(=O)NC[C@H](C)O)C(=O)OC2=CC(O)=CC=C12;CC1=C(CC(=O)NC[C@@H](C)O)C(=O)OC2=CC(O)=CC=C12;CC1=C(CC(=O)NCCCO)C(=O)OC2=CC(O)=CC=C12;CC(=O)N[C@@H](CC1=CC=C(O)C(CC=C(C)C)=C1)C(=O)O;COC(=O)CC(C1=CC=CO1)C1=C(O)C=C(C)N(C)C1=O;CC1=CC(=O)OC2=CC(OCC(=O)NCCCO)=CC=C12;CC1=CC(C)=C(O)C(C(=O)C(O)C2CC(=O)N=C(O)C2)=C1;COC(=O)C=CC1=CC=C([N+](=O)[O-])C(C=CC(=O)OC)=C1;COC(=O)C=CC1=CC=C(C=CC(=O)OC)C([N+](=O)[O-])=C1;O=C(NCCC1=CC=C(O)C=C1)C1=CC=C2C=CC=CC2=C1;COC(=O)C(=CC1=CC=C(O)C=C1)NC(=O)C(=O)C(C)C
m_b047da,CCOC(=O)Nc1ccc(NCc2ccc(F)cc2)cc1N;Fc1ccc(Cc2noc(NC3CCOC3C3CC3)n2)cc1;Cn1cc(C2CC2C(=O)NCc2ccc(CO)c(F)c2)cn1;Cn1nccc1C(=O)N1CCCC1COc1ccc(F)cc1;Fc1ccc(C2CN(Cc3noc(C4CC4)n3)CCO2)cc1;C#CCNC(=O)C[C@@H]1CCN(C(=O)C2=CC=NO2)C[C@H]1CC;C#CCNC(=O)C[C@@H]1CCN(C(=O)C2=CC=NO2)C[C@@H]1CC;CC(=O)NC1=CC=C(CN2C[C@@H]3OCC(=O)N(C)[C@@H]3C2)C=C1;O=C(N[C@H]1CO[C@H]2[C@@H]1OC[C@H]2OCC1=CC=CC=C1)C1CC1;CCNC(=O)N1C[C@@H]2OCC(=O)N(CC3=CC=CC=C3)[C@@H]2C1;COC1=CC=C(NC(=O)[C@]23CC[C@](C)(C(=O)O2)C3(C)C)C=C1;COC1=CC=C(NC(=O)[C@@]23CC[C@@](C)(C(=O)O2)C3(C)C)C=C1;COC1=CC=C(CN2C[C@H]3CN(C(C)=O)CCN3C2=O)C=C1;COC1=C(CC(=O)C(C)C)C(=O)N(C)C2=C(OC)C=CC=C12;C=C[C@H](C)[C@@]12CO[C@@H](C(CNC(=O)C3=CC=CC=C3)O1)[C@@H]2O;COC1=NC=C(C(=O)NCC2=CC=C(OC)C(OC)=C2)C=N1;COCCN1C(=O)C2=CC=CC=C2[C@H](C(=O)O)C12CCCC2;COCCN1C(=O)C2=CC=CC=C2[C@@H](C(=O)O)C12CCCC2;CN1[C@@H]2CC(=O)[C@H]1C[C@@H](OC(=O)[C@H](CO)C1=CC=CC=C1)C2;CC1=CC(=O)OC2=C(CN3CC(C)OC(C)C3)C(O)=CC=C12;CC1=C(O)C=CC2=C1OC(=O)C=C2CN1C[C@H](C)O[C@@H](C)C1;CC1=C(O)C=CC2=C1OC(=O)C=C2CN1C[C@@H](C)O[C@H](C)C1;CC1=C(O)C=CC2=C1OC(=O)C=C2CN1C[C@@H](C)O[C@@H](C)C1;CC#CCOC1=CC=C(C[C@H](NC(=O)CCC)C(=O)O)C=C1;COC(=O)C1=CC=C2C(=C1)N=C1COC[C@H](CNC(C)C)N12
m_b084eb,O=C(c1cccc(Oc2cnccn2)c1)N1CCCC2CCCCC21;O=C(NCC1(c2ccccc2)CC1)c1c[nH]c(C(=O)N2CCCC2)c1;O=C(c1cc(=O)[nH]c2c1CCCC2)N1CCCC(c2ccccn2)C1;Cc1cccc(N2CCN(C(=O)c3ccc(C(N)=O)cc3)CC2)c1C;Cc1ccc(C(=O)N(C)C)cc1NC1CCN(c2ccccc2)C1=O;O=C(CN1CCOCC1)NN1C2=CC=CC=C2CCC2=CC=CC=C21;O=C1CC[C@H](C(=O)NCCCC(C2=CC=CC=C2)C2=CC=CC=C2)O1;O=C1CC[C@@H](C(=O)NCCCC(C2=CC=CC=C2)C2=CC=CC=C2)O1;CN(CCC(C1=CC=CC=C1)C1=CC=CC=C1)C(=O)[C@H]1CCC(=O)O1;CN(CCC(C1=CC=CC=C1)C1=CC=CC=C1)C(=O)[C@@H]1CCC(=O)O1;CCCC(=O)N1CCC2=CC(OC)=C(O)C3=C2[C@H]1CC1=CC=CC=C13;CCCC(=O)N1CCC2=CC(OC)=C(O)C3=C2[C@@H]1CC1=CC=CC=C13;O=C(NCCC1=CC=CC=C1)N1C[C@@H]2C[C@H](C1)C1=CC=CC(=O)N1C2;COC1=CC2=C(C=C1OC)C(=CC(=O)C1=CC=CC=C1)NC(C)(C)C2;COC1=CC(C2=C(C3=CC=C(O)C=C3)CN3CCC[C@@H]3C2)=CC=C1O;CN1C(=O)C2=C(C3=CC=CC=C3)N(C3CCCCC3)C=C2N(C)C1=O;CC(C)OC1=CC=C([C@H](CC(=O)N2CCCC2)C2=CC=CC=C2)C=C1;CC(C)OC1=CC=C([C@@H](CC(=O)N2CCCC2)C2=CC=CC=C2)C=C1;C[C@]12C(=O)N(C3CCCC3)CC(=O)N1CCC1=C2NC2=CC=CC=C12;COC1=C(C(=O)C(C)C2C(O)CCCN3CCCC23)OC(O)=C1C;COC1=CC=C2NC3=C(CN(C(=O)CN4C(C)=CC=C4C)CC3)C2=C1;O=C1[C@@H]2CC3=C(CN2C(=O)CN1C1CCCCC1)NC1=CC=CC=C31;O=C(CC1=CC=CC2=CC=CC=C12)OC[C@H]1CCCN2CCCC[C@@H]12;COC1=CC=CC(CN2CCN3C(=O)N(C4=CC=CC=C4)C[C@H]3C2)=C1;CC1C2=C(C[C@H]3C(=O)N(C4CCCC4)CC(=O)N13)C1=CC=CC=C1N2
m_b0ce2a,CCN(Cc1nc(C(C)(C)C)no1)c1cccc(F)c1;Cc1nc(CNc2nc(C3CCCC3)ns2)[nH]c1C;CCOC1CC1C(=O)N(C)Cc1ccc(C(=O)O)cc1;Cn1c(N2CCCC(C(=O)O)C2)nc2c(F)cccc21;Fc1ccc(Cc2noc(NCC3CCCO3)n2)cc1;COC1=CC=C(CC(=O)NC2CCCCC2)C=C1OC;COC1=CC=C(CCNC(=O)C2CCCC2)C=C1OC;OCC1=CC=C([C@H]2C[C@@H](O)C[C@H]3CCCCN32)C=C1O;OCC1=CC=C([C@H]2C[C@@H](O)C[C@@H]3CCCCN32)C=C1O;CCCCC(=O)C1CCC2=C(O)N=C(C)C(OC)=C2C1;CC1=CC=CC(O)=C1C(=O)CC1CCCN1CCCO;CCCCCC1=CC(O)=C(C2CCCC(=O)N2)C(O)=C1;COC1=CC=C(C(=O)CCN2CCC[C@H]2C(=O)O)C=C1;COC1=CC=C(C(=O)CCN2CCC[C@@H]2C(=O)O)C=C1;CCCOC1=CC=C(C(=O)N2CCC[C@H]2C(=O)O)C=C1;CCCOC1=CC=C(C(=O)N2CCC[C@@H]2C(=O)O)C=C1;O=C(N[C@H]1CCCC[C@H]1C(=O)O)OCC1=CC=CC=C1;O=C(N[C@H]1CCCC[C@@H]1C(=O)O)OCC1=CC=CC=C1;O=C(N[C@@H]1CCCC[C@H]1C(=O)O)OCC1=CC=CC=C1;O=C(N[C@@H]1CCCC[C@@H]1C(=O)O)OCC1=CC=CC=C1;COC1=CC=C([C@H]2C[C@@H](O)C[C@@H]3CCCCN32)C=C1O;CCCCCC1=CC(O)=CC(O)=C1C1CCCC(=O)N1;COC1=CC([C@@H]2NCC[C@@]3(O)CCCC[C@@H]23)=CC=C1O;CC1=C[C@H]2CC(=O)[C@@]3(O)CCCN4CC[C@H](O)[C@H]2[C@@]43C1;CC(C)OC1=CC=C(C(=O)N2CCC[C@H]2C(=O)O)C=C1
m_b11a90,COC(=O)c1cnccc1NC(=O)c1cnn(-c2ccccn2)c1C;CCOC(=O)c1sc(NC(=O)NCCCc2nc[nH]n2)cc1C;CC(C)(C)S(=O)(=O)CCNC(=O)c1cccc(-n2cnnn2)c1;CN(C)S(=O)(=O)N1CCN(C(=O)c2ccc3[nH]cnc3c2)CC1;Cc1nc2ccc(NC(=O)C3CC3)cc2c(=O)n1-c1ccc(F)cc1;COC1=CC=C(C(=O)C2=NC=C(C)C3=CC(OC)=C(OC)C=C23)C=C1;CC1=CC(C)=CC(NC(=O)COC2=CC=C3C(C)=CC(=O)OC3=C2)=C1;CC1=CC=C(NC(=O)COC2=CC=C3C(C)=CC(=O)OC3=C2)C=C1C;CCOC1=CC=C2OC(C)=C(C(=O)NC3=CC=C(C(C)=O)C=C3)C2=C1;CC1=CC=C(NC(=O)COC2=CC=C3C(C)=CC(=O)OC3=C2)C(C)=C1;CC1=CC=C(C)C(NC(=O)COC2=CC=C3C(C)=CC(=O)OC3=C2)=C1;CCOC1=CC=CC(=O)C2=C(C)N(NC(=O)C3=CC=NC=C3)C(C)=C12;CCC1=CC=C(NC(=O)COC2=CC=C3C(C)=CC(=O)OC3=C2)C=C1;CC1=CC=CC(NC(=O)COC2=CC=C3C(C)=CC(=O)OC3=C2)=C1C;O=C(CCCCCN1C(=O)C2=CC=CC=C2C1=O)NC1=CC=CC=N1;COC1=CC=C(CCNC(=O)C2=CN=C3C=C(C)C=CN3C2=O)C=C1;COC1=CC=C(NC(=O)C2=CN(C(C)C)C(=O)C3=CC=CC=C23)C=N1;CCC1=CC=CC(NC(=O)COC2=CC=C3C(C)=CC(=O)OC3=C2)=C1;CCOC(=O)C1=C(C)C2=CC=C(NC(=O)C3=CC=CC=C3C)C=C2O1;CCOC(=O)C1=C(C)C2=CC(NC(=O)C3=CC=CC=C3C)=CC=C2O1;CC1=CC=C(CNC(=O)COC2=CC=C3C(C)=CC(=O)OC3=C2)C=C1;CCOC1=CC=CC(=O)C2=C(C)N(C3=CC=C(C(=O)O)C=C3)C(C)=C12;O=C(CCCCCN1C(=O)C2=CC=CC=C2C1=O)NC1=CC=NC=C1;COC1=CC=C(CNC(=O)C2=CC(C3=CC=C(OC)C=C3)=NN2)C=C1;CC1=CC(=O)OC2=CC(OCC(=O)NCCC3=CC=CC=C3)=CC=C12
m_b4039c,CCC1CN(C)CCN1C(=O)c1cnc2c(cnn2C)c1OC;Cc1cc(C)n(CC(=O)NC2CCCOC2c2cnn(C)c2)n1;CCc1nn(C)cc1C(=O)NC1CCCOC1c1cnn(C)c1;Cc1nnc(C2CCCN(C(=O)c3ccnn3C(C)C)C2C)o1;CCc1[nH]ccc1C(=O)NCC1CC(c2nncn2C)CC1O;O=C(N[C@H]1CO[C@H]2[C@@H]1OC[C@H]2OCC1=CC=CC=C1)C1CCC1;CC1=C/C(=C\CCCN2CCC[C@H]2[C@H]2C=C(C)C(=O)O2)OC1=O;CC1=C/C(=C\CCCN2CCC[C@H]2[C@@H]2C=C(C)C(=O)O2)OC1=O;CC1=C/C(=C/CCCN2CCC[C@H]2[C@H]2C=C(C)C(=O)O2)OC1=O;CC1=C/C(=C/CCCN2CCC[C@H]2[C@@H]2C=C(C)C(=O)O2)OC1=O;CC1=C/C(=C/CCCN2CCC[C@@H]2[C@H]2C=C(C)C(=O)O2)OC1=O;CC1=C/C(=C/CCCN2CCC[C@@H]2[C@@H]2C=C(C)C(=O)O2)OC1=O;CC1=CC(C(=O)NC[C@H]2[C@@H]3CC(=O)N(C4CC4)[C@@H]3C[C@@H]2C)=NO1;O=C(OC[C@@H]1CCCN2CCCC[C@H]12)C1=CC=C2OCOC2=C1;CCC(CC)C(=O)N1C[C@@H]2OC3=NC=CC=C3C(=O)N(C)[C@@H]2C1;COC(=O)C1=C(N)C=C([C@H]2[C@@H]3CCCC[C@@H]3C=C[C@@H]2C)OC1=O;CC1=CC=C2CN(C(=O)NC(C)C)CC[C@H]3COC(=O)N3C2=C1;CC1=C[C@H]([C@@H]2CCCN3CCC[C@H]3[C@]23C=C(C)C(=O)O3)OC1=O;CC(=O)N1CC[C@@]2(O)CCCC[C@H]2[C@@H]1C1=CC=C2OCOC2=C1;CC(=O)O[C@H]1C[C@@H]2C[C@@H](OC(=O)CC3=CC=CC=C3)[C@H](C1)N2C;CC(=O)O[C@@H]1C[C@H]2C[C@@H](OC(=O)CC3=CC=CC=C3)C[C@@H]1N2C;CCOC1=CC=C(C(=O)OC[C@H]2CCCN3CCCC[C@@H]23)C=C1;CCC(=O)N1CC[C@H]2CC(=O)NC3=CC=CN=C3OCC[C@H]2C1;COC1=CC2=C(C=C1CCC=CC(=O)N1CCCCC1)OCO2;CC[C@H](C)C[C@H](NC(=O)C1=CC=CC2=C1CCC2=O)C(=O)OC
m_b43690,CC(C)C1CCN1C(=O)c1cccc(Cn2ccnc2)c1;O=C(O)CCN(C(=O)CC1CCCC1)C1CCOCC1;O=C(CC1CCCCCC1)N1CCC(O)(C(=O)O)CC1;Cc1[nH]ncc1C(=O)N1CCCC(c2ccccc2)CC1;Cc1n[nH]c(C)c1CC(=O)N(C)C1Cc2ccccc2C1;O=C(C1CC1)N1CC[C@H](C2=NN=C(C3=CC=CC=C3)O2)C1;O=C(C[C@H](CC1=CC=CC=C1)C1=CC=CO1)N1CCCC1;O=C(C[C@@H](CC1=CC=CC=C1)C1=CC=CO1)N1CCCC1;CC(C)(C)[C@H]1CCC2=NC3=CC=CC=C3C(C(=O)O)=C2C1;CC(C)(C)[C@@H]1CCC2=NC3=CC=CC=C3C(C(=O)O)=C2C1;CC(=O)C1=C(NC(=O)CC2=CC=CC=C2)C[C@H]2[C@@H]1C2(C)C;CC(=O)C1=C(NC(=O)CC2=CC=CC=C2)C[C@@H]2[C@H]1C2(C)C;CC1(C)[C@H]2CC[C@]1(C)C(=O)C2=CNC(=O)C1=CC=CC=C1;CC1(C)[C@H]2CC[C@]1(C)C(=O)/C2=C\NC(=O)C1=CC=CC=C1;CC1(C)[C@@H]2CC[C@@]1(C)C(=O)C2=CNC(=O)C1=CC=CC=C1;CC1(C)[C@@H]2CC[C@@]1(C)C(=O)/C2=C\NC(=O)C1=CC=CC=C1;C/C(NC(=O)CC1=CC=CC=C1)=C1/C(=O)C[C@@H]2[C@H]1C2(C)C;COC(=O)[C@H](CC1=CC=CC=C1)N(C)CC1=CC=CC=C1;COC(=O)[C@@H](CC1=CC=CC=C1)N(C)CC1=CC=CC=C1;CC(C)[C@](O)(C(=O)OCC1=CCN2CCC[C@@H]12)[C@H](C)O;CC(C)[C@](O)(C(=O)OCC1=CCN2CCC[C@@H]12)[C@@H](C)O;CC(C)[C@@](O)(C(=O)OCC1=CCN2CCC[C@H]12)[C@@H](C)O;CC(C)[C@@](O)(C(=O)OCC1=CCN2CCC[C@@H]12)[C@H](C)O;CC(C)[C@@](O)(C(=O)OCC1=CCN2CCC[C@@H]12)[C@@H](C)O;CC(C)[C@@](O)(C(=O)OCC1=CCN2CCC[C@@H]12)C(C)O
m_b51204,CCC(CC)c1cc(C(=O)N2CCCCC2C(=O)O)on1;CCC(C)C(N)C(=O)NC(Cc1ccc(O)cc1)C(=O)O;CC(C)CN1CC(C(=O)NCC(C)c2ncon2)CC1=O;Cc1noc(C)c1CC(C)C(=O)NC1(C(=O)O)CCCC1;CC(C)N1C(=O)CN(Cc2cc(=O)c(O)co2)CC1(C)C;CC(=O)O[C@@H]1C=C(C(=O)O)CC[C@H]1[C@H](C)CCC=C(C)C;CC[C@H](C)/C=C/[C@@H]1CC(=O)C(C)=C(CC[C@H](C)C(=O)O)O1;C=C1C2C(CC(=O)O)OC(O)C3C2C(C(C)C)CCC13C;COC(=O)C1=C[C@H](O)[C@@H](C(C)C)C[C@@H]2C(C(=O)O)=CC[C@@H]12;COC(=O)C1=CC(O)=C([C@@H](C)CC(=O)CC(C)C)C=C1O;CC(=O)OC[C@H]1[C@H]2C(C(=O)O)=C(C)[C@]1(C)CC[C@@H]2C(C)C;C[C@@H](CO)[C@H]1OC(C)(C)OC[C@@]1(C)OCC1=CC=CC=C1;COC(=O)CCCCCC[C@H](O)/C=C/[C@H]1C=CC(=O)[C@@H]1C;CC(=O)[C@@H](C)[C@H]1CC[C@H]2[C@H](CCC(=O)O)C(=O)CC[C@]12C;CCCCCCCC1=CC(O)=CC(O)=C1C(=O)OC(C)C;CC(C)=CCC[C@]1(C)O[C@@]2(C[C@H]1O)OC(C(C)C)=CC2=O;CC(C)=CCC[C@@]1(C)O[C@@]2(C[C@@H]1O)OC(C(C)C)=CC2=O;CC(=O)OC[C@@H](C)[C@H]1CC(=O)[C@@H](C)CC/C=C(/C)CC1=O;CC(=O)C1=CC(C)=C2O[C@](O)(C[C@H](C)O)[C@@H](C)CC2=C1O;CCC1CC2C(C)(OC=C3CCCCC3C2(C)C(=O)O)O1;CC(=O)O[C@@H]1[C@H](C(C)C)CC[C@@]2(CO)CC(=O)C=C(C)[C@@H]12;CC(=O)OC[C@@]12CC[C@@H](C(C)C)[C@@H](O)[C@@H]1C(C)=CC(=O)C2;CC1CCC2(C)C(C(=O)O)=CCCC2C1(C)CCC(=O)O;COC(=O)CCCCCCCC1=CC=C(OC)C(OC)=C1;COC1=CC(C=COC(=O)CC(C)C)=CC(OC)=C1OC
m_b53b6e,Cc1nnc2n1CC(C(=O)O)N(C(=O)c1sccc1Br)C2;CNC(=O)CC1CN(C(=O)c2c(Br)cccc2OC)CC1O;NC(=O)NC1CCN(C(=O)c2cc3cc(Br)sc3[nH]2)CC1;CC(Oc1ccc(Br)cc1)C(=O)NCc1nc(CO)cs1;CC(=O)N1CCCC(C(=O)NCCc2ccc(F)c(Br)c2)C1;CN(CC[C@H]1CN(C(=O)C2=CC=CO2)CC[C@H]1CC(=O)O)C1=CC=CC=C1;COC1=CC=C(CN2CCC[C@@H](O)[C@H](NC(=O)C3=CC=C(O)C=C3)C2)C=C1;COC1=CC(C=CC(=O)CC(=O)C=CC2=CC=C(O)C(OC)C2)=CC=C1O;CC[C@]12CCCN3CC(O)C4=C([C@H]31)N(C1=CC=CC=C41)[C@@](O)(C(=O)OC)C2;COC1=CC=C(C(=O)NC[C@H](C2=CC=C(OC)C=C2)N2CCOCC2)C=C1;COC1=CC=C(C(=O)NC[C@@H](C2=CC=C(OC)C=C2)N2CCOCC2)C=C1;CO[C@H]1C[C@@H](OC(=O)C2=CC=CC=C2)[C@H](OC(=O)C2=CC=CC=C2)[C@@H](C)O1;CC(=O)C1=CN(CCC(=O)NC[C@H]2CC[C@H](C(=O)O)CC2)C2=CC=CC=C12;COC1=CC=CC(CN2CCC[C@@H](O)[C@H](NC(=O)C3=CC=C(O)C=C3)C2)=C1;COC(=O)C(C(=O)OC)(C1=CC=C(N(C)C)C=C1)C1=CC=C(N(C)C)C=C1;COC(=O)[C@@]12C[C@H]3C[C@H]([C@@H](O)CO)[C@@H]1N(CC[C@@H]1C2=NC2=CC=CC=C21)C3;COC(=O)[C@@]12C[C@H]3C[C@H]([C@@H](O)CO)[C@@H]1N(CCC1=C2NC2=CC=CC=C12)C3;CC(=O)N1CCC2(CC1)OC(=O)C(C)=C2C(=O)NCCCC1=CC=CC=C1;CC[C@@]12CC(C(=O)OC)=C3NC4=CC=CC=C4[C@@]34CCN(C[C@@H](O)[C@H]1O)[C@@H]24;O=C1C[C@@H]2CCN(C(=O)C3CC3)C[C@@H]2CCN1CC1=CC=C2OCOC2=C1;CC[C@H]1C[C@@H](O)C2=C(O)C3=C(C(=O)C4=CC=CC(O)=C4C3=O)C(O)=C2[C@H]1O;O=C(N[C@H]1C[C@@H](NC(=O)C2=CC=CC=C2)[C@@H](O)[C@H](O)[C@@H]1O)C1=CC=CC=C1;COC(=O)[C@]1(O)C[C@H]2C[C@@H]([C@H](C)O)CN3CCC4=C([C@@H]23)N1C1=CC=CC=C41;COC(=O)[C@@]12C[C@@H]3C[C@@H](C(C)O)[C@@H]1N(CC[C@]21NC2=CC=CC=C2C1=O)C3;COC1=CC([C@@H]2OC[C@@H]3[C@H]2CO[C@H]3C2=CC=C(O)C=C2)=CC=C1OC(C)=O
m_b6b7fe,CC1CN(Cc2ccccc2)CC1C(=O)NCc1nc2cccnc2[nH]1;CN(C(=O)c1ccc2nc[nH]c2n1)C1CCCN(Cc2ccccc2)C1;CC1(C)COC(c2ccccc2)CN1c1nccn2c(C3CC3)nnc12;CC1CN(Cc2ccccc2)CCCN1C(=O)c1cncc2nc[nH]c12;O=C(NCc1nc2cccnc2[nH]1)C1CCCCN1Cc1ccccc1;CC(=O)N[C@@]12CCN(CC3=CC=CC=C3)C[C@@H]1[C@@H](C1=CC=CC=C1)NC2;O=C1C[C@@H]2CCN(CC3=CC=CC=C3)C[C@@H]2CCN1CC1=CC=CN=C1;COC1=CC=CC=C1CN1CC[C@H](C2=NN=C(CC3=CC=CC=C3)O2)C1;CC1=C(CC2=CC=CC=C2)C(=O)OC2=C(CN3CCCC3)C(O)=CC=C12;O=C1C=C(CN2CCC(CC3=CC=CC=C3)CC2)C2=CC(O)=CC=C2O1;C[C@H]1CCCN(CC2=C(O)C=CC3=C2OC=C(C2=CC=CC=C2)C3=O)C1;C[C@H]1CCCN(CC2=C(O)C=CC3=C2OC(=O)C=C3C2=CC=CC=C2)C1;C[C@@H]1CCCN(CC2=C(O)C=CC3=C2OC=C(C2=CC=CC=C2)C3=O)C1;C[C@@H]1CCCN(CC2=C(O)C=CC3=C2OC(=O)C=C3C2=CC=CC=C2)C1;CC(C)CCNC(=O)C1=CC=C(CN2C=NC3=CC=CC=C3C2=O)C=C1;C[C@H]1CCCN(CC2=C(O)C=CC3=C2O/C(=C\C2=CC=CC=C2)C3=O)C1;C[C@@H]1CCCN(CC2=C(O)C=CC3=C2O/C(=C\C2=CC=CC=C2)C3=O)C1;CC1=CC=C(CN2C[C@H](O)C[C@H]2C2=NC(CC3=CC=CC=C3)=NO2)C=C1;COC1=CC=CC(CNC(=O)C2=CC=C3C(=C2)N=CN3C2CCCC2)=C1;CC1CCN(CC2=CC(=O)OC3=CC(C4=CC=CC=C4)=C(O)C=C23)CC1;COC1=CC=C(C2=CNC([C@@H]3COCCN3CC3=CC=CC=C3)=N2)C=C1;CC1CCN(CC2=C(O)C=CC3=C2OC(=O)C=C3C2=CC=CC=C2)CC1;C[C@H]1CCCCN1CC1=CC(=O)OC2=CC(C3=CC=CC=C3)=C(O)C=C12;C[C@@H]1CCCCN1CC1=CC(=O)OC2=CC(C3=CC=CC=C3)=C(O)C=C12;CC1CCN(CC2=C(O)C=CC3=C2OC(=CC2=CC=CC=C2)C3=O)CC1
m_b70863,CCc1cncc(C(=O)N2CC(N3CC(C(=O)NC)CC3=O)C2)c1;CNC(=O)C1CC(=O)N(C2CN(C(=O)Cc3ccc(C)nc3)C2)C1;COC1CN(Cc2cccc3c2OCCCO3)CC1c1c[nH]nn1;CC(NC(=O)N(C)Cc1cnn(C)c1)c1ccc2c(c1)OCCO2;CCc1noc(-c2ccc(CCNC(=O)N3CCOCC3)cc2)n1;COC1=CC=C(CN2C(=O)CO[C@H]3CN(C(=O)C4CC4)C[C@H]32)C=C1;COC1=CC=C(C(=O)N2C[C@@H]3OCC(=O)N(CC4CC4)[C@@H]3C2)C=C1;CC(C)CCNC(=O)[C@@H]1CCC(=O)N1[C@H]1OC(=O)C2=CC=CC=C21;CC(C)CCNC(=O)[C@@H]1CCC(=O)N1[C@@H]1OC(=O)C2=CC=CC=C21;CC(C)CCNC(=O)[C@@H]1CCC(=O)N1C1OC(=O)C2=CC=CC=C21;O=C(O)C1=CC=C(CN2C[C@@H]3OCC(=O)N(CC4CC4)[C@@H]3C2)C=C1;CN1C(=O)[C@@H]2C[C@@H](CN2C(=O)C2CCOCC2)OC2=CC=CC=C21;COC(=O)C1=CC=CC2=C1OC([C@H]1CCN(C3CCOCC3)C1)=N2;COC1=CC=C(CC(=O)N[C@H]2C[C@@H](C3=NC(C)=NO3)N(C)C2)C=C1;CCCCCNC(=O)[C@@H]1CCC(=O)N1[C@H]1OC(=O)C2=CC=CC=C21;CCCCCNC(=O)[C@@H]1CCC(=O)N1[C@@H]1OC(=O)C2=CC=CC=C21;CCCCCNC(=O)[C@@H]1CCC(=O)N1C1OC(=O)C2=CC=CC=C21;O=C(C1=CC=CN=C1)N1CCN2C(=O)N(C3CCOCC3)C[C@H]2C1;CC(=O)N1C[C@H]2C[C@@H](O)CN2C2(C1)CN(C(=O)C1=CC=CN=C1)C2;CC(=O)N1C[C@@H]2C[C@@H](O)CN2C2(C1)CN(C(=O)C1=CC=CN=C1)C2;CC(=O)N1CC2(C1)CN(C(=O)C1=CC=CN=C1)C[C@H]1C[C@@H](O)CN12;CC(=O)N1CC2(C1)CN(C(=O)C1=CC=CN=C1)C[C@@H]1C[C@@H](O)CN12;COCCN1C(=O)[C@@H]2C[C@@H](CN2C(=O)C2CC2)OC2=CC=CC=C21;CC1(C)C(C(=O)O)C1C(=O)N1C[C@@H]2C[C@@H](C1)C1=CC=CC(=O)N1C2;CCN1N=C(C)C=C1C(=O)N1CCOC[C@H](OC2=CC=CN=C2)C1
m_b7be8a,O=C(NCc1ccc(Cl)cc1Cl)C1CC(O)CN1;O=C(NCc1c(Cl)cccc1Cl)C1CC(O)CN1;O=C(Cc1c(Cl)cccc1Cl)NC1CNCC1O;COC1=CC(=O)c2c(cc3c(c2O)C(=O)OC(C)C3)C1=O;COc1cc(O)c2c(=O)c3c(O)c(OC)ccc3oc2c1;O=C(O)C1=CC(CC2=CC=C(O)C(C(=O)O)=C2)=CC=C1O;O=C1O[C@@H](C2=CC=C(O)C(O)=C2)CC2=CC(O)=CC(O)=C12;O=C(O)C[C@@H]1CC2=CC3=CC=CC(O)=C3C(O)=C2C(=O)O1;O=C(O)C1=CC(O)=C(CO)C=C1C(=O)C1=CC=CC=C1O;COC(=O)C1=CC=CC(O)=C1C(=O)C1=C(O)C=CC=C1O;O=C(CC1=CC=CC(O)=C1C(=O)O)C1=CC=C(O)C(O)=C1;O=C1C2=C(C=C(O)C(O)=C2O)O[C@H](C2=CC=CC=C2)[C@@H]1O;OC1=CC=C2C(=C1)O[C@@H]1C3=CC(O)=C(O)C=C3O[C@H]2[C@@H]1O;O=C1OC(C2=CC=C(O)C(O)=C2)CC2=C1C=CC(O)=C2O;O=C1C2=C(O)C=C(O)C=C2O[C@H](C2=CC=CC=C2O)[C@H]1O;O=C1C2=C(O)C=C(O)C=C2O[C@@H](C2=CC=CC=C2O)[C@H]1O;O=C(COC1=CC=CC=C1C(=O)O)C1=CC=C(O)C=C1O;CC1=CC(O)=C2C(=C1)OC(=O)C1=C(O)C=CC(O)=C1C2O;O=C1C2=C(O)C=C(O)C=C2O[C@H](C2=CC=CC(O)=C2)[C@H]1O;CC1=CC(O)=C(C(=O)C2=CC=CC(O)=C2C(=O)O)C(O)=C1;CC1=CC(O)=C(C(=O)C2=C(O)C=CC=C2O)C(C(=O)O)=C1;CC1=CC(O)=C(C(=O)C2=C(O)C=CC=C2C(=O)O)C(O)=C1;CC1=CC(C(=O)O)=C(O)C(C(=O)C2=C(O)C=CC=C2O)=C1;O=C(O)C1=CC(O)=CC(O)=C1C(=O)CC1=CC=C(O)C=C1;O=C(CC1=CC(O)=CC(O)=C1C(=O)O)C1=CC=C(O)C=C1
m_b7d932,CCc1cccc(S(=O)(=O)N2CCC(Cc3nncn3C)CC2)c1;CC(C)c1nc(C=Cc2cnn(Cc3ccccc3)c2)ncc1C(=O)O;NC(=O)c1ccn(-c2ccc(NC(=O)CCCc3ccccc3)cc2)n1;CN(Cc1cnn(-c2ccccc2)c1)C(=O)NC1COc2ccccc21;Cc1ccc(S(=O)(=O)N2CCN(CCCn3ccnc3)CC2)cc1;CCOC(=O)[C@H]1C(=O)C[C@](C)(O)[C@@H](C(=O)OCC)[C@H]1C1=CC=CC=C1;CCOC(=O)[C@H]1C(=O)C[C@](C)(O)[C@@H](C(=O)OCC)[C@@H]1C1=CC=CC=C1;CCOC(=O)[C@@H]1C(=O)C[C@](C)(O)[C@@H](C(=O)OCC)[C@H]1C1=CC=CC=C1;CCOC(=O)[C@@H]1C(=O)C[C@](C)(O)[C@@H](C(=O)OCC)[C@@H]1C1=CC=CC=C1;CC1CCCCCC(O)C(=O)C(OC(=O)C2=CC=CC=C2)CC(=O)O1;O=C1C=C[C@H](O)[C@H](C[C@H](O)C[C@@H](O)C[C@H](O)/C=C/C2=CC=CC=C2)O1;O=C(NC1=CC=CC=C1)N1CC[C@H](C2=NN=C(CC3=CC=CC=C3)O2)C1;C=C1C(=O)O[C@H]2C[C@]3(CO)C=COC=C(COC(=O)C(C)C)[C@@H]3C[C@H]12;C=C1C(=O)O[C@@H]2/C=C(\COC(C)=O)CCC=C(COC(C)=O)CC[C@@H]12;C=C1C(=O)O[C@@H]2/C=C(/COC(C)=O)CC/C=C(/COC(C)=O)CC[C@@H]12;OC1=CC=C(CC[C@H](O)C[C@@H](O)CCC2=CC=C(O)C(O)=C2)C=C1O;OC1=CC=C(CC[C@@H](O)C[C@H](O)CCC2=CC=C(O)C(O)=C2)C=C1O;OC1=CC=C(CC[C@@H](O)C[C@@H](O)CCC2=CC=C(O)C(O)=C2)C=C1O;COC1=CC(CCC2=CC(OC)=C(OC)C(OC)=C2)=CC(O)=C1OC;COC1=CC(C[C@H](CO)[C@H](CO)CC2=CC=C(O)C(O)=C2)=CC=C1O;COC1=CC(C[C@H](CO)[C@@H](CO)CC2=CC=C(O)C(O)=C2)=CC=C1O;COC1=CC(C[C@@H](CO)[C@H](CO)CC2=CC=C(O)C(O)=C2)=CC=C1O;COC1=CC(C[C@@H](CO)[C@@H](CO)CC2=CC=C(O)C(O)=C2)=CC=C1O;O=C(N[C@H]1CO[C@H]2[C@H]1OC[C@@H]2OCC1=CC=CC=C1)N1CCOCC1;O=C(N[C@H]1CO[C@H]2[C@@H]1OC[C@H]2OCC1=CC=CC=C1)N1CCOCC1
m_b81b9d,COc1ccc(C(=O)Nc2cncc3ccccc23)cn1;COc1ccncc1NC(=O)c1ccc2ccccc2n1;O=C(O)c1ccc(NC(=O)C2CC3CCC2O3)c(F)c1;CCOc1ccccc1OCC(=O)NC1(C(=O)O)CC1;Cc1ccc(S(=O)(=O)N(C)C2CCCC2C#N)cn1;COC(=O)C1=CC=C(C2=NC=C(C3=CC=CC=C3)O2)C=C1;CC[C@H](CCC(=O)NC1=CC=CC=C1C(=O)O)C(=O)O;CC[C@@H](CCC(=O)NC1=CC=CC=C1C(=O)O)C(=O)O;CC(=O)NC1=C(C)C=CC2=C1C(=O)C1=CC=CC=C1C2=O;COC(=O)[C@H](NC(C)=O)[C@@H](OC(C)=O)C1=CC=CC=C1;COC1=CC=C(C=CNC(=O)C=CC2=CC=CC=C2)C=C1;COC1=CC=C(C2=CC(C(=O)O)=C3C=CC=CC3=N2)C=C1;COC1=CC=CC=C1C1=CC(C(=O)O)=C2C=CC=CC2=N1;CC(=O)NC1=CC=C(C(=O)C2=CC3=CC=CC=C3O2)C=C1;COC1=CC=CC(C2=CC(C(=O)O)=C3C=CC=CC3=N2)=C1;COC(=O)C1=CC=C(C=C2C(=O)NC3=CC=CC=C23)C=C1;C=C(C)C(=O)OCCN1C2=CC=CC=C2C2=CC=CC=C21;CCOC(=O)C1=CC=C2C(=O)C(C3=CC=CC=C3)=NC2=C1;COC1=CC=C(C(=O)N[C@H]2CO[C@H]3[C@@H]2OC[C@H]3O)C=C1;CC(=O)NCCC1=CC=C(OC(C)=O)C(OC(C)=O)=C1;CC[C@H](CCC(=O)NC1=CC=CC(C(=O)O)=C1)C(=O)O;CC[C@@H](CCC(=O)NC1=CC=CC(C(=O)O)=C1)C(=O)O;CC[C@H](CCC(=O)NC1=CC=C(C(=O)O)C=C1)C(=O)O;CCOC1=CC(C=CC(=O)OC)=CC=C1OCC(N)=O;CC(C)N1C=CC2=C(NC(=O)C3=CC=CN=C3)C=CC=C21
m_b8415b,O=C(NCCNc1cnccn1)C1CC1c1ccc(Br)cc1;CS(=O)(=O)c1ccc(F)c(C(=O)Nc2cccc(-c3nnc[nH]3)c2)c1;O=C(CSc1ccccc1)Nc1cc(N2CCCC2=O)ccc1Cl;Cc1oc(CN(C)C(=O)c2ccc3c(c2)NC(=O)CS3)cc1C(=O)O;CN1CCC(c2nc(-c3ccc(OCC(F)F)cn3)no2)S1(=O)=O;COC(=O)C1=CC=C(O)C2=C1C(=O)C1=C(OC)C=C(CCO)C(O)=C1O2;COC(=O)C1=C(O)C=CC2=C1C(=O)C1=C(O)C=C(C(OC)OC)C=C1O2;O=C(O)C[C@@H](OC(=O)/C=C/C1=CC=C(O)C(O)=C1)C1=CC=C(O)C(O)=C1;O=C/C(=C\C1=CC=C(O)C(O)=C1)O[C@H](CC1=CC=C(O)C(O)=C1)C(=O)O;COC1=C(O)C=C2C(=O)C3=C(OC)C(CO)=CC(O)=C3C(=O)C2=C1OC;CC1=CC(O)=C(CO)C2=C1C(=O)OC1=C(O)C(C(=O)O)=C(C)C(C)=C1O2;O=C(C=CC1=CC=C(O)C(O)=C1)O[C@@H](CC1=CC=CC(O)=C1O)C(=O)O;O=C(/C=C\C1=CC=C(O)C(O)=C1)O[C@@H](CC1=CC=CC(O)=C1O)C(=O)O;O=C(/C=C\C1=CC=C(O)C(O)=C1)OC1=CC=C(C[C@@H](O)C(=O)O)C=C1O;COC(=O)[C@@H]1C2=C(C=C[C@H]1O)OC1=CC(COC(C)=O)=CC(O)=C1C2=O;COC1=C(O)C=C(O)C2=C1O[C@H](C1=CC=C(O)C=C1)[C@H](OC(C)=O)C2=O;COC1=C(O)C=C(O)C2=C1O[C@H](C1=CC=C(O)C=C1)[C@@H](OC(C)=O)C2=O;COC1=C(O)C=C(O)C2=C1O[C@H](C1=CC=C(O)C=C1)C(OC(C)=O)C2=O;C=CC1=C(C(C(=O)OC)C(=O)OC)C(=O)C2=C(OC(C)=O)C=CC=C2O1;O=C1O[C@H](C2=CC(O)=C(O)C(O)=C2)[C@H]2CO[C@H](C3=CC=C(O)C(O)=C3)[C@@H]12;COC1=CC=C(C2=C(O)C(=O)C3=C(O)C(O)=C(OC)C=C3O2)C=C1OC;COC1=CC(O)=C(C2=CC(=O)C3=C(O)C=C(O)C(OC)=C3O2)C=C1OC;COC1=C(OC)C(O)=C2C(=O)C=C(C3=CC=C(O)C=C3O)OC2=C1OC;COC1=C(O)C=C2O[C@H](C3=CC=C(O)C=C3)[C@@H](OC(C)=O)C(=O)C2=C1O;COC1=C(O)C=C2O[C@H](C3=CC=C(O)C=C3)C(OC(C)=O)C(=O)C2=C1O
m_b8a6f4,CC1CN(Cc2ccccc2NC(=O)c2cccnc2O)CC(C)O1;Cc1nn(-c2ccc(C(=O)NC3CC3C)cc2)c(C)c1CCC(=O)O;CC1CN(C(=O)Nc2ccnc(OCc3ccccc3)c2)CCCO1;CC(O)C1CCN(C(=O)Nc2ccnc(OCc3ccccc3)c2)C1;CNC(=O)c1cccc(NC(=O)CC2(n3cccc3)CCOCC2)c1;COC1=CC2=C(C=C1OC)[C@H](C)N(C(=O)COC1=CC=CC=C1)CC2;CCCCOC(=O)C1=CC=C(NC(=O)CCOC2=CC=CC=C2)C=C1;COC1=CC=C(CC(=O)N2CCOC[C@H](OC3=CC=CC=C3)C2)C=C1;CC(=O)C1=CC(C[C@H]2CNCC[C@H]2CC(=O)NC2=CC=CC=C2)=NO1;CCCCOC(=O)C1=CC=C(NC(=O)C2=CC=CC=C2OCC)C=C1;CC1=CC=CC=C1[C@H]1C[C@@H](O)[C@@H](O)[C@@H]1NC(=O)COC1=CC=CC=C1;O=C(N[C@@H]1CN(CC2=CC=CC=N2)CCC[C@H]1O)C1=CC=C(O)C=C1;O=C(NC[C@H]1CN2C(C3=CC=CC=C3)=CN=C2CO1)C1CCOCC1;COC1=CC=C(CCNC(=O)[C@H]2OCCC3=CC=CC=C32)C=C1OC;COC1=CC=C(CCNC(=O)[C@@H]2OCCC3=CC=CC=C32)C=C1OC;O=C(NC[C@H]1OC[C@@H](NCC2=CC=CC=C2)[C@@H]1O)NC1=CC=CC=C1;COC1=CC=C(CC(=O)N[C@H]2[C@H](O)[C@H](O)C[C@@H]2C2=CC=CC=C2)C=C1;COC[C@@H]1CN(C(=O)C2=C(C)OC(C)=C2)[C@H]2C3=CC=CC=C3OC[C@@H]12;COC1=CC=C(CCNC(=O)[C@H]2COC3=CC=CC=C3C2)C=C1OC;COC1=CC=C(CCNC(=O)[C@@H]2COC3=CC=CC=C3C2)C=C1OC;COC(=O)[C@]1(CC2=CC=CC=C2)NCCC2=CC(OC)=C(OC)C=C21;COC(=O)[C@@]1(CC2=CC=CC=C2)NCCC2=CC(OC)=C(OC)C=C21;COC(=O)[C@@H]1CC2=C(CN1C(=O)CC1=CC=CC=C1)N(C(C)C)C=N2;COC1=CC=C(CC(=O)N[C@H](CC(C)=O)C2=CC=CC=C2)C=C1OC;COC1=CC=C(CC(=O)N[C@@H](CC(C)=O)C2=CC=CC=C2)C=C1OC
m_b8f328,Cc1cc(NC(=O)c2cccc(F)c2)sc1C(=O)NCCc1cccs1;O=C(NCCc1nc(-c2ccc3c(c2)OCO3)n[nH]1)c1ccc(F)c(Cl)c1;O=C(CN1CCC(c2nnc(C(F)(F)F)o2)CC1)Nc1cccc(Cl)c1;O=C(O)C1CN(C(=O)CCc2nc3cc(C(F)(F)F)ccc3s2)CCO1;CS(=O)(=O)N1CCC(N(CC(=O)O)C(=O)COc2ccc(F)cc2)CC1;COC(=O)[C@H]1[C@H](C2=CC=C(O)C(O)=C2)[C@H](C(=O)OC)[C@@H]1C1=CC=C(O)C(O)=C1;COC(=O)[C@H]1[C@@H](C2=CC=C(O)C(O)=C2)[C@@H](C(=O)OC)[C@H]1C1=CC=C(O)C(O)=C1;COC(=O)C1C(C(=O)OC)C(C2=CC=C(O)C(O)=C2)C1C1=CC=C(O)C(O)=C1;COC1=CC(C[C@@]2(O)C(=O)OC[C@@H]2C(=O)C2=CC=C(O)C(OC)=C2)=CC=C1O;COC1=CC=C(C[C@H]2COC(=O)[C@@H]2CC2=CC(=O)OC(C(=O)O)=C2)C=C1OC;COCCOC(=O)C1=C(C)OC2=CC=C(OCC3=CC=C(C(=O)OC)O3)C=C12;O=C1C[C@H](C2=CC=CC=C2)C2=C(O)C=C(O)C(C(=O)CCC3=CC=CC=C3)=C2O1;O=C1C[C@@H](C2=CC=CC=C2)C2=C(O)C=C(O)C(C(=O)CCC3=CC=CC=C3)=C2O1;CC1=CC(O)=C(C(=O)C2=C(O)C=CC=C2O)C2=C1OC(C)(C)[C@@H](CO)OC2=O;COC(=O)C1=CO[C@H](O)[C@@H]2C(CO)=C[C@H](OC(=O)/C=C\C3=CC=C(O)C=C3)[C@@H]12;COC(=O)[C@H]1C(=O)[C@H](C(=O)OC)[C@@H]2C3=CC=CC=C3[C@H]1[C@@]2(C(C)=O)C(=O)OC;COC(=O)[C@H]1C(=O)[C@H](C(=O)OC)[C@@H]2C3=CC=CC=C3[C@H]1C2(C(C)=O)C(=O)OC;COC(=O)[C@@H]1C(=O)[C@H](C(=O)OC)[C@@H]2C3=CC=CC=C3[C@H]1C2(C(C)=O)C(=O)OC;O=C(O[C@@H]1O[C@H](C(=O)O)[C@@H](O)[C@H](O)[C@H]1O)C(C1=CC=CC=C1)C1=CC=CC=C1;CC[C@](CC1=CC=C(O)C(O)=C1)(OC(=O)/C=C/C1=CC=C(O)C(O)=C1)C(=O)O;COC1=CC([C@H]2OC3=C(OC)C=C4CCC(=O)OC4=C3O[C@H]2CO)=CC=C1O;OC[C@@H]1[C@@H](C2=CC=C3OCOC3=C2)OC[C@]1(O)[C@H](O)C1=CC=C2OCOC2=C1;COC1=CC(C[C@@]2(O)C(=O)OC[C@@H]2CC2=CC=C3OCOC3=C2)=CC(O)=C1O;O=C(O)C1OC(OC2C3=CC4=CC=CC=C4C=C3C=CC2O)C(O)C(O)C1O;COC1=CC([C@H]2OC(=O)[C@H]3[C@@H]2CO[C@@H]3C2=CC=C(O)C(O)=C2)=CC(OC)=C1O
m_b9f2b4,CCC(CC)c1cc(C(=O)NC2CCN(CC3(O)CCCCC3)CC2)on1;COc1ccc(C(=O)Nc2c(C)c(C3CC3)nn2-c2ccccc2)c(OC)c1;O=C(NCC1(c2ccc(Cl)cc2)CCC1)NCC1(N2CCOCC2)CC1;CCN1CC2(C)CCC(O)C34C5CC6C(OC)CC(O)(C(CC23)C14)C5C6O;O=C(NCc1nnc2n1CCC2)N1CC(OCc2cccc3ccccc23)C1;C[C@H](NC(=O)[C@@H]1CCCN1C(=O)[C@@H]1CC2=CC=CC=C2CN1)C1=CC=CC=C1;C[C@@H](NC(=O)[C@@H]1CCCN1C(=O)[C@@H]1CC2=CC=CC=C2CN1)C1=CC=CC=C1;CC(NC(=O)[C@@H]1CCCN1C(=O)[C@@H]1CC2=CC=CC=C2CN1)C1=CC=CC=C1;COCCN1C=C(CC(=O)N2CCCC[C@H]2C2=CC=CN=C2)C2=CC=CC=C21;CN1C(C[C@H]2CN(CC3=CC=CC=C3)CC[C@H]2CC(=O)O)=NC2=CC=CC=C21;CC(=O)N1CCC2(CC1)N=C(C1=CC=CC=C1O)C[C@H](C1=CC=C(C)C=C1)N2;CC(=O)N1CCC2(CC1)N=C(C1=CC=CC=C1O)C[C@@H](C1=CC=C(C)C=C1)N2;CC(=O)N1CCC2(CC1)N=C(C1=CC=C(C)C=C1)C[C@H](C1=CC=CC=C1O)N2;CC(=O)N1CCC2(CC1)N=C(C1=CC=C(C)C=C1)C[C@@H](C1=CC=CC=C1O)N2;C=C[C@H]1C[N@]2CC[C@H]1C[C@@H]2CNC(=O)NC1=CC=C(OC2=CC=CC=C2)C=C1;C=C[C@H]1CN2CC[C@H]1C[C@@H]2CNC(=O)NC1=CC=C(OC2=CC=CC=C2)C=C1;CCN1C2=CC=C(C)C=C2C(=O)NC12CCN(C(=O)C1=CC=C(C)C=C1)CC2;CC1=CC=C(CC(=O)N2CCC3(CC2)NC(=O)C2=CC(C)=CC=C2N3C)C=C1;O=C1CC(C(=O)N2CCCC[C@H]2C2=CC=CN=C2)CN1CCC1=CC=CC=C1;CCN1C2=CC=CC=C2C(=O)NC12CCN(C(=O)C1=CC(C)=CC(C)=C1)CC2;O=C(CC(C1=CC=CC=C1)C1=CC=CC=C1)OC[C@@H]1CCCN2CCCC[C@H]12;CCN1C2=CC=CC=C2C(=O)NC12CCN(C(=O)CC1=CC=CC=C1C)CC2;CCN1C2=CC=CC=C2C(=O)NC12CCN(C(=O)CC1=CC=C(C)C=C1)CC2;CC1=CC=C2N=C(C[C@H]3CN(CC4=CC=CC=C4)CC[C@H]3CC(=O)O)NC2=C1;CC(C)[C@H](C(=O)N1CCCC[C@@H]1C1=CC=CN=C1)N1CC2=CC=CC=C2C1=O
m_baccbd,CC(C)c1nnc2n1CCN(C(=O)Cn1ncc3ccccc31)C2C;Cc1ncc2c(n1)CCCC2NC(=O)N(C)Cc1c(C)cccc1C;CCC(C)(C)c1ccccc1C(=O)N1CCn2c(nnc2C2CC2)C1;Cc1ccc(-n2nc(C(=O)NC3CC3C3CCNCC3)cc2C)cc1;CC1c2nnc(C3CCCC3)n2CCN1C(=O)c1cc(C#N)cn1C;CC(=O)N[C@H]1[C@H](C2=CC=CC=C2)N(CC2=CC=CC=C2)CC[C@@]1(C)O;C=C[C@H]1CN(C(C)=O)CC[C@H]1CC[C@@H](O)C1=CC=NC2=CC=CC=C12;C/C=C1/[C@H]2CCN3CC[C@@]4(C5=CC=CC(O)=C5N(C(=O)CC)[C@H]4C2)[C@H]13;C/C=C1/[C@@H]2CCN3CC[C@]4(C5=CC=CC(O)=C5N(C(=O)CC)[C@@H]4C2)[C@@H]13;COC1=CC=CC(C(=O)N2CCN(CCCC3=CC=CC=C3)CC2)=C1;CC[C@H]1C[C@H]2CN3CC[C@@H]4C(=NC5=CC=CC=C54)[C@](C(=O)OC)(C2)[C@H]13;CC[C@H]1C[N@]2CC[C@H]1C[C@@H]2COC(=O)NC1=CC=CC2=CC=CC=C12;CC[C@H]1CN2CC[C@H]1C[C@@H]2COC(=O)NC1=CC=CC2=CC=CC=C12;COC1=CC=C([C@H](CNC(=O)C2=CC=CC=C2)N2CCCCC2)C=C1;COC1=CC=C([C@@H](CNC(=O)C2=CC=CC=C2)N2CCCCC2)C=C1;C/C=C1\[C@@H]2CCN3CC[C@]4(C5=CC=CC(OC)=C5N(C(C)=O)[C@@H]4C2)[C@@H]13;C/C=C1/[C@@H]2CCN3CC[C@]4(C5=CC=CC(OC)=C5N(C(C)=O)[C@@H]4C2)[C@@H]13;CC(=O)N1C2=CC=CC=C2[C@@]23CCN4CCC[C@]5(CCO[C@@]452)CC[C@@H]13;COC1=CC=CC=C1C(=O)NC[C@H](C1=CC=C(C)C=C1)N1CCCC1;COC1=CC=CC=C1C(=O)NC[C@@H](C1=CC=C(C)C=C1)N1CCCC1;COC1=CC=C([C@H](CNC(=O)CC2=CC=CC=C2)N2CCCC2)C=C1;COC1=CC=C([C@@H](CNC(=O)CC2=CC=CC=C2)N2CCCC2)C=C1;CC(=O)N1C2=C(O)C=CC=C2[C@@]23CCN4CCC[C@]5(CC[C@]12CC5)[C@H]43;COC1=CC=CC(C(=O)NC[C@H](C2=CC=C(C)C=C2)N2CCCC2)=C1;COC1=CC=CC(C(=O)NC[C@@H](C2=CC=C(C)C=C2)N2CCCC2)=C1
m_bb75e4,COc1ncc(NCc2ccc(Cl)s2)cc1C(N)=O;COc1ncc(NCc2sccc2Cl)cc1C(N)=O;O=C(CSc1nncs1)NCCc1ccccc1F;COC1CC(c2ncn[nH]2)N(c2ncc(Cl)cc2F)C1;OC1(Cn2ccnn2)CCN(c2ncc(Cl)cc2F)C1;COC1=CC=C(C(=O)C2=CC3=C(CO)C=NC(C)=C3O2)C=C1;COC1=CC=C(C2=COC3=CC=C(OCC(N)=O)C=C23)C=C1;COC1=CC=C(C2=C(C3=CC=C(OC)C=C3O)ON=C2)C=C1;COC1=CN=C(C(=O)NC2=CC=CC3=C2C=CN3C)C=C1O;COC1=CC=C2C(CC3=CC=C(O)C(O)=C3)=CN=CC2=C1O;COC1=CC2=CC=NC(CC3=CC=C(O)C(O)=C3)=C2C=C1O;COC(=O)[C@H](C)NC(=O)C1=CC2=C(C=N1)NC1=CC=CC=C12;COC1=CC=C(C2=CN=CC3=C(O)C(OC)=CC=C23)C=C1O;COC1=CC=C2NC(=O)C(O)(CC(=O)C3=CC=CC=C3)C2=C1;COC1=CC=CC=C1C=C(NC(=O)C1=CC=CC=C1)C(=O)O;COC1=CC=CC=C1C(=O)NC(=CC1=CC=CC=C1)C(=O)O;COC1=CC=C(C=C(NC(=O)C2=CC=CC=C2)C(=O)O)C=C1;COC(=O)C1=CC=C2C3=CC=CC=C3N(C)C2=C1C(=O)OC;COC1=CC2=C(C=C1O)C(C(=O)C1=CC=C(O)C=C1)=NCC2;COC1=CC(C(=O)NCCCC(=O)O)=CC(OC)=C1OC;COC1=CC=C(C(=O)C[C@]2(O)C(=O)NC3=CC=CC=C32)C=C1;COC1=CC=C(C(=O)C[C@@]2(O)C(=O)NC3=CC=CC=C32)C=C1;COC1=CC2=C(C=C1O)C(C(=O)C1=CC=CC(O)=C1)=NCC2;COC1=CC=CC=C1C1=C(C2=CC=C(O)C=C2O)ON=C1C;COC1=CC=C(C)C=C1C(=O)C=CC1=CC=C([N+](=O)[O-])C=C1
m_bbb21f,O=C(NCc1ccc(C2CC2)cc1)C1CCCN1C(=O)C1CC1;COc1ccccc1CN1CCCC(COc2ccncc2)C1;CNC(=O)Cn1cc(NC2CCC(Cc3ccccc3)C2)cn1;CC(=Cc1ccccc1)CN1CCN(C)C(c2nc(C)no2)C1;N#Cc1cccc(CNC(=O)NC2CCN(C3CCCC3)C2)c1;C#CCNC(=O)C[C@@H]1CCN(C(=O)C2=CC=CC=C2)C[C@@H]1CC;CC1(C)[C@H]2CC[C@]1(C)C(=O)/C2=C\[C@@H](CC1=CC=CC=C1)C(=O)O;CC1(C)[C@H]2CC[C@]1(C)C(=O)/C2=C/[C@@H](CC1=CC=CC=C1)C(=O)O;O=C(CN1C=CC2=CC=CC=C21)N1CC[C@@]2(O)CCCC[C@H]2C1;CN1C=C(C(=O)N2CC[C@@]3(O)CCCC[C@H]3C2)C2=CC=CC=C21;CN1C(C(=O)N2CC[C@@]3(O)CCCC[C@H]3C2)=CC2=CC=CC=C21;CO[C@H](CCC1=CC=C(O)C=C1)CC(=O)CCC1=CC=CC=C1;CO[C@@H](CCC1=CC=C(O)C=C1)CC(=O)CCC1=CC=CC=C1;CC(C)(C)C1CCC(C2=C(O)C(=O)C3=CC=CC=C3C2=O)CC1;CC(=O)N1C2=CC=CC=C2[C@]23CCN4CCC[C@](O)(CC[C@@H]12)[C@@H]43;C[C@H]1C[C@@H]2[C@@H](CC(=O)N2C2CC2)[C@@H]1CNC(=O)C1=CC=CC=C1;CC1=CC=C2OC([C@H]3CCN(C(=O)C4CCCCC4)C3)=NC2=C1;O=C(NC[C@@H]1CCCN2CCCC[C@H]12)C1=NNC2=CC=CC=C12;CN1C=CC2=C(C(=O)N3CC[C@@]4(O)CCCC[C@H]4C3)C=CC=C21;CC[C@@H](C1=CC=CC=C1)C1=C(O)C2=C(CCCCCC2)OC1=O;CC(=O)N1CCC(N2CC[C@H](C3=NC4=CC=CC=C4N3)C2)CC1;COC1=CC(CCCCC(=O)CCC2=CC=CC=C2)=CC=C1O;COC1=CC(CCC(=O)CCCCC2=CC=CC=C2)=CC=C1O;CN1C=CC2=CC=C(C(=O)N3CC[C@@]4(O)CCCC[C@H]4C3)C=C21;CN1C=CC2=CC(C(=O)N3CC[C@@]4(O)CCCC[C@H]4C3)=CC=C21
m_bbc0aa,CNC(=O)CC1(O)CCCN(CCC=Cc2ccccc2)C1;CCOC1CCCC1NC(=O)N1Cc2ccccc2CC1C;CN(CC1(c2ccccc2)CC1)C(=O)NC1CCCOCC1;C=CC1CCN(Cc2ccccc2OCC(=O)N(C)C)CC1;CCOC1CCN(C(=O)NC2CCc3ccccc3C2)CC1;CC(C)[C@H]1CC[C@H](C)C[C@H]1OC(=O)C[C@@H](C)C1=CC=CC=C1;CC(C)[C@H]1CC[C@@H](C)C[C@H]1OC(=O)C[C@@H](C)C1=CC=CC=C1;CC(C)[C@@H]1CC[C@H](C)C[C@H]1OC(=O)C[C@@H](C)C1=CC=CC=C1;CC(C)[C@@H]1CC[C@@H](C)C[C@H]1OC(=O)C[C@@H](C)C1=CC=CC=C1;CC1=CC=CC=C1C=CCCCCCCCCCCC(=O)O;C[C@H]1CC[C@](C)(C(=O)COC(=O)CC2=CC=CC=C2)C1(C)C;C[C@H]1CC[C@](C)(C(=O)CCOC(=O)C2=CC=CC=C2)C1(C)C;C[C@H]1CC[C@@](C)(C(=O)COC(=O)CC2=CC=CC=C2)C1(C)C;C[C@H]1CC[C@@](C)(C(=O)CCOC(=O)C2=CC=CC=C2)C1(C)C;C[C@@H]1CC[C@](C)(C(=O)COC(=O)CC2=CC=CC=C2)C1(C)C;C[C@@H]1CC[C@](C)(C(=O)CCOC(=O)C2=CC=CC=C2)C1(C)C;C[C@@H]1CC[C@@](C)(C(=O)COC(=O)CC2=CC=CC=C2)C1(C)C;C[C@@H]1CC[C@@](C)(C(=O)CCOC(=O)C2=CC=CC=C2)C1(C)C;CC1(C)CCCC2(C)C1CCC13C=C(C(=O)O)C(CCC12)C3;CC1=C[C@@]23CC[C@H]4[C@@](C)(CCC[C@]4(C)C(=O)O)[C@@H]2CC[C@@H]1C3;CC1=C[C@@]23CC[C@H]4[C@@](C)(CCC[C@@]4(C)C(=O)O)[C@@H]2CC[C@@H]1C3;CC(C)=CCC[C@@H](C)[C@H]1CC/C(C)=C\CCC2=C1C(=O)OC2;CC(C)=CCC[C@@H](C)[C@@H]1CC/C(C)=C\CCC2=C1C(=O)OC2;CC(C)=CCC[C@@H](C)[C@@H]1CC/C(C)=C/CCC2=C1C(=O)OC2;CC(C)=CCCC(C)[C@H]1CC/C(C)=C/CCC2=C1C(=O)OC2
m_bcb981,CCN1CCOC(CNC(=O)c2cn[nH]c2C)C1c1ccccc1;OC1CCN(Cc2ccc(CNCc3ccccc3F)cc2)CC1;COc1ccccc1CC1CCN(C(=O)C(C)n2cncn2)CC1;Cc1c(C(=O)N(C)C2CCOC2c2cccnc2)cnn1C(C)C;Cc1ccoc1C(=O)N1CC(c2nc(C(C)C)n[nH]2)C(C2CC2)C1;CC(C)=CC(=O)C[C@H](C)[C@H]1CC[C@@H](C)C2=C1C=C(C)C1=C2OCO1;CC(=O)C(=CC1=CC=CC=C1)C(=O)O[C@@H]1C[C@H](C)CC[C@@H]1C(C)C;CC(=O)C(=CC1=CC=CC=C1)C(=O)O[C@@H]1C[C@@H](C)CC[C@@H]1C(C)C;CC(=O)/C(=C\C1=CC=CC=C1)C(=O)O[C@@H]1C[C@H](C)CC[C@@H]1C(C)C;CC(=O)/C(=C\C1=CC=CC=C1)C(=O)O[C@@H]1C[C@@H](C)CC[C@@H]1C(C)C;CC(=O)/C(=C/C1=CC=CC=C1)C(=O)O[C@@H]1C[C@H](C)CC[C@@H]1C(C)C;CC(=O)/C(=C/C1=CC=CC=C1)C(=O)O[C@@H]1C[C@@H](C)CC[C@@H]1C(C)C;C=C[C@H](C(=O)O[C@@H]1C[C@H](C)CC[C@H]1C(C)C)C(=O)C1=CC=CC=C1;C=C[C@H](C(=O)O[C@@H]1C[C@H](C)CC[C@@H]1C(C)C)C(=O)C1=CC=CC=C1;C=C[C@H](C(=O)O[C@@H]1C[C@@H](C)CC[C@H]1C(C)C)C(=O)C1=CC=CC=C1;C=C[C@H](C(=O)O[C@@H]1C[C@@H](C)CC[C@@H]1C(C)C)C(=O)C1=CC=CC=C1;COC1=C(C)C(=O)C2=C(C1=O)[C@@H](C)CC[C@@H]2[C@@H](C)/C=C/C=C(C)C;CC(C)C1=CC=C2OC(=O)C=C(CN3CCC(C(N)=O)CC3)C2=C1;COC1=C2CCC[C@H](C)C2=C(CC(=O)CC(C)C)C2=C1OC=C2C;O=C(C1CCC1)N1CCC2(CC1)CC(=O)N(CC1=CC=CC=C1)O2;CCN1CCC2(CC1)OC(=O)C(C)=C2C(=O)NC1=CC=CC=C1C;COC1=C(C(C)C)C=CC2=C1CC[C@H]1C(C)=C(C(=O)O)CC[C@]21C;COC1=C(C(C)C)C=CC2=C1CC[C@H]1C(C)=C(C(=O)O)CC[C@@]21C;CC(C)C1=NOC([C@@H]2C[C@H](NC(=O)CC3=CC=CC=C3)CN2C)=N1;CC(=O)N1CCC(NC[C@H]2COCC3=NC4=CC=CC=C4N32)CC1
m_bcd97d,CC(NC(=O)c1ccco1)c1ccc(F)cc1F;CCN(CC(=O)O)C(C)Cc1ccc(OC)cc1;Cc1oc(CN(C)C(=O)C2CC2C)cc1C(=O)O;COC(=O)C1CCN(C(=O)c2ccoc2)CC1C;CCc1ncnc(N2CCOCC2C2CC2)c1F;CC(=O)CN1C(=O)[C@@]2(C)[C@@H]3CC[C@@H](O3)[C@@]2(C)C1=O;C[C@@H]1O[C@@H](O)C[C@@H](NC(=O)C2=CC=CC=C2)[C@H]1O;CC(=O)O[C@H]1[C@H](CC2=CC=C(O)C=C2)NC[C@@H]1O;CC(=O)O[C@@H]1[C@H](O)CN[C@H]1CC1=CC=C(O)C=C1;CCOC(=O)C1=CC(C(=O)OCC)=C(C)N=C1C;COC(=O)C1=CC=C(OCC2CN=C(O)O2)C=C1;COC1=CC=C(C(=O)CCNCCC(=O)O)C=C1;COCCN(CCOC)C(=O)C1=CC=C(C)C=C1;COC1=CC=C(C[C@@H]2OC=NC[C@H](O)[C@@H]2O)C=C1;COC1=CC=C(C[C@@H]2OC=NC[C@@H](O)[C@@H]2O)C=C1;COC(=O)[C@H](CC1=CC=CC=C1)N[C@@H](C)C(=O)O;CCCCOC1=CC=C(C(=O)NCC(=O)O)C=C1;CC[C@H](C)N1C[C@@]23C=C[C@@H](O2)[C@H](C(=O)O)[C@H]3C1=O;CC[C@H](C)N1C[C@@]23C=C[C@@H](O2)[C@@H](C(=O)O)[C@H]3C1=O;CC[C@@H](C)N1C[C@@]23C=C[C@@H](O2)[C@H](C(=O)O)[C@H]3C1=O;CC[C@@H](C)N1C[C@@]23C=C[C@@H](O2)[C@@H](C(=O)O)[C@H]3C1=O;CCCCN1C[C@@]23C=C[C@@H](O2)[C@H](C(=O)O)[C@H]3C1=O;CCCCN1C[C@@]23C=C[C@@H](O2)[C@@H](C(=O)O)[C@H]3C1=O;CCCCN1C[C@@]23C=C[C@@H](O2)C(C(=O)O)[C@H]3C1=O;CCC(C)N1C[C@@]23C=C[C@@H](O2)C(C(=O)O)[C@H]3C1=O
m_bcdd81,Cc1cnn(C(C)(CC2CCOCC2)C(=O)O)c1;CC1CC(CNC(=O)NCc2ccco2)CCO1;CCn1cc(CN2CC(OC)CC2C(N)=O)cn1;CC(Cn1cccn1)NC(=O)NCC1CCOC1;CC1C(=O)NCCN1Cc1nnc(C(C)(C)C)o1;C/C1=C/[C@H](O)C[C@]2(C)O[C@@H]2C[C@](C)([14CH3])/C=C\C1=O;C/C1=C/[C@H](O)C[C@@]2(C)O[C@@H]2C[C@](C)([14CH3])/C=C/C1=O;CC(C)=CC/C=C1\CC[C@H](C(=O)O)[C@H](C(=O)O)C1;C[C@]12C(=O)OC[C@@]1(O)C=C[C@H]1C[C@@H](CO)CC[C@@H]12;C[C@@]12C(=O)OC[C@]1(O)C=C[C@@H]1C[C@H](CO)CC[C@H]12;CC1=C2C(=O)O[C@@H]([C@H]3CCOC3)[C@]2(C)CC[C@@H]1O;C[C@H]1C(=O)C=C2C[C@@H](O)CC[C@@H]2[C@H]1CCC(=O)O;CC(=O)CC[C@H]1C(=O)C[C@@]2(CCOC2=O)C1(C)C;CC(=O)CC[C@@H]1C(=O)C[C@]2(CCOC2=O)C1(C)C;CC(=O)CC[C@@H]1C(=O)C[C@@]2(CCOC2=O)C1(C)C;CC(=O)CCC1C(=O)C[C@@]2(CCOC2=O)C1(C)C;CCCCCC(=O)OC12C=CC(=O)CC1OCC2;C[C@H]1CCC[C@H](O)/C=C/C=C\[C@H](O)/C=C/C(=O)O1;C[C@H]1CCC[C@@H](O)/C=C\C=C/[C@H](O)/C=C\C(=O)O1;C[C@H]1CCC[C@@H](O)/C=C\C=C/[C@@H](O)/C=C\C(=O)O1;C[C@H]1CCC[C@@H](O)/C=C/C=C\[C@H](O)/C=C/C(=O)O1;C[C@H]1CCC[C@@H](O)/C=C/C=C\[C@@H](O)/C=C/C(=O)O1;C[C@H]1CCCC[C@H]2[C@@H](O)C=CC(=O)[C@@H]2CC(=O)O1;C[C@H]1CCCC[C@@H]2[C@@H](O)C=CC(=O)[C@@H]2CC(=O)O1;C[C@@H]1CCCC[C@H]2[C@@H](O)C=CC(=O)[C@@H]2CC(=O)O1
m_bd0de9,O=C(Cn1cc(F)ccc1=O)Nc1ccccc1C(F)(F)F;COC(=O)c1ccc(Oc2ncnc3sc(C)c(C)c23)cc1;COC(=O)c1cccc(Oc2ncnc3sc(C)c(C)c23)c1;Cc1nc(CCNC(=O)c2ccc(C(F)(F)F)cc2)cs1;Cc1nc(CNS(=O)(=O)c2c(C)nn(C)c2C)sc1C;CC1=C(O)C(C=O)=C(O)C(C(=O)CC(=O)C2=CC=CC=C2)=C1O;CC1=C(O)C(C=O)=C(O)C(C(O)=CC(=O)C2=CC=CC=C2)=C1O;CC1=C(O)C(C=O)=C(O)C(C(=O)C=C(O)C2=CC=CC=C2)=C1O;COC(=O)C1=CC=C(C2CC(=O)OC3=C2OC(C)=CC3=O)C=C1;COC(=O)C1=CC=C(C2CC(=O)OC3=C2C(=O)OC(C)=C3)C=C1;COC(=O)C1=CC(COC2=CC=C3C=CC(=O)OC3=C2)=C(C)O1;COC(=O)C1=CC=C(COC2=CC=C3C(C)=CC(=O)OC3=C2)O1;COC(=O)COC1=CC=C2C(=C1)OC(=O)C1=CC(OC)=CC=C12;COC(=O)C1=CC(OC)=C2C(=O)C3=C(O)C=C(C)C=C3OC2=C1;CCOC(=O)C1=CC2=C(OC1=O)C1=C(C)OC(C)=C1C(=O)C=C2;COC(=O)COC1=CC(O)=C2C(=O)C3=CC=CC(C)=C3OC2=C1;COC(=O)C1=C(OC)C=CC2=C1C(=O)C1=C(O)C=C(C)C=C1O2;COC(=O)C1=C(O)C=CC2=C1C(=O)C1=C(OC)C=C(C)C=C1O2;COC1=C(C)C(O)=C2C(=O)C3=CC=CC(O)=C3C(=O)C2=C1OC;COC(=O)COC1=CC=C2C(=O)C(=CC3=CC=CO3)OC2=C1C;COC(=O)COC1=CC=C2C(=O)C(=CC3=CC=C(C)O3)OC2=C1;COC1=CC=C(C2=C(CC(=O)O)C3=C(O2)C(=O)C=C(C)O3)C=C1;CC1=C(C)C2=CC=C(OCC3=CC=C(C(=O)O)O3)C=C2OC1=O;COC1=CC=C2C(=C1)C(=O)OC1=C(C)C(OCC(=O)O)=CC=C12;COC1=CC=C(C2=C(CC(=O)O)C3=C(C=C(C)OC3=O)O2)C=C1
m_bd907b,CN(CCS(C)(=O)=O)CC12CC3CC(CC(C3)C1)C2;CC1CCNCCC1NCc1nncn1-c1ccccc1;Cc1cccc(OCCN2CCCC(c3ccn[nH]3)C2)c1;Cc1nc(N2CCC3(CCCN(C)C3)C2)c2cc[nH]c2n1;c1ccc(CCCN2CCOC(Cn3cccn3)C2)cc1;COC1=CC=CC=C1C[C@H]1C(=O)NC[C@@H]1C1=CN(C)C=N1;CC[C@]12CN3C[C@](CC)(CN(C1)[C@H]3C1=CC=CC=N1)C2=O;CC[C@]12CN3C[C@](CC)(CN(C1)C3C1=CC=CC=N1)C2=O;CN1CCC(N2CC[C@H](C3=NC4=CC=CC=C4O3)C2)CC1;CC(C)(C)CN1CC[C@H](C2=NN=C(C3=CC=CC=C3)O2)C1;CC[C@]12CN3C[C@](CC)(CN(C1)[C@H]3C1=CC=CN=C1)C2=O;CN1C([C@H]2CCN(C3CCOCC3)C2)=NC2=CC=CC=C21;CC1=CC=C2C(CN3CCC(C)CC3)=CC(=O)OC2=C1C;CN1[C@@H]2CC[C@H]1C[C@@H](OC(=O)C1=CNC3=NC=CC=C13)C2;CN1C=C(CN2C[C@@H]3OCC(=O)N[C@@H]3C2)C2=CC=CC=C21;CCCC1=NN=C([C@H]2CCN(C(=O)C3=CC=CC=C3)C2)O1;CC[C@]12CN3C[C@](CC)(C[N@@](C1)[C@H]3C1=CC=NC=C1)C2=O;CC[C@]12CN3C[C@](CC)(CN(C1)C3C1=CC=NC=C1)C2=O;CC(C)CN1CC[C@H](C2=NN=C(CC3=CC=CC=C3)O2)C1;CCC1=CC=C2OC(=O)C=C(CN3CCC(C)CC3)C2=C1;CN1C(=O)CO[C@H]2CN(CC3=CNC4=CC=CC=C34)C[C@H]21;CC(C)[C@@H]1NC(=O)N(CCC2=CNC3=CC=CC=C23)C1=O;CN1C[C@H](C2=CN=CN2C)[C@H]([C@H](O)C2=CC=CC=C2)C1=O;CN1C[C@H](C2=CN(C)C=N2)[C@H]([C@H](O)C2=CC=CC=C2)C1=O;CN1C[C@H](C2=CN(C)C=N2)[C@@H]([C@H](O)C2=CC=CC=C2)C1=O
m_bda18e,COCc1nc(C(=O)Nc2c(C)c(C)nn2C)cs1;COCc1nc(C(=O)Nc2c(C)nn(C)c2C)cs1;CC(C)(C)c1nnc(NCc2cc(C(N)=O)cs2)o1;CN(Cc1cccc(O)c1)C(=O)c1cccc2[nH]ccc12;Cc1csc(NC(=O)N(C)Cc2nnc(C)n2C)n1;CC(O)=C(CC(=O)C1=CC=CC=C1)C(=O)C1=CC=CC=C1;CC(=O)CC1=CC=C2OC(C3=CC=C(O)C=C3)=C(C)C2=C1;CC(=O)[C@H](CC(=O)C1=CC=CC=C1)C(=O)C1=CC=CC=C1;CC(=O)[C@@H](CC(=O)C1=CC=CC=C1)C(=O)C1=CC=CC=C1;COC(=O)C=C(CO)C1=CC(OC(C)=O)=C(C)C=C1O;CC(=O)OC[C@H](O)COC(=O)/C=C/C1=CC=C(O)C=C1;COC(=O)COC1=CC(O)=C2C(=O)CC(C)(C)OC2=C1;CC1=CC=C(C)C(COC2=CC=C3C=CC(=O)OC3=C2)=C1;COC1=CC(OC(C)=O)=C(C(C)=O)C(OC(C)=O)=C1C;COC(=O)[C@H]1CC[C@H](O)[C@H]1C(=O)C1=CC(O)=CC=C1O;COC(=O)[C@@H]1CC[C@@H](O)[C@@H]1C(=O)C1=CC(O)=CC=C1O;CCOC(=O)NC1=CC=C([C@H](NC(C)=O)C(=O)O)C=C1;O=C(C=COC(=O)C1=CC=CC=C1)CCC1=CC=CC=C1;C[C@H](O)C[C@H](O)CC1=CC2=CC(O)=CC(O)=C2C(=O)O1;C[C@H](O)C[C@@H](O)CC1=CC2=CC(O)=CC(O)=C2C(=O)O1;C[C@@H](O)C[C@H](O)CC1=CC2=CC(O)=CC(O)=C2C(=O)O1;C[C@@H](O)C[C@@H](O)CC1=CC2=CC(O)=CC(O)=C2C(=O)O1;O=C(C=CC1=CC=CC=C1)OCC=CC1=CC=C(O)C=C1;O=C(C=CC1=CC=C(O)C=C1)OCC=CC1=CC=CC=C1;CC(C)C1=C(C(=O)C2=CC=C(O)C=C2)C2=CC=CC=C2O1
m_bf639c,COc1ccc(F)cc1C(C)NC(=O)N1CCCC1C1CCCN1C;CC1CC1C(=O)N(C)C1CCCN(C(=O)C2CCC(=O)N2C(C)C)C1;Cc1c(C)n(CCc2ccccc2)c2ncnc(N3CCN(C)CC3)c12;CC(=O)NC(CC1CCC1)C(=O)NC1CCN(C(=O)CC2CCC2)C1;CC(=O)NCC(=O)NCC1CCC(CNC(=O)C2CC23CCC3)CC1;CC(C)C[C@H]1NC(=O)[C@@H]2C[C@@H](NC(=O)C3CCCCC3)CCN2C1=O;C[C@@H](C(=O)N1CCCC[C@H]1C1=CC=CN=C1)N1CC2=CC=CC=C2C1=O;CNC(=O)[C@@H](C1=CC=C(OC)C=C1)N1CCC[C@H]1C(=O)NCCOC;C[C@H]1CCCCN1CC1=CC(=O)OC2=CC(C3=CC=CC=C3)=C(O)C=C12;C[C@@H]1CCCCN1CC1=CC(=O)OC2=CC(C3=CC=CC=C3)=C(O)C=C12;COC1=CC=C(C(=O)N[C@@H]2CN(C(=O)NC(C)C)CCC[C@H]2O)C=C1;CNC(=O)[C@@H](C1=CC=CC=C1OC)N1CCC[C@H]1C(=O)NCCOC;C[C@H]1CCCCN1CC1=C(O)C=CC2=C1OC=C(C1=CC=CC=C1)C2=O;C[C@H]1CCCCN1CC1=C(O)C=CC2=C1OC(=O)C=C2C1=CC=CC=C1;C[C@@H]1CCCCN1CC1=C(O)C=CC2=C1OC=C(C1=CC=CC=C1)C2=O;C[C@@H]1CCCCN1CC1=C(O)C=CC2=C1OC(=O)C=C2C1=CC=CC=C1;C[C@H]1CCCN(CC2=C(O)C=CC3=C2OC=C(C2=CC=CC=C2)C3=O)C1;C[C@H]1CCCN(CC2=C(O)C=CC3=C2OC(=O)C=C3C2=CC=CC=C2)C1;C[C@@H]1CCCN(CC2=C(O)C=CC3=C2OC=C(C2=CC=CC=C2)C3=O)C1;C[C@@H]1CCCN(CC2=C(O)C=CC3=C2OC(=O)C=C3C2=CC=CC=C2)C1;CC1CCN(CC2=CC(=O)OC3=CC(C4=CC=CC=C4)=C(O)C=C23)CC1;C[C@H]1CCCN(CC2=C(O)C=CC3=C2O/C(=C\C2=CC=CC=C2)C3=O)C1;C[C@@H]1CCCN(CC2=C(O)C=CC3=C2O/C(=C\C2=CC=CC=C2)C3=O)C1;COC1=CC=CC(CNC(=O)C2=CC=C3C(=C2)N=CN3C2CCCC2)=C1;CCOC1=CC=C2OC(C3=CC=CC=C3)=C(C(=O)N3CCCCC3)C2=C1
m_bf6cfe,O=C(NCc1ccc2c(c1)OCCO2)Nc1ccncc1;CNC(=O)CNC(=O)c1ccnc(Oc2ccccc2)c1;COC(=O)c1ccc(C)c(NC(=O)Cc2cncnc2)c1;Cn1cc(C2CCCN2c2ncnc3sccc23)cn1;O=C(c1ccccc1O)N1CCC(c2cccc(F)c2)C1;COC1=CC=CC=C1CNC(=O)CC1=CC=CC=C1OC;O=C(CCC1=CC=C(O)C=C1)NCCC1=CC=C(O)C=C1;COC1=CC=C(C(=O)NCC2=CC=C3OCOC3=C2)C=C1;COC(=O)[C@@H](CC1=CC=CC=C1)NOCC1=CC=CC=C1;COC1=CC=C(OC)C(NC(=O)CC2=CC=C(C)C=C2)=C1;COC1=CC=CC(OCCNC(=O)C2=CC=C(C)C=C2)=C1;COC1=CC=CC(OC)=C1C(=O)NCCC1=CC=CC=C1;COC1=CC=CC(OC)=C1C(=O)NCC1=CC=C(C)C=C1;CCOC1=CC=CC=C1NC(=O)C1=CC=C2OCOC2=C1;COC(=O)C1=CC=C(OCNC(=O)C2=CC=CC=C2)C=C1;COC1=CC=C(OCCNC(=O)C2=CC=C(C)C=C2)C=C1;CC1=CC=CC(C)=C1NC(=O)[C@H]1[C@@H](C(=O)O)[C@H]2C=C[C@@H]1C2;CC1=CC=CC(C)=C1NC(=O)[C@@H]1[C@@H](C(=O)O)[C@H]2C=C[C@@H]1C2;COC1=CC=C(OCC(=O)NCCC2=CC=CC=C2)C=C1;COC(=O)C1=CC=CC(NC(=O)C2=CC=CC(OC)=C2)=C1;COC(=O)C1=CC=C(NC(=O)C2=CC=C(OC)C=C2)C=C1;CCCCC1=CC(C(=O)CC2=CC=CC=N2)=C(O)C=C1O;COC1=CC=C([C@H](CNC(=O)C2=CC=CC=C2)OC)C=C1;COC1=CC=C([C@@H](CNC(=O)C2=CC=CC=C2)OC)C=C1;C/C=C/C=C/C=C/C(=O)N[C@@H](CC(=O)O)C1=CC=CC=C1
m_c1b10a,COc1ccc(C(Cc2ccccc2)NC(=O)N2CCC(O)(C3CC3)CC2)cc1;O=c1[nH]c2ccccc2n1C1CCN(CCCc2noc3cc(F)ccc23)CC1;CC(c1ccc(-c2ccccc2)c(F)c1)c1cc(N=C(N)N2CCOCC2)on1;O=C(CN1CCOC2(CCOCC2)C1)NC(Cc1ccccc1)c1ccccc1;CC(C)c1cnn2c(NCc3ccccc3)cc(NCC3CCNCC3O)nc12;COC1=CC=CC(CN2CC[C@@](C)(O)[C@@H](NC(=O)C3CC3)[C@@H]2C2=CC=CC=C2)=C1;CN(CC[C@H]1CN(C(=O)CC2=CC=CC=C2)CC[C@H]1CC(=O)O)C1=CC=CC=C1;CC1=C[C@H](C2=C(O)C=C(O)C(C(=O)CCC3=CC=CC=C3)=C2O)[C@@H](C(C)C)CC1;CC1=C[C@@H](C2=C(O)C=C(O)C(C(=O)CCC3=CC=CC=C3)=C2O)[C@H](C(C)C)CC1;CC1=C[C@@H](C2=C(O)C=C(O)C(C(=O)CCC3=CC=CC=C3)=C2O)C(C(C)C)CC1;CCOC1=CC=C(CCNC(=O)CC2CCN(C(=O)C3=CC=CC=C3)CC2)C=C1;CCC(=O)N(C1=CC=CC=C1)C1(C(=O)OC)CCN(CCC2=CC=CC=C2)CC1;CC1(C)O[C@@H](CCC2=CC=CC=C2)[C@H]2C(=O)O[C@H](CCC3=CC=CC=C3)C[C@@H]2O1;C[C@@]1(O)CCN(CC2=CN=CN=C2)[C@@H](C2=CC=CC=C2)[C@@H]1NC(=O)C1CCCC1;CC[C@H]1CN(C(=O)C2=CC=CC=C2)CC[C@H]1CC(=O)NCC1=CC=C(OC)C=C1;O=C([C@H]1C[C@@H](NCC2=CC=CC=C2)[C@H](C2=CN=C(C3CC3)N2)[C@@H]1O)N1CCCC1;COC1=CC=C(CN2CC[C@@](C)(O)[C@@H](NC(=O)C3CC3)[C@@H]2C2=CC=CC=C2)C=C1;CC1=NC(C2CCCC2)=CC([C@H]2C[N@]3CC[C@H]2C[C@@H]3CNC(=O)C2=CC=CO2)=N1;CC1=NC(C2CCCC2)=CC([C@H]2CN3CC[C@H]2C[C@@H]3CNC(=O)C2=CC=CO2)=N1;CCC[C@H](CO)[C@H]1CC[C@](CCC2=CC=C(O)C(OC)=C2)(OC(C)=O)C[C@H]1O;CCC[C@H](CO)[C@@H]1CC[C@](CCC2=CC=C(O)C(OC)=C2)(OC(C)=O)C[C@H]1O;CC(C)=CCC1=C(O)C(CC=C(C)C)=C(O)C(C(=O)CCC2=CC=CC=C2)=C1O;O[C@@H]1[C@@H](N2CCCCC2)[C@@H]2OCC(O2)[C@H]1NCC1=CC=C(C2=CC=CC=C2)C=C1;CCCCCCCCCCC[C@H](C(=O)O)[C@@](O)(CC1=CC=C(O)C=C1)C(=O)O;CC(=O)O[C@H]1[C@@H]2O[C@H](C=C2C(C)C)[C@@](C)(O)CC[C@H]2O[C@]2(C)CC[C@H]2O[C@]21C
m_c1ec62,COC1CC(c2nc(C)c(C)[nH]2)N(Cc2ccncc2F)C1;CCN1CCC2OCCN(C(=O)c3cccc(CO)c3)C2C1;CC(C)(C)NC(=O)c1ccc(NC(=O)C2CCOCC2)cc1;NCC1CCCN1C(=O)CCc1ccc2c(c1)OCCCO2;O=C(CC1CCCO1)N1CCC(O)(Cc2ccncc2)CC1;CCCCOC(=O)C1=CC=CC=C1C(=O)OC1CCCCC1;CCOC(=O)[C@H]1CC[C@](C)(C(=O)OC2=CC=CC=C2)C1(C)C;CCOC(=O)[C@H]1CC[C@@](C)(C(=O)OC2=CC=CC=C2)C1(C)C;CCOC(=O)[C@@H]1CC[C@](C)(C(=O)OC2=CC=CC=C2)C1(C)C;CCOC(=O)[C@@H]1CC[C@@](C)(C(=O)OC2=CC=CC=C2)C1(C)C;C[C@H]1C[C@H](C)CN(C(=O)N[C@@H](CC2=CC=CC=C2)C(=O)O)C1;C[C@@H]1C[C@H](C)CN(C(=O)N[C@@H](CC2=CC=CC=C2)C(=O)O)C1;C[C@@H]1C[C@@H](C)CN(C(=O)N[C@@H](CC2=CC=CC=C2)C(=O)O)C1;CC1CC(C)CN(C(=O)N[C@@H](CC2=CC=CC=C2)C(=O)O)C1;CC[C@H]([C@H]1CCC2=CC(OC)=CC=C2C1=O)C(C)(C)C(=O)O;CC[C@H]([C@@H]1CCC2=CC(OC)=CC=C2C1=O)C(C)(C)C(=O)O;CC[C@@H]([C@H]1CCC2=CC(OC)=CC=C2C1=O)C(C)(C)C(=O)O;CC[C@@H]([C@@H]1CCC2=CC(OC)=CC=C2C1=O)C(C)(C)C(=O)O;CC1=CC=C(CN[C@@H]2CO[C@H](CNC(=O)C3CC3)[C@H]2O)C=C1;COC1=CC=C(C=CC(=O)NCCCN2CCOCC2)C=C1;CCCC[C@@H](C(=O)O)N1CCN[C@H](CC2=CC=CC=C2)C1=O;CC[C@@H]1C[C@](/C=C/C2=CC=CC=C2)(CC)OO[C@H]1CC(=O)O;O=C(CC1=CC=C2CCOC2=C1)NCCCN1CCOCC1;COC(=O)C1=CC=C2O[C@]3(CC2=C1)[C@@H](C)CC[C@@H](O)C3(C)C;COC(=O)C1=CC=C2O[C@@]3(CC2=C1)[C@H](C)CC[C@H](O)C3(C)C
m_c2176f,Cc1ccccc1C1(F)CCN(C(=O)c2ccc3[nH]c(=O)n(C)c3c2)C1;Cc1cncc(NC(=O)NCC2CCc3nc(C(F)(F)F)cn3C2)c1;CCc1n[nH]c(=O)c(-c2nc(C3CCC(F)(F)CC3)cs2)c1CC;Cn1cc(CC(=O)N2CC(O)CC2c2ccccc2C(F)(F)F)cn1;Cc1cc(CC(=O)N2CC(O)CC2c2ccccc2C(F)(F)F)n[nH]1;O=C(O)[C@H]1C[C@@H](O)CN1C(=O)OCC1C2=CC=CC=C2C2=CC=CC=C21;O=C(O)[C@@H]1C[C@H](O)CN1C(=O)OCC1C2=CC=CC=C2C2=CC=CC=C21;CCOC(=O)CCCN1C(=O)C2=CC3=C(C=C2C2=CC=CC=C21)OCO3;CCOC(=O)CC(C1=CC=CC(O)=C1)C1=C(O)C2=CC=CC=C2NC1=O;COCCN1C(=O)C(O)=C(C(=O)C2=CC=CC=C2)[C@H]1C1=CC=CC(O)=C1;COCCN1C(=O)C(O)=C(C(=O)C2=CC=CC=C2)[C@@H]1C1=CC=CC(O)=C1;COC1=CC([C@H]2C(C(C)=O)=C(O)C(=O)N2CC2=CC=CC=C2)=CC=C1O;COC1=CC([C@@H]2C(C(C)=O)=C(O)C(=O)N2CC2=CC=CC=C2)=CC=C1O;CCOC(=O)CC(C1=CC=C(O)C=C1)C1=C(O)C2=CC=CC=C2NC1=O;CN1C(=O)C2=CC=CN=C2O[C@H]2CN(C(=O)COC3=CC=CC=C3)C[C@H]21;COCCN1C(=O)C(O)=C(C(=O)C2=CC=CC=C2)C1C1=CC=C(O)C=C1;CCN(CC)C(=O)CN1C(=O)[C@H]2CCC3=C(C4=CC=CC=C4N3)[C@H]2C1=O;COC1=CC=C(C(=O)C2=C(O)C(=O)N(CCO)[C@H]2C2=CC=CC=C2)C=C1;COC1=CC=C(C(=O)C2=C(O)C(=O)N(CCO)[C@@H]2C2=CC=CC=C2)C=C1;COC1=CC(C=C2CC(=O)N(CC3=CC=CC=C3)C2=O)=CC(OC)=C1O;CC1=CC=C(C(=O)N[C@H]2CO[C@H]3[C@@H]2OC[C@H]3OCC2=CC=CC=C2)C=C1;CCC[C@H](C(=O)O)N(C)C(=O)OCC1C2=CC=CC=C2C2=CC=CC=C21;CCC[C@@H](C(=O)O)N(C)C(=O)OCC1C2=CC=CC=C2C2=CC=CC=C21;COC1=CC=CC=C1N1C(=O)C2=CC=C(C(=O)OCC(C)C)C=C2C1=O;CC(C)(C)C(=O)[C@H]1[C@H]2C3COC(O3)C(=O)[C@H]2C2C3=CC=CC=C3C=CN21
m_c2313f,CC(=O)NCC(=O)N1CCC(=Cc2cc(Cl)ccc2Cl)CC1;CC(Sc1nnc(N2CCCC2)s1)C(=O)NCC(F)(F)F;CC(C)(NC(=O)CCCn1cncn1)c1c(Cl)cccc1Cl;O=C(c1ccnc2cc(Cl)ccc12)N1CCC(O)(C(F)F)CC1;CN(CC(=O)NC1CCS(=O)(=O)C1)c1ncnc2ccsc12;O=C(C=CC1=CC=C(O)C(O)=C1)CC(=O)C=CC1=CC=C(O)C(O)=C1;COC(=O)C=CC1=CC=C(OC(=O)C=CC2=CC=C(O)C(O)=C2)C=C1;COC(=O)C1=CC=C(COC2=CC=C3C4=C(CCC4)C(=O)OC3=C2)O1;COC(=O)COC1=CC=C2C=C(C3=CC=C(OC)C=C3)C(=O)OC2=C1;COC(=O)COC1=CC=C2C(C3=CC=C(OC)C=C3)=CC(=O)OC2=C1;COC(=O)CC(C1=CC=C(O)C=C1)C1=C(O)C2=CC=CC=C2OC1=O;COC(=O)CC(C1=CC=C(O)C=C1)C1=C(O)C(=O)C2=CC=CC=C2O1;COC(=O)C1=CC2=C(OCO2)C2=C1C=CC1=C(OC)C(OC)=CC=C12;CCCC(=O)CC1=CC(O)=CC2=C1C(=O)C1=C(O)C=CC(O)=C1C2=O;COC(=O)COC1=CC=C2C(=O)C(C3=CC=C(OC)C=C3)=COC2=C1;COC(=O)C1=CC2=C(OCO2)C2=C1C=CC1=C(OC)C=C(OC)C=C12;CCOC(=O)C1=CC(C2=CC=C(O)C(O)=C2)=C2C=C(O)C(O)=CC2=C1;CC(=O)OC1=CC=C([C@H]2COC3=CC(OC(C)=O)=CC=C3C2=O)C=C1;COC(=O)COC1=CC=C(C=C2OC3=CC(OC)=CC=C3C2=O)C=C1;CCOC1=CC=C2C(=O)C(OC3=CC=C(C(=O)OC)C=C3)=COC2=C1;COC(=O)C1=C(OC)C=C2C(=O)C3=CC=CC(OC)=C3C(=O)C2=C1C;CC(=O)OC1=CC=C([C@@H]2CC(=O)C3=CC=C(OC(C)=O)C=C3O2)C=C1;COC(=O)COC1=CC=C2C(=O)C(C3=CC=CC=C3OC)=COC2=C1;COC(=O)CC(C1=CC=CC(O)=C1)C1=C(O)C2=CC=CC=C2OC1=O;COC(=O)CC(C1=CC=CC(O)=C1)C1=C(O)C(=O)C2=CC=CC=C2O1
m_c30e40,O=C(c1cnc2[nH]c(=O)[nH]c(=O)c2c1)N1CCC2(CC1)C1CC3CC(C1)CC2C3;CCn1nccc1N1CCCC(NS(=O)(=O)c2cn(CC(C)C)cn2)C1=O;Cn1c(C(=O)N2Cc3cnn(-c4ccc(F)cc4)c3CC(C)(C)C2)cccc1=O;O=C(c1ccc(F)cc1)N1CCCN(CCc2nc3ccccc3c(=O)[nH]2)CC1;Cc1nnc(-c2cccc(C(=O)N3CCN(C(C)c4cccc(F)c4)CC3)c2)o1;COCCN1C=CC2=CC=C(C(=O)N3CCC4=CC(OC)=C(OC)C=C4C3)C=C21;COCCN1C=CC2=CC(C(=O)N3CCC4=CC(OC)=C(OC)C=C4C3)=CC=C21;COC1=CC2=C(C=C1OC)CN(C(=O)[C@H]1CC(=O)N(C)[C@H]1C1=CC=CC=C1)CC2;COC1=CC2=C(C=C1OC)CN(C(=O)[C@H]1CC(=O)N(C)[C@@H]1C1=CC=CC=C1)CC2;COC1=CC2=C(C=C1OC)CN(C(=O)[C@@H]1CC(=O)N(C)[C@H]1C1=CC=CC=C1)CC2;COC1=CC2=C(C=C1OC)CN(C(=O)[C@@H]1CC(=O)N(C)[C@@H]1C1=CC=CC=C1)CC2;COC1=CC2=C(C=C1OC)CN(C(=O)CCN1C=CC3=CC=CC(OC)=C31)CC2;COC1=CC2=C(C=C1OC)CN(C(=O)CCCN1CC3=CC=CC=C3C1=O)CC2;COCCN1C(C(=O)N2CCC3=CC(OC)=C(OC)C=C3C2)=CC2=CC=CC=C21;COCCN1C=C(C(=O)N2CCC3=CC(OC)=C(OC)C=C3C2)C2=CC=CC=C21;CC(C)NC(=O)NC1=CC=C2[C@@H]3C[C@@H](CN(C(=O)C4=CC=CC=C4)C3)CN2C1=O;COCCN1C=CC2=C(C(=O)N3CCC4=CC(OC)=C(OC)C=C4C3)C=CC=C21;COC1=CC=C(C(=O)CNC(=O)[C@H](CC(C)C)N2CC3=CC=CC=C3C2=O)C=C1;CC(C)C1=CC=C2OC[C@@H]3CN(C(=O)C4=CC=NC=C4)CCN3CC(=O)NC2=C1;CC(C)C1=CC=C2OC[C@@H]3CN(C(=O)C4=CC=CN=C4)CCN3CC(=O)NC2=C1;CN(C)CC(=O)NC1=CC=C2[C@@H]3C[C@@H](CN(C(=O)C4=CC=CC=C4)C3)CN2C1=O;COC1=CC2=C(C=C1OC)CN(C(=O)CCN1C=CC3=C(OC)C=CC=C31)CC2;COC1=CC=C(CCC(=O)N2CC[C@]3(C2)C(=O)N(C)C2=CC=C(OC)C=C23)C=C1;COC1=CC=C(CCC(=O)N2CC[C@@]3(C2)C(=O)N(C)C2=CC=C(OC)C=C23)C=C1;CC1=CC(=O)C(O)=C(C(CC(=O)N2CCC3=C(C2)NC2=CC=CC=C32)C(C)C)O1
m_c3e52e,O=C(NCC1CCCO1)Nc1cccnc1N1CCCC1;O=C(Nc1cccnc1N1CCCC1)N1CCCC1CO;COC1CCN(C(=O)NC2CCN(c3ccccn3)C2)C1;COCCC1CNCCN1c1nc(C)nc2c1cnn2C;COCc1cccc(CNC(=O)C2CC3OCCC3N2)c1;CC[C@H]1CN(C(=O)C2=CC=CN=C2)CC[C@H]1CC(=O)OC;CC[C@@H]1CN(C(=O)C2=CC=CN=C2)CC[C@H]1CC(=O)OC;COC(=O)CCCC(=O)N1CCCC[C@H]1C1=CC=CN=C1;COC(=O)CCCC(=O)N1CCCC[C@@H]1C1=CC=CN=C1;COC1=CC=C(C(=O)[C@@H]2CC[C@](C)(C(=O)O)C2(C)C)C=C1;CC[C@H](C(=O)C1=CC=C(OC)C=C1)[C@H]1CC[C@H](OC)CC1;CC[C@H](C(=O)C1=CC=C(OC)C=C1)[C@H]1CC[C@@H](OC)CC1;CC[C@@H](C(=O)C1=CC=C(OC)C=C1)[C@H]1CC[C@H](OC)CC1;CC[C@@H](C(=O)C1=CC=C(OC)C=C1)[C@H]1CC[C@@H](OC)CC1;CCOC(=O)CCC(=O)N1CCCC[C@H]1C1=CC=CN=C1;CCOC(=O)CCC(=O)N1CCCC[C@@H]1C1=CC=CN=C1;CC[C@H]1CN(C(=O)NC2=CC=CC=C2)CC[C@H]1CC(=O)O;CC(=O)OCC1=COC(=O)C2=C(C)CC[C@H]3[C@H]([C@@H]12)C3(C)C;CC(=O)OCC1=COC(=O)C2=C(C)CC[C@H]3[C@@H]([C@@H]12)C3(C)C;CC(=O)OCC1=C2C=C3C(C)CCCC3(C)CC2OC1=O;COC1=CC(C(=O)O[C@H]2[C@H]3CC[C@H](C3)C2(C)C)=CC=C1O;COC1=CC(C(=O)O[C@@H]2C[C@@H]3CC[C@H]2C3(C)C)=CC=C1O;CO/C=C(/C(=O)OC)[C@H](C)[C@H](/C=C/C1=CC=CC=C1)OC;CO/C=C(/C(=O)OC)[C@@H](C)[C@H](/C=C/C1=CC=CC=C1)OC;CO/C=C(/C(=O)OC)[C@@H](C)[C@@H](/C=C/C1=CC=CC=C1)OC
m_c50497,COc1ccc(Cl)cc1S(=O)(=O)Nc1cc(Cl)ccc1O;COCC(COC)S(=O)(=O)NCc1noc(-c2cccs2)n1;Cn1ccc(NC(=O)Cc2csc(NC(=O)c3cccs3)n2)n1;COc1cc(Cl)ccc1S(=O)(=O)N1CCCC1CCC(=O)O;COCC(CS(=O)(=O)NCc1noc(-c2cccs2)n1)OC;COC(=O)C1=C(C)NC(C)=C(C(=O)OC)C1C1=CC=CC(OC)=C1O;COCCN1C=CC2=C(NC(=O)CN3C=CC4=CC=CC=C43)C=CC=C21;COCCN1C=CC2=C(NC(=O)C3=CC4=CC=CC=C4N3C)C=CC=C21;CC(=O)N[C@H]1[C@H](OC2=CC=CC3=CC=CC=C23)O[C@H](CO)[C@@H](O)[C@@H]1O;COC1=CC2=NC3=C(C=CO3)C(OC[C@H](O)C(C)(C)O)=C2C=C1OC;COC1=CC(C(=O)OCC2=CC(C)=NC(C)=C2O)=CC(OC)=C1OC;COC1=CC=C2C(OC[C@H](O)C(C)(C)O)=C3C=COC3=NC2=C1OC;COCCN1C=CC2=CC=C(C(=O)NC3=CC=CC4=C3C=CN4C)C=C21;COCCN1C=CC2=CC(C(=O)NC3=CC=CC4=C3C=CN4C)=CC=C21;COCCN1C=CC2=C(NC(=O)C3=CC=C4C=CN(C)C4=C3)C=CC=C21;COCCN1C=CC2=C(NC(=O)C3=CC=C4C(=C3)C=CN4C)C=CC=C21;COCCN1C=CC2=C(NC(=O)C3=CC=CC4=C3C=CN4C)C=CC=C21;COCCN1C=CC2=C(C(=O)NC3=CC=CC4=C3C=CN4C)C=CC=C21;COC1=CC2=NC3=C(C=CO3)C(OC)=C2C=C1OC[C@H](O)C(C)(C)O;COC1=CC2=NC3=C(C=CO3)C(OC)=C2C=C1OC[C@@H](O)C(C)(C)O;COC1=CC2=C(OC)C3=C(N=C2C=C1OC[C@@H](O)C(C)(C)O)OC=C3;COC(=O)[C@H](NC(=O)COC1=CC=C2C(C)=CC(=O)OC2=C1)C(C)C;COC(=O)[C@@H]1[C@H]([C@H](O)OC)ON(CC2=CC=CC=C2)[C@H]1C1=CC=CO1;COC(=O)[C@@H]1[C@H]([C@H](O)OC)ON(CC2=CC=CC=C2)[C@@H]1C1=CC=CO1;COC(=O)[C@@H]1[C@H]([C@@H](O)OC)ON(CC2=CC=CC=C2)[C@H]1C1=CC=CO1
m_c567df,Cc1ccc2oc(C(=O)N(Cc3cccc(F)c3)C3CCS(=O)(=O)C3)c(C)c2c1;COC(=O)CCS(=O)(=O)NCC(c1ccco1)S(=O)(=O)c1ccc(C)cc1;COCc1cc2nn(CC(=O)N3CCc4ccccc43)c(=O)n2c(-c2ccccc2)n1;COc1cccc(-c2cc3c(=O)n(Cc4ccccc4OC(F)(F)F)ccn3n2)c1;Cc1cc(Nc2ccc(S(F)(F)(F)(F)F)cc2)n2nc(C(C)(F)F)nc2n1;COC1=CC=C(N2C=C(C(=O)OCC3=CC=CC(OC)=C3)C3=CC=CC=C3C2=O)C=C1;COC1=CC=CC(C(=O)NC2=CC=C3OC(C(=O)C4=CC=CC(OC)=C4)=C(C)C3=C2)=C1;COC1=CC=CC(C(=O)NC2=CC=C3C(C)=C(C(=O)C4=CC=CC(OC)=C4)OC3=C2)=C1;COC1=CC=C(C(=O)NC2=CC=C3OC(C(=O)C4=CC=CC(OC)=C4)=C(C)C3=C2)C=C1;COC1=CC=C(C(=O)NC2=CC=C3C(C)=C(C(=O)C4=CC=CC(OC)=C4)OC3=C2)C=C1;COC1=CC=C(C(=O)C2=C(C)C3=CC=C(NC(=O)C4=CC=CC(OC)=C4)C=C3O2)C=C1;COC1=CC=C(C(=O)C2=C(C)C3=CC(NC(=O)C4=CC=CC(OC)=C4)=CC=C3O2)C=C1;COC1=CC=C2C(=O)C(OC3=CC=C(C(=O)NC4=C(C)C=CC=C4C)C=C3)=COC2=C1;COC1=CC(OC)=C(OC)C=C1C=C(C(=O)C1=CC=CC=C1)C1=NC2=CC=CC=C2O1;COC1=CC(OC)=CC(C(=O)NC2=CC=C3OC(C4=CC=CC(C)=C4)=CC(=O)C3=C2)=C1;COC(=O)C1=CC=CC=C1NC(=O)C1=C(C)OC2=CC=C(OCC3=CC=CC=C3)C=C12;CC1=CC=CC(C)=C1NC(=O)COC1=CC(O)=C2C(=O)C=C(C3=CC=CC=C3)OC2=C1;COC1=CC(C=C(C(=O)C2=CC=CC=C2)C2=NC3=CC=CC=C3O2)=CC(OC)=C1OC;CCOC(=O)C1=C(C)OC2=CC=C(OC(=O)N(C3=CC=CC=C3)C3=CC=CC=C3)C=C12;COC1=CC=C(C(=O)C2=C(O)C(=O)N(C3=CC=C(OC)C=C3)[C@H]2C2=CC=CC=C2)C=C1;COC1=CC=C(C(=O)C2=C(O)C(=O)N(C3=CC=C(OC)C=C3)[C@@H]2C2=CC=CC=C2)C=C1;COC1=CC=CC(N2C(=O)C(C(=O)NCCC3=CC=CC=C3)=C(O)C3=CC=CN=C32)=C1;COC1=CC=C(OC)C(CNC(=O)C2=CC=CC(C3=NC(C4=CC=CC=C4)=NO3)=C2)=C1;COC1=CC(OC)=CC(C(=O)NC2=CC=C3OC(C(=O)C4=CC=CC=C4)=C(C)C3=C2)=C1;COC1=CC(OC)=CC(C(=O)NC2=CC=C3C(C)=C(C(=O)C4=CC=CC=C4)OC3=C2)=C1
m_c57b9d,CN(C)c1ccncc1C(=O)NCC1CCC(c2nc(C3CC3)n[nH]2)O1;COC1CC(c2nc(C3CC3)n[nH]2)N(Cc2cccc3c2OCCO3)C1;COC1CC(c2nc(C3CC3)n[nH]2)N(Cc2ccc3c(c2)OCCO3)C1;COC1CC(COc2cccnc2)N(C(=O)c2ccc(N(C)C)nc2)C1;CCOc1ccccc1C(=O)N1CCCC(n2ccc(C(=O)NC)n2)C1;CC(C)(C)CC(=O)N1C[C@@H]2C[C@H]1C(=O)N(CC1CC1)C1=CC=CC=C1O2;CCC1CN(C)C2CC3=C(NC4=CC=CC=C34)C(O)CC1C2C(=O)OC;CCC1(O)CC2CC(C(=O)OC)C3=C(CCN(C2)C1)C1=CC=CC=C1N3;CC[C@H]1CN2CCC3=C(NC4=CC=CC=C34)[C@H]2C[C@@H]1[C@H](CO)C(=O)OC;CC[C@H]1CN2CCC3=C(NC4=CC=CC=C34)[C@H]2C[C@@H]1[C@@H](CO)C(=O)OC;CC[C@@H]1CN2CCC3=C(NC4=CC=CC=C34)[C@@H]2C[C@@H]1[C@@H](CO)C(=O)OC;COC(=O)[C@H]1[C@H]2C[C@@H]3[C@@H]4NC5=CC=CC=C5[C@@H]4CCN3C[C@H]2CC[C@@H]1O;CC[C@@H]1CO[C@@H](O)[C@H]2[C@H]1C[C@H]1N[C@@H]2[C@@H](OC)C2=C1N(C)C1=CC=CC=C21;COC(=O)C[C@@]12CCCN3CC[C@]4(C5=CC=CC(OC)=C5N[C@@H]4CC1)[C@H]32;C/C=C1/CN2CC[C@@H]3NC4=CC=CC=C4[C@@H]3[C@@H]2C[C@@H]1[C@H](CO)C(=O)OC;C/C=C1/CN2CC[C@@H]3C4=CC=CC=C4N[C@@H]3[C@@H]2C[C@@H]1[C@@H](CO)C(=O)OC;COC(=O)CCC(=O)C1=CN=C2C[C@H]3C[C@H](C)C[C@@]4(NCCC[C@@H]34)C2=C1;COC1=CC=C(CC(=O)N2CC[C@H]3CC(=O)N(C4CC4)CC[C@H]3C2)C=C1;COC(=O)C1(C)CCCC2=C1CCC(C)C21CC(C2=COC=C2)CC1=O;COC1=CC=C2C(=C1)C=CN2CCC(=O)N1CC[C@@]2(O)CCCC[C@H]2C1;COC1=CC=CC2=C1C=CN2CCC(=O)N1CC[C@@]2(O)CCCC[C@H]2C1;CCC1CC(CO)CC2(C(=O)OC)C3=C(CCNC12)C1=CC=CC=C1N3;COC1=CC=C(CC(=O)NC[C@H]2[C@@H]3CC(=O)N(C4CC4)[C@@H]3C[C@@H]2C)C=C1;CC(=O)N1CCC(N2C[C@H](O)C[C@H]2C2=NC(C3=CC=CC=C3)=NO2)CC1;CC(C)C(=O)N[C@H]1C[C@@H](CC2=NOC(COC3=CC=CC=C3)=C2)C1(C)C
m_c63e89,CNC(=O)C(NC(=O)CCc1ccccc1C)c1ccc(F)c(F)c1;CCOC(=O)C1(NC(=O)CCN2CCOC2=O)CCc2ccccc21;Cc1ccc(CN2CC(C(=O)N3CCOC(C(=O)O)C3)CC2=O)cc1;Cc1ccccc1OCC(=O)N1CCN(CC(O)C(F)(F)F)CC1;Cc1ccc(C)c(S(=O)(=O)N2CCC(n3cc(C4CC4)nn3)C2)c1;COC1=C(O)C(C(=O)CCC2=CC=CC=C2)=C(OC)C(OC)=C1OC;COC1=CC=C(C(CC(=O)O)C2=CC=C(OC)C(OC)=C2)C=C1OC;CCOC(=O)[C@H](CC)OC1=CC=C2C(C)=CC(=O)OC2=C1C(=O)CC;CCOC(=O)[C@@H](CC)OC1=CC=C2C(C)=CC(=O)OC2=C1C(=O)CC;COC(=O)[C@]12OC3[C@H](O)C[C@@](C)(C4=CC=CC=C41)[C@@H]2[C@]3(C)C(=O)OC;CC(=O)OCC1=C2[C@@H](OC(C)=O)CC(C)=C=CC/C(C)=C/[C@H]2OC1=O;CC(=O)OCC1=C2[C@@H](OC(C)=O)C(C)=C=CCC/C(C)=C\[C@@H]2OC1=O;C=C(CO)C(=O)O[C@H]1C=C(C)[C@H]2CC(=O)[C@H](C)[C@H]2[C@@H]2OC(=O)C(=C)[C@H]21;CCOC(=O)CCC1=C(C)C2=CC=C(OCC(C)=O)C(C)=C2OC1=O;COC1=CC=C(C[C@H](C(=O)O)C2=CC=C(OC)C(OC)=C2)C=C1OC;COC1=CC=C(C[C@@H](C(=O)O)C2=CC=C(OC)C(OC)=C2)C=C1OC;C=C1C(=O)O[C@H]2C[C@@]3(C)OC(=CC3=O)/C(C)=C\[C@H](OC(=O)C(C)C)[C@H]12;C=C1C(=O)O[C@H]2C[C@@]3(C)OC(=CC3=O)/C(C)=C\[C@@H](OC(=O)C(C)C)[C@H]12;C=C1C(=O)O[C@H]2/C=C(/C)C3=CC(=O)[C@](C)(C[C@@H](OC(=O)C(C)C)[C@@H]12)O3;C=C1C(=O)O[C@@H]2/C=C(/C)C3=CC(=O)[C@](C)(C[C@@H](OC(=O)C(C)C)[C@@H]12)O3;C=C1C(=O)O[C@@H]2/C=C(/C)C3=CC(=O)[C@@](C)(C[C@@H](OC(=O)C(C)C)[C@@H]12)O3;COC(=O)CC(C1=CC=C(OC(C)C)C=C1)C1=C(O)C(=O)C=C(C)O1;CC(=O)OC1=C2[C@@H](OC(C)=O)CC(C)=C=CC/C(C)=C/C[C@H]2OC1=O;COC(=O)C1=CC=C([C@H]2[C@H](C(C)=O)C(=O)C[C@](C)(O)[C@H]2C(C)=O)C=C1;C=C1C(=O)O[C@@H]2[C@H]3C(C)=CC[C@H]3C(=C)C[C@@H](OC(=O)/C(O)=C/CO)[C@@H]12
m_c772b8,Cc1ccc(OC(C)CNC(=O)C2CC(O)CN2)cc1;NC1CCCC1C(=O)N1CCN(Cc2ccon2)CC1;CCNCc1ccccc1NC(=O)C1OCCOC1C;CCCC1(C)C(=O)NCCN1Cc1noc(C2CC2)n1;CNC(=O)C1(COC)CCCN1Cc1cc(C)ncn1;COC(=O)C[C@]1(C)O[C@H]2CCCC[C@H]2C2=CCCC[C@H]21;COC(=O)C[C@]1(C)O[C@H]2CCCC[C@H]2C2=CCCC[C@@H]21;COC(=O)C[C@@]1(C)O[C@H]2CCCC[C@H]2C2=CCCC[C@H]21;COC(=O)C[C@@]1(C)O[C@H]2CCCC[C@H]2C2=CCCC[C@@H]21;CCCNC(=O)N1CCOC[C@H](OC2=CC=CC=C2)C1;CCCCCCCCCCOC(=O)C1=CC=C(O)C=C1;CC(=O)OC[C@]12COC(=C(C)C)[C@H](C(C)=C[C@H]1C)[C@H]2C;CC(=O)OC[C@]12COC(=C(C)C)[C@H](C(C)=C[C@@H]1C)[C@H]2C;CC(=O)OCC12COC(=C(C)C)C(C(C)=CC1C)[C@H]2C;COC(=O)[C@@H]1OC=C2CC[C@H]3C(C)(C)CCC[C@]3(C)[C@H]21;COC(=O)C[C@]1(C)O[C@H]2CCCC[C@H]2[C@H]2C=CCC[C@H]21;COC(=O)C[C@]1(C)O[C@H]2CCCC[C@H]2[C@H]2C=CCC[C@@H]21;COC(=O)C[C@@]1(C)O[C@H]2CCCC[C@H]2[C@H]2C=CCC[C@H]21;COC(=O)C[C@@]1(C)O[C@H]2CCCC[C@H]2[C@H]2C=CCC[C@@H]21;CCOC(=O)C1=CC=C2[C@@H](C(C)C)CC[C@]2(C)C[C@H]1O;O=C(O)CCCCCCCCCCOC1=CC=CC=C1;CC(=O)OCC1=CC(=O)[C@H]([C@H](C)CCC=C(C)C)CC1;CC(=O)OCC1=CC(=O)[C@@H]([C@H](C)CCC=C(C)C)CC1;CC(=O)OC/C(C)=C/CC[C@@H](C)[C@@H]1CCC(C)=CC1=O;C/C=C/[C@H]1OC[C@@]2(COC(C)=O)[C@H](C)C=C(C)[C@@H]1[C@@H]2C
m_c886af,NS(=O)(=O)CC1CCN(C(=O)c2ccc(F)c3ccncc23)C1;Cc1nn(-c2ccc(Cl)cc2)cc1C(=O)NCCC(O)C(=O)O;CC(C)n1cc(S(=O)(=O)Nc2cn(C)nc2C(F)(F)F)cn1;O=C(NCc1ccncc1)c1ccc(NC(=O)c2ccsc2)cc1;O=C(NCC1CCS(=O)(=O)C1)c1c[nH]nc1-c1ccc(F)cc1;COCCNC(=O)C1=CC=CC2=C1OC(C1=CC=CC=C1)=C(C)C2=O;O=C(NCC1(C(=O)O)CC1)OCC1C2=CC=CC=C2C2=CC=CC=C21;COC1=CC=C(C(=O)NCC2=CC(=O)OC3=C(C)C=C(C)C=C23)C=C1;CCOC(=O)C1=C(C)C2=CC=C(NC(=O)C3=CC=CC=C3C)C=C2O1;CCOC(=O)C1=C(C)C2=CC(NC(=O)C3=CC=CC=C3C)=CC=C2O1;CC1=C(C2=CC=CC=C2)OC2=C(C(=O)N[C@@H](C)CO)C=CC=C2C1=O;CC[C@H](C)C1=CC=C(O)C(NC(=O)C2=CC3=CC=CC=C3OC2=O)=C1;CC[C@@H](C)C1=CC=C(O)C(NC(=O)C2=CC3=CC=CC=C3OC2=O)=C1;CCCCCOC(=O)C1=CC=C(N2C(=O)C3=CC=CC=C3C2=O)C=C1;O=C(O)[C@H]1CCCN1C(=O)OCC1C2=CC=CC=C2C2=CC=CC=C21;O=C(O)[C@@H]1CCCN1C(=O)OCC1C2=CC=CC=C2C2=CC=CC=C21;O=C(NC1(C(=O)O)CCC1)OCC1C2=CC=CC=C2C2=CC=CC=C21;CCOC1=CC=C2OC(C)=C(C(=O)NC3=CC=C(C(C)=O)C=C3)C2=C1;CC1=CC=C(CNC(=O)COC2=CC=C3C(C)=CC(=O)OC3=C2)C=C1;CC1=CC(O)=C2C(C)=C(CC(=O)NCC3=CC=CC=C3)C(=O)OC2=C1;O=C(O)C1=CC=CC=C1C(=O)C1=CC2=C3C(=C1O)CCCN3CCC2;CCOC1=CC=CC(=O)C2=C(C)N(C3=CC=C(C(=O)O)C=C3)C(C)=C12;CCCNC(=O)COC1=CC=C2C(C3=CC=CC=C3)=CC(=O)OC2=C1;CC1=CC(=O)OC2=CC(OCC(=O)NCCC3=CC=CC=C3)=CC=C12;O=C(OCC1C2=CC=CC=C2C2=CC=CC=C21)ON1C(=O)CCC1=O
m_c8934f,CCCc1ccc(OCc2ccc(C(=O)Nc3cc(C)on3)o2)cc1;CCN1CCN(C(=O)C(C)Oc2ccc(S(C)(=O)=O)cc2)CC1;Cn1cc(-c2cn(C(C(=O)NC3CC3)c3ccc(F)cc3)nn2)cn1;O=C(c1cc2nccnc2cc1F)N1CCCC(Cn2cncn2)C1;N#Cc1ccc(N2CCCC(NC(=O)c3nccnc3N)C2)c(F)c1;COC1=C2OCOC2=CC2=C1[C@H](CC(=O)C1=CC=CC=N1)N(C)CC2;COC1=C2OCOC2=CC2=C1[C@@H](CC(=O)C1=CC=CC=N1)N(C)CC2;O=C(COC1=CC=C2OCOC2=C1)N1CCCC[C@@H]1C1=CC=CN=C1;COC1=C2OCOC2=CC2=C1[C@H](CC(=O)C1=CC=NC=C1)N(C)CC2;COC1=C2OCOC2=CC2=C1[C@@H](CC(=O)C1=CC=NC=C1)N(C)CC2;CCOC(=O)NC1=CC=C2CCC3=CC=CC=C3N(C(=O)OC)C2=C1;CN1C(=O)CO[C@H](C2=CC=C(NC(=O)C3=CC=CC=C3)C=C2)[C@H]1CO;COC1=C2OCOC2=CC2=C1[C@H](C(=O)NC1=CC=CC=C1)N(C)CC2;COC1=C2OCOC2=CC2=C1[C@@H](C(=O)NC1=CC=CC=C1)N(C)CC2;O=C(N[C@H]1CO[C@H]2[C@H]1OC[C@@H]2OCC1=CC=CC=C1)C1=CC=CC=N1;O=C(N[C@H]1CO[C@H]2[C@@H]1OC[C@H]2OCC1=CC=CC=C1)C1=CC=CC=N1;COC1=CC=C(CC(=O)N2CCC(=O)NC3=CC=CC=C32)C=C1OC;COC1=C2OCOC2=CC2=C1[C@H](CC(=O)C1=CC=CN=C1)N(C)CC2;COC1=C2OCOC2=CC2=C1[C@@H](CC(=O)C1=CC=CN=C1)N(C)CC2;COC1=CC=C(CNC(=O)[C@H]2CC(C3=CC=CC=C3OC)=NO2)C=C1;COC1=CC=C(CNC(=O)[C@@H]2CC(C3=CC=CC=C3OC)=NO2)C=C1;COC1=CC(NC(=O)CC2=CN(OC)C3=CC=CC=C23)=CC(OC)=C1;CC(C)C(=O)NC1=CC=CC(NC(=O)CC2=CC=CC=C2C(=O)O)=C1;COC1=CC=C(CN2C(=O)C(OC(C)=O)CC2C2=CC=CN=C2)C=C1;CC(=CCOC(=O)NC1=CC=CC=C1)COC(=O)NC1=CC=CC=C1
m_c89ffd,CS(=O)(=O)N1CCC(NC(=O)Nc2ccncc2)CC1;O=C(NC1CCOc2ccccc21)c1ccc(C(=O)O)nc1;O=C(c1ccc2n[nH]c(=O)n2c1)N1CCc2cc(F)ccc21;Cc1ccc(-n2nc(C)cc2NC(=O)Cc2ccon2)nn1;Cn1nc(-c2ccco2)cc1NC(=O)c1ccn(C)c(=O)c1;CC(=O)OC1=CC=C(C(=O)C2=CC=C(OC(C)=O)C=C2)C=C1;COC(=O)[C@H](C1=CC=CC=C1)[C@H](C(=O)OC)C1=CC=CC=C1;COC(=O)[C@H](C1=CC=CC=C1)[C@@H](C(=O)OC)C1=CC=CC=C1;COC(=O)[C@@H](C1=CC=CC=C1)[C@@H](C(=O)OC)C1=CC=CC=C1;O=C(CC1=CC=CC(C(=O)O)=C1)CC1=CC=CC(C(=O)O)=C1;CC1(C)CCC2=C(O)C=C(O)C(C(=O)C3=CC=CC=C3)=C2O1;CC(=O)C1=CC(O)=C2C(=O)C[C@@H](C3=CC=C(O)C=C3)OC2=C1;CC1=CC=C(O)C(C(=O)CCC(=O)C2=CC(C)=CC=C2O)=C1;CC1=CC=C(C(=O)CCC(=O)C2=CC=C(C)C=C2O)C(O)=C1;CC(=O)OC1=CC=C(C(=O)C2=CC=CC=C2)C(OC(C)=O)=C1;CC1(C)CCC2=C(C=C(O)C(C(=O)C3=CC=CC=C3)=C2O)O1;COC1=CC=C(C(=O)C2=CC3=CC(O)=C(OC)C=C3O2)C=C1;COC1=CC=C(C(=O)C=CC2=CC(OC)=CC(OC)=C2)C=C1;O=C(OCCCCOC(=O)C1=CC=CC=C1)C1=CC=CC=C1;COC1=CC=C(C2=C(C(=O)O)C3=CC(OC)=CC=C3O2)C=C1;COC1=CC=C(C(=O)C=CC2=CC=C(OC)C=C2OC)C=C1;COC1=CC=C(C(=O)C=CC2=CC(OC)=CC=C2OC)C=C1;COC1=CC(C=CC(=O)C2=CC=CC=C2)=CC(OC)=C1OC;O=C(C=CC=CC1=CC=C(O)C(O)=C1)C1=CC=C(O)C(O)=C1;COC1=CC(OC(C)=O)=CC2=C1CC[C@@H](C1=CC=CC=C1)O2
m_c933b7,COC(C)CS(=O)(=O)N1CCC(Nc2ccccc2F)CC1;CC(=O)N(C)CC(=O)NCc1ccccc1Oc1ccccc1F;CC(COc1ccc(F)cc1)NC1CCN(S(C)(=O)=O)CC1;Cc1cccc(OC2CCN(C(=O)c3c(O)cccc3F)CC2)n1;CC(C)Nc1cc(F)ccc1NC(=O)CS(=O)(=O)C(C)(C)C;COC(=O)CC(C1=C(O)C2=CC=CC=C2OC1=O)C1CCCCC1;COC(=O)CC(C1=C(O)C(=O)C2=CC=CC=C2O1)C1CCCCC1;COC(=O)[C@]12OC3CC[C@@](C)(C4=CC=CC=C41)[C@@H]2[C@]3(C)C(=O)OC;COC(=O)C1=C2[C@](C)(C(=O)OC)[C@H](O)CC[C@@]2(C)C2=CC=CC=C12;COC(=O)C1=C2[C@](C)(C(=O)OC)[C@@H](O)CC[C@@]2(C)C2=CC=CC=C12;COC(=O)C1=C2[C@](C)(C(=O)OC)C(O)CC[C@@]2(C)C2=CC=CC=C12;CCCCC(=O)[C@H]1C(=O)C[C@H](C2=CC=CC=C2)C(C(=O)OC)=C1O;CCCCC(=O)[C@H]1C(=O)C[C@@H](C2=CC=CC=C2)C(C(=O)OC)=C1O;CCCCC(=O)[C@@H]1C(=O)C[C@H](C2=CC=CC=C2)C(C(=O)OC)=C1O;CCCCC(=O)[C@@H]1C(=O)C[C@@H](C2=CC=CC=C2)C(C(=O)OC)=C1O;CCCCC(=O)C1C(=O)CC(C2=CC=CC=C2)C(C(=O)OC)C1=O;COC(=O)[C@]1(C)C=CCC2(C)C3=CC=CC=C3[C@](O)(C(=O)OC)[C@H]21;COC(=O)CC1CC(OC)CC2=C1C(=O)CC(C1=CC=CC=C1)O2;CC(C)CC(=O)OC(C)(C)[C@H]1CC2=C(C=CC3=C2OC(=O)C=C3)O1;CC(C)CC(=O)OC(C)(C)[C@@H]1CC2=C(C=CC3=C2OC(=O)C=C3)O1;COC(=O)CC(C1=CC=C(C(C)C)C=C1)C1=C(O)C(=O)C=C(C)O1;CCC(C)C(=O)OC(C)(C)C1CC2=C(C=CC3=C2OC(=O)C=C3)O1;CC(C)CC(=O)O[C@@H]1CC2=C(C=CC3=C2OC(=O)C=C3)OC1(C)C;CC#CC#COC1=C[C@]2(CC[C@@H](OC(=O)CC(C)C)CO2)[C@@H]2O[C@H]12;CC#CC#COC1=C[C@]2(CCC(OC(=O)CC(C)C)CO2)[C@@H]2O[C@H]12
m_c9a4bc,O=C1CCCC(C(=O)Nc2ccn(-c3ccccc3Cl)n2)N1;Cc1cc(NC(=O)C2CCN(c3ccc(Cl)cc3)C2=O)[nH]n1;O=C(CCN1CCCC1=O)Nc1ccc2cc(Cl)cnc2n1;Cc1nc(C)c(C(=O)Nc2cc(-c3c(F)cccc3F)[nH]n2)o1;Cc1ncn(Cc2nc(-c3ccc(F)c(F)c3)no2)c(=O)c1C;COC(=O)C1=C(O)C=CC(O)=C1C(=O)C1=C(O)C=C(C)C=C1O;COC(=O)C1=CC=C(O)C(OC2=CC(C(=O)OC)=CC=C2O)=C1;COC(=O)C1=CC(OC2=CC=C(O)C(C(=O)OC)=C2)=CC=C1O;COC(=O)C1=C(O)C(C)=CC(O)=C1C(=O)C1=C(O)C=CC=C1O;CCOC(=O)CC(=O)C1=CC2=CC=C(OC(C)=O)C=C2OC1=O;COC(=O)CC(C1=CC=C(OC)C=C1)C1=C(O)C=C(C)OC1=O;COC(=O)CC(C1=CC=C(OC)C=C1)C1=C(O)C(=O)C=C(C)O1;COC(=O)CC1=C(C)C2=CC=C(O[C@H](C)C(C)=O)C=C2OC1=O;COC(=O)CC1=C(C)C2=CC=C(O[C@@H](C)C(C)=O)C=C2OC1=O;COC1=CC2=C(C=CC(=O)O2)C=C1[C@H](O)C(OC(C)=O)=C(C)C;COC1=CC2=C(C=CC(=O)O2)C=C1[C@@H](O)C(OC(C)=O)=C(C)C;CC1=C(O)[C@H]2C(=O)C[C@H](C3=CC=C(O)C(O)=C3)O[C@H]2C(C)=C1O;C=C(CO)[C@@H]1CC[C@@H](C(=O)OC)[C@]12OC1=CC=C(O)C=C1C2=O;COCC1=CC(=O)C(O)=C(C(CC(=O)OC)C2=CC=CC=C2)O1;COC(=O)C1=C(O)C=C(OC)C=C1C1=CC(O)=C(OC)C=C1C;COC(=O)CC1=C(C)C2=CC=C(OCC(C)=O)C(C)=C2OC1=O;CCOC(=O)C(C)OC1=CC=C2C(C)=CC(=O)OC2=C1C(C)=O;C=C(C=O)[C@H]1CC[C@@H](C(=O)OC)[C@@H]1C(=O)C1=CC(O)=CC=C1O;C=C(C=O)[C@@H]1CC[C@H](C(=O)OC)[C@H]1C(=O)C1=CC(O)=CC=C1O;COC(=O)C1=CC(OC)=C2C(=O)OCC3=C(O)C=C(C)OC1=C32
m_c9c302,CN1CCCC1CCNC(=O)N1CCC(c2ccccc2C(=O)O)CC1;CC(Nc1ccnc(N(C)C)n1)c1cc(F)ccc1N1CCC(O)CC1;O=C1CC(C(=O)N2CCC(C(F)F)CC2)CN1CCN1CCOCC1;CCN1C(=O)CC(C(=O)NCCn2cnnc2C)C1c1cnn(C)c1C;O=C1NCCCN1C1CCN(c2cncc(OC3CCCCC3)n2)CC1;CCNC(=O)N1CC[C@H]2CC(=O)N(CC3=CC=C(OC)C=C3)CC[C@H]2C1;CC[C@H]1CN(C(=O)C2=CC=CN=C2)CC[C@H]1CC(=O)N1CCC(O)CC1;CC[C@@H]1CN(C(=O)C2=CC=CN=C2)CC[C@H]1CC(=O)N1CCC(O)CC1;CCCNC(=O)N1CC[C@@](C)(O)[C@@H](NC(=O)C2CC2)[C@@H]1C1=CC=CC=C1;CC[C@H]1CN(C(=O)C2=CC=CC=C2)CC[C@H]1CC(=O)NCCNC(C)=O;C=C1CC[C@@H]2CCC3=C(C2(C)C)[C@@](O)(C/C(C)=C/[C@@H](O)C1)N(CC)C3=O;CC[C@H]1CN(C(=O)N2CCOCC2)CC[C@H]1CC(=O)NC1=CC=CC=C1;CC[C@@H]1CN(C(=O)N2CCOCC2)CC[C@H]1CC(=O)NC1=CC=CC=C1;CCCNC(=O)N1CC[C@H]2CC(=O)NC3=CC(C)=CC=C3OCC[C@H]2C1;CCC(CC)C(=O)N1CC[C@H]2CC(=O)NC3=CC=CN=C3OCC[C@H]2C1;CCCOC1=CC(C)=C2CC[C@@H]([C@H](C)C(=O)N3CCOCC3)CC2=C1C;COC(=O)CC[C@H]1CNC(=O)[C@@H]2[C@@H](CCN2CC2=CC=C(C)C=C2)N1C;CCCCCC(=O)N1CC[C@H]2CC(=O)NC3=CC=CN=C3OCC[C@H]2C1;CC1=CC(C(=O)NC[C@H]2[C@@H]3CC(=O)N(C4CCCCC4)[C@@H]3C[C@@H]2C)=NO1;CN1C[C@H](NC(=O)C2=CN=CC=N2)CCC[C@@H](C(=O)NC2CC2)CC1=O;COC1=CC=C([C@H]2C[C@H](NC(C)=O)C[C@@H]2C(=O)N2CCN(C)CC2)C=C1;CNC(=O)[C@@H](C1=CC=CC=C1)N1CCC[C@H]1C(=O)N1CCC[C@@H]1COC;CNC(=O)[C@@H](C1=CC=C(OC)C=C1)N1CCC[C@H]1C(=O)N1CCCCC1;CC[C@H]1CN(C(=O)NC2=CC=CC(OC)=C2)CC[C@H]1CC(=O)NC1CC1;CC(=O)N1CCN(C[C@@H]2OC[C@H](NC3CC4=CC=CC=C4C3)[C@H]2O)CC1
m_c9c422,Cc1cc(C)c2c(n1)sc1c(=O)n(-c3ccccc3)c(=O)[nH]c12;O=C(NC1(C(=O)O)CCSC1)c1ccc2c(c1)OCCCO2;Cc1nc(C(=O)N(C)Cc2ccc(Cl)c(F)c2)c(=O)[nH]c1C;CC1=NS(=O)(=O)NC(C)=C1CCC(=O)Nc1ccc(O)cc1;CC(C)c1nc(S(=O)(=O)N2CC(F)(F)CC2C(=O)O)c[nH]1;COC1=CC=C(C(=O)C2=NC=CC3=CC(OC)=C(OC)C=C23)C=C1;COC1=CC=CC(C(=O)OCC2=CC3=CC=CC(C)=C3N=C2O)=C1;CC1=CC(=O)C(O)=C(C(CC(N)=O)C2=CC=CC3=CC=CC=C23)O1;COC1=CC=C(CCN2C(C(=O)O)=CC3=CC=CC=C3C2=O)C=C1;CC1=C(C2=CC=CC=C2)C(=O)OC2=CC=C(OC(=O)N(C)C)C=C12;CC1=C(C2=CC=CC=C2)C(=O)OC2=CC(OC(=O)N(C)C)=CC=C12;CC1=C(C2=CC=CC=C2)C(=O)C2=CC=C(OC(=O)N(C)C)C=C2O1;CC(=COC(=O)C1=CC=CC=C1)C(C)=NOC(=O)C1=CC=CC=C1;COC1=CC=CC(=O)C2=C(C)N(C3=CC=C(C(=O)O)C=C3)C(C)=C12;COC1=CC=CC=C1CCNC(=O)C1=NC2=CC=CC=C2C(=O)N1;COC1=CC=C(CCNC(=O)C2=NC3=CC=CC=C3C(=O)N2)C=C1;CC1=CC(=O)OC2=C(C)C(OCC(=O)NC3=CC=CC=C3)=CC=C12;COC1=CC=CC(CNC(=O)C2=CC=C(C3=NOC(C)=N3)C=C2)=C1;COC1=CC=CC(C(=O)NCCC2=NC(C3=CC=CC=C3)=NO2)=C1;COC1=CC=CC2=C1OC(=O)C(C(=O)NCCC1=CC=CC=C1)=C2;COC1=CC=C2OC(=O)C(C(=O)NCCC3=CC=CC=C3)=CC2=C1;CC1=CC(=O)OC2=CC(OCC(=O)NCC3=CC=CC=C3)=CC=C12;CC1=C(CC2=CC=CC=C2)C(=O)OC2=CC(OCC(N)=O)=CC=C12;O=C(N[C@H](CO)CC1=CC=CC=C1)C1=NC2=CC=CC=C2C(=O)N1;O=C(O)C1=C(C2=CC=CC=C2)C(C2=CC=C(O)C=C2)=C(C(=O)O)N1
m_cad5a6,CNS(=O)(=O)c1ccc2c(c1)CCN2Cc1cnc(C2CC2)s1;CCc1nc(CN2CCN(C(=O)c3cccc(Cl)c3)CC2)cs1;CCOCC(=O)Nc1ccc(Oc2ccc(S(C)(=O)=O)cc2)cc1;Cn1c(SCc2cc(=O)[nH]c3ccccc23)nc2ccccc2c1=O;O=C(NCC1(OCCO)CCOCC1)c1cc(F)c(Cl)cc1F;COC1=CC=C(CNC(=O)C2=CC=C3C(=O)N4CCCC4=NC3=C2)C=C1;COC1=CC=CC=C1CNC(=O)C1=CC=C2C(=O)N3CCCC3=NC2=C1;CN1C=NC2=CC=C(NC(=O)CCC3=CC=C4OCCC4=C3)C=C2C1=O;O=C(NCCC1=CC=C(O)C=C1)C1=CC=C2C(=O)N3CCCC3=NC2=C1;O=C(NC[C@H](O)C1=CC=CC=C1)C1=CC=C2C(=O)N3CCCC3=NC2=C1;O=C(NC[C@@H](O)C1=CC=CC=C1)C1=CC=C2C(=O)N3CCCC3=NC2=C1;O=C(COC1=CC=C2N=C3CCCN3C(=O)C2=C1)NCC1=CC=CC=C1;CCOC(=O)C1=CC=CC=C1N[C@H]1CCN2C1=NC1=CC=CC=C1C2=O;CCOC(=O)C1=CC=CC=C1N[C@@H]1CCN2C1=NC1=CC=CC=C1C2=O;COC1=CC=C(OC)C2=C1C=C(C(=O)NC1=CC=C3C=CNC3=C1)N2C;CNC1=CC=C([C@H]2CCN3C2=NC2=CC=CC=C2C3=O)C=C1C(=O)OC;CNC1=CC=C([C@@H]2CCN3C2=NC2=CC=CC=C2C3=O)C=C1C(=O)OC;COC1=CC=CC(C(=O)NCCOC2=CC=C(C3=CC=CC=C3)N=N2)=C1;COC1=CC=C(CNC(=O)C2=CC=C(C3=NOC(C4CC4)=N3)C=C2)C=C1;CC(=O)C1=CC=C(NC(=O)O[C@H]2CCN3CC4=CC=CC=C4N=C23)C=C1;CC(=O)C1=CC=C(NC(=O)O[C@@H]2CCN3CC4=CC=CC=C4N=C23)C=C1;CC(C)NC(=O)CN1C(=O)C2=CC=CC=C2N2C(=O)C3=CC=CC=C3C12;CC(=O)C1=CN(CCC(=O)NC2=CC=C(C(N)=O)C=C2)C2=CC=CC=C12;CC(=O)NC1=CC=C(C(=O)N2CC[C@H](C3=NC4=CC=CC=C4O3)C2)C=C1;O=C1C2=CC=CC=C2C(=O)N1CC(=O)N1CCCCC1C1=CC=CN=C1
m_cc35ab,Cc1ccc(N2CCC(OCC3CCCCO3)CC2)nc1C#N;COCCN1CCCC(NC(=O)Cn2ccc3ccccc32)C1;O=C(CCc1c[nH]c2ccccc12)NCCCN1CCOCC1;COc1c(C(=O)NCCc2c(C)cc(C)cc2C)c(C)nn1C;CC(C)CN1CC(C(=O)N2CCC(c3ccccn3)C2)CC1=O;CNC(=O)[C@@H](C1CC1)N1CCC[C@H]1C(=O)NCC1=CC=CC=C1;CNC(=O)C1(N2CCC[C@H]2C(=O)NCC2=CC=CC=C2)CCC1;CC(C)NC(=O)CN1C(=O)[C@@H]2CCCN2C(=O)C2=CC=CC=C21;CC[C@H](C(=O)OC[C@@H]1CCCN2CCCC[C@H]12)C1=CC=CC=C1;CC[C@@H](C(=O)OC[C@@H]1CCCN2CCCC[C@H]12)C1=CC=CC=C1;CCC(C(=O)OC[C@@H]1CCCN2CCCC[C@H]12)C1=CC=CC=C1;CCCN1CCC[C@]2(C)[C@@H](OC(=O)C3=CC=CC=C3)CCC[C@H]12;CCCN1CCC[C@@]2(C)[C@@H](OC(=O)C3=CC=CC=C3)CCC[C@H]12;C[C@H](CC(=O)OC[C@@H]1CCCN2CCCC[C@H]12)C1=CC=CC=C1;C[C@@H](CC(=O)OC[C@@H]1CCCN2CCCC[C@H]12)C1=CC=CC=C1;CC(CC(=O)OC[C@@H]1CCCN2CCCC[C@H]12)C1=CC=CC=C1;CCNC(=O)N1CC[C@H]2CC(=O)N(C3=CC=CC=C3)CC[C@H]2C1;CC(=O)O[C@@H]1C=C2CCN(C)[C@H]2[C@H](C2=CC=CC=C2C(=O)O)C1;CCOC(=O)C1C(O)=NC2C3=CC=CC=C3OC3CCCCC312;CN(C[C@@H]1CCCN2CCCC[C@H]12)C(=O)NCC1=CC=CC=C1;CCN1CCCC1CNC(=O)C1=CC2=CC(OC)=CC=C2N1C;CCOC(=O)[C@H]1C[C@H]2C(=O)CCCC[C@@H]2N1CC1=CC=CC=C1;C=C(C)[C@H]1CC[C@H](C(=O)N[C@H](CC2=CC=CC=C2)C(=O)O)CC1;COC1=CC=CC2=C1OC(=O)C(C(=O)N1[C@H](C)CCC[C@H]1C)=C2;COC1=CC=CC2=C1OC(=O)C(C(=O)N1[C@H](C)CCC[C@@H]1C)=C2
m_cc95e9,Cc1ccc(S(=O)(=O)NCC2CCC(c3ncn[nH]3)O2)cc1F;Cc1ccc(C(=O)N2CCCC(C(=O)O)C2)cc1NS(C)(=O)=O;CC(Oc1ccccc1C(F)(F)F)C(=O)NCc1ccnc(O)c1;CNS(=O)(=O)c1ccc(CCC(=O)N2CCC(C(=O)O)C2)cc1;O=C1COc2ccc(C(=O)NCCc3cccc(C(=O)O)c3)cc2N1;O=C(C=CC1=CC=C(O)C(O)=C1)CC(=O)C=CC1=CC=C(O)C(O)=C1;CCCC(=O)CC1=CC(O)=C2C(=O)C3=C(O)C=C(O)C=C3C(=O)C2=C1;CCCCC1=C(C(=O)O)C(O)=CC2=C1C(=O)C1=C(O)C=CC=C1C2=O;CCCC(=O)CC1=CC(O)=CC2=C1C(=O)C1=C(O)C=CC(O)=C1C2=O;CC(=O)OC1=CC(OC(C)=O)=C2C(=O)C[C@@H](C3=CC=CC=C3)OC2=C1;C[C@H]1CC2=C(O)C=C3C(=O)C4=C(O)C=CC(O)=C4C(=O)C3=C2[C@@H](O)C1;COC1=CC(CCC(=O)O)=CC2=C1OC(C1=CC=C3OCOC3=C1)=C2;COC(=O)C1=CC=C(COC2=CC=C3C4=C(CCC4)C(=O)OC3=C2)O1;CC1=C(COC2=CC=C3C4=C(CCC4)C(=O)OC3=C2)C=C(C(=O)O)O1;CC(=O)OC1=CC=C([C@H]2COC3=CC(OC(C)=O)=CC=C3C2=O)C=C1;COC(=O)C1=C(OC)C=C2C(=O)C3=CC=CC(OC)=C3C(=O)C2=C1C;CC(=O)OC1=CC=C([C@@H]2CC(=O)C3=CC=C(OC(C)=O)C=C3O2)C=C1;COC(=O)COC1=CC=C(C=C2OC3=CC(OC)=CC=C3C2=O)C=C1;COC1=CC(C=CC(=O)O)=CC=C1OC1=CC=C(C=CC(=O)O)C=C1;COC(=O)C=CC1=CC=C(OC(=O)C=CC2=CC=C(O)C(O)=C2)C=C1;COC(=O)CC(C1=CC=CC(O)=C1)C1=C(O)C2=CC=CC=C2OC1=O;COC(=O)CC(C1=CC=CC(O)=C1)C1=C(O)C(=O)C2=CC=CC=C2O1;CC1=C(OCC2=CC=C(C(=O)O)O2)C=CC2=C1OC(=O)C1=C2CCC1;COC(=O)COC1=CC=CC(C=C2OC3=CC(OC)=CC=C3C2=O)=C1;COC(=O)COC1=CC=C2C=C(C3=CC=C(OC)C=C3)C(=O)OC2=C1
m_cd50d8,Cc1cnn(C)c1S(=O)(=O)N1CC2(CCCC2)OCC1CN(C)C;COC1CCCC1NC1CCN(S(=O)(=O)c2c(C)n[nH]c2C)CC1;CNC(=O)c1ccc(C2CCCCN2CCCNS(C)(=O)=O)n1C;COCCN1CCC(NC(=O)c2cnc(Oc3ccccc3)cn2)CC1;COC1CC(COc2cccnc2)N(CC(=O)NCc2cccnc2)C1;COC1=CC=C(NC(=O)N2CC[C@@H](CO)N(C)C3=CC=CN=C3C2)C=C1;COC1=CC=CC=C1NC(=O)N1CC[C@@H](CO)N(C)C2=CC=CN=C2C1;COC1=CC=CC(NC(=O)N2CC[C@@H](CO)N(C)C3=CC=CN=C3C2)=C1;C=C(C)C1=CC=C2C(=C1)CC[C@H]1[C@](CC(=O)OC)(C(=O)O)CCC[C@]21C;COC(=O)C1(C)CCCC2=C1CCC(C)C21CC(C2=COC=C2)CC1=O;CC1=CC=C(NC(=O)N[C@H]2CCN3C(=O)[C@H]4CCCCN4C(=O)[C@H]23)C=C1;CC1=CC=C(NC(=O)N[C@@H]2CCN3C(=O)[C@H]4CCCCN4C(=O)[C@H]23)C=C1;COC1=CC2=C(C=C1OC)N(C)C1=C2C=NN(CN2CCCCC2)C1=O;COC1=CC2=C(C=C1OC)CN(C(=O)CCCNC1=NC=CC=N1)CC2;O=C(N[C@H]1CCN2C(=O)N(C3CCCCC3)C(=O)[C@@H]2C1)C1=CC=CN=C1;O=C(N[C@@H]1CCN2C(=O)N(C3CCCCC3)C(=O)[C@@H]2C1)C1=CC=CN=C1;CC(C)(C)OC(=O)CC1=CC=C2C=C(CC(=O)OC(C)(C)C)C=CC2=C1;COC(=O)[C@@H](NC(=O)N1CCC2=C(NC=N2)C1C1=CC=CC=C1)C(C)C;COC1=CC=CC=C1CCN1CC(C(=O)NCCC2=CNC=N2)CC1=O;CC1=CC=C(CN2CCN3C(=O)OC4(CN(C(=O)C5CC5)C4)C3C2)C=N1;O=C(NC1=CC=CC=C1)N1CCN2C(=O)N(C3CCCCC3)C(=O)[C@H]2C1;COC1=CC(C=CC(=O)C=CC2=C(C)CCCC2(C)C)=CC(OC)=C1O;COC(=O)C=C1CCC2C3CCC4=CC(=O)CCC4(C)C3C(=O)CC12C;CC(=O)OC1=CC=C2C(=C1)CC[C@H]1[C@H]3CCC4(OCCO4)[C@@]3(C)CC[C@@H]21;CC(=O)OC1=CC=C2C(=C1)CC[C@H]1[C@@H]2CC[C@@]2(C)[C@@H]1CCC21OCCO1
m_cd6458,O=C(O)C1Cc2ccccc2CN1C(=O)c1cnn(-c2ccc(Br)cc2)c1;CC(C)OC(=O)C1C(=N)Oc2c(oc(CO)cc2=O)C1c1ccc(Cl)c(Cl)c1;Cc1cccc(-c2ccc3c(c2)c(C(=O)C(=O)O)cn3Cc2ccc(C(C)(C)C)cc2)c1;Fc1ccccc1-c1noc(-c2cncnc2NCc2ccccc2Br)n1;COc1ccc(C(=O)Nc2nc(-c3cccs3)c(NC(=O)c3ccco3)s2)cc1;COC1=CC=C(C2C(=C(O)C3=CC=CC=C3)C(=O)C(=O)N2CCCC(=O)O)C=C1OC;CCN(CC)C(=O)OC1=CC=C2C(=O)C(OC3=CC=C(C(=O)OC)C=C3)=C(C)OC2=C1;COC1=CC2=C(C=C1OC)C(C)=C(CC(=O)N[C@@H](CC1=CC=CC=C1)C(=O)O)C(=O)O2;CCOC(=O)C1=CC=C(OC2=COC3=CC(OC(=O)N(CC)CC)=CC=C3C2=O)C=C1;COC1=CC=C(C(=O)CNC(=O)CC2=C(C)C3=CC=C(OC)C(OC)=C3OC2=O)C=C1;COC(=O)CC(C1=CC=C(C2=CC=C(C(=O)OC)C=C2)O1)C1=C(O)C=C(C)N(C)C1=O;COC1=CC(OC)=C2C(C)=C(CC(=O)N[C@@H](CC3=CC=CC=C3)C(=O)O)C(=O)OC2=C1;COC(=O)[C@H](NC(=O)COC1=CC(O)=C2C(=O)C=C(C3=CC=CC=C3)OC2=C1)C(C)C;CCCOC(=O)C1=CC=C(OC2=C(C)OC3=CC(OC(=O)N(C)C)=CC=C3C2=O)C=C1;COC1=CC=C2C(C)=C(CCC(=O)N[C@@H](C(=O)O)C3=CC=CC=C3)C(=O)OC2=C1OC;COC1=CC=C2C(C)=C(CC(=O)N[C@@H](CC3=CC=CC=C3)C(=O)O)C(=O)OC2=C1OC;CC(C)(C)OC(=O)NCCC(=O)OC1=CC(O)=C2C(=O)C=C(C3=CC=CC=C3)OC2=C1;COC(=O)[C@@H](NC(=O)COC1=CC=C2C(=O)C(OC3=CC=CC=C3)=COC2=C1)C(C)C;CC[C@@H](C)[C@H](NC(=O)COC1=CC(O)=C2C(=O)C=C(C3=CC=CC=C3)OC2=C1)C(=O)O;CCOC(=O)C1=CC=CC=C1NC(=O)CC1=C(C)C2=CC=C(OC)C(OC)=C2OC1=O;CC(C)(C)OC(=O)NCCC(=O)OC1=CC=C2C(=O)C(OC3=CC=CC=C3)=COC2=C1;COC1=CC=C2C(C)=C(CC(=O)NCCNC(=O)C3=CC=NC=C3)C(=O)OC2=C1OC;CC(=O)C1=CC=C(NC(=O)O[C@@H]2CO[C@H]3[C@@H]2OC[C@@H]3NC(=O)NC2=CC=CC=C2)C=C1;CC(=O)C1=CC=C(NC(=O)N[C@H]2CO[C@H]3[C@@H]2OC[C@H]3OC(=O)NC2=CC=CC=C2)C=C1;CCOC1=CC=CC=C1OC1=C(C)OC2=CC(OC(=O)N3CCOCC3)=CC=C2C1=O
m_ce56d4,O=C1CCCN1c1cccc(-c2csc(-c3cnccn3)n2)c1;O=C1CCCN1c1ccc(-c2csc(-c3cnccn3)n2)cc1;O=C1CC(C(=O)N2CCOC(C(=O)O)C2)c2ccc(F)cc2N1;CC1CCCN(S(=O)(=O)c2cc(F)c(F)c(F)c2)C1CN;COC(=CCC=O)C(=COC(=O)c1cc2c(s1)CCC2)OC;O=C1[C@H]2CC3=CC=CC(O)=C3N2C(=O)[C@H]2CC3=CC=CC(O)=C3N12;O=C1[C@@H]2CC3=CC=CC(O)=C3N2C(=O)[C@H]2CC3=CC=CC(O)=C3N12;O=C1[C@@H]2CC3=CC=CC(O)=C3N2C(=O)[C@@H]2CC3=CC=CC(O)=C3N12;COC1=CC(OC)=C2C(=O)[C@@H]([C@H](O)CC(C)=O)COC(=O)C2=C1;CC1=CC(O)=C2C3=C(C(=O)C4=C(O)C=CC=C4C3=O)[C@H](O)CC2=C1;O=C(C=CC1=CC=C2OCOC2=C1)C=CC1=CC=C2OCOC2=C1;C=C(C)[C@@H]1CC2=C(C=CC3=C2C(=O)C2=CC(O)=CC(O)=C2C3=O)O1;COC1=CC(=O)C2(OC)OC3=CC=C(OC)C=C3OC2(OC)C1;C[C@H]1CC(=O)C2=C(C=CC3=C2C(=O)C2=CC=CC(O)=C2C3=O)[C@@H]1O;C[C@@H]1CC(=O)C2=C(C=CC3=C2C(=O)C2=CC=CC(O)=C2C3=O)[C@H]1O;C[C@@H]1CC(=O)C2=C(C=CC3=C2C(=O)C2=CC=CC(O)=C2C3=O)C1O;C[C@H]1CCC(=O)[C@H](O)CC(=O)C2=C(O)C=C(O)C=C2CC(=O)O1;C[C@H]1CCC(=O)[C@@H](O)CC(=O)C2=C(O)C=C(O)C=C2CC(=O)O1;C[C@@H]1CCC(=O)[C@@H](O)CC(=O)C2=C(O)C=C(O)C=C2CC(=O)O1;O=C1C2=CC=C3C[C@H](CO)CC(=O)C3=C2C(=O)C2=CC=CC(O)=C12;CCOC(=O)[C@H]1C(=O)CC(=O)[C@H](C(=O)OCC)C1C1=CC=CO1;CCOC(=O)[C@H]1C(=O)CC(=O)[C@@H](C(=O)OCC)[C@@H]1C1=CC=CO1;CCOC(=O)[C@@H]1C(=O)CC(=O)[C@@H](C(=O)OCC)C1C1=CC=CO1;O=C(O)C1=CC=CC(N2C(=O)[C@@H]3CC4=CC=CC=C4CN3C2=O)=C1;O=C(C[C@]12CC[C@@H](O)[C@@]1(CO)COC2=O)C1=CC(O)=CC=C1O
m_ced31c,Cc1noc(C2CC(=O)N(C3CN(c4nc(C)nc(C)c4F)C3)C2)n1;CCc1ncnc(N2CC(N3CC(c4nc(C)no4)CC3=O)C2)c1F;CCC1OCCCC1C(=O)NCc1ccncc1OCC(F)(F)F;Cc1nnc(C2OCCC2CNC2CC(c3ccccc3Cl)C2)[nH]1;O=C(C1CCCN(CC(F)(F)F)C1)N1CCOC(c2ccco2)C1;C1=CC=C2OC(CN3CC[C@H](C4=NN=C(C5=CC=NC=C5)O4)C3)=CC2=C1;C1=COC(C2=NN=C([C@H]3CCN(CC4=CN=C5C=CC=CC5=C4)C3)O2)=C1;CN1C(=O)NC2=C(N=C(C3=CC=CC=C3)N2CCC2=CC=CC=C2)C1=O;CN1C(O)=NC2=C(N=C(C3=CC=CC=C3)N2CCC2=CC=CC=C2)C1=O;CC1=CC(C(=O)NC[C@@]2(COC3=CC=CC=C3)C[C@@H](O)[C@@H](O)C2)=NO1;COC[C@H]1C[C@@H](NC(=O)C2=C(C)ON=C2C2=CC=CC=C2)[C@H](O)[C@@H]1O;CC1=CC=CC2=C1N=C1COC[C@H](CNC(=O)C3=CC=C(C#N)C=C3)N12;O=C1C2=CC=CC=C2N=CN1CCCCN1C=NC2=CC=CC=C2C1=O;CC1=CC=C2C(=C1)N=C1COC[C@H](CNC(=O)C3=CC=C(C#N)C=C3)N12;CC1=NC2=CC=CC=C2C(=O)N1CCNC(=O)C1=CNC2=CC=CC=C12;CC1=C(C(=O)O[C@@H]2O[C@H](CO)[C@@H](O)[C@H](O)[C@H]2O)C(C)(C)CC[C@@H]1O;CCCNC(=O)N[C@@H]1C2CO[C@H](O2)[C@H](N2C=NC3=CC=CC=C32)[C@H]1O;COCCN1C(=O)C(C(N)=O)C2C3=CC=CC=C3OC13CCOCC23;CC1=CC=C2N=C3COC[C@H](CNC(=O)C4=CC=C(C#N)C=C4)N3C2=C1;COC1=CC=C(C2=NOC([C@H](C)O)=C2C(=O)NC2CCOCC2)C=C1;COC1=CC=C(C2=NOC(C(=O)NC3CCOCC3)=C2[C@H](C)O)C=C1;CC1=CO[C@@H](O[C@H]2O[C@@H](CO)[C@H](O)[C@@H](O)[C@@H]2O)[C@@H]2[C@@H](CO)CC[C@H]12;CC1=CO[C@@H](O[C@@H]2O[C@H](CO)[C@@H](O)[C@H](O)[C@H]2O)[C@@H]2[C@@H](CO)CC[C@H]12;CC1=CO[C@@H](O[C@@H]2O[C@@H](CO)[C@@H](O)[C@@H](O)[C@@H]2O)[C@H]2[C@@H](CO)CC[C@H]12;CC1=COC(O[C@@H]2OC(CO)[C@@H](O)C(O)[C@@H]2O)[C@@H]2[C@@H](CO)CC[C@H]12
m_cfb3df,Cc1cc(CNc2ccc3nnc(-c4ccccn4)n3n2)ccc1S(N)(=O)=O;CCOc1nc(C)ccc1C(=O)Nc1cc(C(=O)NCC(F)(F)F)ccc1C;O=C(c1ccc2ncn(-c3ccc(Cl)cc3)c2c1)N1CC2CCC(O)CC2C1;CC(C)C#CC(=O)N1CCC(c2nc(-c3ccc(F)cc3)no2)(C(F)(F)F)C1;COc1cc(OC)cc(C2CCN(C(=O)c3cnc(-c4ccccn4)s3)C2)c1;COC1=CC=C(C2=CC(=O)OC3=CC(OCC(=O)N4CCOCC4)=CC=C23)C=C1;COC1=CC2=C(C=C1OC)CN(C(=O)COC1=CC=C3C=CC(=O)OC3=C1)CC2;CCOC1=CC=C2C(=O)C(=CC3=CC=C(OC(=O)N4CCOCC4)C=C3)OC2=C1;CCOC1=CC=C(C=C2OC3=CC(OC(=O)N4CCOCC4)=CC=C3C2=O)C=C1;COC1=CC=C(C2=C(C)OC3=CC(OC(=O)N4CCOCC4)=CC=C3C2=O)C=C1;COC1=CC=C(C2=C(C)C3=CC=C(OC(=O)N4CCOCC4)C=C3OC2=O)C=C1;COC1=CC=C(C2=C(C)C3=CC(OC(=O)N4CCOCC4)=CC=C3OC2=O)C=C1;COC1=CC2=C(C=C1OC)CC(=O)N(CC(=O)C1=CC=C3OCCOC3=C1)C=C2;COC1=CC=CC(C=C2OC3=CC(OCC(=O)N4CCOCC4)=CC=C3C2=O)=C1;CCOC1=CC=CC=C1C=C1OC2=CC(OC(=O)N3CCOCC3)=CC=C2C1=O;CCOC1=CC=C2C(=O)C(=CC3=CC=CC=C3OC(=O)N3CCOCC3)OC2=C1;CCOC1=CC=C2C(=O)C(=CC3=CC=CC(OC(=O)N4CCOCC4)=C3)OC2=C1;COC1=CC(NC(=O)C2=CC=C3C(=O)N4CCCC4=NC3=C2)=CC(OC)=C1OC;O=C(COC1=CC(O)=C2C(=O)C=C(C3=CC=CC=C3)OC2=C1)N1CCC(O)CC1;COC1=CC=CC=C1C1=C(C)OC2=CC(OC(=O)N3CCOCC3)=CC=C2C1=O;CCOC(=O)C1=C(C2=CC=CC=C2)OC2=CC=C(OC(=O)N3CCOCC3)C=C12;COC1=CC(NC(=O)COC2=CC=C3N=C4CCCN4C(=O)C3=C2)=CC(OC)=C1;COC1=CC=CC(C2=C(C)C3=CC=C(OC(=O)N4CCOCC4)C=C3OC2=O)=C1;COC1=C2C=C(C(=O)C3=CC=C4OCCOC4=C3)N(C)CCC2=CC2=C1OCO2;COC1=CC=C(C(=O)N2CC[C@H]3NC(=O)N(C4=CC=CC(OC)=C4)C(=O)[C@H]32)C=C1
m_d01f54,CC(C)n1cnc(S(=O)(=O)Nc2cc(F)c(F)cc2Cl)c1;COC(=O)C1CN(C(=O)c2ccc(F)cc2C(F)(F)F)CCO1;O=C(CC(c1ccccc1)C(F)(F)F)NC1CCS(=O)(=O)C1;CS(=O)(=O)CC1(CNC(=O)c2ccc(C(F)(F)F)cc2)CC1;Cc1ccsc1-c1cccc(NC(=O)C2CCS(=O)(=O)C2)c1;COC1=CC=C(C2=CC(=O)C3=CC(NC(=O)C4CC4)=CC=C3O2)C=C1;O=C(NC1=CC=C2NC(=O)[C@H]3CCCN3C(=O)C2=C1)C1=CC=CC=C1;O=C(NC1=CC=C2NC(=O)[C@@H]3CCCN3C(=O)C2=C1)C1=CC=CC=C1;COC(=O)C1=CC=CC=C1N[C@H]1CCN2C1=NC1=CC=CC=C1C2=O;COC1=CC=CC=C1C1=CC(=O)C2=CC(NC(=O)C3CC3)=CC=C2O1;COC1=CC(NC(=O)[C@H]2[C@H](C(=O)O)C2(C)C)=C(C(C)=O)C=C1OC;COC1=CC(NC(=O)[C@H]2[C@@H](C(=O)O)C2(C)C)=C(C(C)=O)C=C1OC;COC1=CC(NC(=O)[C@@H]2[C@H](C(=O)O)C2(C)C)=C(C(C)=O)C=C1OC;COC1=CC(NC(=O)[C@@H]2[C@@H](C(=O)O)C2(C)C)=C(C(C)=O)C=C1OC;CN1C(=O)C2=CC=CC=C2N2C(=O)CC[C@@]12C(=O)NC1=CC=CC=C1;CC(=O)NC1=CC=C(N[C@H]2OC(=O)C3=C2C2=CC=CC=C2N3C)C=C1;CC(=O)NC1=CC=C(N[C@@H]2OC(=O)C3=C2C2=CC=CC=C2N3C)C=C1;COC1=CC=C(NC(=O)C2=CC=C3C(=O)N4CCCC4=NC3=C2)C=C1;O=C(N[C@H]1C[C@H]2C(=O)NC3=CC=CC=C3C(=O)N2C1)C1=CC=CC=C1;COC1=CC=CC=C1NC(=O)C1=CC=C2C(=O)N3CCCC3=NC2=C1;O=C1N[C@@H]2CCN(C(=O)C3=CC=CC=C3)[C@@H]2C(=O)N1C1=CC=CC=C1;COC1=CC=CC(NC(=O)C2=CC=C3C(=O)N4CCCC4=NC3=C2)=C1;CN1C2=CC=CC=C2C(C#N)(C(=O)NCCC(=O)O)C2=CC=CC=C21;CN1C=NC2=CC=C(NC(=O)CC3=CC=C4CCOC4=C3)C=C2C1=O;COCCN1C(=O)C(O)=C(C(C)=O)[C@H]1C1=CC=C(OC)C(OC)=C1
m_d07b86,Cc1cnc(NC(=O)NC2CCCc3cc(F)ccc32)s1;O=C(c1cc(F)cc(F)c1)N1CCOc2cc(O)ccc2C1;O=C(CNC(=O)c1cc(F)cc(F)c1)NCc1ccncc1;CC1CC(CNS(=O)(=O)c2cc(F)ccc2F)CCO1;O=C(Nc1cccc(Cl)c1)c1ccnn1C1CCOCC1;CC1(C)OC(=O)CC1C(=O)NC1=CC=C2OCCCOC2=C1;O=C(C1=CC=C(NC(=O)C2CC2)C=C1)C1=CC2=CC=CC=C2O1;COC1=CC=C(CCC(=O)N2CC[C@H]3O[C@H]3C2=O)C=C1OC;CCOC(=O)[C@H]1CCCN(C(=O)C2=CC=C3OCOC3=C2)C1;CCOC(=O)[C@@H]1CCCN(C(=O)C2=CC=C3OCOC3=C2)C1;COC1=CC(C(=O)O[C@H]2C[C@H]3CC[C@@H](C2)N3C=O)=CC=C1O;COC1=CC=CC2=C1OC(C(=O)N[C@H]1C[C@H](CO)[C@H](O)C1)=C2;COC1=CC=CC2=C1OC(C(=O)N[C@H]1C[C@H](CO)[C@@H](O)C1)=C2;COC1=CC=CC2=C1OC(C(=O)N[C@H]1C[C@@H](CO)[C@H](O)C1)=C2;COC1=CC=CC2=C1OC(C(=O)N[C@H]1C[C@@H](CO)[C@@H](O)C1)=C2;CCN1[C@@H]2CC[C@H]1[C@@H](C(=O)O)[C@H]2OC(=O)C1=CC=C(O)C=C1;CCN1[C@@H]2CC[C@@H]1[C@@H](C(=O)O)[C@H]2OC(=O)C1=CC=C(O)C=C1;CCN1C2CCC1[C@H](OC(=O)C1=CC=C(O)C=C1)[C@@H]2C(=O)O;CN1C2CCC1C(C(=O)O)C(OC(=O)C1=CC=C(O)C=C1)C2;CC1CN(CC2=CC(=O)OC3=C(O)C(O)=CC=C23)CC(C)O1;CN1C(=O)[C@@H](OCC2CC2)[C@H]2CN(C(=O)C3=CC=NO3)C[C@H]21;C[C@@H](O)[C@H](NC(=O)C1=CC=C2OC(C)(C)C=CC2=C1)C(=O)O;CC1=CC(=O)OC2=C(CN[C@@H](C(=O)O)C(C)C)C(O)=CC=C12;CC1=CC(=O)C2=C(O)C=C(O)C([C@H]3CCN(C)C[C@H]3O)=C2O1;CC1=CC(=O)C2=C(O)C=C(O)C([C@H]3CCN(C)C[C@@H]3O)=C2O1
m_d1e5ef,O=C(CC1OCCc2ccccc21)NCc1ccc(OCc2ccccc2)cc1;CC(C)(CC(=O)N1CCN(S(=O)(=O)c2cccnc2)CC1)c1ccccc1;COc1ccc(C)cc1NC(=O)c1nnn(Cc2ccccc2)c1-n1cccc1;CCc1nsc(N2CCCN(C(=O)NC3CCOc4ccccc43)CC2)n1;Cc1ccc(C)c(S(=O)(=O)NCC(=O)N2CCN(c3ccccc3)CC2)c1;CC(C)(CC(=O)O)CC(=O)N1CCN2C(=O)N(CC3=CC=CC=C3)C(=O)[C@H]2C1;CC(C)C[C@H](NC(=O)N1CCN2C1=NC1=CC=CC=C12)C(=O)N[C@H](C)C(=O)O;CC(C)C[C@H](NC(=O)N1CCN2C1=NC1=CC=CC=C12)C(=O)N[C@@H](C)C(=O)O;CC[C@H](C)[C@H](NC(=O)N1CCN2C1=NC1=CC=CC=C12)C(=O)N[C@H](C)C(=O)O;CC[C@H](C)[C@H](NC(=O)N1CCN2C1=NC1=CC=CC=C12)C(=O)N[C@@H](C)C(=O)O;CC[C@@H](C)[C@H](NC(=O)N1CCN2C1=NC1=CC=CC=C12)C(=O)N[C@H](C)C(=O)O;CC[C@@H](C)[C@H](NC(=O)N1CCN2C1=NC1=CC=CC=C12)C(=O)N[C@@H](C)C(=O)O;CCC(C)[C@H](NC(=O)N1CCN2C1=NC1=CC=CC=C12)C(=O)N[C@H](C)C(=O)O;CCC(C)[C@H](NC(=O)N1CCN2C1=NC1=CC=CC=C12)C(=O)N[C@@H](C)C(=O)O;CC(=O)N1CCN(C(=O)NC2=CC=CC=C2)C[C@H]1C(=O)N[C@H]1CCCNC1=O;CC(=O)N1CCN(C(=O)NC2=CC=CC=C2)C[C@H]1C(=O)N[C@@H]1CCCNC1=O;COC(=O)CC(C1=CC=CC(O)=C1)C1=C(O)C(=O)C=C(CN2CCCCC2)O1;O=C(O)CC1(CNC(=O)CCN2C(O)=NC3=CC=CC=C3C2=O)CCCCC1;NCC(=O)N1CCN(C(=O)C2=CC=CC=C2)[C@H](C(=O)N[C@H]2CCCNC2=O)C1;NCC(=O)N1CCN(C(=O)C2=CC=CC=C2)C[C@H]1C(=O)N[C@H]1CCCNC1=O;COC(=O)CC(C1=CC=C(O)C=C1)C1=C(O)C(=O)C=C(CN2CCCCC2)O1;C[C@H](NC(=O)CCCCCNC(=O)N1CCN2C1=NC1=CC=CC=C12)C(=O)O;C[C@@H](NC(=O)CCCCCNC(=O)N1CCN2C1=NC1=CC=CC=C12)C(=O)O;COC1=CC2=C(C=C1OC)CN(C(=O)NCCC(=O)NCC1=CC=CO1)CC2;COC(=O)N1CCC2=CC(OC)=C(OC)C=C2[C@H]1C1=CC=C(OC)C(OC)=C1
m_d1ecad,Cn1nccc1CN1CC(C(=O)N2CCOCC2)Oc2ccccc21;Cc1nccc(NC2COCCC2NC(=O)c2ccc(CO)cc2)n1;Cc1cc(C(=O)N2CCC(Oc3cccnc3N3CCCC3)C2)no1;CN1C(=O)CCC(NC(=O)c2ccoc2C2CC2)C1c1ccnn1C;CN(C)c1cccc(C(=O)NC2(c3cccc(F)c3)CCOCC2)c1;COC1=CC=C(CC(=O)N2CCOC[C@H](OC3=CC=CN=C3)C2)C=C1;CNC(=O)N1C[C@H](C2=NC(C3=CC=CC=C3)=NO2)C2(CCOCC2)C1;CNC(=O)N1C[C@@H](C2=NC(C3=CC=CC=C3)=NO2)C2(CCOCC2)C1;CC1=NOC([C@H]2CN(C(=O)NC3=CC=CC=C3)CC23CCOCC3)=N1;CC1=NOC([C@@H]2CN(C(=O)NC3=CC=CC=C3)CC23CCOCC3)=N1;CC1=CC=CC(O[C@H]2COCCN(C(=O)COC3=CC=CC=C3)C2)=N1;O=C1O[C@H](N2C(=O)CC[C@H]2C(=O)NC2CCCCC2)C2=CC=CC=C12;O=C1O[C@@H](N2C(=O)CC[C@H]2C(=O)NC2CCCCC2)C2=CC=CC=C12;O=C1OC(N2C(=O)CC[C@H]2C(=O)NC2CCCCC2)C2=CC=CC=C12;COC1=CC=C(C2(C(=O)NC3=CC=C(OC)N=C3)CCOCC2)C=C1;O=C(NC[C@@]1(COC2=CC=CC=C2)C[C@@H](O)[C@@H](O)C1)C1=CC=CN=C1;O=C(N[C@@H]1C[C@H](CN2C=C(C3CC3)N=N2)[C@@H](O)[C@H]1O)C1=CC=CC=C1;CCC(=O)NCC1=NOC([C@@H]2CCC(=O)N2CCC2=CC=CC=C2)=N1;COC1=CC=C(CC(=O)N[C@H]2[C@H](O)[C@H](O)C[C@@H]2C2=CC=CN=C2)C=C1;COC(=O)[C@@]1(C)CCC[C@]2(C)C3=C(CC[C@@H]12)C(=O)C1=C(C=CO1)CC3;COC(=O)[C@@]12COC[C@H](C3=C1NC1=CC=CC=C31)[C@]1(O)CNCC[C@@H]12;COC(=O)C(=O)N[C@H]1C[C@@H](CC2=NOC(C3=CC=CC=C3)=C2)C1(C)C;COC(=O)[C@@]1(C2=CC3=CC=CC=C3N2)COC[C@H]2O[C@]23CNCC[C@@H]31;O=C(O)COC1=CC=CC=C1[C@@H]1O[C@@H]2CCCC[C@H]2C2=CCCC[C@H]21;O=C(O)COC1=CC=CC=C1[C@@H]1O[C@@H]2CCCC[C@H]2C2=CCCC[C@@H]21
m_d258c4,CC1CN(CC(=O)N2CCC(C(=O)N3CCCC3)CC2)C(C)CO1;CC1CN(CC(O)CN2CCCC(Cn3cncn3)C2)CC(C)O1;CCN(CC)C1CCN(C(=O)NCCCc2cccc(Cl)c2)C1;CN(C(=O)c1cc(C#N)c[nH]1)C1CCN(CCc2ccccn2)CC1;CCC1(C)CN(C(=O)NCc2ccc(F)c(CN(C)C)c2)CCO1;O=C(NCC1=CC=CC=C1)NC[C@H]1CCN(CCC2=CC=CC=C2)C1;O=C(NCC1=CC=CC=C1)NC[C@@H]1CCN(CCC2=CC=CC=C2)C1;CC(=O)N1CCC(NC2(CC3=NOC(C(C)(C)O)=C3)COC2)CC1;CN(C)C[C@H]1O[C@H](CC2=NOC(CN3CCCCC3)=C2)CC[C@@H]1O;COC1=C(C(=O)C(C)C2C(O)CCCN3CCCC23)OC(O)=C1C;COC(=O)CC(C1=C(O)C(=O)C=C(CN2CCCCC2)O1)C(C)C;CCC1CC(C)C(C)(C(=O)OCC2=CCN3CCC(O)C23)OC1=O;CCC1CC(C)C(C)(C(=O)OC2CCN3CC=C(CO)C23)OC1=O;CC[C@H]1CN(C(=O)NC(C)C)CC[C@H]1CC(=O)NC1CCCCC1;CN(C)C(=O)C[C@@H]1CN(CC2CC2)[C@@H]2CO[C@@H](CC(=O)N(C)C)[C@H]12;CC1(C)C(=O)O[C@@H]2CCN3CC=C(COC(=O)[C@](C)(O)C1(C)C)C23;CC[C@H]1C[C@H](C)[C@](C)(O)C(=O)OCC2=CCN3CC[C@@H](OC1=O)[C@@H]23;CC[C@H]1C[C@@H](C)[C@](C)(O)C(=O)OCC2=CCN3CC[C@@H](OC1=O)[C@@H]23;CC[C@@H]1C[C@H](C)[C@](C)(O)C(=O)OCC2=CCN3CC[C@@H](OC1=O)[C@@H]23;COCC(=O)N1C[C@@H]2COCCN2C2(C1)CN(C1CCCCC1)C2;C[C@H]1C[C@@H]([C@@H]2CC[C@@H]3N2CCCC[C@]32OC(=O)[C@H](C)[C@H]2O)OC1=O;CC(=O)N1CCC(N2CC[C@H](C3=NC4=CC=C(C#N)C=C4N3)C2)CC1;O=C(O)C[C@@H]1CCN(C(=O)C2CCC2)C[C@@H]1CCN1CCNCC1;CCN(CC)C(=O)[C@@H]1CCC[C@@H](NC(=O)C2CC2)CN(C)C(=O)C1;CC(C)C(=O)N1C[C@@H]2COCCN2C2(C1)CN(C1CCOCC1)C2
m_d274b6,COc1nc(C)cc(C)c1CNC(=O)NC1CCC2(CC1)CC2(F)F;CC=C1CC(C)C(C)(O)C(=O)OCC2C(O)CN3CCC(OC1=O)C23;CC(O)C(CO)n1cnc2c(N(C)C3Cc4ccccc4C3)ncnc21;CC(C)C1C(=O)OC2CCN3CC=C(COC(=O)C(C)(O)C1(C)O)C23;CC=C1CC(C)C(C)(O)C(=O)OCC2CC[N+]3([O-])CCC(OC1=O)C23;CC[C@@]1(C)C(=O)O[C@@H]2CCN3CC=C(COC(=O)[C@](C)(O)[C@@]1(C)O)[C@@H]23;CC1=CC(=O)O[C@@H]2CC[N@+]3([O-])CC[C@H](COC(=O)[C@](C)(O)[C@H](C)C1)[C@H]23;C/C1=C/C(=O)O[C@@H]2CC[N@+]3([O-])CC[C@H](COC(=O)[C@](C)(O)[C@H](C)C1)[C@H]23;C/C=C1\C(=O)O[C@@H]2CCN3CC[C@H](COC(=O)[C@](C)(O)[C@H](C)[C@H]1O)[C@H]23;C/C=C1\C(=O)O[C@@H]2CCN3CC[C@H](COC(=O)[C@@](C)(O)[C@H](C)[C@@H]1O)[C@H]23;CC[C@]1(O)C[C@@H](C)[C@](C)(O)C(=O)OCC2=CCN3CC[C@@H](OC1=O)[C@@H]23;CC[C@]1(O)C[C@@H](C)[C@@](C)(O)C(=O)OCC2=CCN3CC[C@H](OC1=O)[C@@H]23;CC[C@]1(O)C[C@@H](C)[C@@](C)(O)C(=O)OCC2=CCN3CC[C@@H](OC1=O)[C@@H]23;CC[C@@]1(O)C[C@@H](C)[C@](C)(O)C(=O)OCC2=CCN3CC[C@@H](OC1=O)[C@@H]23;CC[C@@H]1C(=O)O[C@H]2CCN3CC=C(COC(=O)[C@](C)(O)[C@@H](C)[C@H]1O)[C@@H]23;CC(C)[C@H]1C[C@](O)([C@@H](C)O)C(=O)OCC2=CCN3CC[C@@H](OC1=O)[C@@H]23;CC(C)[C@@H]1C[C@](O)([C@H](C)O)C(=O)OCC2=CCN3CC[C@@H](OC1=O)[C@@H]23;CC[C@]1(O)C(=O)OCC2=CCN3CC[C@@H](OC(=O)[C@H](C(C)C)[C@H]1O)[C@@H]23;CC[C@]1(O)C(=O)OCC2=CCN3CC[C@@H](OC(=O)[C@@H](C(C)C)[C@H]1O)[C@@H]23;CC[C@@]1(O)C(=O)OCC2=CCN3CC[C@@H](OC(=O)[C@H](C(C)C)[C@@H]1O)[C@H]23;CCC1(O)C(=O)OCC2=CCN3CC[C@@H](OC(=O)C(C(C)C)C1O)[C@@H]23;CC(C)[C@H]1C(=O)O[C@@H]2CC[N@+]3([O-])CC=C(COC(=O)[C@](C)(O)[C@H]1C)[C@H]23;CC1=CC(C)=C2NC(=O)C(C3N4CC5(C)CN3CC(C)(C4)C5O)=CC2=C1;CC[C@]1(C)C(=O)O[C@](C)(C(=O)OCC2=CCN3CC[C@@H](O)[C@@H]23)[C@@]1(C)O;CC[C@@H]1C[C@@H](C)[C@@](O)(CO)C(=O)OCC2=CCN3C[C@H](C[C@@H]23)OC1=O
m_d3998e,Cn1cc(Cl)cc1C(=O)N1CCCCC1CCC(=O)O;Cn1cc(Cl)cc1C(=O)N1CCCC(CCC(=O)O)C1;CSc1nc(=O)c2c([nH]1)-c1ccccc1CC21CCCC1;COC(CNC(=O)C1COCCN1)c1ccccc1Cl;Cn1cc(S(=O)(=O)N2CC3CCCC3C2)cc1C(=O)O;O=C(CC1=CC=CC(C(=O)O)=C1)CC1=CC=CC(C(=O)O)=C1;CC1=CC=C(O)C(C(=O)CCC(=O)C2=CC(C)=CC=C2O)=C1;CC1=CC=C(C(=O)CCC(=O)C2=CC=C(C)C=C2O)C(O)=C1;COC1=CC(OC(C)=O)=CC2=C1CC[C@@H](C1=CC=CC=C1)O2;CC(=O)OC1=CC(O)=C2C(=O)C[C@@H](C3=CC=CC=C3)OC2=C1;CC(=O)OC1=CC=C(C(=O)C2=CC=CC=C2)C(OC(C)=O)=C1;O=C(OCCCCOC(=O)C1=CC=CC=C1)C1=CC=CC=C1;O=C(CCC(=O)OCC1=CC=CC=C1)OCC1=CC=CC=C1;COC(=O)[C@H](C1=CC=CC=C1)[C@H](C(=O)OC)C1=CC=CC=C1;COC(=O)[C@H](C1=CC=CC=C1)[C@@H](C(=O)OC)C1=CC=CC=C1;COC(=O)[C@@H](C1=CC=CC=C1)[C@@H](C(=O)OC)C1=CC=CC=C1;CC(C)=CCOC1=CC(O)=C(C(=O)C2=CC=CC=C2)C(O)=C1;CC(C)=CCC1=C(O)C=C(O)C(C(=O)C2=CC=CC=C2)=C1O;O=C(O)CC1=CC=C(O)C2=C1C(=O)CC(C1=CC=CC=C1)O2;CC(=O)C1=CC(O)=C2C(=O)C[C@@H](C3=CC=C(O)C=C3)OC2=C1;CC(=O)OC1=CC=C(C(=O)C2=CC=C(OC(C)=O)C=C2)C=C1;CC(=O)OC1=CC=CC=C1CCC1=CC=CC=C1OC(C)=O;CC1(C)CCC2=C(O)C=C(O)C(C(=O)C3=CC=CC=C3)=C2O1;C[C@]12CC[C@](C)(C3=CC(O)=C(O)C=C31)C1=CC(O)=C(O)C=C12;COC(=O)C[C@H]1CC=CC(=O)C1=C(O)C=CC1=CC=CC=C1
m_d4c45b,COC1CCCN(C(=O)c2csc(NC(C)=O)n2)CC1;COCC(C)N(C(=O)CCl)c1c(C)cccc1C(C)=O;COCC(NC(=O)c1ccc(Cl)cc1C)C1CCCO1;N#Cc1ccc(C(F)(F)F)nc1NC1CCOC1C1CC1;COC1C=CC2=CCN3CCc4cc5c(cc4C23C1)OCO5;COC[C@H](C)NC(=O)C1C2=CC=CC=C2OC2=CC=CC=C21;COC[C@@H](C)NC(=O)C1C2=CC=CC=C2OC2=CC=CC=C21;COC(=O)[C@H]1CC=CC[C@H]1C(=O)C1=CN(C)C2=CC=CC=C12;COC(=O)[C@H]1CC=CC[C@@H]1C(=O)C1=CN(C)C2=CC=CC=C12;COC(=O)[C@@H]1CC=CC[C@H]1C(=O)C1=CN(C)C2=CC=CC=C12;COC(=O)[C@@H]1CC=CC[C@@H]1C(=O)C1=CN(C)C2=CC=CC=C12;COC1=CC=CC(C(=O)NC[C@H]2OCCC3=CC=CC=C32)=C1;COC1=CC=CC(C(=O)NC[C@@H]2OCCC3=CC=CC=C32)=C1;COC1=CC=C(CNC(=O)CC2=CC=C3CCOC3=C2)C=C1;COC1=CC=C(NC(=O)C=CC2=CC=C(C)C=C2)C(OC)=C1;C[C@H](NC(=O)CC1=CC=CC=C1)[C@H]1COC2=CC=CC=C2O1;C[C@H](NC(=O)CC1=CC=CC=C1)[C@@H]1COC2=CC=CC=C2O1;C[C@@H](NC(=O)CC1=CC=CC=C1)[C@H]1COC2=CC=CC=C2O1;C[C@@H](NC(=O)CC1=CC=CC=C1)[C@@H]1COC2=CC=CC=C2O1;COC1=CC=C(NC(=O)CCCC(=O)C2=CC=CC=C2)C=C1;COC1=CC2=C(C=C1OC)CN(C(=O)C1=CC=CC=C1)CC2;COC(=O)[C@H](CC1=CC=CC=C1)NC(=O)C1=CC=C(C)C=C1;COC(=O)[C@@H](CC1=CC=CC=C1)NC(=O)C1=CC=C(C)C=C1;CCOC(=O)[C@H]1CN(CC2=CC=CC=C2)C2=CC=CC=C2O1;CCOC(=O)[C@@H]1CN(CC2=CC=CC=C2)C2=CC=CC=C2O1
m_d56a4e,Cc1cncc(C(=O)N2CCCC(n3cncn3)C2)c1;Cc1cncc(C(=O)N2CCCC(n3ccnn3)C2)c1;COc1ncccc1CNC(C(N)=O)c1ccccc1;Cc1ncn(CCC(=O)Nc2ccccc2)c(=O)c1C;COc1ccc2c(c1)N(Cc1cncnc1)CC(C)O2;CC1=CC(O)=CC(=O)N1CC1OCCC2=CC=CC=C21;CC1=CC=C(OC(=O)[C@]23C[C@H]4C[C@H](C[C@H](C4)C2)C3)C=N1;CCOC(=O)C1=CC=C2N=C(C)C3=C(O[C@H](C)C3)C2=C1;CCOC(=O)C1=CC=C2N=C(C)C3=C(O[C@@H](C)C3)C2=C1;CC(=O)NC[C@H]1CN2C(C3=CC=CC=C3)=CN=C2CO1;CC1=CC(=O)C(O)=C(CN2CCC3=CC=CC=C3C2)O1;CC1=CC(C(=O)N2CCN(C3=CC=CC=C3)CC2)=NO1;COC1=C2CC(C)(C)CC2=C(C(=O)O)C2=CC=NC=C12;CCCC1=CC(C(=O)CC2=CC=CC=N2)=C(O)C=C1O;COC1=CC=C(CC(=O)NC2=CC=CC=C2)C=C1OC;COC1=CC=C(C(=O)NC2=CC=CC=C2C)C=C1OC;CC1=CC(C)=NC(N[C@H](CC2=CC=CC=C2)C(=O)O)=N1;CC1=CC(C)=NC(N[C@@H](CC2=CC=CC=C2)C(=O)O)=N1;COC(=O)C1=CN(CC2CCCCC2)C2=CC=CC=C12;CN1[C@@H]2CC[C@H]1C[C@H](OC(=O)/C=C\C1=CC=CC=C1)C2;CN1[C@@H]2CC[C@H]1C[C@H](OC(=O)/C=C/C1=CC=CC=C1)C2;CN1[C@@H]2CC[C@H]1C[C@@H](OC(=O)/C=C\C1=CC=CC=C1)C2;CN1[C@@H]2CC[C@H]1C[C@@H](OC(=O)/C=C/C1=CC=CC=C1)C2;CN1[C@@H]2CC[C@H]1CC(OC(=O)/C=C/C1=CC=CC=C1)C2;C=C(C)[C@H]1CCC(C)=C1COC(=O)NC1=CC=CC=C1
m_d6c1c0,CCOC1CCN(C(=O)c2ccc(Oc3ccc(C)cn3)cc2)C1;CCOc1cc(C(=O)N2CCC(c3ccc(OC)cc3)C2)ccn1;CC(C)(C(=O)O)C1CCCN(C(=O)c2cccc3cnccc23)C1;Cc1cc(F)ccc1NC(=O)c1ccc(CN2CCCC2=O)cc1;Cc1ccc(CC(C)NC(=O)NCC2(CO)CCOCC2)s1;C#C[C@H]1C[N@]2CC[C@H]1C[C@@H]2COC(=O)NC1=CC=C(C(C)=O)C=C1;COC1=CC2=C(C=C1OC)[C@H](C)N(C(=O)C1=CC=C(N)C=C1)CC2;COC1=CC2=C(C=C1OC)[C@@H](C)N(C(=O)C1=CC=C(N)C=C1)CC2;CC(C)CCC(=O)C1=C(O)C=C(CC(=O)C2=CC=CC=C2)C=C1O;CC1=C(O)C=CC(C(=O)CN2CCN(C3=CC=CC=C3)CC2)=C1O;COC1=CC=CC(OC)=C1C(=O)N1N=C(C)C2=C1C[C@@H]1[C@H]2C1(C)C;COC1=CC2=C(C=C1OC)CN(C(=O)NCC1=CC=CC=C1)CC2;CC(C)=C1OC2=C(C=CC3=C2C(C2CCCCC2)CC(=O)O3)C1=O;COCC1=CC(O)=CC2=C1O[C@@H](C1=CC=C(O)C=C1)[C@H]1CCC[C@@H]21;CO[C@@H](CCC1=CC=C(O)C=C1)CC(=O)/C=C/C1=CC=C(O)C=C1;COC(=O)C1=C(C)C2=C(C[C@H](C3=CC=C(C(C)C)C=C3)CC2=O)O1;COC(=O)C1=C(C)C2=C(C[C@@H](C3=CC=C(C(C)C)C=C3)CC2=O)O1;CC(C)=CC[C@@]12C(=O)C=C[C@@](O)(CC[C@H]1C1=CC=C(O)C=C1)C2=O;CC(C)(O)[C@H]1CC2=C(C=CC(C(=O)CCC3=CC=CC=C3)=C2O)O1;CC(C)(O)[C@@H]1CC2=C(C=CC(C(=O)CCC3=CC=CC=C3)=C2O)O1;CCCCOC(=O)C1=CC=CC=C1C(=O)OCCC1=CC=CC=C1;NC(=O)C1CCN(CC2=CC(=O)OC3=CC4=C(C=C23)CCC4)CC1;CCCCCOC(=O)C1=CC=CC=C1C(=O)OCC1=CC=CC=C1;COC1=CC2=C(C=C1OC)CN(CC(=O)NC1=CC=CC=C1)CC2;C[C@@]12CC[C@H](O)[C@@H]3COC(=C31)C(=O)C1=CC3=C(C=C12)CCCC3O
m_d74296,COC(=O)C(NC(=O)CC(C)c1c[nH]c2ccccc12)c1ccc2c(c1)CCO2;O=C(N1CCCC(c2nnc3ccccn23)C1)C1(c2ccc(F)cc2)CCCC1;O=C(NCCc1c[nH]c2ccccc12)c1cc(-c2cccnc2)nc2ccccc12;CC(=O)CCCC(=O)N(CCc1c[nH]c2ccccc12)C(=O)c1ccccc1O;CC(=O)Nc1cccc(-c2nc(-c3ccc4c(c3)oc(=O)n4C(C)C)no2)c1C;CC(=O)OCCC1=C([C@H](C2=CNC3=CC=CC=C23)[C@H](O)CO)NC2=CC=CC=C12;CC1(C)CC(=O)C2=CC=C(OCC(=O)NCCC3=CNC4=CC=CC=C34)C=C2O1;COC1=CC=C(C2(CNC(=O)C3=CC(=O)NC4=CC=CC=C34)CCOCC2)C=C1;CC(C)C1=CC=C(C(=O)NCCCNC(=O)C2=NC3=CC=CC=C3C(=O)N2)C=C1;COC1=CC=C2NC=C(C(=O)C3=CC4=CC(OC)=C(OC)C=C4CCN3C)C2=C1;COC1=CC=CC(CNC(=O)CNC(=O)N2CCC3=C(C2)NC2=CC=CC=C32)=C1;COC(=O)[C@H](CC1=CC=CC=C1)NC(=O)CCN1C=C(C(C)=O)C2=CC=CC=C21;COC1=CC=CC=C1CNC(=O)CNC(=O)N1CCC2=C(C1)NC1=CC=CC=C21;O=C(CNC(=O)N1CCC2=C(C1)NC1=CC=CC=C21)NCC(O)C1=CC=CC=C1;COC1=CC=C(NC(=O)CCNC(=O)N2CCC3=C(C2)NC2=CC=CC=C32)C=C1;CCOC1=CC=C(NC(=O)CNC(=O)N2CCC3=C(C2)NC2=CC=CC=C32)C=C1;O=C(CCCNC(=O)N1CCC2=C(C1)NC1=CC=CC=C21)NC1=CC=CC(O)=C1;COC(=O)[C@H](CC1=CC=CC=C1)NC(=O)C1=CN(C(C)C)C(=O)C2=CC=CC=C12;O=C(CCCNC(=O)N1CCC2=C(C1)NC1=CC=CC=C21)NC1=CC=C(O)C=C1;COC1=CC=C(C(=O)CNC(=O)C2=CN(CC(C)C)C(=O)C3=CC=CC=C23)C=C1;COC1=CC2=C(C=C1OC)CN(C(=O)CN1C=C(C(C)=O)C3=CC=CC=C31)CC2;O=C(O)C[C@@H]1CCN(C(=O)NC2=CC=CC=C2)C[C@@H]1CC1=NC2=CC=CC=C2N1;COC1=CC=C2NC3=C(CN(C(=O)CCC(=O)NCC4=CC=CN=C4)CC3)C2=C1;COC1=CC=C(CCNC(=O)CN2C=CC=C2C(=O)C2=CC=CC=C2)C=C1OC;CC1=C(CC(=O)NCC2=CC=CC=N2)C(=O)OC2=CC3=C(C=C12)CCC(C)(C)O3
m_d7ad1b,CC(C)n1c(=O)[nH]c2cc(-c3noc(CN4C(=O)COc5ccc(Cl)cc54)n3)ccc21;CCN(CC)S(=O)(=O)c1ccc(C(=O)N2CCCN(C3CCSCC3)CC2)cc1;Cc1cccc(C)c1N=C(O)Cn1c(=O)cc(C(O)=NCc2ccccc2)c2ccccc21;Cc1ccc2[nH]c(-c3nc(CCN(C)C(=O)c4cncc(Br)c4)no3)cc2c1;O=C(CCn1cnc2ccc(Br)cc2c1=O)Nc1cccc(-n2cnnn2)c1;COC1=CC([C@H]2C(C(=O)C3=CC=CC=C3)=C(O)C(=O)N2CCCCCC(=O)O)=CC=C1O;COC1=CC([C@@H]2C(C(=O)C3=CC=CC=C3)=C(O)C(=O)N2CCCCCC(=O)O)=CC=C1O;COC(=O)CC(C1=CC=C(O)C=C1)C1=C(O)C=C(C)N(CCC2=CC=C(O)C(O)=C2)C1=O;COC(=O)C[C@H](C1=CC=CC(O)=C1)C1=C(O)C=C(C)N(CCC2=CC=C(O)C(O)=C2)C1=O;COC(=O)C[C@@H](C1=CC=CC(O)=C1)C1=C(O)C=C(C)N(CCC2=CC=C(O)C(O)=C2)C1=O;COC1=CC=C(OC2=C(C)OC3=CC(OCC(=O)N4CCC[C@H]4CO)=CC=C3C2=O)C=C1;CCCOC(=O)C1=CC=C(OC2=COC3=C(CN4CCOCC4)C(O)=CC=C3C2=O)C=C1;COC1=CC(C(=O)OC2=CC3=C4C(=C2)[C@H](C)CC(C)(C)N4C(=O)C3=O)=CC(OC)=C1OC;COC1=CC(C(=O)OC2=CC3=C4C(=C2)[C@@H](C)CC(C)(C)N4C(=O)C3=O)=CC(OC)=C1OC;CC(=O)CC1C2=C(C=CC3=C2OCO3)C2(C)C(O)C(O)C3=CC4=C(C=C3C2N1C)OCO4;COC(=O)[C@@H](CC(C)C)NC(=O)COC1=CC(O)=C2C(=O)C=C(C3=CC=CC=C3)OC2=C1;COC(=O)CC1=C(C)C2=CC=C3OCN(CC4=CC=C(OC)C(OC)=C4)CC3=C2OC1=O;COC1=CC=C(C2=CC(=O)OC3=CC(OCC(=O)N[C@@H](CC(C)C)C(=O)O)=CC=C23)C=C1;COCCCN1COC2=CC=C3C(=O)C(OC4=CC=C(C(=O)OC)C=C4)=C(C)OC3=C2C1;COC1=CC=C(C2=CC3=CC=C(OCC(=O)N4CCC[C@H]4CO)C=C3OC2=O)C=C1OC;COC(=O)CC(C1=C(O)C(=O)C=C(CN2CCCCC2)O1)C1=COC2=CC=CC=C2C1=O;CCOC(=O)C1=CC=C(OC2=C(C)OC3=C4CN(CCOC)COC4=CC=C3C2=O)C=C1;COC1=CC=C(C2=CC(=O)OC3=CC(OCC(=O)NCCCCCC(=O)O)=CC=C23)C=C1;COC1=CC=C(C2=CC(=O)OC3=C(C)C(OC(=O)CNC(=O)OC(C)(C)C)=CC=C23)C=C1;COC1=CC=C(/C=C2\OC3=CC(OCC(=O)N[C@@H](CC(C)C)C(=O)O)=CC=C3C2=O)C=C1
m_d7ecc5,COC(=O)C(Cc1ccccc1)NC(=O)c1cc(C(C)C)no1;COC(C)(C)C(=O)Nc1cccc2c1CN(CC(F)(F)F)C2;CC1(c2cccc(Cl)c2)CCN(Cc2nccc(N)n2)CC1;CNC(=O)C1(C(=O)N2CCC(C(=O)O)(c3ccccc3)C2)CC1;CCn1ccnc(-n2nnc3ccccc32)c1=Nc1ccccc1;COC1=CC(C(=O)OCCC2=CC=CC=C2)=CC(OC)=C1OC;CC(C)(O)CCC1=C(O)C=C(O)C(C(=O)C2=CC=CC=C2)=C1O;COC1=CC(OC)=C(OC)C(O)=C1CCC(=O)C1=CC=CC=C1;COC1=CC(OC)=C(C(=O)CCC2=CC=CC=C2)C(O)=C1OC;COC1=CC(O)=C(CCC(=O)C2=CC=CC=C2)C(OC)=C1OC;COC1=CC(CCCOC(=O)C2=CC=CC=C2)=CC(OC)=C1O;COC(=O)CC(CC(C)C)C1=C(O)C(=O)C2=CC=CC=C2C1=O;CO[C@@H]1C=C[C@H]2C[C@@]2(COC(=O)C2=CC=CC=C2)[C@H]1OC(C)=O;COC1CC2=C(C(=O)CC(C3=CC=CC=C3)O2)C(CC(=O)O)C1;COC(=O)C(CC(C)C)NC(=O)C1=CC(O)=NC2=CC=CC=C12;CC(=O)C1=CN(CCC(=O)NCCCC(=O)O)C2=CC=CC=C12;CC(=O)C1=CN(CC(=O)N[C@H](C(=O)O)C(C)C)C2=CC=CC=C12;COC(=O)C1=C2C[C@H](OC)C(C)(C)OC2=C2C=CC=CC2=C1O;COC(=O)C1=C2C[C@@H](OC)C(C)(C)OC2=C2C=CC=CC2=C1O;CNCC(=O)N1CCN2C(=O)N(CC3=CC=CC=C3)C(=O)[C@H]2C1;CC1=NOC(C)=C1C(=O)N[C@H]1[C@H](O)[C@H](O)C[C@@H]1C1=CC=CC=C1;C[C@H](O)C1=C(C(=O)NC2CCOCC2)C(C2=CC=CC=C2)=NO1;CCC(C)C(NC(=O)C1=CC(O)=NC2=CC=CC=C12)C(=O)OC;COC1=CC(OC)=C(OC)C=C1CCC(=O)C1=CC=CC(O)=C1;CC1=NOC([C@@H]2C[C@H](NC(=O)COC3=CC=CC=C3)CN2C)=N1
m_d86693,Cc1ccccc1Nc1nc(Cn2ccc(C)c(C#N)c2=O)cs1;CCC(NC(CCC(=O)NC(CS)C(=O)O)C(=O)O)C(=O)O;CCn1cc(S(=O)(=O)NCCc2c[nH]c3ccc(F)cc23)cn1;CCS(=O)(=O)NCCNc1c(C#N)cnc2c(C)cc(F)cc12;CCCNC(=O)C[S+]([O-])Cc1csc(Cc2ccccc2)n1;CC[C@@H]1CC(=O)C2=C(C=C(O)C3=C2C(=O)C2=CC=CC(O)=C2C3=O)C1;CC1(C)C=CC2=CC3=C(C=C2O1)OC(=O)C(C1=CC=C(O)C=C1O)=C3;CCC1=CC=C2C(O)=C3C(=O)[C@H]4C(O)=CC=C[C@H]4C(=O)C3=C(O)C2=C1;CCOC1=CC=CC2=C1OC(C1=CC(=O)OC3=CC(OC)=CC=C13)=C2;CCOC1=CC=CC2=C1OC(C1=CC(=O)OC3=CC(C)=C(O)C=C13)=C2;CCOC1=CC=C2OC(=O)C=C(C3=CC4=CC=CC(OC)=C4O3)C2=C1;COC(=O)CC(C1=C(O)C(=O)C2=CC=CC=C2C1=O)C1=CC=CC=C1;COC1=CC=C(C2=CC3=CC4=C(C=C3OC2=O)OC=C4C)C=C1OC;CCC1=CC(O)=C2C(=C1)C=C(O)C1C(=O)C3=C(O)C=CC=C3C(=O)C21;COC1=CC=C(C2=CC3=CC=C(OC(=O)C4CC4)C=C3OC2=O)C=C1;COC1=CC=C(C2=CC(C(=O)[O-])=CC(C3=CC=C(OC)C=C3)=[O+]2)C=C1;CCC(=O)C1=C(OC(=O)C2=CC=CC=C2)C=CC2=C1OC(=O)C=C2C;CC1(C)C=CC2=C(O)C=CC(C3=CC4=CC=C(O)C=C4OC3=O)=C2O1;COC1=CC=C2OC(C(=O)C3=C(C)OC4=CC=C(OC)C=C34)=CC2=C1;CC[C@H]1C=CC2=C(C=C3OC=C(C4=CC=C(O)C=C4)C(=O)C3=C2O)O1;CCC1=CC2=C(C=C(O)C3=C2OC(C2=CC=CC=C2)=C(OC)C3=O)O1;C=CCOC(=O)COC1=CC=C2C=C(C3=CC=CC=C3)C(=O)OC2=C1;COC(=O)COC1=CC=C2C(=O)C(=CC=CC3=CC=CC=C3)OC2=C1;O=C(OCC1=CC=C(COC(=O)C2=CC=CC=C2)O1)C1=CC=CC=C1;C=C(C)C1=CC2=CC3=C(C=C2O1)OCC1(O)C2=CC=C(O)C=C2OC31
m_d90c36,O=C(O)CN1CCCCC(NC(=O)Cc2cccnc2)C1=O;CC(C)N(CCCNC(=O)C1CCC(=O)N1)S(C)(=O)=O;COCc1cnc(C2=NC(C)(C(C)C)C(=O)N2)c(C(=O)O)c1;Cc1ccc2cccc(OCC(=O)c3ccc(C)c(C)c3)c2n1;Cc1ccc(N2CCN(C(=O)C3CCC(=O)N3C)CC2=O)o1;CCN1[C@@H]2CC[C@H]1[C@@H](C(=O)O)[C@H]2OC(=O)C1=CC=C(O)C=C1;CCN1[C@@H]2CC[C@@H]1[C@@H](C(=O)O)[C@H]2OC(=O)C1=CC=C(O)C=C1;CCN1C2CCC1[C@H](OC(=O)C1=CC=C(O)C=C1)[C@@H]2C(=O)O;COC1=CC=C(CCC(=O)N2CC[C@H]3O[C@H]3C2=O)C=C1OC;COCCN1C(=O)C(O)=C(C(C)=O)[C@H]1C1=CC=C(OC)C=C1;COCCN1C(=O)C(O)=C(C(C)=O)[C@@H]1C1=CC=C(OC)C=C1;COCCN1C(=O)C(O)=C(C(C)=O)[C@H]1C1=CC=CC=C1OC;COCCN1C(=O)C(O)=C(C(C)=O)[C@@H]1C1=CC=CC=C1OC;CN1C2CCC1C(C(=O)O)C(OC(=O)C1=CC=C(O)C=C1)C2;CCOC(=O)[C@H]1CCCN(C(=O)C2=CC=C3OCOC3=C2)C1;CCOC(=O)[C@@H]1CCCN(C(=O)C2=CC=C3OCOC3=C2)C1;COC1=CC(C(=O)O[C@H]2C[C@H]3CC[C@@H](C2)N3C=O)=CC=C1O;CC1CN(CC2=CC(=O)OC3=C(O)C(O)=CC=C23)CC(C)O1;CN1C(=O)[C@@H](OCC2CC2)[C@H]2CN(C(=O)C3=CC=NO3)C[C@H]21;CC1(C)OC(=O)CC1C(=O)NC1=CC=C2OCCCOC2=C1;COC1=CC(CCC(=O)N2CC=CC2=O)=CC(OC)=C1OC;CC(=O)C1=CN(CC2=CC=CC=C2)C(=O)C[C@H]1C1=CC=CC=C1;CC(=O)C1=CN(CC2=CC=CC=C2)C(=O)C[C@@H]1C1=CC=CC=C1;C[N+]1(C)C[C@H](OC(=O)C=CC2=CC=C(O)C=C2)C[C@H]1C(=O)[O-];C[N+]1(C)C[C@H](OC(=O)/C=C/C2=CC=C(O)C=C2)C[C@H]1C(=O)[O-]
m_daf5f1,N#Cc1ccc(NCC2CCN(CCC(=O)N3CCOCC3)C2)nc1;CCn1nc(C)c(NC(=O)N2CCN(c3ccccc3O)CC2)c1C;Cc1cc(C)nc(-n2nc(C)c(CC(=O)N3CCOCC3C)c2C)n1;CNC(=O)C1CCCN(C(=O)NCCCc2nc3ccccc3[nH]2)C1;COCc1n[nH]c(C2CN(c3cc(CO)cc(C)n3)CC2C2CC2)n1;CC1=CC=C(C(=O)N2CCN3C(=O)N(C4CCOCC4)C[C@H]3C2)C=C1;COC(=O)C1=CC=CC2=C1OC([C@H]1CCN(C3CCN(C)CC3)C1)=N2;CCC(CC)C(=O)N1CC[C@H]2NC(=O)N(C3=CC=C(C)C=C3)C(=O)[C@H]21;CCC(CC)C(=O)N1CC[C@@H]2NC(=O)N(C3=CC=C(C)C=C3)C(=O)[C@H]21;CC1=CC=C(N2C(=O)N[C@@H]3CCN(C(=O)CC(C)(C)C)[C@H]3C2=O)C=C1;CC1=CC=C(N2C(=O)N[C@@H]3CCN(C(=O)CC(C)(C)C)[C@@H]3C2=O)C=C1;CC(C)(C)CC(=O)N1CCN2C(=O)N(CC3=CC=CC=C3)C(=O)[C@H]2C1;CN(C)CCN1CC[C@H]2CN(C(=O)C3=CC=CC=C3)CC[C@H]2CC1=O;CC(C)CCNC(=O)CN1C(=O)[C@@H]2CCCN2C(=O)C2=CC=CC=C21;O=C(NC1CCCC1)N1C[C@@H]2[C@H](O)C(=O)N(CC3=CC=CC=C3)[C@@H]2C1;O=C(C1CCOCC1)N1CCN2C(=O)N(CC3=CC=CC=C3)C[C@H]2C1;CC(=O)N1CCC(N2C[C@@H]3OCC(=O)N(C4=CC=CC=C4)[C@@H]3C2)CC1;CC(=O)N1CCC(N2C[C@@H]3C[C@H]2C(=O)N(C)C2=CC=CC=C2O3)CC1;CNC(=O)[C@@H](CC1=CC=CC=C1)N1CCC[C@H]1C(=O)N1CCCCC1;CC1=CC=C(CN2C[C@H]3CN(C(=O)CC(C)(C)C)CCN3C2=O)C=C1;O=C(C1=CC=NC=C1)N1C[C@@H]2OCC(=O)N(CC3CCCCC3)[C@@H]2C1;CCC(CC)C(=O)N[C@H]1CCN2C(=O)N(C3=CC=CC=C3)C(=O)[C@@H]2C1;CCC(CC)C(=O)N[C@@H]1CCN2C(=O)N(C3=CC=CC=C3)C(=O)[C@@H]2C1;CC(=O)N1CCC(N2C[C@@H]3OC4=CC=CC=C4C(=O)N(C)[C@@H]3C2)CC1;CC1=CC=C2N=C(C[C@H]3CN(CC(C)C)CC[C@H]3CC(=O)O)NC2=C1
m_db2018,CN(Cc1ccc(O)cc1)C(=O)Cc1c[nH]c2ncccc12;O=C(c1ccoc1)N1CCC(c2nc3ccccc3[nH]2)CC1;O=C(c1ccoc1)N1CCCC(c2nc3ccccc3[nH]2)C1;O=C(O)CCN(CC1CCCO1)C(=O)c1cccc(F)c1;Cc1ccc(C)c(-n2ncc(NC(=O)c3ccco3)c2C)c1;O=C(O)[C@@H]1CCN(CC2=CC=CC=C2)C[C@H]1C1=CC=CC=C1;CCOC(=O)C(=CC1=CC=CC=C1)NC(=O)C1=CC=CC=C1;O=C(NCC1CCCO1)C1=CC2=C(C=N1)NC1=CC=CC=C12;O=C(NCC1=CC=CC=C1)C1(C2=CC=CC=C2)CCOCC1;O=NN1CCC2=CC=CC=C2[C@H]1CNC(=O)C1=CC=CC=C1;O=NN1CCC2=CC=CC=C2[C@@H]1CNC(=O)C1=CC=CC=C1;COC(=O)C(=CC1=CC=CC=C1)NC(=O)C1=CC=C(C)C=C1;CCOC(=O)N[C@H](C1=CC=CC=C1)[C@H](O)C(=O)OC(C)C;CCOC(=O)N[C@@H](C1=CC=CC=C1)[C@@H](O)C(=O)OC(C)C;O=C(C=CC1=CC=CC=C1)NCCC1=CC=C2OCOC2=C1;O=C(C=CC1=CC=C2OCOC2=C1)NCCC1=CC=CC=C1;C[C@H](NC(=O)/C=C/C1=CC=C2OCOC2=C1)C1=CC=CC=C1;C[C@@H](NC(=O)/C=C/C1=CC=C2OCOC2=C1)C1=CC=CC=C1;CN(C)C(=O)C=C(OC(=O)C1=CC=CC=C1)C1=CC=CC=C1;COC[C@H]1C[C@@H](NC(=O)C2=CC=C(OC)C=C2)[C@H](O)[C@@H]1O;O=C1NC2=CC=CC=C2O[C@H]2C[C@@H]1N(CC1=CC=CC=N1)C2;CC(=O)C1=C(NC(=O)/C=C/C2=CC=CC=C2)C[C@@H]2[C@H]1C2(C)C;CC1=NOC(C)=C1C(=O)N1CCC2=C(C1)NC1=CC=CC=C21;C=C(C)[C@H]1CC(NC(=O)/C=C/C2=CC=CC=C2)=C(C(C)=O)C1;C=C(C)[C@@H]1CC(NC(=O)/C=C/C2=CC=CC=C2)=C(C(C)=O)C1
m_db2c0e,O=C(CCc1nc(-c2ccsc2)no1)Nc1ncccc1O;CCCS(=O)(=O)N1CCN=C1SCc1ccccc1F;Cc1occc1C(=O)Nc1nc(-c2c[nH]c(C(N)=O)c2)cs1;COc1ccc(OCC(=O)Nc2sc(C)c(C)c2C#N)cc1;Cc1ncsc1C(=O)NCc1ccccc1OC(F)(F)F;COC(=O)C1=CC(O)=C(C(=O)C2=C(O)C=CC=C2C=O)C(O)=C1;COC(=O)C1=C(O)C(C)=COC2=C1C(=O)C1=C(O)C=CC=C1O2;COC(=O)C1=CC(CO)=COC2=C1C(=O)C1=C(O)C=CC=C1O2;COC(=O)C1=C(OC)C(O)=CC2=C1C(=O)C1=C(O)C=CC=C1O2;COC1=CC=CC2=C1OC1=CC(OCC(=O)O)=CC(O)=C1C2=O;COC1=C2OCOC2=CC(O)=C1C(=O)C(=O)C1=CC=CC=C1O;COC(=O)C1=C(O)C=CC2=C1C(=O)C1=C(O)C=C(CO)C=C1O2;COC1=CC=C(C(=O)C(=O)C2=CC3=C(C=C2O)OCO3)C(O)=C1;COC(=O)C1=CC=C(O)C2=C1C(=O)C1=C(O)C=C(CO)C=C1O2;COC(=O)C1=C(O)C(O)=CC2=C1C(=O)C1=C(O)C=C(C)C=C1O2;COC(=O)C1=CC=C2C(=O)C3=C(O)C=C(CO)C=C3OC2=C1O;COC(=O)C1=C(C2=CC=C(O)C(O)=C2)OC2=CC(O)=CC(O)=C12;CC1=CC(O)=CC2=C1C(=O)OC1=CC(O)=C(C(=O)O)C(C)=C1O2;CCOC(=O)C1=CC=C(C2=COC3=CC(O)=CC(O)=C3C2=O)O1;COC1=CC=CC2=C1C(=O)C1=C(OC=C(CO)C=C1C(=O)O)O2;COC1=CC(O)=C2C(=O)C3=C(O)C(O)=C(C)C(O)=C3C(=O)C2=C1;COC1=C(O)C(O)=C2C(=O)C3=CC(C)=CC(O)=C3C(=O)C2=C1O;COC1=C(O)C(O)=C2C(=O)C3=C(O)C=C(C)C=C3C(=O)C2=C1O;COC(=O)C1=CC(O)=C(O)C2=C1C(=O)C1=C(O)C=C(C)C=C1O2;COC1=CC(C)=C(O)C2=C1C(=O)C1=C(C(=O)O)C(O)=CC=C1O2
m_dbd1b2,CCn1cnnc1C1CN(C(=O)COc2ccccc2F)CCO1;CC(C)n1cccc1C(=O)N1CC(O)CC1c1cc(F)ccc1F;Cc1cccc(NC(=O)C(=O)NCc2cccc(-n3cccn3)c2)c1;COc1ccc(-c2nc3ccc(C4=NNC(=O)CC4C)cc3[nH]2)cc1;CC(=O)N1CC(C(=O)Nc2cccc(-c3nc4ccccc4[nH]3)c2)C1;COC1=CC=CC2=C1[C@](O)(C(=O)O)[C@H]1[C@](C)(C(=O)O)CCC[C@@]21C;C[C@@H]1OC=C(C(=O)O)[C@H]2CC3=C4N=C5C=CC=CC5=C4C=CN3C[C@H]12;O=C(C1=CC2=CC=CC=C2O1)N1C[C@H]2C[C@@H](C1)C1=CC=CC(=O)N1C2;O=C(C1=CC2=CC=CC=C2O1)N1C[C@@H]2C[C@H](C1)C1=CC=CC(=O)N1C2;CC(=O)N1C(C2=CC=CC=C2)C2=C(C[C@H]1C(=O)O)C1=CC=CC=C1N2;CC(=O)N(C(C)=O)C1=C(C2=CC=CC=C2)C2=CC=CC=C2N1C(C)=O;COC1=CC=C2N=CC(C(=O)N3CCC4=CC=CC=C4C3)=C(O)C2=C1;COC1=CC=C2C(O)=C(C(=O)N3CCC4=CC=CC=C4C3)C=NC2=C1;C[C@@H]1C[C@H]2O[C@H]2CCCCC(=O)CC2=CC(O)=CC(O)=C2C(=O)O1;C[C@@H]1C[C@H]2O[C@@H]2CCCCC(=O)CC2=CC(O)=CC(O)=C2C(=O)O1;CC1C[C@@H]2O[C@H]2CCCCC(=O)CC2=CC(O)=CC(O)=C2C(=O)O1;C[C@H]1CCCC(=O)CCCC(=O)CC2=CC(O)=CC(O)=C2C(=O)O1;C[C@@H]1CCCC(=O)CCCC(=O)CC2=CC(O)=CC(O)=C2C(=O)O1;COC1=CC=C([C@H](O)[C@H](CO)OC2=CC=CC=C2OC)C=C1OC;COC1=CC=C([C@H](O)[C@@H](CO)OC2=CC=CC=C2OC)C=C1OC;COC1=CC=C([C@@H](O)[C@H](CO)OC2=CC=CC=C2OC)C=C1OC;COC1=CC=C([C@@H](O)[C@@H](CO)OC2=CC=CC=C2OC)C=C1OC;O=C1NC2=CC=C(/C=C/C3=CC=CC=C3)C=C2C(=O)N2C[C@H](O)C[C@@H]12;C[C@H]1CCCC(=O)CCC[C@H]2O[C@@H]2C2=CC(O)=CC(O)=C2C(=O)O1;COC1=CC(C2NC3=CC=CC4=CC=CC(=C34)N2)=CC=C1OC(C)=O
m_dbd5d0,O=C(O)C1CC2CCCCC2N1C(=O)c1ccc(-n2cncn2)cc1;CC(C)c1nnc(C2CN(C(=O)c3ccc4cc[nH]c4c3)CCO2)o1;O=C(NCCC(=O)N1CCOCC1)c1cnc(-c2ccccc2)nc1;O=C(NCC(=O)N1CC2CNCC2C1)c1cnc2ccccc2c1O;Cn1ccnc1C1OCCCC1CNc1ncccc1C(F)(F)F;CN1C(=O)CO[C@H](C2=CC=C(NC(=O)C3=CC=CC=C3)C=C2)[C@H]1CO;CC(=O)C1=CC=C(OCCCCCOC2=CC=C(C(C)=O)C=C2)C=C1;O=C(N[C@H]1CO[C@H]2[C@H]1OC[C@@H]2OCC1=CC=CC=C1)C1=CC=CC=N1;O=C(N[C@H]1CO[C@H]2[C@@H]1OC[C@H]2OCC1=CC=CC=C1)C1=CC=CC=N1;CN1C(=O)COC[C@@H]1[C@H](O)C1=CC=C(NC(=O)C2=CC=CC=C2)C=C1;O=C(O)CC[C@@H](CNC(=O)C1=CC=CC=C1)NC(=O)C1=CC=CC=C1;O=C(NCCC[C@H](NC(=O)C1=CC=CC=C1)C(=O)O)C1=CC=CC=C1;O=C(COC1=CC=C2OCOC2=C1)N1CCCC[C@@H]1C1=CC=CN=C1;COC1=CC=C(CNC(=O)[C@H]2CC(C3=CC=CC=C3OC)=NO2)C=C1;COC1=CC=C(CNC(=O)[C@@H]2CC(C3=CC=CC=C3OC)=NO2)C=C1;O=C(CC1=CC=CC=C1)NC1=CC=C([C@H]2OCC(=O)N[C@@H]2CO)C=C1;COC1=C2OCOC2=CC2=C1[C@H](CC(=O)C1=CC=CC=N1)N(C)CC2;COC1=C2OCOC2=CC2=C1[C@@H](CC(=O)C1=CC=CC=N1)N(C)CC2;O=C(CC1=CC=CC=C1)NC1=CC=C([C@@H](O)[C@H]2COCC(=O)N2)C=C1;CCC1=NC2=CC=CC=C2N1C[C@H](O)COC1=CC=C(C(=O)O)C=C1;CCC1=NC2=CC=CC=C2N1C[C@@H](O)COC1=CC=C(C(=O)O)C=C1;CC1=CC=CC=C1C(=O)NC1=CC=C([C@H]2OCC(=O)N[C@@H]2CO)C=C1;COC1=C2OCOC2=CC2=C1[C@H](CC(=O)C1=CC=CN=C1)N(C)CC2;COC1=C2OCOC2=CC2=C1[C@@H](CC(=O)C1=CC=CN=C1)N(C)CC2;COC1=C2CN(C)CCC2=C(NC(=O)C2=CC=CC=C2)C2=C1OCO2
m_dc5eb2,CC(NC1CCN(C(=O)c2ccco2)CC1)C1CCCO1;CC1CCC(C)(NC(=O)C(C)NC(=O)c2ccoc2)CC1;CCCC1(COC)CCCN1C(=O)c1ccc(=O)n(C)c1;CC1OCCC1NC1CCCN(c2nccn(C)c2=O)C1;Cc1nccc(NC(=O)N2C3CCC2CC(CCF)C3)n1;CC1(C)[C@H]([C@H](O)[C@H](O)C2=CC=CC=C2)CC[C@]1(C)C(=O)O;CC1(C)[C@H]([C@H](O)[C@H](O)C2=CC=CC=C2)CC[C@@]1(C)C(=O)O;CC1(C)[C@@H]([C@H](O)[C@H](O)C2=CC=CC=C2)CC[C@]1(C)C(=O)O;CC1(C)[C@@H]([C@H](O)[C@H](O)C2=CC=CC=C2)CC[C@@]1(C)C(=O)O;CC(=O)OC1CC(C)(CO)C2CCC3=C(OC=C3)C2(C)C1;COC1=CC(CCC(=O)C[C@H]2C[C@@H](C)CCO2)=CC=C1O;CO[C@H]1[C@@H]2OCC[C@H](C3=CC=CC=C3)[C@H]2C[C@@H](O)[C@@H]1OC;COC(=O)C1=CC[C@H]2C(C(=O)OC)=CC[C@@H](C(C)C)C[C@H]12;COC1=CC=C([C@H](CC(=O)O)[C@H]2CCOC(C)(C)C2)C=C1;COC1=CC=C([C@H](CC(=O)O)[C@@H]2CCOC(C)(C)C2)C=C1;COC1=CC=C([C@@H](CC(=O)O)[C@H]2CCOC(C)(C)C2)C=C1;COC1=CC=C([C@@H](CC(=O)O)[C@@H]2CCOC(C)(C)C2)C=C1;COC1=CC=CC=C1[C@H](CC(=O)O)[C@H]1CCOC(C)(C)C1;COC1=CC=CC=C1[C@H](CC(=O)O)[C@@H]1CCOC(C)(C)C1;COC1=CC=CC=C1[C@@H](CC(=O)O)[C@H]1CCOC(C)(C)C1;COC1=CC=CC=C1[C@@H](CC(=O)O)[C@@H]1CCOC(C)(C)C1;COC(=O)[C@H]1CC[C@]2(C)[C@H]3COC(=O)C3=CC[C@H]2C1(C)C;C/C1=C\CC[C@H](C)[C@@H](C)OC(=O)/C=C/[C@](C)(O)/C=C/C1=O;C/C1=C/CC[C@H](C)[C@@H](C)OC(=O)/C=C\[C@](C)(O)/C=C\C1=O;COC1=CC=CC=C1[C@]1(CC(=O)O)CCO[C@H](C(C)C)C1
m_dc7be7,O=C(c1ccc(-n2cncn2)nc1)N1CC2(CCCC2)c2ccccc21;Cc1cc(NC(=O)C2CCCCC2C(F)(F)F)ccc1OCCO;CCc1nnc2n1CCN(CC(=O)N1CCCC1c1cccs1)C2;CC(C)(C)CN(CCCO)c1ccc2nnc(-c3ccsc3)n2n1;Cc1n[nH]c(C)c1C1COCCN1Cc1nnnn1CC(F)(F)F;COC(=O)CC1=C(C)C2=CC=C(O)C(CN3CCCCC3)=C2OC1=O;CC1=CC=C(CN2C[C@H]3CN(C(=O)CCC(=O)O)CCN3C2=O)C=C1;CCOC(=O)C1CCN(CC2=CC(=O)OC3=C(C)C(O)=CC=C23)CC1;COC1=CC=C(CCN2C(=O)N[C@@H](CC(=O)N3CCCC3)C2=O)C=C1;CCOC(=O)C1CCN(CC2=CC(=O)OC3=CC(OC)=CC=C23)CC1;CC(C)(C)NC(=O)CN1C(=O)[C@@H]2C[C@H](O)CN2C(=O)C2=CC=CC=C21;COC1=CC(OC)=C2C(C)=C(CC(=O)N3CCCCC3)C(=O)OC2=C1;COC1=CC=C([C@H]2C[C@@H](O)[C@@H](O)[C@@H]2NC(=O)C2=NN(C)C(C)=C2)C=C1;COC1=CC=C([C@@H]2C3=C(C)ON=C3C[C@](C)(O)[C@H]2C(C)=O)C=C1OC;COC1=CC=C([C@@H]2C3=C(C)ON=C3C[C@](C)(O)[C@@H]2C(C)=O)C=C1OC;COC1=CC=C([C@@H]2C3=C(C)ON=C3C[C@@](C)(O)[C@H]2C(C)=O)C=C1OC;COC1=CC=C([C@@H]2C3=C(C)ON=C3C[C@@](C)(O)[C@@H]2C(C)=O)C=C1OC;COC(=O)C1=CN(CCC2=CC=C(O)C=C2)C(=O)[C@@H]2[C@@H](C)[C@@H](O)C[C@H]12;CCOC(=O)C1CCN(CC2=CC(=O)OC3=CC(C)=C(O)C=C23)CC1;COC1=CC=C([C@H]2CC(C3=CC=C4C=CC=CC4=C3)=NN2C(N)=O)C=C1;COC1=CC=C([C@@H]2CC(C3=CC=C4C=CC=CC4=C3)=NN2C(N)=O)C=C1;CC1=CC=CC=C1C1=NC(C(=O)NCCO)=CC2=C1NC1=CC=CC=C12;COC1=CC=C(O[C@H]2COCCN(C(=O)C3=CC(C)=NN3C)C2)C=C1;COC1=CC=C(CN2CCC3=CC(OC)=C(O)C=C3[C@H]2CO)C=C1O;COC1=CC=C(CN2CCC3=CC(OC)=C(O)C=C3[C@@H]2CO)C=C1O
m_dd5487,N#CCCCOc1cccc(CNCC2CCCn3ccnc32)c1;CCn1cc(CCN2CC(F)CC2C(=O)N2CCOCC2)cn1;COc1ccc(CNC(C)c2cccc(N3CCCC3=O)c2)cc1;Cc1nnc2n1CC(C(=O)N(C)CC1(c3ccccc3)CC1)CC2;Cc1ccc(CCC2CCN(C(=O)c3ccc(O)nc3)CC2)cc1;CC(=O)C1=CC=C(OCCN2CCCC[C@H]2C2=CC=CN=C2)C=C1;CC(=O)C1=CC=C(OCCN2CCCC[C@@H]2C2=CC=CN=C2)C=C1;O=C(CC1=CC=CC=C1)NCCCCNC(=O)CC1=CC=CC=C1;CN(CCCCN(C)C(=O)C1=CC=CC=C1)C(=O)C1=CC=CC=C1;CC(=O)C1=CC=CC(OCCN2CCCC[C@H]2C2=CC=CN=C2)=C1;CC(=O)C1=CC=CC(OCCN2CCCC[C@@H]2C2=CC=CN=C2)=C1;CC(=O)NC1=CC=CC=C1CCCCC1=CC=CC=C1NC(C)=O;COC1=CC=C([C@H](CNC(=O)C2=CC=CC=C2)N2CCCC2)C=C1;COC1=CC=C([C@@H](CNC(=O)C2=CC=CC=C2)N2CCCC2)C=C1;CC1(C)[C@H](CC2=NOC(C3=CC=CC=C3)=C2)C[C@@H]1NC(=O)C1CC1;CC1=CC=C(NC(=O)CCCCC(=O)NC2=CC=C(C)C=C2)C=C1;C/C=C1\CN2CC[C@@H]3C4=CC=CC=C4N4[C@@H]3[C@@H]2C[C@@H]1[C@H]4C(=O)OC;C/C=C1/CN2CC[C@@H]3C4=CC=CC=C4N4[C@@H]3[C@@H]2C[C@@H]1[C@H]4C(=O)OC;CC[C@H]1CN2CC[C@@]34C[C@@H]2[C@@H]1C(C(=O)OC)=C3NC1=CC=CC=C14;CC=C1CN2CCC3=C(NC4=CC=CC=C34)C(C(=O)OC)C1CC2;C/C=C1\[C@H]2CCN3CC[C@@]4(C5=CC=CC(O)=C5N(C(C)=O)[C@H]4C2)[C@H]13;C/C=C1/[C@@H]2CCN3CC[C@]4(C5=CC=CC(O)=C5N(C(C)=O)[C@@H]4C2)[C@@H]13;CC(C)=CC/C=C1/CC[C@H]2C(=O)N(C3=CC=CC=C3)NC(=O)[C@H]2C1;CC(C)=CC/C=C1/CC[C@H]2C(=O)N(C3=CC=CC=C3)NC(=O)[C@@H]2C1;CC(C)=CC/C=C1/CC[C@@H]2C(=O)N(C3=CC=CC=C3)NC(=O)[C@H]2C1
m_de93b1,Cc1ccc(S(C)(=O)=O)cc1S(=O)(=O)N(C)CC1(O)CCC1;Cn1nc(C2CC2)cc1S(=O)(=O)N1c2ccccc2CC1C(=O)O;CC(CO)C(C)NC(=O)C(C)(C)S(=O)(=O)c1ccc(Cl)cc1;CS(=O)(=O)CC1CN(c2ncnc3c2oc2ccccc23)CCO1;COc1ccccc1S(=O)(=O)Nc1ccc2c(c1)CN(C)C(=O)N2;COC(=O)[C@@H]1[C@H]([C@H](O)OC)ON(CC2=CC=CC=C2)[C@H]1C1=CC=CO1;COC(=O)[C@@H]1[C@H]([C@H](O)OC)ON(CC2=CC=CC=C2)[C@@H]1C1=CC=CO1;COC(=O)[C@@H]1[C@H]([C@@H](O)OC)ON(CC2=CC=CC=C2)[C@H]1C1=CC=CO1;COC(=O)[C@@H]1[C@H]([C@@H](O)OC)ON(CC2=CC=CC=C2)[C@@H]1C1=CC=CO1;COC(=O)[C@@H]1[C@@H]([C@H](O)OC)ON(CC2=CC=CC=C2)[C@H]1C1=CC=CO1;COC(=O)[C@@H]1[C@@H]([C@H](O)OC)ON(CC2=CC=CC=C2)[C@@H]1C1=CC=CO1;COC(=O)[C@@H]1[C@@H]([C@@H](O)OC)ON(CC2=CC=CC=C2)[C@H]1C1=CC=CO1;COC(=O)[C@@H]1[C@@H]([C@@H](O)OC)ON(CC2=CC=CC=C2)[C@@H]1C1=CC=CO1;OC[C@H]1O[C@@]2(C[C@@H](C3=CC=C4C=CC=CC4=C3)NO2)[C@H](O)[C@@H](O)[C@@H]1O;CC1=CC(=O)C(O)=C(C2(CC(=O)NCC3=CC=CO3)CCOCC2)O1;CC(=O)N[C@H]1[C@H](OC2=CC=CC3=CC=CC=C23)O[C@H](CO)[C@@H](O)[C@@H]1O;COC1=CC2=NC3=C(C=CO3)C(OC[C@H](O)C(C)(C)O)=C2C=C1OC;COC1=CC2=C(C=C1OC)[C@]1(OC2=O)[C@H](O)[C@@H](O)C=C2CCN(C)[C@H]21;COC(=O)CC(C1=CC=C(OC)C(O)=C1)C1=C(O)C=C(C)N(C)C1=O;COC(=O)CC(C1=CC=C(O)C(OC)=C1)C1=C(O)C=C(C)N(C)C1=O;CCC1=CC(=O)OC2=CC(OC(=O)CNC(=O)OC(C)(C)C)=CC=C12;CC1=CC(=O)OC2=C(C)C(OC(=O)CNC(=O)OC(C)(C)C)=CC=C12;CC(C)(C)OC(=O)NCCCC(=O)OC1=CC=C2C=CC(=O)OC2=C1;COC1=CC2=C(C=C1O)C(=O)O[C@@H]1[C@H](OC)[C@@H]3O[C@@]34CCN(C)[C@H]4[C@H]21;COC1=CC2=C(C=C1O)C(=O)O[C@@H]1[C@@H](OC)[C@@H]3O[C@@]34CCN(C)[C@H]4[C@H]21
m_ded5eb,COC(=O)C1CCCCN1CCn1cnc2ccccc2c1=O;CCC(C)C(NC(=O)Cc1cc(-c2ccccc2)on1)C(N)=O;COC(=O)c1cccc(CNC(=O)c2cc(C(C)C)n(C)n2)c1;Cc1ccc(NC(=O)C(N)C2CCOCC2)cc1-c1ncco1;O=C(COc1nnc(-c2ccccc2)o1)NC1CCCCCC1;COC1=CC=C([C@@H](CNC(=O)C2=CC=CC=C2)OC)C=C1OC;COC1=CC=C(CCNC(=O)COC2=CC=CC=C2)C=C1OC;CC(C)(C)OC(=O)N[C@H](CC1=CC=C2C=CC=CC2=C1)C(=O)O;CC(C)(C)OC(=O)N[C@@H](CC1=CC=C2C=CC=CC2=C1)C(=O)O;COC1=CC(CCNC(=O)C2=CC=CC=C2)=CC(OC)=C1OC;COC1=CC(C(=O)NCCC2=CC=CC=C2)=CC(OC)=C1OC;CC1=CC(=O)OC2=CC(OCC(=O)NC3CCCCC3)=CC=C12;COC1=CC(OC)=CC(C(=O)NCCOC2=CC=CC=C2C)=C1;CC1(C)CC(=O)C(=CN[C@H](CC2=CC=CC=C2)C(=O)O)C(=O)C1;CC1(C)CC(=O)C(=CN[C@@H](CC2=CC=CC=C2)C(=O)O)C(=O)C1;CCOC1=CC=CC=C1NC(=O)CC1=CC=C(OC)C(OC)=C1;CCOC(=O)C1C(O)=NC2C3=CC=CC=C3OC3CCCCC312;C[C@@H](NCC1CCCC1)C1=C(C(=O)O)C(C2=CC=CN=C2)=NO1;COC1=CC=CC2=C1OC(=O)C(C(=O)N1[C@H](C)CCC[C@H]1C)=C2;COC1=CC=CC2=C1OC(=O)C(C(=O)N1[C@H](C)CCC[C@@H]1C)=C2;COC1=CC=CC2=C1OC(=O)C(C(=O)N1[C@@H](C)CCC[C@@H]1C)=C2;CCOC(=O)[C@H]1C(=O)N[C@H]2C3=CC=CC=C3O[C@H]3CCCC[C@@]132;CCOC(=O)[C@H]1C(=O)N[C@@H]2C3=CC=CC=C3O[C@H]3CCCC[C@@]132;CCOC(=O)[C@@H]1C(=O)N[C@H]2C3=CC=CC=C3O[C@H]3CCCC[C@@]132;CCOC(=O)[C@@H]1C(=O)N[C@@H]2C3=CC=CC=C3O[C@@H]3CCCC[C@]123
m_e138be,CC(O)CN1CCN(c2cccc(F)c2C#N)CC1C;O=C(O)C1CC12CCN(C(=O)CC1=CCCCC1)CC2;Cn1cc(C(=O)N2CC(C)(C)OC3(CCCC3)C2)cn1;Cc1nn(C)c(=O)c(C(=O)N2CCCCCCC2)c1C;COCCN(C(=O)Nc1cccnc1)C1CCCC1C;O=C(CCCCC1=CC=C(O)C(O)=C1)N1CCCCC1;COC1=CC=C(C(=O)CCN2CCCCC2)C(OC)=C1;CC1=CC=CC(O)=C1C(=O)CC1CCCN1CCCO;COC1=CC=C(C(=O)CCN2CCC[C@H]2C(=O)O)C=C1;COC1=CC=C(C(=O)CCN2CCC[C@@H]2C(=O)O)C=C1;CCCOC1=CC=C(C(=O)N2CCC[C@H]2C(=O)O)C=C1;CCCOC1=CC=C(C(=O)N2CCC[C@@H]2C(=O)O)C=C1;COC1=CC=C(CC(=O)NC2CCCCC2)C=C1OC;CCCC(C(=O)C1=CC=C(O)C(OC)=C1)N1CCCC1;CC(C)OC1=CC=C(C(=O)N2CCC[C@H]2C(=O)O)C=C1;CC(C)OC1=CC=C(C(=O)N2CCC[C@@H]2C(=O)O)C=C1;COC1=CC=C(CCNC(=O)C2CCCC2)C=C1OC;CC(=O)N1CCC2(CCC3=CC=C(O)C(O)=C3O2)CC1;CC1=C[C@H]2[C@H](O)C(=O)[C@@]3(O)CCCN4CCC[C@H]2[C@@]43C1;C[C@H]1CC(=O)N2CCCC3=C(CCC2)[C@H](CC3=O)[C@H]1O;C[C@H]1CC(=O)N2CCCC3=C(CCC2)[C@H](CC3=O)[C@@H]1O;C[C@H]1C[C@H](O)CC2=C1C(=O)[C@@H]1[C@@H](CCN3CCC[C@@H]13)O2;C[C@H]1C=C2N3CCC[C@@H]4C(=O)C[C@H]([C@H]1O)[C@]24[C@H](O)CC3;C[C@H]1C=C2N3CCC[C@@H]4C(=O)C[C@H]([C@H]1O)[C@@]24[C@H](O)CC3;C[C@@H]1C[C@@H](O)CC2=C1C(=O)[C@@H]1[C@H]3CCCN3CC[C@H]1O2
m_e17598,CCCNC(=O)c1cccc(CNC2CCCc3oc(C)nc32)c1;Cn1cc(C2OCCCC2NC(=O)CCCc2ccccc2)cn1;COc1ccccc1CC1CCN(C(=O)Cc2cnn(C)c2)CC1;COc1ccccc1CC(C)CC(=O)NC1CCc2nccn2C1;COCc1ccc(CNc2cccnc2N2CCC(O)CC2)cc1;COC(=O)[C@H](NC(=O)C1=CC=CC=C1)C12CC3CC(CC(C3)C1)C2;COC(=O)[C@@H](NC(=O)C1=CC=CC=C1)C12CC3CC(CC(C3)C1)C2;COC1=CC=C(CCNC(=O)CCCC2=CC=CC=C2)C=C1OC;C=C(/C=C\C1=CC=CC=C1)O[C@H]1C[C@@H]2CC[C@H]([C@H]1C(=O)OC)N2C;C=C(/C=C/C1=CC=CC=C1)O[C@H]1C[C@@H]2CC[C@H]([C@H]1C(=O)OC)N2C;COC1=CC=CC=C1OCCNC(=O)C1=CC=C(C(C)(C)C)C=C1;O=C(/C=C/C(=O)C1=CC=CC=C1)OC[C@@H]1CCCN2CCCC[C@H]12;CCCOC1=CC=C(C(=O)N[C@H](C)CC2=CC=CC=C2)C=C1OC;CCCOC1=CC=C(C(=O)N[C@@H](C)CC2=CC=CC=C2)C=C1OC;CC1(C)[C@H]2CC[C@]1(C)C(=O)/C2=C(\CC1=CC=CC=C1)NNC(N)=O;CC1(C)[C@H]2CC[C@@]1(C)C(=O)C2=C(CC1=CC=CC=C1)NNC(N)=O;CC1(C)[C@@H]2CC[C@]1(C)C(=O)C2=C(CC1=CC=CC=C1)NNC(N)=O;CC1(C)[C@@H]2CC[C@@]1(C)C(=O)/C2=C(/CC1=CC=CC=C1)NNC(N)=O;CC1=C(C(=O)NCCC2=CC=CC=C2)OC2=C1[C@H](O)CC(C)(C)C2;CC1=C(C(=O)NCCC2=CC=CC=C2)OC2=C1[C@@H](O)CC(C)(C)C2;CC1(C)C[C@H](NC(=O)C[C@H](C2=CC=CC=C2)C2=CC=CO2)CCO1;CC1(C)C[C@H](NC(=O)C[C@@H](C2=CC=CC=C2)C2=CC=CO2)CCO1;CC1(C)C[C@@H](NC(=O)C[C@H](C2=CC=CC=C2)C2=CC=CO2)CCO1;CC1(C)C[C@@H](NC(=O)C[C@@H](C2=CC=CC=C2)C2=CC=CO2)CCO1;O=C(C1CC1)N1C[C@@H](COCC2CC2)[C@@H]2COC3=CC=CC=C3[C@@H]21
m_e1bfd4,CCn1nncc1C(=O)N1CCc2ccc(O)cc2C1;CC(O)CNS(=O)(=O)c1ccc(C(C)(C)C)nc1;O=C(NCc1c[nH]nn1)c1cccnc1N1CCCC1;CC(=O)NC1CCN(C(=O)c2ccc3[nH]cnc3c2)C1;O=C(Nc1cc(C2CCCC2)[nH]n1)c1ccc(O)nc1;COC(=O)C1=C(C(=O)OC)CC2=CC3=C(C=C2C1)CC3;COC(=O)COC1=CC=C(OCC2=CC=CC=C2)C=C1;COC1=CC=C(CC(=O)O)C=C1OCC1=CC=CC=C1;COC1=CC(CC(=O)O)=CC=C1OCC1=CC=CC=C1;COC(=O)C1=C(O)C=C(O)C=C1CCC1=CC=CC=C1;COC1=CC=C(CNC(=O)C2=CN=CC(OC)=C2)C=C1;COC1=CC(O)=CC=C1CC(=O)CC1=CC=C(O)C=C1;COC1=CC(O)=C(CCC(=O)C2=CC=CC=C2)C(O)=C1;COC1=CC=C(COC(=O)C2=CC=C(OC)C=C2)C=C1;COC1=CC=C(C(=O)C2=CC=C(OC)C(OC)=C2)C=C1;COC1=CC(OC)=C(C(=O)C2=CC=CC=C2)C=C1OC;COC1=CC(OC)=C(C(=O)C2=CC=CC=C2)C(OC)=C1;COC1=CC=C(CCC(=O)C2=CC=C(O)C=C2)C(O)=C1;COC1=CC=C(C(=O)CCC2=CC=C(O)C=C2)C(O)=C1;COC1=CC(O)=CC=C1C(=O)CCC1=CC=C(O)C=C1;COC(=O)C1=CC=CC=C1C1=CC=C(OC)C=C1OC;CC1=C(O)C=C(O)C(C(=O)CCC2=CC=CC=C2)=C1O;COC1=CC=C(C(=O)C2=CC=C(OC)C=C2OC)C=C1;COC1=CC=C(CCC(=O)C2=CC=C(O)C=C2O)C=C1;COC1=CC(OC)=CC(C(=O)NCC2=CC=CN=C2)=C1
m_e1d7ad,Cc1cc(N2CCOC(CCF)C2)nc(C2CCC2)n1;CCCN(CC(=O)O)C(=O)c1c(C2CCC2)cnn1C;CCC1(Cn2cc(CN3CCNC(=O)C3)nn2)COC1;Cc1nn(C)c(C)c1CCC(=O)N(CC(=O)O)C1CC1;CC(C)CN1CCN(C(=O)c2cnn(C)n2)C(C)C1=O;COC1=CC2=C(C=C1OC)[C@H](C)N(CCC(=O)O)CC2;C[C@H]1CC=CC(=O)[C@@H]1C(=O)C[C@H]1CCCN1CCCO;C[C@H]1CC=CC(=O)[C@@H]1C(=O)C[C@@H]1CCCN1CCCO;COC1=CC=C(C(=O)O[C@H]2CCCN(C)C2)C=C1OC;COC1=CC=C(C(=O)O[C@@H]2CCCN(C)C2)C=C1OC;COC(=O)CCN1CCC2=CC(OC)=C(OC)C=C2C1;COC1=CC2=C(C=C1OC)[C@H](O)CN(CCC(C)=O)C2;COC1=CC2=C(C=C1OC)[C@@H](O)CN(CCC(C)=O)C2;COC1=CC=C(C(=O)CCN2CCOCC2)C(OC)=C1;CC1CCN(C(=O)[C@]23CC[C@](C)(C(=O)O2)C3(C)C)CC1;CC1CCN(C(=O)[C@@]23CC[C@@](C)(C(=O)O2)C3(C)C)CC1;CC1=C(O)C=CC(C(=O)CN2C[C@H](C)O[C@@H](C)C2)=C1O;CC1=C(O)C=CC(C(=O)CN2C[C@@H](C)O[C@H](C)C2)=C1O;CC1=C(O)C=CC(C(=O)CN2C[C@@H](C)O[C@@H](C)C2)=C1O;CCCCCCC/C(O)=C1\C(=O)[C@@H]2CCCCN2C1=O;COCCO[C@H]1COCCN(C(=O)C2=CC=CC=C2)C1;C[C@H]1CCCCN1C(=O)[C@]12CC[C@](C)(C(=O)O1)C2(C)C;C[C@@H]1CCCCN1C(=O)[C@]12CC[C@](C)(C(=O)O1)C2(C)C;C[C@H]1CCCN(C(=O)[C@]23CC[C@](C)(C(=O)O2)C3(C)C)C1;C[C@@H]1CCCN(C(=O)[C@]23CC[C@](C)(C(=O)O2)C3(C)C)C1
m_e1f9f4,CN1CCC(NC(=O)c2cc(F)cc(Cl)c2O)C1=O;NC1CCN(C(=O)CCc2cccc(Cl)c2Cl)C1;NC1CCN(C(=O)CCc2ccc(Cl)cc2Cl)C1;c1csc(-c2nc(CN3CCn4ccnc4C3)co2)c1;Cc1cnc(CNC(=O)c2cc(F)c(F)cc2Cl)o1;O=C(O)CCC1C2=CC=C(O)C=C2OC2=CC(O)=CC=C21;O=C1C2=CC=C(O)C=C2OC[C@]1(O)CC1=CC=C(O)C=C1;O=C1C2=CC=C(O)C=C2OC[C@@]1(O)CC1=CC=C(O)C=C1;O=C(CC1=CC=C2OCCOC2=C1)C1=CC=C(O)C=C1O;O=C1C2=C(O)C=C(O)C=C2OC[C@H]1CC1=CC=C(O)C=C1;O=C1C2=C(O)C=C(O)C=C2OC[C@@H]1CC1=CC=C(O)C=C1;O=C1C2=CC=C(O)C=C2OC[C@H]1CC1=CC=C(O)C(O)=C1;O=C1C2=CC=C(O)C=C2OC[C@@H]1CC1=CC=C(O)C(O)=C1;O=C(O)C1=CC=C2O[C@H](C3=CC=C(O)C=C3)[C@@H](CO)C2=C1;O=C(CCC1=CC=C2OCOC2=C1)C1=CC=C(O)C=C1O;COC1=CC(O)=CC=C1C(=O)CC(=O)C1=CC=C(O)C=C1;COC1=CC(O)=C(C(=O)CC(=O)C2=CC=CC=C2)C(O)=C1;O=C1C2=C(O)C=CC=C2OC[C@H]1CC1=CC=C(O)C(O)=C1;O=C1OC[C@@H](C2=CC=C(O)C(O)=C2)[C@@H]1C1=CC=C(O)C=C1;COC1=CC=C([C@@H]2CC3=CC(O)=CC(O)=C3C(=O)O2)C=C1;COC1=CC=C(C(=O)OC(=O)C2=CC=C(OC)C=C2)C=C1;COC(=O)C1=CC=C(OC2=CC=C(C(=O)OC)C=C2)C=C1;O=CC1=C(O)C=C(O)C(C(=O)CCC2=CC=CC=C2)=C1O;COC1=CC(O)=CC(O)=C1C(=O)CC(=O)C1=CC=CC=C1;CC1=C(O)C=C(O)C2=C1O[C@H](C1=CC=CC=C1O)CC2=O
m_e2993b,O=C(NCCN1CCOCC1)NCc1cccs1;COc1cc(CNC(C)(C)C(=O)O)cc(OC)c1O;COc1cc(CNCCCC(=O)O)cc(OC)c1O;CCC(C)(CC(=O)O)NC(=O)CCc1ccsc1;COCC1CCCN1Cc1ccc(C(=O)OC)s1;COC(=O)[C@H](CC1=CC=CC=C1)NCC1=CC=CC=C1;COC(=O)[C@@H](CC1=CC=CC=C1)NCC1=CC=CC=C1;COC1=CC=CC=C1CC(=O)NCCC1=CC=CC=C1;COC1=CC=C(CNC(=O)CC2=CC=C(C)C=C2)C=C1;COC(=O)C1=CC=C(NC(=O)CC2=CC=CC=C2)C=C1;CCOC(=O)CC1=CC=C(NCC2=CC=CC=C2)C=C1;COC1=CC=CC=C1CC(=O)NCC1=CC=C(C)C=C1;COC1=CC=C(CNC(=O)C2=CC=C(C)C(C)=C2)C=C1;COC1=CC=CC=C1CNC(=O)CC1=CC=C(C)C=C1;COC1=CC=C(C(=O)CNC(=O)C2=CC=CC=C2)C=C1;COC1=CC=C(CCN(C)C(=O)C2=CC=CC=C2)C=C1;COC1=CC=C(CC(=O)NC2=CC=C(C)C(C)=C2)C=C1;CCOC1=CC=C(C(=O)NCCC2=CC=CC=C2)C=C1;CCC1=CC=CC=C1NC(=O)CC1=CC=C(OC)C=C1;CC1=CC=C(OCC(=O)NCCC2=CC=CC=C2)C=C1;COC1=CC=C(CC(=O)NC2=CC(C)=CC=C2C)C=C1;O=C(CCC1=CC=CC=C1)NCCOC1=CC=CC=C1;CN(CC1=CC=CC=C1)[C@H](CC1=CC=CC=C1)C(=O)O;CN(CC1=CC=CC=C1)[C@@H](CC1=CC=CC=C1)C(=O)O;COC1=CC=CC(NC(=O)CC(=O)C2=CC=CC=C2)=C1
m_e3b936,O=C(c1ccc2[nH]c(=O)[nH]c2c1)N1CCNC(c2ccccc2Cl)C1;O=C(Nc1nc2ccccn2n1)NC1CCN(c2cccc(Cl)c2)C1;C=CCNC(=O)c1ccccc1NS(=O)(=O)c1c[nH]c2ncccc12;CCc1nnc(CNc2ccccc2C(=O)Nc2ccc(Cl)cc2)o1;COC1CN(C(=O)c2ccc(-c3ccccc3F)o2)CC1c1c[nH]nn1;COC1=CC=C(C(=O)O[C@@H]2C[C@@H](CC3=CC=CC=C3)OC2=O)C=C1OC;CO[C@H]1C2=CC=CC=C2O[C@H](C2=CC=C(OC(C)=O)C=C2)[C@H]1OC(C)=O;CO[C@@H]1C2=CC=CC=C2O[C@H](C2=CC=C(OC(C)=O)C=C2)[C@H]1OC(C)=O;COC1=C(C2=CC=C(OC)C(OC)=C2)CC2=CC(O)=CC(OC)=C2C1=O;CC(C)CC(=O)O[C@H]1C(=O)C2=C(O)C=C(O)C=C2O[C@@H]1C1=CC=CC=C1;CC(C)(O)[C@@H]1CC2=C(C=C(O)C(C(=O)/C=C/C3=CC=C(O)C=C3)=C2O)O1;O=C1C[C@@H](O)C2(OC3=CC=CC4=CC=CC(=C34)O2)[C@H]2[C@H]1[C@@H](O)CC[C@H]2O;COC1=CC=CC2=C1OC1=C3C[C@H](C(C)(C)O)OC3=CC(OC)=C1C2=O;CC[C@H](C)C(=O)O[C@H]1C(=O)C2=C(O)C=C(O)C=C2O[C@@H]1C1=CC=CC=C1;CC[C@@H](C)C(=O)O[C@H]1C(=O)C2=C(O)C=C(O)C=C2O[C@@H]1C1=CC=CC=C1;O=C1C[C@H](O)[C@@H](O)[C@@H]2[C@@H]1[C@@H](O)CCC21OC2=CC=CC3=CC=CC(=C23)O1;COC(=O)C1=CC=C[C@H]2[C@@H]1CC(O)=C1C(=O)O[C@@H](C3=COC=C3)C[C@@]12C;C[C@@H]1[C@@H](CO)[C@H](C2=CC=C3OCOC3=C2)O[C@H]1C1=CC=C2OCOC2=C1;COC1=CC(C=CC2=CC=C(OC(C)=O)C(OC)=C2)=CC=C1OC(C)=O;COC1=CC(C(=O)[C@H](C)O)=CC2=C1O[C@H](C1=CC=C3OCOC3=C1)[C@H]2C;CN1C(=O)[C@@H]2C[C@@H](CN2C(=O)C2=CC=C(Cl)C=C2)OC2=CC=CC=C21;OC[C@@]1(O)O[C@@H]2[C@@H](O[C@H]2C2=CC=CC=C2)[C@@H]2O[C@H](C3=CC=CC=C3)O[C@@H]21;CC1C(C2=CC=C3OCOC3=C2)OC(C2=CC3=C(C=C2O)OCO3)C1C;O=C1C[C@H](O)[C@H]([C@@H]2C[C@H](O)CCC23OC2=CC=CC4=CC=CC(=C24)O3)O1;COC1=CC(C(=O)C2=CC3=CC(O)=C(OC)C=C3C[C@H]2CO)=CC=C1O
m_e44302,O=C(c1cccc(Cl)c1)N1CC(S(=O)(=O)NCc2cccnc2)C1;O=S(=O)(NCC1CCc2nc(C(F)(F)F)cn2C1)c1cccs1;O=C(O)C1CCCN(C(=O)c2ccc(S(=O)(=O)C(F)(F)F)cc2)C1;CCn1c(SCC(O)=Nc2ccc(F)cc2F)nc2c(O)ncnc21;CC(C)C(=O)Nc1cccc(C(=O)OCc2ccc(Cl)c(Cl)c2)c1;O=C(O)C1=CC=C(CN2CCN3C(=O)N(CC4=CC=CC=C4)C[C@H]3C2)C=C1;O=C(O)C1=CC=C(CN2C[C@H](O)C[C@H]2C2=NC(C3=CC=CC=C3)=NO2)C=C1;COC1=CC=C(C(=O)N2CCN3C(=O)N(CC4=CC=CC=C4)C[C@H]3C2)C=C1;CCNC(=O)N1C[C@@H]2C[C@H]1C(=O)N(CC1=CC=CC=C1)C1=CC=CC=C1O2;CC(=O)NC1=CC=C(C(=O)CN2C[C@H]3C[C@@H](C2)C2=CC=CC(=O)N2C3)C=C1;CN1[C@H]2C[C@H](OC(=O)C3=CC=CC=C3)C[C@@H]1[C@@H](OC(=O)C1=CC=CC=C1)C2;CN1[C@@H]2C[C@H](OC(=O)C3=CC=CC=C3)C[C@H]1[C@@H](OC(=O)C1=CC=CC=C1)C2;CN1[C@@H]2C[C@@H](OC(=O)C3=CC=CC=C3)C[C@H]1[C@H](OC(=O)C1=CC=CC=C1)C2;O=C(O)CNC(=O)CNC(=O)C1=CC=C2C=CN(CC3=CC=CC=C3)C2=C1;O=C(O)CNC(=O)CNC(=O)C1=CC=C2C(=C1)C=CN2CC1=CC=CC=C1;COC(=O)C1=CC=C2C(=C1)N=C1COC[C@H](CNC(=O)C3=CC=CC=C3)N12;COC1=CC=C(C(=O)N2CC[C@H](C3=NC4=CC=CC=C4N3C)C2)C=C1OC;O=C(N[C@H]1CC[C@H](C(=O)O)CC1)OCC1C2=CC=CC=C2C2=CC=CC=C21;O=C(N[C@H]1CC[C@@H](C(=O)O)CC1)OCC1C2=CC=CC=C2C2=CC=CC=C21;O=C(CN1C(=O)[C@@H]2C[C@H](O)CN2C(=O)C2=CC=CC=C21)NC1=CC=CC=C1;O=C(O)CNC(=O)CNC(=O)C1=CC2=CC=CC=C2N1CC1=CC=CC=C1;O=C(N[C@@H]1CCCC[C@H]1C(=O)O)OCC1C2=CC=CC=C2C2=CC=CC=C21;O=C(N[C@@H]1CCCC[C@@H]1C(=O)O)OCC1C2=CC=CC=C2C2=CC=CC=C21;O=C(NC1=CC=CC=C1)N1CCC2(CC1)CC(=O)N(CC1=CC=CC=C1)O2;O[C@@H]1C[C@@H](C2=NC(C3=CC=C4OCOC4=C3)=NO2)N(CC2=CC=CC=C2)C1
m_e4865d,CC1CN(C(=O)CN2CCOCC2=O)CCCO1;CCOCC1CCCN(C(=O)C2CNCCO2)C1;O=C(NCc1cc(F)cc(F)c1)C1CC(O)CN1;COC1(C)CC(NC(=O)C2CNCCO2)C1(C)C;CC1C(=O)NCCN1C(=O)CC(C)(C)CC(=O)O;O=C(O)CCCCCCCCCC[C@H]1CCCO1;O=C(O)CCCCCCCCCC[C@@H]1CCCO1;O=C(O)C[C@@H]1CCNC[C@@H]1CCN1CCOCC1;CC(C)CC[C@H](CC(=O)O)[C@H]1CCOC(C)(C)C1;CC(C)CC[C@H](CC(=O)O)[C@@H]1CCOC(C)(C)C1;CC(C)CC[C@@H](CC(=O)O)[C@H]1CCOC(C)(C)C1;CC(C)CC[C@@H](CC(=O)O)[C@@H]1CCOC(C)(C)C1;O=C1CCCCCCCCCC[C@H](O)CCCO1;O=C1CCCCCCCCCC[C@@H](O)CCCO1;CCCCCCCCCC1CC(O)C(C)C(=O)O1;C[C@@H]1CC[C@@H]([C@H](C)CCC[C@@H](C)[C@H](C)O)OC1=O;C[C@@H]1CC[C@@H]([C@H](C)CCC[C@@H](C)[C@@H](C)O)OC1=O;CC(C)C[C@H](O)C[C@H](C)[C@H]1CC[C@@H](C(=O)O)CC1;CC(C)C[C@H](O)C[C@@H](C)[C@H]1CC[C@H](C(=O)O)CC1;CC(C)C[C@H](O)C[C@@H](C)[C@H]1CC[C@@H](C(=O)O)CC1;CC(C)CC(=O)C[C@@]1(C)CC[C@@H]([C@H](C)CCO)O1;CCCC1C2=C(CCN1C(C)=O)C1=CC=CC=C1N2;C[C@H](CC[C@@H]1C(C)(C)CCC[C@@]1(C)O)CC(=O)O;C[C@@H](CC[C@@H]1C(C)(C)CCC[C@@]1(C)O)CC(=O)O;CC(C)=CCC[C@](C)(O)C[C@@H](C)[C@](C)(O)[C@@H]1CO1
m_e5050e,O=C(Cc1ccc2c(c1)OCCO2)N1CCC(CN2CCOC2=O)C1;CC(C)n1nnnc1-c1ccc(NC(=O)CN2CCCC2=O)cc1F;Cc1n[nH]c(C)c1CC(=O)N1CCN(c2cccc(Cl)c2C)CC1;CC(C)Oc1ccc(CNC(=O)C2COCCN2)c(C(F)(F)F)c1;Cc1nn(Cc2ccc(Cl)cc2)c(C)c1C(=O)N1CCCNCC1;COC1=CC=C(C(CC(=O)O)C2=CC=C(OC)C(OC)=C2)C=C1OC;COC1=CC=C(C[C@H](C(=O)O)C2=CC=C(OC)C(OC)=C2)C=C1OC;COC1=CC=C(C[C@@H](C(=O)O)C2=CC=C(OC)C(OC)=C2)C=C1OC;COC1=CC(OC)=C(CCC(=O)C2=CC=C(OC)C(O)=C2)C(OC)=C1;COC1=CC(OC)=C(CCC(=O)C2=CC=C(O)C(OC)=C2)C(OC)=C1;COC1=CC=C(CCOC(=O)C2=CC(OC)=C(OC)C(OC)=C2)C=C1;O=C(CCC1=CC=C(O)C(O)=C1)C[C@H](O)CCC1=CC=C(O)C(O)=C1;O=C(CCC1=CC=C(O)C(O)=C1)C[C@@H](O)CCC1=CC=C(O)C(O)=C1;COC1=C(O)C(C(=O)CCC2=CC=CC=C2)=C(OC)C(OC)=C1OC;CCOC(=O)N1CCN(CC2=CC(=O)OC3=C(C)C(O)=CC=C23)CC1;COC(=O)CC(C1=CC=C(OC(C)C)C=C1)C1=C(O)C(=O)C=C(C)O1;CCOC(=O)[C@H](CC)OC1=CC=C2C(C)=CC(=O)OC2=C1C(=O)CC;CCOC(=O)[C@@H](CC)OC1=CC=C2C(C)=CC(=O)OC2=C1C(=O)CC;CCOC(=O)N1CCN(CC2=CC(=O)OC3=CC(OC)=CC=C23)CC1;CC1=C(CC(=O)N2CCN(CCO)CC2)C(=O)OC2=CC(O)=CC=C12;CCCC1=CC(O)=CC(O)=C1OC1=CC(O)=CC(CCC)=C1C(=O)O;OC1=CC=C2C=C1C1=CC(=CC=C1O)C[C@H](O)[C@H](O)[C@H](O)C[C@@H](O)C2;OC1=CC=C2C=C1C1=CC(=CC=C1O)C[C@H](O)[C@@H](O)[C@@H](O)C[C@@H](O)C2;CC(C)(O)C(=O)CC[C@]1(C)OC2=CC3=C(C=CC(=O)O3)C=C2C[C@H]1O;CCOC(=O)N1CCN(CC2=CC(=O)OC3=CC(C)=C(O)C=C23)CC1
m_e58af8,COc1ccc(F)cc1CNC(=O)N1CCCC(C(F)(F)F)C1;Cn1cnc(C(=O)N2CCN(C(=O)c3ccc(F)c(F)c3)CC2)c1;O=C(NCC(F)(F)F)N(Cc1cccc(F)c1)CC1CCCO1;Cn1cnc(CNC(=O)N2CCN(c3ccccc3Cl)CC2)n1;C=C1CC(C)(C(=O)Nc2ccc(C)c(N3CCCS3(=O)=O)c2)C1;O=C(NCCC1=CC=CC=C1)C1=C(O)N2CCC3=C2C(=CC=C3)C1=O;O=C(NCCC1=CC=CC=C1)C1=C(O)C2=CC=CC3=C2N(CC3)C1=O;O=C(CN1C(=O)[C@@H]2CCCN2C(=O)C2=CC=CC=C21)C1=CC=CC=C1;COC1=C(O)C(OC)=CC(CCC2=CC(OC)=C(O)C(OC)=C2)=C1;O=C(O)C1=CC(OCC2=CC=CC=C2)=CC(OCC2=CC=CC=C2)=C1;O=C(C=CC=CC1=CC=C(O)C=C1)CC(=O)C=CC1=CC=C(O)C=C1;COC1=CC=C2N=CC(C(=O)N3CCC4=CC=CC=C4C3)=C(O)C2=C1;COC1=CC=C2C(O)=C(C(=O)N3CCC4=CC=CC=C4C3)C=NC2=C1;CCOC(=O)C1=C(C(C)(C)C)OC2=CC=C(OCC(=O)OC)C=C12;COC1=CC(C[C@H](O)[C@@H](O)CC2=CC=C(O)C(OC)=C2)=CC=C1O;COC1=CC=C([C@H](O)[C@H](CO)OC2=CC=CC=C2OC)C=C1OC;COC1=CC=C([C@H](O)[C@@H](CO)OC2=CC=CC=C2OC)C=C1OC;COC1=CC=C([C@@H](O)[C@H](CO)OC2=CC=CC=C2OC)C=C1OC;COC1=CC=C([C@@H](O)[C@@H](CO)OC2=CC=CC=C2OC)C=C1OC;O=C(C=CC1=CC=C2OCOC2=C1)NCCN1C=CC2=CC=CC=C21;O=C(O)C1=CC=CC=C1CC(=O)N1CCC2=C(C1)NC1=CC=CC=C21;CN1C=C(CCC(=O)NC2=CC=C3C(=O)OCC3=C2)C2=CC=CC=C21;COC1=CC=CC2=C1[C@](O)(C(=O)O)[C@H]1[C@](C)(C(=O)O)CCC[C@@]21C;OC[C@H](CC1=CC=C(O)C(O)=C1)[C@H](CO)CC1=CC=C(O)C(O)=C1;OC[C@H](CC1=CC=C(O)C(O)=C1)[C@@H](CO)CC1=CC=C(O)C(O)=C1
m_e5b5fa,CCN(Cc1ccc(C(=O)O)cc1)Cc1cnn(C)c1;Cn1cncc1CN1CCC(c2nc(C3CC3)no2)C1;Cc1cn2c(n1)CCC(NC(=O)Cc1cnn(C)c1)C2;CC1(C)Cc2[nH]ncc2CN(CCOCC(F)F)C1;CC(Cc1cnn(C)c1)NC(=O)c1cc2n(n1)CCC2;CN1C2CC(OC(=O)CC3=CC=CC=C3)CC1C1OC12;COC1=CC=C(CCNC(=O)C2=C(C)N(C)N=C2)C=C1;CCOCC1=CC=C(C=O)N1CCC1=CC=C(O)C=C1;CC(=O)O[C@@H]1C[C@@H]2CC[C@H]([C@H]1CC1=CC=CC=C1)N2C;COC1=C(CC(=O)C(C)C)C(=O)N(C)C2=CC=CC=C12;O=C(C=CCCC1=CC=C2OCOC2=C1)N1CCCC1;CC(=O)C[C@@H]1C=CC[C@H](C[C@H](O)C2=CC=CC=C2)N1C;CC(=O)C[C@@H]1C=CC[C@@H](C[C@H](O)C2=CC=CC=C2)N1C;CC(C(=O)OC1CC2CCC(C1)N2C)C1=CC=CC=C1;CC1=C(C)C2=CC=C(O)C(CN3CCCC3)=C2OC1=O;CC1=CC2=C(C(C)=CC(=O)O2)C(O)=C1CN1CCCC1;CC(=O)C[C@]1(O)C(=O)NC2=CC=C(CC=C(C)C)C=C21;CC1=CC2=C(C=C1O)C(CN1CCCCC1)=CC(=O)O2;CC(C)=C1OC2=C(C=CC(O)=C2CN2CCCC2)C1=O;COC1=CC=CC2=C1N(C)C(=O)C(CC=C(C)C)=C2O;COC1=CC(=O)N(C)C2=C(OCC=C(C)C)C=CC=C12;CCC1=CC=C2OC(=O)C=C(CN3CCOCC3)C2=C1;CC1CCN(C(=O)C=CC2=CC=C3OCOC3=C2)CC1;CC1=CC(=O)OC2=C(CN3CCCCC3)C(O)=CC=C12;CC1=C(O)C=CC2=C1OC(=O)C=C2CN1CCCCC1
m_e6b2c8,Fc1ccc(CN2CCCN(Cc3nnnn3C3CC3)CC2)cc1;CC(c1nnnn1C1CC1)N1CCN(Cc2cccc(F)c2)CC1;Cc1ccc(CCN(CC2CCCO2)C(=O)C2CCC(=O)N2)cc1;O=C1CCCN1Cc1ccc(C(=O)N2CCCCC(CO)C2)cc1;CCOc1ccc(N2CC(C(=O)NC3CCCCC3)CC2=O)cc1;COC1=CC=C(CN2CC[C@H]3CN(C(C)=O)CC[C@H]3CC2=O)C=C1;COC1=CC=C(CN2CC[C@H]3CN(C(C)=O)CC[C@@H]3CC2=O)C=C1;CC(=O)OC[C@H]1C2=CC=CC=C2C2CCC[C@@](C)(COC(C)=O)[C@H]21;CCCCCC=CC(=O)CCC1=CC=C(O)C(OC2CCCC2)=C1;COC(=O)[C@]1(C)CCC[C@@]2(C)[C@H]1CC[C@H]1C(=O)C3=C(C[C@@H]12)OC=C3;C[C@@H]1C[C@@H]2OC(=O)[C@@H]3CCC[C@H]([C@]1(C)CC(=O)C1=COC=C1)[C@@]23C;C[C@@H]1C[C@@H]2OC(=O)[C@@H]3CCC[C@H]([C@@]1(C)CC(=O)C1=COC=C1)[C@@]23C;CCC1=C(C(=O)O)C=CC2=C1CC[C@@H]1[C@@](C)(C(=O)O)CCC[C@]21C;C=C1C2=C(C[C@H]3[C@H]1CC[C@H]1[C@@](CO)(C(=O)O)CCC[C@]31C)OC=C2;C=C1C2=C(C[C@H]3[C@@H]1CC[C@@H]1[C@@](CO)(C(=O)O)CCC[C@@]13C)OC=C2;CC(C)(O)C1=CC=C2C(=C1)CC[C@H]1[C@](C)(CC(=O)O)CCC[C@]21C;COC(=O)[C@]1(CCC2=COC=C2)[C@H](C)CC[C@H]2C(C)=CC(=O)C[C@@H]21;COC(=O)[C@]1(CCC2=COC=C2)[C@H](C)CC[C@@H]2C(C)=CC(=O)C[C@@H]21;C[C@H]1CCC2=C(CCC[C@]2(C)C(=O)O)[C@]1(C)CC(=O)C1=COC=C1;C[C@H]1C2=CC(=O)OC2=C[C@H]2[C@H]1CC[C@@H]1[C@]2(C)CCC[C@@]1(C)C(=O)O;C[C@H]1C2=CC(=O)OC2=C[C@@H]2[C@H]1CC[C@@H]1[C@]2(C)CCC[C@@]1(C)C(=O)O;C[C@@H]1CCC2=C(CCC[C@@]2(C)C(=O)O)[C@@]1(C)CC(=O)C1=COC=C1;C[C@@H]1C2=CC(=O)OC2=C[C@@H]2[C@@H]1CC[C@H]1[C@@]2(C)CCC[C@]1(C)C(=O)O;CC1(C)CCC[C@]2(C)[C@H]3C=C4OC(=O)C(CO)=C4[C@@H]4O[C@]34CC[C@@H]12;CC1(C)CCC[C@]2(C)[C@@H]1CC[C@@]13O[C@@H]1C1=C(CO)C(=O)OC1=C[C@@H]23
m_e6bed4,COCc1ccc(CNC(=O)C2CC3OCCC3N2)cc1;O=C(CCc1ccc(=O)[nH]c1)NCC12CCCC1OCC2;CC(C)OCc1ccc(C(=O)N2CCNC(=O)CC2)cc1;Cc1onc(C2CC2)c1C(=O)N1CCOC(C2CCC2)C1;O=C(CCc1ccc(=O)[nH]c1)N1CCC(O)C12CCCC2;COC1=CC=C(CC2OC(=O)C(CCC(C)=O)C2C)C=C1;C=C1C(=O)O[C@H]2[C@@H]3[C@@H](COC(C)=O)CC[C@@H]3C(=C)CC[C@H]12;CC(=O)OCC1=C2C=C3C(C)CCCC3(C)CC2OC1=O;CC(=O)[C@H](O)C[C@H]1OCC2=C(O)C=CC(CC=C(C)C)=C21;CC(=O)[C@H](O)C[C@@H]1OCC2=C(O)C=CC(CC=C(C)C)=C21;C=C1CCC/C(C)=C/[C@@H](OC(C)=O)[C@@H]2C(=C)C(=O)O[C@H]2C1;CC(=O)O[C@@H]1C2=C(OC=C2C)C(=O)[C@H]2CCC[C@H](C)[C@]21C;CC(=O)O[C@@H]1C2=C(OC=C2C)C(=O)[C@@H]2CCC[C@H](C)[C@@]12C;CC(=O)O/C=C(\C)[C@H]1C(=O)C=C[C@@]23O[C@@H]2CC[C@H](C)[C@@]13C;CC(=O)O/C=C(\C)[C@H]1C(=O)C=CC23OC2CC[C@H](C)[C@@]13C;CC(=O)O/C=C(\C)[C@@H]1C(=O)C=C[C@@]23O[C@@H]2CC[C@@H](C)[C@]13C;CC(=O)N[C@@H](CC1=CC=CC=C1)C(=O)N1CCC[C@H]1CO;CC(=O)O[C@@H]1C2=C(C[C@H]3C(=O)CC[C@H](C)[C@@]13C)OC=C2C;CC(=O)OC[C@@H]1C2=C(C[C@@]3(C)[C@H](C)CC(=O)[C@@]13C)OC=C2;CC(=O)OCC1=COC(=O)C2=C(C)CC[C@H]3[C@H]([C@@H]12)C3(C)C;CC(=O)OCC1=COC(=O)C2=C(C)CC[C@H]3[C@@H]([C@@H]12)C3(C)C;C[C@]12CCC[C@@](C)(C(=O)O)[C@H]1CC(=O)C1=CC(=O)CC[C@H]12;C[C@]12CCC[C@@](C)(C(=O)O)[C@@H]1CC(=O)C1=CC(=O)CC[C@@H]12;C=C1CC[C@H]2C(=C)CC[C@@H]3[C@H](OC(=O)[C@@]3(O)CC(C)=O)[C@@H]12;C=C1C(=O)O[C@@H]2/C=C(\COC(C)=O)CC/C=C(/C)CC[C@@H]12
m_e73d71,NC(=O)c1cccc(C(=O)NC2CCC(c3ccccc3)CC2)c1;CC(C)(C)C(COc1ccccc1F)NC(=O)C1CCC(=O)N1;CC(C)(C)c1nnc2ccc(N3CCCC3c3cccnc3)nn12;O=C(Nc1ccccc1)c1ccc(CNC(=O)C2CCCC2)cc1;Cc1cccc(COc2cccc(NCc3nnc(C)n3C)c2)c1;CN1C(=O)[C@H](CC2=CC=CC=C2)N(C)C(=O)[C@@H]1CC1=CC=CC=C1;CC1(C)CC2=CC=CC=C2C(N[C@H](CC2=CC=CC=C2)C(=O)O)=N1;CC1(C)CC2=CC=CC=C2C(N[C@@H](CC2=CC=CC=C2)C(=O)O)=N1;O=C(CN1CCOCC1)N1C2=CC=CC=C2CCC2=CC=CC=C21;NC(=O)C1(NC(=O)C2=CC=C(C3=CC=CC=C3)C=C2)CCCCC1;O=C(O)CCC1=NN(C2=CC=CC=C2)[C@H](CCC2=CC=CC=C2)C1;O=C(O)CCC1=NN(C2=CC=CC=C2)[C@@H](CCC2=CC=CC=C2)C1;CC(=O)NCC[C@@H]1C(=O)N(CC2=CC=CC=C2)C2=CC=C(C)C=C21;C/C=C1\[C@@H]2CCN3CC[C@]4(C(=C2C(=O)OC)NC2=CC=CC=C24)[C@@H]13;C/C=C1\[C@@H]2CCN3CC[C@@]4(C(=C2C(=O)OC)NC2=CC=CC=C24)[C@@H]13;C/C=C1/[C@@H]2N3CC[C@H]1C(C(=O)OC)=C1NC4=CC=CC=C4[C@@]12CC3;C/C=C1/[C@@H]2CCN3CC[C@]4(C(=C2C(=O)OC)NC2=CC=CC=C24)[C@@H]13;C/C=C1/C2N3CC[C@@H]1C(C(=O)OC)=C1NC4=CC=CC=C4[C@]12CC3;CCCOC(=O)C1=CC=CC=C1C(=O)OCCC(C)CCOC;CC1(C)CC2=CC=CC=C2C(=NC(CC2=CC=CC=C2)C(=O)O)N1;CC12CN3CC(C)(CN(C1)C3C1=C(O)C=CC3=CC=CC=C13)C2=O;CC(C)N1C=C(C(=O)NCCC2=CC=C(O)C=C2)C2=CC=CC=C21;CC1=CC=C(C(=O)NC(=CC2=CC=CC=C2)C(=O)NC(C)C)C=C1;CC(=O)C1=C(C)N(CCC2=CNC3=CC=CC=C23)C(C)=C1C(C)=O;CC(C)NC(=O)NC[C@@]1(COC2=CC=CC=C2)C[C@@H](O)[C@@H](O)C1
m_e77f56,OC1CCC(NCc2c[nH]nc2-c2ccc(C(F)(F)F)cc2)C1;FC(F)(F)c1ccn(-c2ccc(CNC3CCOCC3)cc2)n1;CC1CN(C(=O)c2cccc(Oc3ccccn3)c2)CC(=O)N1C;NC(=O)C1CCCN(C(=O)c2ccccc2Oc2cccnc2)C1;CC1CC(=O)NCCN1C(=O)c1ccc(Oc2cccnc2)cc1;COC1=CC=C(C(=O)C2=NCCC3=CC(OC)=C(OC)C=C23)C=C1;COC1=CC=C(CCNC(=O)[C@H]2CC3=CC=CC=C3C(=O)O2)C=C1;COC1=CC=C(CCNC(=O)[C@@H]2CC3=CC=CC=C3C(=O)O2)C=C1;COC(=O)N1CCC2=CC(O)=C(OC)C3=C2[C@H]1CC1=CC=CC=C13;COC(=O)N1CCC2=CC(O)=C(OC)C3=C2[C@@H]1CC1=CC=CC=C13;COC1=CC=C(C(=O)CC(=O)C(=O)NC2=C(C)C=CC=C2C)C=C1;O=C(O)CCCNC(=O)OCC1C2=CC=CC=C2C2=CC=CC=C21;CCOC(=O)[C@H]1CN(CC2=CC=CC=C2)C2=CC=C(C=O)C=C2O1;CCOC(=O)[C@@H]1CN(CC2=CC=CC=C2)C2=CC=C(C=O)C=C2O1;COC1=CC=C(C(=O)CC(=O)C(=O)NCCC2=CC=CC=C2)C=C1;CC[C@H](NC(=O)OCC1C2=CC=CC=C2C2=CC=CC=C21)C(=O)O;CC[C@@H](NC(=O)OCC1C2=CC=CC=C2C2=CC=CC=C21)C(=O)O;CC(C)OC1=CC=C(C=C(NC(=O)C2=CC=CC=C2)C(=O)O)C=C1;COC1=CC=C(C(=O)CCC(=O)NC2=CC=CC(C(C)=O)=C2)C=C1;CCOC(=O)C1=C2C3=CC=CC=C3CC3(CCCC3)N2C(=O)C1=O;COC1=C2CC(O)=N[C@@H]3CC4=CC=CC=C4C(=C23)C(OC)=C1OC;CCOC1=CC=C2OC(C)=C(C(=O)NC3=CC=CC(OC)=C3)C2=C1;COC1=C[C@]23C[C@@]4(CN(C)[C@@H]4C2=CC1=O)C1=CC=C(OC)C(O)=C13;COC1=CC=C2C(=C1OC)C(=O)O[C@H]2N1CCC2=CC=CC=C2C1;COC1=CC=C2C(=C1OC)C(=O)O[C@@H]2N1CCC2=CC=CC=C2C1
m_e7af25,Cn1cnc(S(=O)(=O)N2CCN(C(=O)C3CC3)CC2(C)C)c1;CC(C)c1nnc(CNC(=O)Cc2cc(F)c(F)cc2F)n1C;CC1CC1C(=O)NCc1ccc(C(=O)Nc2ccc(F)cc2)cc1;CCc1cc(NCc2nnc3n2CCC(C(F)(F)F)C3)ncn1;Cc1nnc(-c2cccc(C(=O)NC3CC(=O)N(C4CC4)C3)c2)o1;COC1=CC(CCC(=O)CC(=O)CCC2=CC=CC=C2)=CC=C1O;CC(C)CCC(=O)C1=C(O)C=C(CC(=O)C2=CC=CC=C2)C=C1O;COCC1=CC(O)=CC2=C1O[C@@H](C1=CC=C(O)C=C1)[C@H]1CCC[C@@H]21;CC(C)C[C@@H]1CC(C2=CC=C(O)C(O)=C2)=CC2=CC(O)=C(O)C=C21;COC(=O)C1=C(C)C2=C(C[C@H](C3=CC=C(C(C)C)C=C3)CC2=O)O1;COC(=O)C1=C(C)C2=C(C[C@@H](C3=CC=C(C(C)C)C=C3)CC2=O)O1;CC(C)=CC[C@@]12C(=O)C=C[C@@](O)(CC[C@H]1C1=CC=C(O)C=C1)C2=O;CC(C)=CCC1=C(O)C=CC2=C1O[C@H](C1=CC=C(O)C=C1O)CC2;CC(C)(O)[C@H]1CC2=C(C=CC(C(=O)CCC3=CC=CC=C3)=C2O)O1;CC(C)(O)[C@@H]1CC2=C(C=CC(C(=O)CCC3=CC=CC=C3)=C2O)O1;CCCCOC(=O)C1=CC=CC=C1C(=O)OCCC1=CC=CC=C1;CC(C)=CCC1=CC([C@@H]2CCC3=CC=C(O)C=C3O2)=CC(O)=C1O;CC(C)=CCC1=C([C@H]2CCC3=CC=C(O)C=C3O2)C=CC(O)=C1O;CC(C)=CCC1=C([C@@H]2CCC3=CC=C(O)C=C3O2)C=CC(O)=C1O;CC1=CC2=C(O)C3=C(C(O)=C2O1)[C@@]1(C)CC[C@H]2C[C@@]2(C)[C@@H]1CC3=O;COC1=CC(CCC=CC(=O)CCC2=CC=C(O)C=C2)=CC=C1O;COC1=CC(CCC(O)=CC(=O)CCC2=CC=CC=C2)=CC=C1O;COC1=CC(CCC(=O)C=CCCC2=CC=C(O)C=C2)=CC=C1O;CC(C)=CCOC1=CC(O)=C(C(=O)CCC2=CC=CC=C2)C(O)=C1;CC(C)=CCC1=C(O)C=C(O)C(C(=O)CCC2=CC=CC=C2)=C1O
m_e80818,Cn1cc(C2OCCCC2NC(=O)Nc2cccnc2)cn1;Cc1nnccc1C(=O)NC1CC(Cn2cccn2)CC1O;Cc1nnccc1C(=O)NCC1(c2cnn(C)c2)CCCO1;Cn1cc(CCC(=O)N2CCCC2c2cccc(F)c2)cn1;Cn1nc(C(=O)NC(C)(C)c2ccccc2F)cc1C1CC1;CCOC1=CC=CC2=C1OC(=O)C(C(=O)NC1CCCC1)=C2;C[C@H](O)C1=C(C(=O)NC2CCCC2)C(C2=CC=CN=C2)=NO1;COC1=CC=C(CNC(=O)C2=C(OC)C=CC=C2OC)C=C1;COC1=CC(C(=O)NCC2=CC=CC=C2)=CC(OC)=C1OC;CCOC(=O)C1=C(C)N(C2CCCCC2)C2=CC=C(O)C=C12;COC(=O)C1=C(C)NC(C)=C(C(=O)OC)C1C1=CC=CC=C1;COCC(=O)NC[C@H]1CN2C=C(C3=CC=CC=C3)N=C2CO1;COC1=CC=CC=C1C1=CN2C[C@H](CNC(C)=O)OCC2=N1;CN1CCC2=CC(O)=C(O)C=C2[C@H]1CC1=CC=C(O)C(O)=C1;COC1=CC=C(CNC(=O)C2=CC(OC)=CC(OC)=C2)C=C1;CC1(C)[C@H]2CC[C@@]1(C)C(=O)N(C1=CC=CC(C(=O)O)=C1)C2=O;CC1(C)C2CC[C@@]1(C)C(=O)N(C1=CC=CC(C(=O)O)=C1)C2=O;O=C(NC1=CC=CC=C1)N1CC2(CC(=O)N(CC3CC3)O2)C1;O=C(C1CC1)N1C[C@@H]2OCC(=O)N(CC3=CC=CN=C3)[C@@H]2C1;O=C(C1CC1)N1C[C@@H]2OCC(=O)N(CC3=CC=CC=N3)[C@@H]2C1;CC(=O)N1C[C@@H](COCC2CC2)[C@@H]2COC3=CC=CC=C3[C@@H]21;COC1=CC=C([C@@H](O)CNC(=O)C2=CC=CC=C2)C=C1OC;COC1=CC=C2C(C)=C(CC(=O)NC3CC3)C(=O)OC2=C1C;O=C(C1=CC=CN=C1)N1C[C@@H]2OCC(=O)N(CC3CC3)[C@@H]2C1;COCC(=O)NC[C@H]1CN2C(C3=CC=CC=C3)=CN=C2CO1
m_e8359d,O=C(Nc1c(-c2ccccc2)[nH]c2ccccc12)C1CC2CCC1O2;Cc1noc(C)c1C(=O)N(Cc1cccc(F)c1)CC1CCCO1;CCC(C)(CC(=O)O)NC(=O)CCc1nc(-c2ccccn2)no1;CC(c1ccc(F)cc1)N(C)C(=O)CCCNC(=O)c1ccco1;CC(=O)N1CCOCC1C(=O)NCCn1c(=O)[nH]c2ccccc21;COC(=O)[C@]1(C)CCC[C@@]2(C)C3=CC=CC=C3[C@](O)(C(=O)OC)[C@@H]12;O=C1C=CC[C@H](C[C@H](O)C[C@@H](O)C[C@H](O)/C=C/C2=CC=CC=C2)O1;O=C1C=CC[C@H](C[C@H](O)C[C@@H](O)C[C@@H](O)/C=C/C2=CC=CC=C2)O1;O=C1C=CC[C@H](C[C@@H](O)C[C@@H](O)C[C@@H](O)/C=C\C2=CC=CC=C2)O1;O=C1C=CC[C@H](C[C@@H](O)C[C@@H](O)C[C@@H](O)/C=C/C2=CC=CC=C2)O1;COC(=O)[C@H]1C2=CC(O)=CC=C2[C@]2(C)CCC[C@@](C)(C(=O)OC)[C@@H]12;COC(=O)C[C@@]1(C(=O)O)CCC[C@]2(C)C3=CC=C(O)C=C3CC[C@@H]12;C=C1[C@H]2C(=C(COC(=O)C(C)C)CC[C@H]3C(=C)C(=O)O[C@H]23)C[C@@H]1O;COC1=CC(OC)=C([C@@H](CCC2=CC=CC=C2)OC)C(O)=C1OC;CC(=O)O[C@H]1C(=O)C2=C(C)C=CC(C)=C2C[C@@H]1C(C)(C)OC(C)=O;C=C(CO)C(=O)OC1CC(C)=CCCC(C)=CC2OC(=O)C(=C)C21;C=C(C)C(=O)OCC1=CCC/C(CO)=C/[C@H]2OC(=O)C(=C)[C@@H]2CC1;C=C(C)C(=O)OCC1=CC2OC(=O)C(=C)C2CCC(C)=CC(O)C1;C=C(C)C(=O)OC/C1=C\C[C@@H]2C(=C)C(=O)O[C@H]2CC(CO)=CCC1;C=C1C(=O)O[C@H]2C/C(C=O)=C\CCC(COC(=O)C(C)C)=CC[C@H]12;C=C1C(=O)O[C@H]2C/C(C=O)=C\CC/C(COC(=O)C(C)C)=C/C[C@H]12;C=C(CO)C(=O)OCC1=C[C@H]2OC(=O)C(=C)[C@@H]2CC/C(C)=C/CC1;C=C(C)C(=O)O[C@H]1C/C(C)=C\CC/C(CO)=C\[C@H]2OC(=O)C(=C)[C@H]12;C=C(C)C(=O)O[C@H]1C/C(C)=C/CCC(CO)=C[C@H]2OC(=O)C(=C)[C@H]12;C=C(C)C(=O)O[C@H]1C/C(C)=C/CCC(CO)=C[C@@H]2OC(=O)C(=C)[C@@H]21
m_e8d835,Cc1ccc2c(CC(=O)N3CCOCC3C(=O)O)coc2c1C;Cc1ccc2c(CC(=O)N3CCOC(C(=O)O)C3)coc2c1C;Cc1cc2occ(CC(=O)N3CCOC(C(=O)O)C3)c2cc1C;Cc1nc2ccccc2c(=O)n1CCC(=O)N1CCSCC1;Cc1ccnc(N2CCN(S(C)(=O)=O)c3ccccc3C2)c1;CC1=C(CC(=O)N2CCCCC2)C(=O)OC2=CC(O)=CC(O)=C12;CC1=CC(=O)OC2=CC(OCC(=O)NC[C@H]3CCCO3)=CC=C12;CC1=CC(=O)OC2=CC(OCC(=O)NC[C@@H]3CCCO3)=CC=C12;COC(=O)C1CCN(CC2=CC(=O)OC3=CC=C(O)C=C23)CC1;CN1C([C@H]2CCN(C(=O)COCC(=O)O)C2)=NC2=CC=CC=C21;COCC(=O)N1CC[C@H]2NC(=O)N(C3=CC=C(C)C=C3)C(=O)[C@H]21;COCC(=O)N1CC[C@H]2NC(=O)N(C3=CC=C(C)C=C3)C(=O)[C@@H]21;COCC(=O)N1CCN2C(=O)N(CC3=CC=CC=C3)C(=O)[C@H]2C1;O=C(CCC(=O)C1=CC=C2OCOC2=C1)C(=O)N1CCCCC1;CC(=O)O[C@H]1CN(C(=O)/C=C\C2=CC=CC=C2)C[C@H]1OC(C)=O;CC(=O)O[C@H]1CN(C(=O)/C=C/C2=CC=CC=C2)C[C@@H]1OC(C)=O;CC(=O)O[C@@H]1CN(C(=O)/C=C/C2=CC=CC=C2)C[C@H]1OC(C)=O;COC1=CC=C(C(=O)N2CC[C@H](C3=NN=C(C)O3)C2)C=C1OC;COC1=C(CC(=O)C(C)C)C(=O)N(C)C2=C3OCOC3=CC=C12;CCOC(=O)C1CCN(C=C2OC3=CC(O)=CC=C3C2=O)CC1;O=C1C=C(CN2CCC3(CC2)OCCO3)C2=CC(O)=CC=C2O1;O=C1N[C@H](CC2=CC=CC=C2)C(=O)N2CCN(C(=O)CO)C[C@@H]12;O=C1N[C@@H](CC2=CC=CC=C2)C(=O)N2CCN(C(=O)CO)C[C@@H]12;CC1=CC=CC2=C1N=C1COC[C@H](CNC(=O)CCC(=O)O)N12;C[C@H](NCC1=C(O)C=CC2=C1OC(=O)C1=C2CCCC1)C(=O)O
m_e993ec,NCC1CN(C(=O)c2ccc3c(c2)OCCO3)CCO1;NCC1CN(C(=O)c2cccc3c2OCCO3)CCO1;CCC(N)C(=O)N(C)Cc1cn(C)nc1C(F)(F)F;NC(=O)Nc1cccc(C(=O)OCC2CCCCO2)c1;CC(C)(CNC1CCCSc2ccccc21)C(N)=O;COC1=C(O)C=CC2=C1C(=O)O[C@H](CCCC(C)=O)C2;COC1=CC=C2C[C@@H](CCCC(C)=O)OC(=O)C2=C1O;COC1=CC=C(O)C2=C1C(=O)O[C@H](CCCC(C)=O)C2;O=C(C[C@H]1COCCC1=O)OCCC1=CC=C(O)C=C1;CC1(C)OC[C@@H](COC(=O)/C=C/C2=CC=C(O)C=C2)O1;CC(=O)[C@H]1C(=O)C[C@](C)(O)[C@@H](C(C)=O)[C@H]1C1=CC=CO1;CC(=O)[C@H]1C(=O)C[C@](C)(O)[C@@H](C(C)=O)[C@@H]1C1=CC=CO1;CCO[C@@H]1CC(=O)O[C@H]2[C@H](O)[C@@H](C3=CC=CC=C3)O[C@H]21;COC1=CC=C([C@H]2C[C@H](CCCC(=O)O)C(=O)O2)C=C1;COC1=CC=C([C@H]2C[C@@H](CCCC(=O)O)C(=O)O2)C=C1;COC1=CC=C([C@@H]2C[C@H](CCCC(=O)O)C(=O)O2)C=C1;COC1=CC=C([C@@H]2C[C@@H](CCCC(=O)O)C(=O)O2)C=C1;CC(=O)[C@H]1[C@H](C2=CC=CO2)/C(=C(/C)O)C(=O)C[C@]1(C)O;CC(=O)[C@H]1[C@@H](C2=CC=CO2)/C(=C(/C)O)C(=O)C[C@]1(C)O;C=C1C[C@H](C[C@H](C)C(=O)C[C@H]2COC(=O)C2=C)OC1=O;C=C1C[C@H](C[C@@H](C)C(=O)C[C@H]2COC(=O)C2=C)OC1=O;C=C1C[C@@H](C[C@H](C)C(=O)C[C@H]2COC(=O)C2=C)OC1=O;C=C1C[C@@H](C[C@@H](C)C(=O)C[C@H]2COC(=O)C2=C)OC1=O;C=C(C[C@@H]1C[C@@H](C)C(=O)O1)C(=O)C[C@@H]1COC(=O)C1=C;C=C(CC1CC(C)C(=O)O1)C(=O)C[C@@H]1COC(=O)C1=C
m_ea2f71,Cc1c(C2CNCC2c2nc(-c3ccco3)no2)cnn1C;Cc1nn(C)cc1CC(=O)Nc1cn(C)nc1-c1ccco1;C=CC(CO)NS(=O)(=O)c1cn(C)nc1C1CCCC1;CCn1nccc1C1CCN(S(=O)(=O)C2COC2)CC1;COc1cccc(N2CCN(S(=O)(=O)N(C)C)CC2)c1;O=C(O)[C@H]1[C@H]2C=C[C@]3(CN(CCC4=CC=CC=C4)C(=O)[C@@H]13)O2;O=C(O)[C@H]1[C@H]2C(=O)N(CCC3=CC=CC=C3)C[C@]23C=C[C@H]1O3;O=C(O)[C@@H]1[C@H]2C=C[C@]3(CN(CCC4=CC=CC=C4)C(=O)[C@@H]13)O2;O=C(O)[C@@H]1[C@H]2C(=O)N(CCC3=CC=CC=C3)C[C@]23C=C[C@H]1O3;O=C(O)C1C2C(=O)N(CCC3=CC=CC=C3)C[C@]23C=C[C@H]1O3;C[C@]1(C(=O)O)[C@H]2C(=O)N(CC3=CC=CC=C3)C[C@]23C=C[C@H]1O3;C[C@@]1(C(=O)O)[C@H]2C(=O)N(CC3=CC=CC=C3)C[C@]23C=C[C@H]1O3;CC1(C(=O)O)[C@H]2C(=O)N(CC3=CC=CC=C3)C[C@]23C=C[C@H]1O3;COC1=CC=C2C(=C1)CCN1C3=C(C(=O)C[C@H]21)C(=O)O[C@H]3C;COC1=CC=C2C(=C1)CCN1C3=C(C(=O)C[C@@H]21)C(=O)O[C@H]3C;COC1=CC=C2C(=C1)CCN1C3=C(C(=O)CC21)C(=O)O[C@H]3C;COC1=CC=C2C=C(C(=O)CCN3CCOCC3)C=CC2=C1;COC1=CC=C(C2CC(=O)OC3=C2C(=O)N(C)C(C)=C3)C=C1;COC(=O)[C@H]1[C@H]2C(=O)N(CC3=CC=CC=C3)C[C@]23C=C[C@H]1O3;COC(=O)[C@@H]1[C@H]2C(=O)N(CC3=CC=CC=C3)C[C@]23C=C[C@H]1O3;COC(=O)C1[C@H]2C(=O)N(CC3=CC=CC=C3)C[C@]23C=C[C@H]1O3;CCOC(=O)[C@H]1[C@H]2C(=O)N(C3=CC=CC=C3)C[C@]23C=C[C@H]1O3;CCOC(=O)[C@@H]1[C@H]2C(=O)N(C3=CC=CC=C3)C[C@]23C=C[C@H]1O3;CCOC(=O)C1[C@H]2C(=O)N(C3=CC=CC=C3)C[C@]23C=C[C@H]1O3;CCOC(=O)C1=C2C3=CC=CC=C3CC(C)(C)N2C(=O)C1=O
m_ea7270,N#CC1(C(=O)Nc2nc3c(s2)CC(c2ccccc2)CC3)CCC1;Cc1onc(N)c1S(=O)(=O)N1CCN(Cc2ccncc2)CC1;Cc1cccc2sc(N(Cc3cccnc3)C(=O)C3CCC3)nc12;Cc1c(CCC(O)=NCc2ccccc2)c(=O)oc2cc(O)ccc12;COc1cc(C(=O)Nc2ccc3ccccc3c2)cc(OC)c1OC;CC1=CC(O)=C2C(C)=C(CC(=O)NCC3=CC=CC=C3)C(=O)OC2=C1;CC1=C(CC(=O)N(C)CC2=CC=CC=C2)C(=O)OC2=CC(O)=CC=C12;CC1=CC(=O)OC2=CC(OCC(=O)NCCC3=CC=CC=C3)=CC=C12;CC1=C(CC2=CC=CC=C2)C(=O)OC2=C(C)C(OCC(N)=O)=CC=C12;COC1=CC=CC(CNC(=O)C2=NNC(C3=CC=CC(OC)=C3)=C2)=C1;CCCC1=CC2=C(C=C1OC(C)=O)OC(C)=C(C1=CC=CC=N1)C2=O;COC1=CC=C(C2=CC(C(=O)NCC3=CC=CC(OC)=C3)=NN2)C=C1;COC(=O)CC(C1=CC=NC=C1)C1=C(CC2=CC=CC=C2)NNC1=O;COC1=CC=CC2=C1OC(C(=O)N1CCN(C3=CC=CC=N3)CC1)=C2;COC1=CC=CC=C1CC1=NN=C(C(=O)NCCC2=CC=CC=C2)O1;COC1=CC=C(C2=NNC=C2C(=O)NCC2=CC=CC(OC)=C2)C=C1;C[C@]12N[C@H](CC3=CC=CC=C31)C1=CC=CC=C12.O=C(O)/C=C\C(=O)O;C[C@@]12N[C@@H](CC3=CC=CC=C31)C1=CC=CC=C12.O=C(O)/C=C\C(=O)O;COC1=CC(C=C2CC(=O)N(CCC3=CC=CC=C3)C2=O)=CC=C1O;O=C(NC1=CC=CC=C1)N1CC2(CC(=O)N(CC3=CC=CC=C3)O2)C1;O=C(C1=CC=NC=C1)N1C[C@@H]2OCC(=O)N(CC3=CC=CC=C3)[C@@H]2C1;CCOC(=O)C1=C(C)N(C2=CC=CC=C2)C2=CC=C(OC(C)=O)C=C12;CCN(CC)C(=O)OC1=CC=C2C=C(C3=CC=CC=C3)C(=O)OC2=C1;O=C(C1=CC=CC=N1)N1C[C@@H]2OCC(=O)N(CC3=CC=CC=C3)[C@@H]2C1;COC(=O)CC(C1=CC=CN=C1)C1=C(CC2=CC=CC=C2)NNC1=O
m_eaecd7,O=C(COCc1ccccc1Cl)NC1(C(=O)O)CCC1;COc1ccc(Cl)cc1CC(=O)NC1(C(=O)O)CCC1;COc1ccc(Cl)cc1CC(=O)N1CCC(C(=O)O)C1;COc1ccc(Cl)cc1CN(C)C(=O)C1CC1C(=O)O;COc1ccc(CC(=O)NC2(C(=O)O)CCC2)c(Cl)c1;COC1=CC=CC=C1C=C(NC(=O)C1=CC=CC=C1)C(=O)O;COC1=CC=CC=C1C(=O)NC(=CC1=CC=CC=C1)C(=O)O;COC1=CC=C2C(CC3=CC=C(O)C(O)=C3)=CN=CC2=C1O;COC1=CC=C(C)C=C1C(=O)C=CC1=CC=C([N+](=O)[O-])C=C1;COC1=CC=C(C(=O)C2=C(N)C3=CC=CC=C3O2)C=C1OC;COC1=CC=C2NC(=O)C(O)(CC(=O)C3=CC=CC=C3)C2=C1;COC1=CC(C(=O)NCCCC(=O)O)=CC(OC)=C1OC;COC1=CC2=C(C=C1O)C(C(=O)C1=CC=C(O)C=C1)=NCC2;COC1=CC2=CC=NC3=C2C(=C1O)[C@]1(C=C[C@H](O)CC1)C3=O;COC1=CC2=CC=NC3=C2C(=C1O)[C@]1(C=C[C@@H](O)CC1)C3=O;COC1=CC2=CC=NC3=C2C(=C1O)[C@]1(C=CC(O)CC1)C3=O;COC1=CC2=CC=NC3=C2C(=C1O)[C@@]1(C=C[C@@H](O)CC1)C3=O;COC1=CC(C=C2C(=O)NC3=CC=CC=C23)=CC(OC)=C1O;COC1=CC=C(C(=O)C2=CC3=C(CO)C=NC(C)=C3O2)C=C1;COC1=CC2=C(C=C1O)C(C(=O)C1=CC=CC(O)=C1)=NCC2;COC1=CC=C(C2=CN=CC3=C(O)C(OC)=CC=C23)C=C1O;COC1=CC=C(C=CC(=O)C2=CC3=C(C=C2N)OCO3)C=C1;COC1=CC=C(C=C(NC(=O)C2=CC=CC=C2)C(=O)O)C=C1;COC(=O)[C@H](CC(C)C)NC(=O)C1=CC(=O)C(OC)=CO1;COC1=CC=CC=C1[C@H]1CC(=O)C2=CC3=C(C=C2N1)OCO3
m_ebcb8a,NC(=O)CCCC(=O)Nc1ccc(-n2ncc3ccccc32)cc1;N#Cc1cccnc1NCc1cccc(C(=O)N2CCOCC2)c1;Cc1cc(-c2ccccc2)nc2cc(C(=O)N3CCOCC3)nn12;Cc1ncc(CNC(=O)N2CCCN(C(=O)C3CC3)CC2)s1;CCc1cnc(CNC(=O)NC23CCCCC2NC(=O)C3)s1;CC1[C@H](OC2=CC=CC=C2CC(=O)O)O[C@H](C(=O)O)C(C)[C@@H]1C;CN1C=C(C(=O)NCCNC(=O)C2=CC=CC=N2)C2=CC=CC=C21;CC1=C(O)C=C(O)C2=C1C[C@@H](CCCCCCC(=O)O)OC2=O;COC1=CC=C(O)C2=C1C(=O)O[C@H](CCC[C@@H](C)OC(C)=O)C2;COC(=O)[C@]1(O)C2=C(C[C@@]3(C(=O)OC)[C@H](C)CC[C@@]13C)OC=C2;CC(=O)O[C@@H]1/C=C(/C)C[C@H](O)C2=C(CO)C(=O)O[C@@H]2/C=C(\C)C1;CC(=O)OC[C@@]1(C)CCC[C@@](C)(C2=CC=C(C(=O)O)C=C2O)O1;CN1C(C(=O)NCCNC(=O)C2=CC=CN=C2)=CC2=CC=CC=C21;C=C1C(=O)O[C@H]2C[C@]3(C)O[C@H]3CCC(COC(C)=O)=C[C@@H](O)[C@H]12;C=C1C(=O)O[C@H]2C[C@@]3(C)O[C@@H]3CC/C(COC(C)=O)=C\[C@@H](O)[C@H]12;C=C1C(=O)O[C@H]2/C=C(/COC(C)=O)CC[C@H]3O[C@@]3(C)C[C@H](O)[C@@H]12;C=C1C(=O)O[C@@H]2C[C@]3(C)O[C@H]3CCC(COC(C)=O)=C[C@H](O)[C@@H]12;COC(=O)CC1=CC(O)=CC(O)=C1C(=O)C[C@H]1CCC[C@@H](C)O1;COC(=O)CC1=CC(O)=CC(O)=C1C(=O)C[C@@H]1CCC[C@H](C)O1;CC(=O)O[C@H]1C[C@H](O)/C(C)=C\CC2=C(CO)C(=O)O[C@@H]2/C=C/1C;CC(=O)O[C@H]1C[C@H](O)/C(C)=C/CC2=C(CO)C(=O)O[C@@H]2/C=C\1C;CC(=O)O[C@H]1C[C@H](O)/C(C)=C/CC2=C(CO)C(=O)O[C@@H]2/C=C/1C;CC(=O)O[C@@H]1C[C@H](O)/C(C)=C\CC2=C(CO)C(=O)O[C@@H]2/C=C\1C;CC(=O)O[C@@H]1C[C@H](O)/C(C)=C\CC2=C(CO)C(=O)O[C@@H]2/C=C/1C;CC(=O)OCCCCC[C@@H]1CC2=C(C)C(O)=CC(O)=C2C(=O)O1
m_ec2936,CC1CCCCN1C(=O)NCc1ccc(OC2CCN(C)CC2)cc1;COc1ccc(C)cc1CCNC(=O)N1CCC2(CCCN(C)C2)C1;CC1CN(C(=O)C2CCC(n3cccc3)CC2)CC1N1CCOCC1;CCN1CCN(c2cc(CNC(=O)NC3CCCC3C)ccn2)CC1;CC1(O)CCCN(C(=O)NCc2ccc(CN3CCCCC3)cc2)C1;CNC(=O)C1(N2CCC[C@H]2C(=O)NCC2=CC=CC=C2)CCOCC1;CC[C@H]1CN(C(=O)NC(C)C)CC[C@H]1CC(=O)NCC1=CC=CC=C1;COC1=CC=C(CNC(=O)N(C)C[C@@H]2CCCN3CCCC[C@H]23)C=C1;CNC(=O)[C@@H](CC1=CC=CC=C1)N1CCC[C@H]1C(=O)N1CCOCC1;COC(=O)C1=CC=C(NC(=O)NC[C@@H]2CCCN3CCCC[C@H]23)C=C1;CC[C@H]1CN(C(=O)C(C)(C)C)CC[C@H]1CC(=O)NCC1=CC=CN=C1;CC(C)C[C@@H](NC(=O)[C@H]1CCCN1C(=O)CC1=CC=CC=C1)C(N)=O;CNC(=O)[C@@H](C1=CC=CC=C1OC)N1CCC[C@H]1C(=O)NCC1CC1;CCOC1=CC=CC=C1NC(=O)N1C[C@H](C(=O)NC)C2(CCCC2)C1;CCOC1=CC=CC=C1NC(=O)N1C[C@@H](C(=O)NC)C2(CCCC2)C1;CCCCCOC1=CC=C(C(=O)N2CC[C@@]3(O)CCCC[C@H]3C2)C=C1;CNC(=O)[C@@H](CC(C)C)N1CCC[C@H]1C(=O)NCCC1=CC=CC=C1;CC(=O)N1C[C@@H]2CN(C(=O)COC3=CC=CC=C3)CCN2C(C)(C)C1;O=C(CCC1=CC=NC(N2CCCC2)=C1)N1CCC2(CC1)OCCO2;COC(=O)CC[C@H]1CNC(=O)[C@@H]2[C@@H](CCN2CC2=CC=CC=C2)N1C;CNC(=O)[C@@H](C1=CC=CC=C1)N1CCC[C@H]1C(=O)NC1CCOCC1;COC1=CC=C(CN2CC3(C2)CN(C(C)=O)C[C@H]2C[C@@H](O)CN23)C=C1;COC1=CC=C(CN2CC3(C2)CN(C(C)=O)C[C@@H]2C[C@@H](O)CN23)C=C1;CC(C)OC1=CC=C(C(=O)OCC[C@H]2CCCN3CCCC[C@H]23)C=C1;CC(C)OC1=CC=C(C(=O)OCC[C@H]2CCCN3CCCC[C@@H]23)C=C1
m_ec5045,Cc1c(NC(=O)CCN2CCCC2=O)noc1-c1ccccc1F;CCN(CC)CC(=O)N1N=C(c2cccs2)CC1c1ccco1;Cc1ncc(S(=O)(=O)N2CCCC3(CC=CCC3)C2)cc1C#N;CCCCN1CN(c2ccc(C)cc2)c2ncccc2S1(=O)=O;CN(C(=O)c1ccc(CN)o1)C1CCN(c2ccccc2F)C1=O;COC(=O)CC1=C(C)C2=CC=C(O)C(CN3CCCC3)=C2OC1=O;COC(=O)C1=CC=C(CN2CCC3=CC(OC)=C(OC)C=C3C2)O1;COC(=O)C1CCN(CC2=CC(=O)OC3=C(C)C(O)=CC=C23)CC1;CCOC(=O)C1CCN(CC2=CC(=O)OC3=CC=C(O)C=C23)CC1;CCOC(=O)C1CCN(C=C2OC3=C(C=CC(O)=C3C)C2=O)CC1;COC1=CC(OC)=C2C(C)=C(CC(=O)N3CCCC3)C(=O)OC2=C1;CC1=C(O)C=CC2=C1OC(=O)C=C2CN1CCC2(CC1)OCCO2;CC1=C(CC(=O)N2CCC(C)CC2)C(=O)OC2=CC(O)=CC(O)=C12;CCOC(=O)[C@H]1CCCN(C=C2OC3=C(C=CC(O)=C3C)C2=O)C1;CCOC(=O)[C@H]1CCCN(/C=C2\OC3=C(C=CC(O)=C3C)C2=O)C1;CCOC(=O)[C@@H]1CCCN(C=C2OC3=C(C=CC(O)=C3C)C2=O)C1;CCOC(=O)[C@@H]1CCCN(/C=C2\OC3=C(C=CC(O)=C3C)C2=O)C1;CCCC1=CC(=O)OC2=CC(OCC(=O)N3CCOCC3)=CC=C12;CC(=O)C1=C(O)C(=O)N(CCCCCC(=O)O)[C@H]1C1=CC=CC=C1;CC(=O)C1=C(O)C(=O)N(CCCCCC(=O)O)[C@@H]1C1=CC=CC=C1;CC1=CC2=C(C=C1O)C(CN1CCC3(CC1)OCCO3)=CC(=O)O2;COC1=CC=CC2=C1OC(C(=O)N1CC3(COC(C)(C)OC3)C1)=C2;CC(C)[C@H](NCC1=C(O)C=CC2=C1OC(=O)C1=C2CCC1)C(=O)O;CC(C)[C@@H](NCC1=C(O)C=CC2=C1OC(=O)C1=C2CCC1)C(=O)O;COCCOC(=O)C1=C(C)N(C)C2=CC=C(OC(=O)C3CC3)C=C12
m_ec755b,CCS(=O)(=O)c1ccc(CNC(=O)c2coc(CC3CC3)n2)cc1;Cc1ccoc1C(=O)N1CCCc2ccc(S(=O)(=O)N(C)C)cc21;COc1ccccc1CC(=O)Nc1cc(S(N)(=O)=O)cc(C)c1C;CCN(Cc1ccoc1)C(=O)c1cc2c(c(S(N)(=O)=O)c1)CCC2;CC(C1CC1)N(Cc1ccccc1)S(=O)(=O)c1c[nH]c(C(=O)O)c1;C[C@H]1C(=O)C[C@@H]2C(C(=O)OCCC3=CC=C(O)C(O)=C3)=CO[C@@H](O)[C@H]21;C[C@H]1C(=O)C[C@@H]2C(C(=O)OCCC3=CC=C(O)C(O)=C3)=CO[C@@H](O)[C@@H]21;COC1=CC=C(CCC2=CC(=O)C3=C(O2)[C@H](O)[C@@H](O)[C@H](O)[C@H]3O)C=C1;CCS(=O)(=O)C1=CC=C2OC([C@H]3CCN(C(=O)C4CC4)C3)=NC2=C1;CCS(=O)(=O)C1=CC=C2OC([C@@H]3CCN(C(=O)C4CC4)C3)=NC2=C1;COC1=CC=C(CCC2=CC(=O)C3=C(C[C@H](O)[C@@H](O)[C@H]3O)O2)C=C1O;COC1=CC(CC(CO)C2=CC(C(=O)O)=CC(OC)=C2O)=CC=C1O;COC1=CC(C(=O)[C@H](CO)C2=CC(OC)=C(O)C(OC)=C2)=CC=C1O;COC1=CC(C(=O)[C@@H](CO)C2=CC(OC)=C(O)C(OC)=C2)=CC=C1O;CCC[C@H]1O[C@H](CC(=O)O)C[C@@H]2C(=O)C3=CC=CC(O)=C3C(=O)[C@]21O;CCC[C@H]1O[C@H](CC(=O)O)CC2C(=O)C3=CC=CC(O)=C3C(=O)[C@@]21O;COCC1=CC(=O)C(O)=C(C(CC(=O)OC)C2=CC=C(OC)C=C2)O1;COC(=O)CC(C1=CC=C(OC)C(OC)=C1)C1=C(O)C=C(C)OC1=O;COC(=O)CC(C1=CC=C(OC)C(OC)=C1)C1=C(O)C(=O)C=C(C)O1;CCOC(=O)[C@H](CC(C)=O)C1=CC(=O)OC2=C(OC)C(OC)=CC=C12;CCOC(=O)[C@@H](CC(C)=O)C1=CC(=O)OC2=C(OC)C(OC)=CC=C12;COC1=CC=CC=C1CC(=O)NCCC1=CC=C(S(N)(=O)=O)C=C1;CCOC1=CC=CC=C1C(=O)NCCC1=CC=C(S(N)(=O)=O)C=C1;CCC[C@H]1O[C@H](CC(=O)O)CC23OC12C(=O)C1=C(O)C=CC=C1[C@@H]3O;COC(=O)CC(C1=CC=C(OC)C=C1OC)C1=C(O)C=C(C)OC1=O
m_ecbfb5,Cc1oc(CNC(=O)c2ccc3c(c2)CCN3S(C)(=O)=O)cc1C(=O)O;COc1ccccc1-c1oc2ccccc2c(=O)c1OC(=O)c1cccs1;CN(C(=O)c1ccc(C(=O)O)s1)C1CCN(c2ccccc2Cl)C1=O;Cc1oc(CNC(=O)c2cccc(N3CCCS3(=O)=O)c2)cc1C(=O)O;O=S(=O)(O)c1ccc(N=Nc2c(O)ccc3ccccc23)c2ccccc12;COC1=CC=C([C@H]2CC(=O)C3=CC=C4C=CC=CC4=C3O2)C(C(=O)O)=C1OC;COC1=CC=C([C@@H]2CC(=O)C3=CC=C4C=CC=CC4=C3O2)C(C(=O)O)=C1OC;CC1=CC=CC2=C1C(O)=C(C(C)C1=C(O)C3=C(C)C=CC=C3OC1=O)C(=O)O2;COC(=O)CC(C1=CC2=CC=CC=C2OC1)C1=C(O)C2=CC=CC=C2OC1=O;CCCC1=CC(=O)OC2=C(O)C3=C(C=C12)C(CC(=O)O)=C(C1=CC=CC=C1)O3;COC(=O)CC(C1=CC2=CC=CC=C2OC1)C1=C(O)C(=O)C2=CC=CC=C2O1;CCCC1=CC(=O)OC2=C1C=C(O)C1=C2C(CC(=O)O)=C(C2=CC=CC=C2)O1;CC1(C)OC(=O)[C@]2(COC3=CC=C4C(=O)C=C(C5=CC=CC=C5)OC4=C32)[C@H]1O;CC1(C)OC(=O)[C@@]2(COC3=CC=C4C(=O)C=C(C5=CC=CC=C5)OC4=C32)[C@H]1O;CC1=C(C(=O)OC(C)C)C2=CC(OC(=O)C3=CC4=CC=CC=C4O3)=CC=C2O1;COC(=O)C1=CC(COC2=CC=C3C(=C2C)OC(=O)C2=CC=CC=C23)=C(C)O1;CCCC1=CC2=C(C=C1OCC(=O)O)OC=C(C1=CC3=CC=CC=C3O1)C2=O;CCOC(=O)[C@H](C)OC1=CC=C2OC(=O)C=C(C3=CC4=CC=CC=C4O3)C2=C1;CCOC(=O)[C@@H](C)OC1=CC=C2OC(=O)C=C(C3=CC4=CC=CC=C4O3)C2=C1;O=C1CC(C2=CC=C(C3=CC=CC=C3C(=O)O)O2)C2=CC3=C(C=C2O1)OCO3;COC1=CC=CC(C2=COC3=C(C)C4=C(C=C23)C(C)=C(CC(=O)O)C(=O)O4)=C1;COC(=O)[C@H](C)OC1=CC2=C(C=C1C)OC(=O)C=C2C1=CC2=CC=CC=C2O1;COC(=O)[C@@H](C)OC1=CC2=C(C=C1C)OC(=O)C=C2C1=CC2=CC=CC=C2O1;CCOC(=O)COC1=CC=C2C(=O)C(C3=CC4=CC=CC=C4O3)=C(C)OC2=C1;CCOC(=O)COC1=CC2=C(C=C1C)OC(=O)C=C2C1=CC2=CC=CC=C2O1
m_ed201b,NC(=O)C(c1ccc(F)cc1)N1CCCC(c2ccccc2)C1;Cc1cn2nc(NC3CCN(Cc4cnnn4C)C3)ccc2n1;O=C(NCCCC1CCCCC1)c1cc2ccccc2c(=O)[nH]1;CC(C)c1cc(C(=O)N2CCC(C)(c3ccccc3)CC2)no1;Cc1n[nH]c(C)c1C1COCCN1Cc1cnc2cnccn12;CC(C)(C)C1CCC(C2=C(O)C(=O)C3=CC=CC=C3C2=O)CC1;C#CCNC(=O)C[C@@H]1CCN(C(=O)C2=CC=CC=C2)C[C@@H]1CC;CC1(C)[C@H]2CC[C@]1(C)C(=O)/C2=C\[C@@H](CC1=CC=CC=C1)C(=O)O;CC1(C)[C@H]2CC[C@]1(C)C(=O)/C2=C/[C@@H](CC1=CC=CC=C1)C(=O)O;CC(=O)N1C2=CC=CC=C2[C@]23CCN4CCC[C@](O)(CC[C@@H]12)[C@@H]43;C[C@H]1C[C@@H]2[C@@H](CC(=O)N2C2CC2)[C@@H]1CNC(=O)C1=CC=CC=C1;O=C(CN1C=CC2=CC=CC=C21)N1CC[C@@]2(O)CCCC[C@H]2C1;CN1C=C(C(=O)N2CC[C@@]3(O)CCCC[C@H]3C2)C2=CC=CC=C21;CN1C(C(=O)N2CC[C@@]3(O)CCCC[C@H]3C2)=CC2=CC=CC=C21;CO[C@H](CCC1=CC=C(O)C=C1)CC(=O)CCC1=CC=CC=C1;CO[C@@H](CCC1=CC=C(O)C=C1)CC(=O)CCC1=CC=CC=C1;CC1(C)CC(C(=O)N2CCC3=C(C2)C2=CC=CC=C2N3)CCO1;CC[C@@H](C1=CC=CC=C1)C1=C(O)C2=C(CCCCCC2)OC1=O;CC1=CC=C2OC([C@H]3CCN(C(=O)C4CCCCC4)C3)=NC2=C1;COC1=CC(CCCCC(=O)CCC2=CC=CC=C2)=CC=C1O;COC1=CC(CCC(=O)CCCCC2=CC=CC=C2)=CC=C1O;C[C@@H]1C(=O)[C@@]23CCN4CC[C@H]1[C@](O)([C@H](C)NC1=CC=CC=C12)[C@@H]43;CC[C@]12CC[C@@H](O)N3CCC4=C([C@H]31)N(C1=CC=CC=C41)[C@H](O)C2;CN1C=CC2=C(C(=O)N3CC[C@@]4(O)CCCC[C@H]4C3)C=CC=C21;CC[C@@]12CCCN3CC[C@@]4(O)C5=CC=CC=C5N(C(=O)CC1)[C@]324
m_edaa12,COc1ccc(-n2c(CN3CCOCC3C)nc3ccccc32)cc1;COc1ccc(-n2c(CN3CCOC(C)C3)nc3ccccc32)cc1;Cc1cc(OCCN2CCOCC2)nn1-c1ccc2ccccc2c1;Cc1cccc(C(=O)N2CCC(C(=O)Nc3cccnc3)CC2)c1C;O=C(c1cccc(Oc2cnccn2)c1)N1CCCC2CCCCC21;CN1C(CN2CCOC[C@H](OC3=CC=CC=C3)C2)=NC2=CC=CC=C21;COC1=CC=C([C@H]2N(C3=CC=C(OC)C=C3)C(=O)C23CCCC3)C=C1;COC1=CC=C([C@@H]2N(C3=CC=C(OC)C=C3)C(=O)C23CCCC3)C=C1;COC1=CC=CC(CN2CCN3C(=O)N(C4=CC=CC=C4)C[C@H]3C2)=C1;CCOC1=CC=C(N2C(C)=C3C(OCC)=CC=CC(=O)C3=C2C)C=C1;COC1=CC=C(CN2CC[C@H](C3=NC4=CC=C(OC)C=C4N3)C2)C=C1;O=C(CN1CCOCC1)NN1C2=CC=CC=C2CCC2=CC=CC=C21;COC1=CC=C([C@H](CCN2C(=O)C3=CC=CC=C3C2=O)C(C)C)C=C1;COC1=CC=C([C@@H](CCN2C(=O)C3=CC=CC=C3C2=O)C(C)C)C=C1;CO[C@@H]1C(=O)N(CC2=CC=CC=C2)[C@@H]2CN(CC3=CC=NC=C3)C[C@H]12;CN1C(CN[C@H]2[C@H](O)[C@H](O)C[C@@H]2C2=CC=CC=C2)=NC2=CC=CC=C21;CCCC(=O)N1CCC2=CC(OC)=C(O)C3=C2[C@H]1CC1=CC=CC=C13;CCCC(=O)N1CCC2=CC(OC)=C(O)C3=C2[C@@H]1CC1=CC=CC=C13;CO[C@@H]1C(=O)N(CC2=CC=CC=C2)[C@@H]2CN(CC3=CC=CN=C3)C[C@H]12;O=C1CC2(CCN(CC3=CC=NC=C3)CC2)ON1CC1=CC=CC=C1;CN(CCC(C1=CC=CC=C1)C1=CC=CC=C1)C(=O)[C@H]1CCC(=O)O1;CN(CCC(C1=CC=CC=C1)C1=CC=CC=C1)C(=O)[C@@H]1CCC(=O)O1;CO[C@@H]1C(=O)N(CC2=CC=CC=C2)[C@@H]2CN(CC3=CC=CC=N3)C[C@H]12;CN1C(=O)C2=CC=CN=C2O[C@H]2CN(CCCC3=CC=CC=C3)C[C@H]21;CC(C)N1C[C@@H]2C[C@H]1C(=O)N(CC1=CC=CC=N1)C1=CC=CC=C1O2
m_edccdd,Cc1nc(C)c(C(=O)N2CCNC(=O)C2C(C)C)nc1C;C=C(C)CC(C)C(=O)NC(CC(=O)OC)c1ccncc1;CC(C)Oc1ccc(CCNC(=O)C2CCNC2=O)cc1;COc1ccc(CCC(=O)N2CCN(C(C)=O)CC2)cc1;CN(C)c1ccnc(C(=O)NCC2CCC3(CNC3)O2)c1;CC[C@H](C(=O)C1=CC=C(OC)C=C1)[C@H]1CC[C@H](OC)CC1;CC[C@H](C(=O)C1=CC=C(OC)C=C1)[C@H]1CC[C@@H](OC)CC1;CC[C@@H](C(=O)C1=CC=C(OC)C=C1)[C@H]1CC[C@H](OC)CC1;CC[C@@H](C(=O)C1=CC=C(OC)C=C1)[C@H]1CC[C@@H](OC)CC1;CC(=O)O[C@@H]1C[C@]2(C)CC(=O)C(C(C)C)=CC2=C(C)C1=O;CO/C=C(/C(=O)OC)[C@H](C)[C@H](/C=C/C1=CC=CC=C1)OC;CO/C=C(/C(=O)OC)[C@@H](C)[C@H](/C=C/C1=CC=CC=C1)OC;CO/C=C(/C(=O)OC)[C@@H](C)[C@@H](/C=C/C1=CC=CC=C1)OC;CC(C)=CCC1=CC(C(=O)O)=CC=C1OC(=O)CC(C)C;CC(=O)OC1=CC2=C(C=C1C)[C@H](C(C)C)CC[C@H]2C(=O)O;CC(=O)OC1=CC2=C(C=C1C)[C@@H](C(C)C)CC[C@@H]2C(=O)O;C/C=C(\C)C(=O)OC1=CC(C)=CC=C1[C@H](C)COC(C)=O;C/C=C(\C)C(=O)OC1=CC(C)=CC=C1[C@@H](C)COC(C)=O;CC(C)C[C@H](NC(=O)[C@@H]1CC2=CC=CC=C2CN1)C(=O)O;CC(C)C[C@@H](NC(=O)[C@@H]1CC2=CC=CC=C2CN1)C(=O)O;CC(=O)O[C@@H]1C(C)=CC(=O)C2=C(C)C(=O)C[C@@H](C(C)C)[C@@H]21;CC(=O)O[C@@H](C)C1=CC=CC(O)=C1C(=O)CCC=C(C)C;CC[C@H](C)[C@H](NC(=O)[C@@H]1CC2=CC=CC=C2CN1)C(=O)O;CC[C@@H](C)[C@H](NC(=O)[C@@H]1CC2=CC=CC=C2CN1)C(=O)O;CC[C@@H](C)C(=O)OC1=CC=C(C(=O)O)C=C1CC=C(C)C
m_edd5cd,CC1CCCN(S(=O)(=O)c2ccc(C(F)(F)F)nc2)C1CO;CCN(CC1CCCO1)S(=O)(=O)c1ccc(C(F)(F)F)nc1;O=C(O)C1CN(C(=O)c2ccc3ccccc3n2)CC1C(F)(F)F;Cc1c(C(=O)O)oc2ccc(S(=O)(=O)N3CCN(C)CC3)cc12;O=C(C=Cc1ccc(O)cc1)OC1C(O)CC(O)(C(=O)O)CC1O;COC1=CC(O)=C2C(=O)C[C@@H](C3=CC=CC=C3)OC2=C1/C=C/C(C)=O;CC(C)(O)[C@H]1CC2=C(O1)C(CO)=CC1=C2C(=O)C2=CC=CC=C2C1=O;CC(C)(O)[C@@H]1CC2=C(O1)C(CO)=CC1=C2C(=O)C2=CC=CC=C2C1=O;COC1=CC=CC2=C1C(=O)C1=CC=C3C(=C1C2=O)[C@@H](O)C[C@@H](C)[C@@H]3O;COC(=O)C1=CC2=C3O[C@H](C4=CC=CC=C4)CCC3=C(OC)C=C2O1;C[C@H]1[C@H](C2=CC=C3OCOC3=C2)C2=CC3=C(C=C2C(=O)[C@H]1C)OCO3;C[C@@H]1[C@H](C2=CC=C3OCOC3=C2)C2=CC3=C(C=C2C(=O)[C@H]1C)OCO3;COC1=CC=CC2=C1C(=O)C1=CC=C3C[C@](C)(O)C[C@@H](O)C3=C1C2=O;COC1=CC=CC2=C1C(=O)C1=CC=C3C[C@@](C)(O)C[C@@H](O)C3=C1C2=O;CCC1(O)CCC2=C(O)C3=C(C(=O)C4=CC=CC=C4C3=O)C(O)=C2C1;CC(C)C1=CC=C(C2=C(CC(=O)O)C3=CC4=C(C=C3O2)OCO4)C=C1;COC1=CC=C(O)C2=C1C(=O)C1=CC=C3C[C@H](C)C[C@H](O)C3=C1C2=O;COC1=CC(C=CC(=O)C=C(O)C=CC2=CC=C(O)C=C2)=CC=C1O;O=C(O)C(=C1OCOC1=C(C(=O)O)C1=CC=CC=C1)C1=CC=CC=C1;COC1=CC=CC2=C1C(=O)C1=C(O)C=C3C[C@H](C)C[C@H](O)C3=C1C2=O;CC(C)(O)C1=CC2=C3O[C@H](C4=CC=C(O)C=C4)CC(=O)C3=CC=C2O1;CC(=O)CC[C@H]1C=CC2=C(C(=O)C3=CC(O)=CC=C3C2=O)[C@@]1(C)C=O;CC(=O)CC[C@H]1C=CC2=C(C(=O)C3=CC(O)=CC=C3C2=O)C1(C)C=O;CC1=C(C)C2=CC=C(O[C@H](C(=O)O)C3=CC=CC=C3)C(C)=C2OC1=O;CC1=C(C)C2=CC=C(O[C@@H](C(=O)O)C3=CC=CC=C3)C(C)=C2OC1=O
m_eff2fa,CCC(C)NC(=O)c1cccc(CNC(=O)c2ccc3c(c2)NC(=O)C3(C)C)c1;CCN(CC)CCN=C(O)c1c(O)c2ccccc2n(Cc2ccccc2)c1=O;Cc1nn(Cc2ccccc2)c(C)c1C1COCCN1C(=O)c1cnn(C)c1C;O=C(Cc1ccccc1)N1CCN(CCC(=O)N2CCOc3ccccc32)CC1;CN(C)C(=O)COc1ccccc1CN1CCCC(c2nnc3ccccn23)C1;C[C@H](CCC1=CC=CC=C1)NC(=O)CC[C@@H]1NC(=O)N(CC2=CC=CC=C2)C1=O;C[C@@H](CCC1=CC=CC=C1)NC(=O)CC[C@@H]1NC(=O)N(CC2=CC=CC=C2)C1=O;CC(CCC1=CC=CC=C1)NC(=O)CC[C@@H]1NC(=O)N(CC2=CC=CC=C2)C1=O;CCOC(=O)C1=C(C2=CC=CC=C2)OC2=CC=C(O)C(CN3CCCCCC3)=C12;COC1=CC=C(CN2CC3(C2)OC(=O)N2CCN(CC4=CC=CC=C4)CC23)C=C1;COC1=CC=CC2=C1NC(C[C@H]1CN(CC3=CC=CC=C3)CC[C@H]1CC(=O)O)=N2;COC1=CC=C2N=C(C[C@H]3CN(CC4=CC=CC=C4)CC[C@H]3CC(=O)O)NC2=C1;CC(CCC1=CC=CC=C1)NC(=O)CCC1N=C(O)N(CC2=CC=CC=C2)C1=O;CCOC(=O)C1=C(C2=CC=CC=C2)OC2=CC=C(O)C(CN3CCC(C)CC3)=C12;O=C1C[C@@H]2CCN(C(=O)COC3=CC=CC=C3)C[C@@H]2CCN1CC1=CC=CN=C1;COC1=CC=C(CN2CC[C@@H](CC(=O)O)[C@@H](CC3=NC4=CC=CC=C4N3)C2)C=C1;CCOC(=O)C1=C(C2=CC=CC=C2)OC2=CC=C(O)C(CN3CCCC[C@H]3C)=C12;CCOC(=O)C1=C(C2=CC=CC=C2)OC2=CC=C(O)C(CN3CCCC[C@@H]3C)=C12;CCOC(=O)C1=C(C2=CC=CC=C2)OC2=CC=C(O)C(CN3CCC[C@H](C)C3)=C12;CCOC(=O)C1=C(C2=CC=CC=C2)OC2=CC=C(O)C(CN3CCC[C@@H](C)C3)=C12;CN1C(C[C@H]2CN(CC3=CC=CC=C3O)CC[C@H]2CC(=O)O)=NC2=CC=CC=C21;COC1=CC=C(CNCC(OCC2=CC=CC=C2)OCC2=CC=CC=C2)C=C1O;O=C(CCCC(=O)N1C[C@@H]2C[C@@H](C1)C1=CC=CC(=O)N1C2)NCC1=CC=CC=C1;O=C(C1=CC=CC=C1)N1C[C@@H]2COCCN2C2(CN(CC3=CC=CC=C3O)C2)C1;CCOC(=O)N1CCC2(CC1)N=C(C1=CC=CC=C1O)C[C@H](C1=CC=CC=C1)N2
m_f0bee0,CC1CN(Cc2cnn(C3(C)CCS(=O)(=O)C3)c2)C(C)(C)CO1;CC(=O)N1CCN(CC(=O)N(Cc2ccco2)c2ccccc2)CC1;CC1CCN(C(=O)NCc2cccc(C(=O)NCc3ccco3)c2)C1;CN(Cc1ccco1)C(=O)CN1CCNC(=O)CC1c1ccccc1;CC1CC(NC(=O)NCc2cccc(C(=O)NCc3ccco3)c2)C1;COC1=CC=C(CC(=O)N2CCOC[C@H](OC3=CC=CC=C3)C2)C=C1;CN(C)CC(=O)N1C[C@@H]2C[C@H](C1)C1=C(C3=CC=CO3)C=CC(=O)N1C2;COC1=CC2=C(C=C1OC)[C@H](C)N(C(=O)COC1=CC=CC=C1)CC2;COC1=CC=C(C(=O)N2CCC3=CC(OC)=C(OC)C=C3C2C)C=C1;CC(C)NC(=O)N1C[C@H]2C[C@H](C1)C1=CC=C(C3=CC=CO3)C(=O)N1C2;CC(C)NC(=O)N1C[C@@H]2C[C@H](C1)C1=CC=C(C3=CC=CO3)C(=O)N1C2;CC(C)COC(=O)[C@H]1[C@H]2C(=O)N(CC3=CC=CC=C3)C[C@]23C=C[C@H]1O3;CC(C)COC(=O)[C@@H]1[C@H]2C(=O)N(CC3=CC=CC=C3)C[C@]23C=C[C@H]1O3;CC(C)COC(=O)C1[C@H]2C(=O)N(CC3=CC=CC=C3)C[C@]23C=C[C@H]1O3;CC(C)CN1C[C@@]23C=C[C@@H](O2)[C@H](C(=O)OCC2=CC=CC=C2)[C@H]3C1=O;CC(C)CN1C[C@@]23C=C[C@@H](O2)[C@@H](C(=O)OCC2=CC=CC=C2)[C@H]3C1=O;CC(C)CN1C[C@@]23C=C[C@@H](O2)C(C(=O)OCC2=CC=CC=C2)[C@H]3C1=O;CCCCOC(=O)[C@H]1[C@H]2C(=O)N(CC3=CC=CC=C3)C[C@]23C=C[C@H]1O3;CCCCOC(=O)[C@@H]1[C@H]2C(=O)N(CC3=CC=CC=C3)C[C@]23C=C[C@H]1O3;CCCCOC(=O)C1[C@H]2C(=O)N(CC3=CC=CC=C3)C[C@]23C=C[C@H]1O3;COC1=CC2=C(C=C1OC)[C@H](CC1=CC=C(O)C=C1)N(C(C)=O)CC2;COC1=CC2=C(C=C1OC)[C@@H](CC1=CC=C(O)C=C1)N(C(C)=O)CC2;COC1=CC=C(CC(=O)N2CCC3=CC(OC)=C(OC)C=C3C2)C=C1;COC1=CC=C(C(=O)CN2CCC3=CC(OC)=C(OC)C=C3C2)C=C1;CCCOC(=O)[C@H]1[C@H]2C=C[C@@]3(CN(C4=CC=CC=C4CC)C(=O)[C@@H]13)O2
m_f10ba9,COC1CN(C(=O)c2c(C)coc2C)CC1c1cn(C)nn1;Cc1cc(C(=O)N2CCCC(O)(Cn3ccnn3)C2)c(C)o1;COC1CN(C(=O)c2oc(C)cc2C)CC1c1cn(C)nn1;Cc1nc(C2CCC(CNC(=O)c3cnn(C)c3C)O2)n[nH]1;Cc1n[nH]c(C2CCC(CNC(=O)c3cnn(C)c3C)O2)n1;CC1=CC(C(=O)N2CC3(CC(=O)N(CC4CC4)O3)C2)=C(C)O1;COC1=CC=CC=C1C(=O)N1CCC2(CC1)CC(=O)N(C)O2;CCOC(=O)[C@H](C)OC1=CC2=C(C=C1CC)C(C)=CC(=O)O2;CCOC(=O)[C@@H](C)OC1=CC2=C(C=C1CC)C(C)=CC(=O)O2;COCCN1C(=O)CO[C@H]2CN(C(=O)C3=CC=CC=C3)C[C@H]21;COC1=CC=C(C(=O)N2CCC3(CC2)CC(=O)N(C)O3)C=C1;C=C1C[C@@H](OC(C)=O)/C=C(/C)C[C@@H]2OC(=O)C(=C)[C@H]2CC1=O;CCOC(=O)[C@H](C)OC1=CC=C2C(C)=C(C)C(=O)OC2=C1C;CCOC(=O)[C@@H](C)OC1=CC=C2C(C)=C(C)C(=O)OC2=C1C;C=C(COC(=O)C(C)C)C1CC2=C(C=CC(C(C)=O)=C2O)O1;CC[C@H]1C[C@@H](CCCOC(=O)C2=CC=C(C)C=C2)CC(=O)O1;CC1=C(C)C2=CC=C(OCC(=O)OC(C)C)C(C)=C2OC1=O;CN1OC2(CCN(C(=O)COC3=CC=CC=C3)CC2)CC1=O;C=C1C[C@H]2OC(=O)C(=C)[C@H]2CC=C(COC(C)=O)CCC1=O;C=C1C(=O)O[C@@H]2C[C@]3(C)C(=O)C=C[C@@](C)(OC(C)=O)[C@@H]3C[C@H]12;C=C1C(=O)O[C@@H]2C[C@@]3(C)C(=O)C=C[C@](C)(OC(C)=O)[C@@H]3C[C@H]12;C=C1C(=O)O[C@@H]2C[C@@]3(C)C(=O)C=C[C@@](C)(OC(C)=O)[C@@H]3C[C@H]12;CC(=O)OCC1=C2[C@@H](O)CC(C)=C=CC/C(C)=C/[C@H]2OC1=O;CC(=O)OC1CC2=C(C(C)C1)C(C)(O)C1=C(OC=C1C)C2=O;CCOC(=O)C1=C(C)OC2=CC=C(OC(=O)C(C)(C)C)C=C12
m_f1a045,CC(C)n1cc(C(=O)NC(Cc2ccncc2)C(=O)O)cn1;CC(C)n1ccc(C(=O)NC(Cc2ccncc2)C(=O)O)n1;CCOC(=O)c1cnc(NC(CO)c2ccccn2)nc1C;Cc1cc(C)n2nc(C)c(C(=O)N3CCC(C(=O)O)C3)c2n1;Cc1ccc(CCC(=O)Nc2ncn(CC(=O)O)n2)c(C)c1;COC(=O)CC(C1=C(O)C(=O)C2=CC=CC=C2C1=O)C(C)C;COC1=CC=C(OC)C(C(=O)OCC2=CC=CC=C2)=C1OC;CC1=C(O)[C@](C)(O)C(=O)C(C(=O)CCC2=CC=CC=C2)=C1O;COC1=CC=C(C(=O)C2=CC=C(OC)C(OC)=C2)C=C1OC;CC1=CC(O)=C(C)C(O)=C1C(=O)C1=C(C)C=C(O)C(C)=C1O;COC1=CC=C(C[C@H](O)C(=O)C2=CC=C(OC)C=C2O)C=C1;COC1=CC=C(C[C@@H](O)C(=O)C2=CC=C(OC)C=C2O)C=C1;COC1=CC=C(CCC2=CC(OC)=CC(O)=C2C(=O)O)C=C1;COC1=CC(OC)=C(C(=O)CCC2=CC=CC=C2)C(O)=C1O;COC1=CC=CC=C1COC(=O)C1=C(OC)C=CC=C1OC;COC1=CC=C(CCC2=CC=C(O)C(OC)=C2C(=O)O)C=C1;COC(=O)C1=CC=C(COC2=CC=C(CO)C=C2OC)C=C1;COC(=O)C1=C(CCC2=CC=C(OC)C=C2)C=CC(O)=C1O;O=C(O)C1=CC(O)=CC(OCCCCOC2=CC=CC=C2)=C1;COC1=CC=C(CCC2=CC(O)=CC(OC)=C2C(=O)O)C=C1;CCC(=O)C1=C(OC(=O)C(C)C)C=CC2=C1OC(=O)C=C2C;C=C(C)COC1=CC=C2C(C)=C(CC(=O)O)C(=O)OC2=C1C;O=C(C[C@@H](O)C1=CC=C(O)C=C1)OCCC1=CC=C(O)C=C1;COC1=CC(O)=CC(OC)=C1CCC(=O)C1=CC=C(O)C=C1;COC1=CC(O)=CC(OC)=C1C(=O)CCC1=CC=C(O)C=C1
m_f22b14,Cc1nn(C)c(C)c1C1CCCN1C(=O)C1CC1c1cccnc1;Cc1cnn(CC2CCCCN2C(=O)C2CC2c2cccnc2)c1;Cc1cc(C)nc(N2CCC(NC(=O)c3ccccc3C)CC2)n1;Cc1nccc(CNC(=O)NC2CCC(c3ccccc3)CC2)n1;N#CCCCOc1cccc(CNCC2CCCn3ccnc32)c1;CC(=O)C1=CC=C(OCCN2CCCC[C@H]2C2=CC=CN=C2)C=C1;CC(=O)C1=CC=C(OCCN2CCCC[C@@H]2C2=CC=CN=C2)C=C1;CC(=O)C1=CC=CC(OCCN2CCCC[C@H]2C2=CC=CN=C2)=C1;CC(=O)C1=CC=CC(OCCN2CCCC[C@@H]2C2=CC=CN=C2)=C1;COC1=CC=C([C@H](CNC(=O)C2=CC=CC=C2)N2CCCC2)C=C1;COC1=CC=C([C@@H](CNC(=O)C2=CC=CC=C2)N2CCCC2)C=C1;CC1=CC=C(NC(=O)CCCCC(=O)NC2=CC=C(C)C=C2)C=C1;CC1(C)[C@H](CC2=NOC(C3=CC=CC=C3)=C2)C[C@@H]1NC(=O)C1CC1;CC1=CC=C2C(=C1C)CN(C(=O)N(C)C)C[C@@H]2C1=CC=CC(O)=C1;CC(=O)NC1=CC=CC=C1CCCCC1=CC=CC=C1NC(C)=O;O=C(CC1=CC=CC=C1)NCCCCNC(=O)CC1=CC=CC=C1;CN(CCCCN(C)C(=O)C1=CC=CC=C1)C(=O)C1=CC=CC=C1;C/C=C1\CN2CC[C@@H]3C4=CC=CC=C4N4[C@@H]3[C@@H]2C[C@@H]1[C@H]4C(=O)OC;C/C=C1/CN2CC[C@@H]3C4=CC=CC=C4N4[C@@H]3[C@@H]2C[C@@H]1[C@H]4C(=O)OC;CC[C@H]1CN2CC[C@@]34C[C@@H]2[C@@H]1C(C(=O)OC)=C3NC1=CC=CC=C14;CC=C1CN2CCC3=C(NC4=CC=CC=C34)C(C(=O)OC)C1CC2;CC(C)=CC/C=C1/CC[C@H]2C(=O)N(C3=CC=CC=C3)NC(=O)[C@H]2C1;CC(C)=CC/C=C1/CC[C@H]2C(=O)N(C3=CC=CC=C3)NC(=O)[C@@H]2C1;CC(C)=CC/C=C1/CC[C@@H]2C(=O)N(C3=CC=CC=C3)NC(=O)[C@H]2C1;CC(C)=CC/C=C1/CC[C@@H]2C(=O)N(C3=CC=CC=C3)NC(=O)[C@@H]2C1
m_f22bed,CCCCCn1cc(C(=O)c2cccc3ccccc23)c2ccccc21;CC(C)CC1C(=O)NCCN1C(=O)Cc1cc2ccccc2c(=O)[nH]1;CCN1CCC2OCCN(C(=O)c3ocnc3-c3ccccc3)C2C1;Cc1cc(C)n(Cc2cccc(C(=O)N3CCC(C(=O)O)CC3)c2)n1;COc1ccc2oc(C(C)NC(=O)Cc3c(C)n[nH]c3C)c(C)c2c1;COC1=CC2=C(C=C1OC)[C@H](C)N(C(=O)COC1=CC=CC=C1)CC2;COC1=CC=C(CC(=O)N2CCOC[C@H](OC3=CC=CC=C3)C2)C=C1;COC1=CC2=C(C=C1OC)[C@H](CC1=CC=C(O)C=C1)N(C(C)=O)CC2;COC1=CC2=C(C=C1OC)[C@@H](CC1=CC=C(O)C=C1)N(C(C)=O)CC2;O=C(OC[C@H]1CCCN2CCCC[C@@H]12)C1=CC2=CC=CC=C2OC1=O;COC1=CC=C(CC(=O)N2CCC3=CC(OC)=C(OC)C=C3C2)C=C1;COC1=CC=C(C(=O)CN2CCC3=CC(OC)=C(OC)C=C3C2)C=C1;COC1=CC=C([C@H]2C3=CC(OC)=C(OC)C=C3CCN2C(C)=O)C=C1;COC1=CC=C([C@@H]2C3=CC(OC)=C(OC)C=C3CCN2C(C)=O)C=C1;COC1=CC=C(C(=O)N2CCC3=CC(OC)=C(OC)C=C3C2C)C=C1;COC1=CC=C(CCNC(=O)[C@H]2OCCC3=CC=CC=C32)C=C1OC;COC1=CC=C(CCNC(=O)[C@@H]2OCCC3=CC=CC=C32)C=C1OC;COC[C@@H]1CN(C(=O)C2=C(C)OC(C)=C2)[C@H]2C3=CC=CC=C3OC[C@@H]12;COC1=CC=C(CC(=O)N[C@H]2[C@H](O)[C@H](O)C[C@@H]2C2=CC=CC=C2)C=C1;COC(=O)C1CCN(CC2=CC(=O)OC3=CC4=C(C=C23)CCC4)CC1;COC1=CC=C(CCNC(=O)[C@H]2COC3=CC=CC=C3C2)C=C1OC;COC1=CC=C(CCNC(=O)[C@@H]2COC3=CC=CC=C3C2)C=C1OC;COC(=O)[C@]1(CC2=CC=CC=C2)NCCC2=CC(OC)=C(OC)C=C21;COC(=O)[C@@]1(CC2=CC=CC=C2)NCCC2=CC(OC)=C(OC)C=C21;CC1=CC=CC=C1[C@H]1C[C@@H](O)[C@@H](O)[C@@H]1NC(=O)COC1=CC=CC=C1
m_f24d72,COc1ccc(C)cc1S(=O)(=O)NCCc1cccc(C(=O)O)n1;O=C(O)c1cccc(Nc2ccnc(Nc3ccccc3C(=O)O)n2)c1;CNC(=O)c1cccc(CNc2nc(C(F)(F)F)nc3[nH]cnc23)c1;CN1C(=O)c2ccc(C(=O)N3CCCC(S(C)(=O)=O)C3)cc2C1=O;O=C(O)c1cccc(Nc2ccnc(Nc3cccc(C(=O)O)c3)n2)c1;CCOC(=O)C1=CC2=CC3=CC=CC=C3C=C2C=C(C(=O)OCC)C1=O;COC1=CC=C(C(=O)CC(=O)C2=CC=C3C=CC=CC3=C2O)C=C1OC;COC1=CC=C(C(O)=CC(=O)C2=CC=C3C=CC=CC3=C2O)C=C1OC;CC1(C)OC2=CC3=C(C=CC(=O)O3)C=C2C[C@H]1OC(=O)C1=CC=CC=C1;COC1=CC=CC(C(=O)OC2=CC=C3C4=C(CCCC4)C(=O)OC3=C2)=C1;O=C(OCC1=CC=C[C@@H](OC(=O)C2=CC=CC=C2)[C@@H]1O)C1=CC=CC=C1;CC1=CC(OCC2=CC=C(C(=O)O)C=C2)=C2C3=C(CCC3)C(=O)OC2=C1;COC1=CC=CC(C(=O)OC2=CC=C3C4=C(CCC4)C(=O)OC3=C2C)=C1;O=C(O)C1=CC=C(C2=CC=C(C(=O)O)C3=C2CCC3=O)C2=C1C(=O)CC2;COC(=O)COC1=CC=C2OC(=O)C=C(C3=CC4=CC=CC=C4O3)C2=C1;O=C(OCC1=CC=C[C@@H](C(=O)OC2=CC=CC=C2)[C@@H]1O)C1=CC=CC=C1;CC1=C(OCC2=CC=C(C(=O)O)C=C2)C=CC2=C1OC(=O)C1=C2CCC1;COC(=O)[C@@H](CC1=C(O)/C(=C/C2=CC=CC=C2)OC1=O)C1=CC=CC=C1;CC1(C)CC(=O)C2=CC3=C(C=C2O1)OC(C1=CC=CC=C1)=C3CC(=O)O;COC1=CC2=C(C=C1O)OC1=C(C3=CC=C(O)C=C3)C=C(C(=O)O)C=C12;COC(=O)C1=C(C)OC2=CC=C(OC(=O)C3=CC4=CC=CC=C4O3)C=C12;COC(=O)[C@H](C)OC1=CC=C2C(=O)/C(=C/C=C/C3=CC=CC=C3)OC2=C1;COC(=O)[C@@H](C)OC1=CC=C2C(=O)/C(=C/C=C/C3=CC=CC=C3)OC2=C1;CC1=C(CC(=O)O)C(=O)OC2=CC(OCC=CC3=CC=CC=C3)=CC=C12;CC1=C(OCC2=CC=C(C(=O)O)O2)C=CC2=C1OC(=O)C1=CC=CC=C12
m_f2d901,Cc1noc(C2COCCN2Cc2cccc(F)c2F)n1;Cc1cc(C(=O)Nc2cnccc2O)ccc1-n1cncn1;COCC#CCn1cnc2c(nnn2-c2ccccc2)c1=O;CCn1ccnc(Nc2ccc(OCC(F)F)cc2)c1=O;Cc1cc(NC(=O)Cn2cc(Cl)cn2)n(C(C)(C)C)n1;CC1=CC(=O)OC2=C1C(=O)N(CCCC1=CC=CC=C1)C=C2;CCOC(=O)C(=CC1=CC=CC=C1)NC(=O)C1=CC=CC=C1;COC1=CC=C(C(=O)NCCN2C=NC3=CC=CC=C32)C=C1;CCOC(=O)C(O)(C(=O)OCC)C1=CC=C(N(C)C)C=C1;CCN(CC)C1=CC=C(C(O)(C(=O)OC)C(=O)OC)C=C1;[2H]C1(C(C)C)C(=O)N(C2=CC=CC=C2)N(C2=CC=CC=C2)C1=O;COC1=CC=C2C(CNC3=CC=C(C)C=C3)=CC(=O)OC2=C1;CC1=CC2=C(C=C1O)C(CNC1=CC=CC=C1C)=CC(=O)O2;CCOC(=O)N[C@H](C1=CC=CC=C1)[C@H](O)C(=O)OC(C)C;CCOC(=O)N[C@@H](C1=CC=CC=C1)[C@@H](O)C(=O)OC(C)C;COC(=O)C(=CC1=CC=CC=C1)NC(=O)C1=CC=C(C)C=C1;COC1=CC=C2C(CNC3=CC=CC=C3C)=CC(=O)OC2=C1;COC(=O)C1=CC=CC=C1NC(=O)C=CC1=CC=C(C)C=C1;COCCN1C=CC2=C(NC(=O)C3=CC=CN=C3)C=CC=C21;CCCC1=CC2=C(C=C1O)OC(C)=C(C1=CC=CC=N1)C2=O;CC(=O)NC1=CC=C(O)C(C(=O)C=CC2=CC=C(C)C=C2)=C1;CC(=O)NC1=CC=C(C(=O)C=CC2=CC=C(C)C=C2)C(O)=C1;COC1=CC=CC2=C1N(CC(=O)NCC1=CC=CN=C1)C=C2;COC1=CC=CC2=C1C=CN2CCNC(=O)C1=CC=CN=C1;CC1=CC=C(OCCNC(=O)C=CC2=CC=CC=C2)C=C1C
m_f55e93,COc1cc2c(cc1OC)C(CC(=O)O)N(C(=O)c1cccc(C)n1)CC2;CC(C)NC(=O)CN1CCN(C(=O)NCc2ccc(Cl)cc2F)CC1;O=C(Nc1ccc2c(c1)CN(C(=O)C1CC1)CC2)c1ccc2ccccc2c1;Cc1[nH]c2cc(=O)[nH]n2c(=O)c1CCC(=O)NC(CO)Cc1ccccc1;COc1cc(OC)cc(C(=O)Nc2ccc(N3CCCC3=O)c(OC)c2)c1;COC(=O)C1=CC=CC=C1NC(=O)N1CCC2=CC(OC)=C(OC)C=C2C1;COC(=O)C1=CC=CC(NC(=O)N2CCC3=CC(OC)=C(OC)C=C3C2)=C1;O=C(N[C@H]1C[C@@H](NC(=O)C2=CC=CC=C2)[C@@H](O)[C@H](O)[C@@H]1O)C1=CC=CC=C1;COC1=C2CN(C)CCC2=C(NC(=O)COC2=CC=CC=C2)C2=C1OCO2;COC1=CC=C(CC(=O)NC2=CC=C(N3CCOCC3)C=C2C(=O)O)C=C1;COC1=CC=CC=C1C(=O)NC1=C2CCN(C)CC2=C(OC)C2=C1OCO2;COC1=CC(NC(=O)CC2=CN(OC)C3=CC=CC=C23)=CC(OC)=C1OC;COC1=CC=C(NC(=O)[C@H]2C3=C(OC)C4=C(C=C3CCN2C)OCO4)C=C1;COC1=CC=C(NC(=O)[C@@H]2C3=C(OC)C4=C(C=C3CCN2C)OCO4)C=C1;COC(=O)C1=CC=C(N[C@H]2C3=C(OC)C4=C(C=C3CCN2C)OCO4)C=C1;COC(=O)C1=CC=C(N[C@@H]2C3=C(OC)C4=C(C=C3CCN2C)OCO4)C=C1;CC(=O)N1C2=CC=CC=C2CCC2=CC=C(NC(=O)CC3=CC=CC=C3)C=C21;CC(=O)N1CCN(C(=O)COC2=CC=C3N=C4CCCN4C(=O)C3=C2)CC1;COC1=CC2=C(C=C1OC)CC(=O)N(CCC(=O)NCC1=CC=CO1)C=C2;COC1=CC=CC=C1NC(=O)[C@H]1C[C@H](O)CN1C(=O)OCC1=CC=CC=C1;COC1=CC=CC=C1NC(=O)[C@H]1C[C@@H](O)CN1C(=O)OCC1=CC=CC=C1;COC1=CC=CC=C1NC(=O)[C@@H]1C[C@H](O)CN1C(=O)OCC1=CC=CC=C1;COC1=CC=CC=C1NC(=O)[C@@H]1C[C@@H](O)CN1C(=O)OCC1=CC=CC=C1;COC1=CC=C(C(=O)NC2=CC=C([C@H]3OCC(=O)N(C)[C@@H]3CO)C=C2)C=C1;COC1=CC=C(C(=O)NC2=C3CCN(C)CC3=C(OC)C3=C2OCO3)C=C1
m_f5c42c,O=C(C1CCOCC1)N1CCCC(Nc2ccccc2)C1;COc1ccccc1C1CCN(C(=O)C2(N)CCCC2)C1;CC1CN(C(=O)C2(C)CCNC2)CC(c2ccccc2)O1;CC1(O)CCN(C(=O)NCC2CC(c3ccccc3)C2)C1;Cc1ccccc1C1(CNC(=O)NC2CCOCC2)CC1;C[C@H]1CC[C@](C)(C(=O)COC(=O)C2=CC=CC=C2)C1(C)C;C[C@H]1CC[C@@](C)(C(=O)COC(=O)C2=CC=CC=C2)C1(C)C;C[C@@H]1CC[C@](C)(C(=O)COC(=O)C2=CC=CC=C2)C1(C)C;C[C@@H]1CC[C@@](C)(C(=O)COC(=O)C2=CC=CC=C2)C1(C)C;CC(=O)N1CCC2(CC1)CC(=O)N(CC1=CC=CC=C1)O2;CN1CC[C@@](C)(O)[C@@H](NC(=O)C2CC2)[C@@H]1C1=CC=CC=C1;CC[C@H]1CN(C(C)=O)CC[C@H]1CC(=O)NC1=CC=CC=C1;C[C@H]1CC[C@](C)(COC(=O)CCC2=CC=CC=C2)C1(C)C;C[C@H]1CC[C@@](C)(COC(=O)CCC2=CC=CC=C2)C1(C)C;C[C@@H]1CC[C@](C)(COC(=O)CCC2=CC=CC=C2)C1(C)C;C[C@@H]1CC[C@@](C)(COC(=O)CCC2=CC=CC=C2)C1(C)C;COC(=O)C(C)(C)[C@H](C1=CC=CC=C1)[C@H]1CCCCC1=O;COC(=O)C(C)(C)[C@H](C1=CC=CC=C1)[C@@H]1CCCCC1=O;COC(=O)C(C)(C)[C@@H](C1=CC=CC=C1)[C@H]1CCCCC1=O;COC(=O)C(C)(C)[C@@H](C1=CC=CC=C1)[C@@H]1CCCCC1=O;COC(=O)C(C)(C)C(C1=CC=CC=C1)[C@@H]1CCCCC1=O;CC(C)C(=O)N1CCC2(CC1)NC(=O)C1=CC=CC=C1O2;CN1C[C@@]2(C)CN(C(=O)C3=CC=CC=C3)C[C@@](C)(C1)[C@@H]2O;COC(=O)N1C[C@@H](C2=CC=CC=C2)[C@@H]2NC(=O)CCC[C@@H]21;CCCC(=O)N1CCC2(CC1)NC(=O)C1=CC=CC=C1O2
m_f7002e,O=C(NC1CCC(O)CC1)C1CC1c1cccc(Br)c1;Cn1ncc(N2CC3CC4CC(C3)CC2C4)c(Br)c1=O;O=C(Nc1nnc(-c2cccs2)[nH]1)c1ccc(-n2ccnn2)cc1;Cc1c(C(=O)N2CCOC(CC(=O)O)C2)sc2ccc(F)cc12;CS(=O)(=O)C1CCN(C(=O)c2ccc(-c3ccc(F)cc3)o2)C1;O=C(OCC1C2=CC=CC=C2C2=CC=CC=C21)ON1C(=O)CCC1=O;CC(=O)N1C(O[C@H]2[C@H](O)[C@@H](O)[C@H](O)[C@@H](O)[C@@H]2O)=CC2=CC=CC=C21;CN1C(=O)[C@@H]2C3=CC4=C(C=C3C[C@H]1C1=CC3=C(C=C12)OCO3)OCO4;CN1[C@@H]2CC3=CC4=C(C=C3[C@H]1C(=O)C1=CC3=C(C=C12)OCO3)OCO4;CC1=CC2=C(C(=O)O1)C(C1=CC3=CC=CC=C3N(C)C1=O)CC(=O)O2;COC1=CC=C2C(O)=C3C4=C(C=CN3C)C=C(OC)C(=O)C4=C2C1=O;COC(=O)[C@H]1CN(C(=O)C2=CC=CN=C2)CCN1C(=O)CSC;COC(=O)[C@@H]1CN(C(=O)CSC)CCN1C(=O)C1=CC=CN=C1;CC1=CC(=O)C2=C(O1)C(C1=CC3=CC=CC=C3N(C)C1=O)CC(=O)O2;O=C(C=C1NCCC2=CC3=C(C=C12)OCO3)C1=CC=C2OCOC2=C1;COC1=C(OC)C2=C3C(=C4C(=O)C=CC=C4C(O)=C3N(C)C=C2)C1=O;O=C(/C=C\C1=CC=C2OCOC2=C1)C[C@]1(O)C(=O)NC2=CC=CC=C21;O=C(/C=C\C1=CC=C2OCOC2=C1)C[C@@]1(O)C(=O)NC2=CC=CC=C21;CC1=CC2=C(C(=O)N1C)C(C1=COC3=CC=CC=C3C1=O)CC(=O)O2;COC1=CC=C2C=C3C4=CC5=C(C=C4CCN3C(=O)C2=C1O)OCO5;COC1=C2CCN3C(=O)O[C@H]4C5=CC=CC=C5C(=C2[C@H]43)C2=C1OCO2;COC1=C2CCN3C(=O)O[C@H]4C5=CC=CC=C5C(=C2[C@@H]43)C2=C1OCO2;COC1=C(O)C=CC2=C1C(=O)N1CCC3=CC4=C(C=C3C1=C2)OCO4;COC1=CC=C(N2C(=S)N[C@H]3[C@@H](O)[C@H](O)C[C@@H](C(N)=O)[C@H]32)C=C1;COC1=CC=C(N2C(=S)N[C@H]3[C@@H](O)[C@H](O)C[C@@H](C(N)=O)[C@@H]32)C=C1
m_f7302f,CCn1ncc(C(=O)N2CCCNCC2)c1C(F)(F)F;CN(CCN1CCCC1)C(=O)c1ccoc1C(F)(F)F;CC(C)n1ncc(C(=O)N2CCNCC2)c1C(F)(F)F;CC(C)N1CC(NS(=O)(=O)CC2CCOC2)CC1=O;CN1C(=O)CCC1CNC(=O)c1cc(=O)[nH]c(C2CC2)n1;CC(=O)O[C@H]1[C@H]2C=C(C=O)[C@]3(C=O)C[C@]3(C)[C@H]2CC1(C)C;CC(C)=CCCC(C)(O)C1CC2=CC(C(=O)O)=CC=C2O1;CC(C)=CCC=C(CC(=O)C1=CC(O)=CC=C1O)C(=O)O;CC(C)=C[C@H]1C[C@H](CC(=O)C2=CC(O)=CC=C2O)C(=O)O1;CC(C)=C[C@H]1C[C@@H](CC(=O)C2=CC(O)=CC=C2O)C(=O)O1;CC(C)=C[C@@H]1C[C@H](CC(=O)C2=CC(O)=CC=C2O)C(=O)O1;CC(C)=C[C@@H]1C[C@@H](CC(=O)C2=CC(O)=CC=C2O)C(=O)O1;COC1=CC=C(C(=O)O[C@H]2[C@H]3C[C@H](O)[C@H](C3)C2(C)C)C=C1;CC(=O)OCC1=COC(=O)C2=C(C)CC[C@H]3[C@H]([C@@H]12)C3(C)C;CC(=O)OCC1=COC(=O)C2=C(C)CC[C@H]3[C@@H]([C@@H]12)C3(C)C;CC(=O)OC1=CC2=C(C=C1C)[C@H](C(C)C)CC[C@H]2C(=O)O;CC(=O)OC1=CC2=C(C=C1C)[C@@H](C(C)C)CC[C@@H]2C(=O)O;C=C(COC(C)=O)[C@H]1CC2=CC(C(C)=O)=C(OC)C=C2O1;C=C(COC(C)=O)[C@@H]1CC2=CC(C(C)=O)=C(OC)C=C2O1;COCC(=O)N1CCC2(CC1)NC(=O)C1=CC=CC=C1O2;CCOC(=O)C1=C(C(C)(C)C)OC2=CC=C(OCC)C=C12;COC1=CC(=O)C2=C(C)C(C)=C(C[C@@H](C)O)C(O)=C2C1=O;CC(=CC(=O)C1=CC(O)=CC=C1O)CCC=C(C)C(=O)O;CC(=O)OCC1=C2C=C3C(C)CCCC3(C)CC2OC1=O;CCC=CCCC=CCC(=O)C1=C(O)C=C(OC)C=C1O
m_f82743,Cn1cc(CC(=O)N2CCCC2(C)Cc2cccc(F)c2)cn1;Fc1ccc(CC2CCN(Cc3nnc(C4CC4)o3)CC2)cc1;Fc1ccc(Cn2cc(CN3CCOCC34CCC4)cn2)cc1;Cc1nnc(C2CN(C)CC23CN(C(=O)c2cocc2C)C3)[nH]1;CCc1nnc(C2CCCN(C(=O)c3cnnc(C)c3)C2C)o1;CCCC1=NN=C([C@H]2CCN(CC3=CC=C(C(=O)O)C=C3)C2)O1;CNC(=O)C1(N2CCC[C@H]2C(=O)NCC2=CC=CC=C2)CCC1;CNC(=O)[C@@H](C1CC1)N1CCC[C@H]1C(=O)NCC1=CC=CC=C1;COC1=NOC(CCC(=O)N2CCCC[C@@H]2C2=CC=CN=C2)=C1;O=C1N[C@@H](CC(=O)N2CCCCCC2)C(=O)NC2=CC=CC=C12;C[C@H](O)C1=C(C(=O)N2CCCCCC2)C(C2=CC=CN=C2)=NO1;CC[C@H]1CN(C(=O)C2=CC=CN=C2)CC[C@H]1CC(=O)NC1CC1;CC1=CC=CC=C1NC(=O)N1CC2(CC(=O)N(CC3CC3)O2)C1;CN1CC2(C1)CN(C(=O)CC1=CC=CC=C1)C[C@H]1C[C@@H](O)CN12;CN1CC2(C1)CN(C(=O)CC1=CC=CC=C1)C[C@@H]1C[C@@H](O)CN12;CC(=O)N1CC2(CN(CC3=CC=CC=C3)C[C@H]3C[C@@H](O)CN32)C1;CC(=O)N1CC2(CN(CC3=CC=CC=C3)C[C@@H]3C[C@@H](O)CN32)C1;CC(=O)N1C[C@@H]2CN(C(=O)C3=CC=CC=C3)CCN2C(C)(C)C1;O=C(/C=C\C1=CC=C(O)C=C1)OC[C@H]1CCCN2CCCC[C@H]12;O=C(/C=C/C1=CC=C(O)C=C1)OC[C@H]1CCCN2CCCC[C@H]12;O=C(/C=C/C1=CC=C(O)C=C1)OC[C@@H]1CCCN2CCCC[C@H]12;CCOC(=O)[C@@H]1C[C@@]2(C)C(=O)CCC[C@H]2N1CC1=CC=CC=C1;CC1CCN(C(=O)C2=C([C@H](C)O)ON=C2C2=CC=CN=C2)CC1;O=C(C=CCCCCC1=CC=C2OCOC2=C1)N1CCCCC1;CC(C)NC(=O)CN1C(=O)[C@@H]2CCCN2C(=O)C2=CC=CC=C21
m_f858ee,CCOc1nc(C(=O)N2CCCc3c2cccc3C(F)(F)F)co1;COc1ccc(-n2cc(C(=O)Nc3ccccc3SC)nn2)cc1;CC(C(=O)Nc1sc(-c2ccccc2)cc1C(N)=O)n1cccn1;Cc1nn(CC(=O)NC2CC2)c(=O)c2nc(-c3ccccc3)sc12;CCOc1nc2cccc(C(=O)O)c2n1Cc1ccc(C(=O)O)cc1;COC(=O)CC(C1=CC=CC(O)=C1)C1=C(O)C2=CC=CC=C2OC1=O;COC(=O)CC(C1=CC=CC(O)=C1)C1=C(O)C(=O)C2=CC=CC=C2O1;COC(=O)CC(C1=CC=C(O)C=C1)C1=C(O)C2=CC=CC=C2OC1=O;COC(=O)CC(C1=CC=C(O)C=C1)C1=C(O)C(=O)C2=CC=CC=C2O1;COC(=O)CC(C1=CC=CC(O)=C1)C1=C(O)N=C2C=CC=CN2C1=O;COC(=O)CC(C1=CC=C(O)C=C1)C1=C(O)N=C2C=CC=CN2C1=O;COC(=O)CC(C1=C(O)C(=O)C2=CC=CC=C2C1=O)C1=CN(C)N=C1;COC(=O)[C@H](C)OC1=CC(O)=C2C(=O)C=C(C3=CC=CC=C3)OC2=C1;COC(=O)[C@@H](C)OC1=CC(O)=C2C(=O)C=C(C3=CC=CC=C3)OC2=C1;COC(=O)C1=C(OC)C=C2C(=O)C3=CC=CC(OC)=C3C(=O)C2=C1C;CCOC1=CC=CC2=C1OC(=O)C(C(=O)OC1=CC=C(OC)C=C1)=C2;CCOC(=O)C1=C(C2=CC=CC=C2)OC2=CC=C(OCC(=O)O)C=C12;O=C(C=CC1=CC=C(O)C(O)=C1)CC(=O)C=CC1=CC=C(O)C(O)=C1;COC(=O)COC1=CC=C2C(=O)C(C3=CC=CC=C3OC)=COC2=C1;CCOC(=O)COC1=CC(O)=C2C(=O)C=C(C3=CC=CC=C3)OC2=C1;CC(=O)COC1=CC(OCC(C)=O)=C2C(=O)C3=CC=CC=C3OC2=C1;CCOC(=O)COC1=CC=C2C(=O)C(OC3=CC=CC=C3)=COC2=C1;CCOC(=O)COC1=CC(O)=CC2=C1C(=O)C=C(C1=CC=CC=C1)O2;CC1=CC(=O)C(O)=C(C(C2=CC=CC=C2)C2=C(O)C(=O)C=C(C)O2)O1;CCCCC1=C(C(=O)O)C(O)=CC2=C1C(=O)C1=C(O)C=CC=C1C2=O
m_f866a0,Cn1nc2c(c1NC(=O)C1CCN(S(=O)(=O)c3cccs3)CC1)CCC2;Cc1c(C(=O)NCc2cccc(C(=O)O)c2)nnn1-c1ccc2c(c1)OCCO2;CC(C)(C)C(NS(=O)(=O)Cc1ccc(F)cc1)c1nc(-c2nnc[nH]2)no1;COc1cc(C(=O)N2CC3CC4CC3C2C4OC)cc(Cl)c1OCC(N)=O;O=C(O)C1CCN(S(=O)(=O)N(CCC(F)(F)F)Cc2ccccc2)CC1;CC(=O)OCC(=CC=CCOC(=O)C1=CC=CC=C1)COC(=O)C1=CC=CC=C1;COC(=O)CC(C1=C(O)C(=O)C2=CC=CC=C2C1=O)C1=CC=C(OC(C)C)C=C1;COC(=O)C1=C(C(=O)OC)[C@@H]2O[C@H]1C(C1=CC=C(O)C=C1)=C2C1=CC=C(O)C=C1;COC(=O)CC(C1=C(O)C(=O)C2=CC=CC=C2C1=O)C1=CC=C2OCCOC2=C1;C=C1C(=O)O[C@@H]2[C@H]3C(C)=CC(=O)C3=C(C)C[C@@H](OC(=O)CC3=CC=C(O)C=C3)[C@@H]12;CCOC(=O)[C@H]1OC2=C(C(=O)OC3=CC=CC=C23)[C@H]1C1=CC=C(C(=O)OC)C=C1;CCOC(=O)[C@H]1OC2=C(C(=O)OC3=CC=CC=C23)[C@@H]1C1=CC=C(C(=O)OC)C=C1;CCOC(=O)[C@@H]1OC2=C(C(=O)OC3=CC=CC=C23)[C@H]1C1=CC=C(C(=O)OC)C=C1;CCOC(=O)[C@@H]1OC2=C(C(=O)OC3=CC=CC=C23)[C@@H]1C1=CC=C(C(=O)OC)C=C1;CO[C@H]1OC(=O)C(C2=CC=C(O)C=C2)=C1C(=O)C1=CC=C(O)C(CC=C(C)C)=C1;CO[C@@H]1OC(=O)C(C2=CC=C(O)C=C2)=C1C(=O)C1=CC=C(O)C(CC=C(C)C)=C1;C[C@]12C[C@H](CC3=C1[C@H](OC(=O)C1=CC=CC=C1)[C@@H](C1=COC=C1)OC3=O)OC2=O;C[C@@]12C[C@@H](CC3=C1[C@@H](OC(=O)C1=CC=CC=C1)[C@H](C1=COC=C1)OC3=O)OC2=O;COC1=CC(O)=C(CC2=CC=CC=C2O)C(O)=C1C(=O)CCC1=CC=C(O)C=C1;CCOC1=C(C2=COC3=CC=C(C(=O)OC)C=C23)OC2=CC=C(C(=O)OC)C=C12;COC1=CC=CC=C1C=CC=C1OC2=CC(OCC(=O)OC(C)C)=CC=C2C1=O;COC1=CC=CC2=C1C(=O)C1=CC=C3C(=C1C2=O)C(=O)[C@@H](O)[C@@H](C)[C@H]3OC(C)=O;COC1=CC=CC2=C1C(=O)C1=CC=C3C(=C1C2=O)C(=O)[C@@H](O)[C@@H](C)[C@@H]3OC(C)=O;O=C(O[C@@H]1CC2=C(O)C=C(O)C=C2O[C@@H]1C1=CC=C(O)C(O)=C1)C1=CC=CC=C1;C[C@@H](COC(=O)/C=C/C1=CC=C(O)C=C1)[C@@H]1CC2=CC(/C=C/C(=O)O)=CC=C2O1
m_f8bf38,COc1nc(C)ccc1C(=O)NC1CC(C(=O)O)C1;CSCC(=O)Nc1cccc(NC2CCCC2)c1;Cn1ccc(C(=O)N2CCCCC2C(=O)O)cc1=O;Cn1c(NCc2ccc(F)c(F)c2)nnc1C1CC1;O=C(NCCSc1ccccc1)C1CCCNC1;CC(=O)CC(C1=CC=C(O)C(O)=C1)[C@H]1CCC(=O)O1;COC1=CC=C(C(=O)CCC(=O)CCC(=O)O)C=C1;CC(=O)CC[C@H]1OC(=O)C[C@H]1C1=CC=C(O)C(O)=C1;COC(=O)CCC(C)=CC(=O)C1=CC(O)=CC=C1O;COC(=O)CC[C@@]1(C)CC(=O)C2=CC=C(O)C=C2O1;COC(=O)CCC1=CC2=C(OC=C2)C(OC)=C1OC;CCOC(=O)[C@H]1CCC(=O)[C@@H]1CC(=O)C1=CC=CO1;CC1=C2C=CC=CC2=C(CCC(=O)O)C2=CC=CC=C12;C[C@H]1CCCC(=O)C2=C(O)C=C(O)C=C2CC(=O)O1;C[C@@H]1CCCC(=O)C2=C(O)C=C(O)C=C2CC(=O)O1;CC(=O)CCC[C@H]1CC2=C(O)C=CC(O)=C2C(=O)O1;COC(=O)C(C)=CCOC1=CC=C(C(=O)OC)C=C1;CCOC(=O)C(=CC1=CC=C(O)C=C1)C(=O)OCC;CC(C)(C=O)[C@H](C1=CC=CC=C1)C(C(=O)O)C(=O)O;CC(C)(C=O)[C@@H](C1=CC=CC=C1)C(C(=O)O)C(=O)O;CC(C)(O)C1CC2=CC(C=CC(=O)O)=C(O)C=C2O1;COC1=CC(O)=C2C(=O)C[C@H](CC(C)=O)[C@@H](O)C2=C1;COC1=CC(O)=C2C(=O)C[C@@H](CC(C)=O)[C@H](O)C2=C1;COC1=CC(O)=C2C(=O)C[C@@H](CC(C)=O)[C@@H](O)C2=C1;COC(=O)[C@H](C)[C@@H]1CC2=CC(O)=C(C(C)=O)C=C2O1
m_f8d39e,O=C(NCc1ccc(C2CC2)cc1)N1CCC(c2ccn[nH]2)CC1;O=C(NCc1ccc(C2CC2)cc1)N1CCC(c2c[nH]cn2)CC1;CCCN(Cc1ncccc1C(=O)O)C1CCc2ccccc2C1;CN(C(=O)Cn1nnc2c1CCCC2)C1CCCc2ccccc21;Cc1nnccc1NC(=O)N1CCC(CCc2ccccc2)CC1;O=C(CC1=CC=CC=C1)NCCCCNC(=O)CC1=CC=CC=C1;CC(=O)NC1=CC=CC=C1CCCCC1=CC=CC=C1NC(C)=O;CC(=O)C1=CC=C(OCCN2CCCC[C@H]2C2=CC=CN=C2)C=C1;CC(=O)C1=CC=C(OCCN2CCCC[C@@H]2C2=CC=CN=C2)C=C1;COC1=CC=C([C@H](CNC(=O)C2=CC=CC=C2)N2CCCC2)C=C1;COC1=CC=C([C@@H](CNC(=O)C2=CC=CC=C2)N2CCCC2)C=C1;CC(=O)C1=CC=CC(OCCN2CCCC[C@H]2C2=CC=CN=C2)=C1;CC(=O)C1=CC=CC(OCCN2CCCC[C@@H]2C2=CC=CN=C2)=C1;CN(CCCCN(C)C(=O)C1=CC=CC=C1)C(=O)C1=CC=CC=C1;CC1(C)[C@H](CC2=NOC(C3=CC=CC=C3)=C2)C[C@@H]1NC(=O)C1CC1;C/C=C1\CN2CC[C@@H]3C4=CC=CC=C4N4[C@@H]3[C@@H]2C[C@@H]1[C@H]4C(=O)OC;C/C=C1/CN2CC[C@@H]3C4=CC=CC=C4N4[C@@H]3[C@@H]2C[C@@H]1[C@H]4C(=O)OC;CC[C@H]1CN2CC[C@@]34C[C@@H]2[C@@H]1C(C(=O)OC)=C3NC1=CC=CC=C14;CC=C1CN2CCC3=C(NC4=CC=CC=C34)C(C(=O)OC)C1CC2;CC(C)=CC/C=C1/CC[C@H]2C(=O)N(C3=CC=CC=C3)NC(=O)[C@H]2C1;CC(C)=CC/C=C1/CC[C@H]2C(=O)N(C3=CC=CC=C3)NC(=O)[C@@H]2C1;CC(C)=CC/C=C1/CC[C@@H]2C(=O)N(C3=CC=CC=C3)NC(=O)[C@H]2C1;CC(C)=CC/C=C1/CC[C@@H]2C(=O)N(C3=CC=CC=C3)NC(=O)[C@@H]2C1;CC[C@@H]1CN2CCC3=C4[C@H]2C[C@H]1[C@@H](C(=O)OC)N4C1=CC=CC=C31;C[C@H](CCCC(=O)NC1=CC=CC=C1)CC(=O)NC1=CC=CC=C1
m_f8ef30,O=C(CCc1nccs1)N1CCN(CCO)CC1;CCc1ncc(C(=O)NCCN2CCOCC2)s1;Cc1ncc(C(=O)NCCN2CCOCC2C)s1;CCOCC1CCN(C(=O)NCc2nccs2)C1;N#CCc1ccc(NCc2cnc(C3CC3)s2)cc1;CC1=CC=C(OCCNC(=O)C2=CC=C(C)C=C2)C=C1;CN1[C@H]2CC[C@@H]1C(C(=O)/C=C/C1=CC=CC=C1)=C(O)C2;CN1[C@@H]2CC[C@H]1C(C(=O)/C=C/C1=CC=CC=C1)=C(O)C2;CN1[C@H]2CC[C@@H]1C1=C(C2)O[C@H](C2=CC=CC=C2)CC1=O;CN1[C@@H]2CC[C@H]1C1=C(C2)O[C@H](C2=CC=CC=C2)CC1=O;CN1C2CC[C@@H]1CC1=C2C(=O)C[C@@H](C2=CC=CC=C2)O1;CN1C2CCC1C1=C(C2)O[C@H](C2=CC=CC=C2)CC1=O;CCOC1=CC=C(C(=O)NCCC2=CC=CC=C2)C=C1;CC1=CC=C(OCC(=O)NCCC2=CC=CC=C2)C=C1;C=C(C(=O)OC1CC2C=CC(C1)N2C)C1=CC=CC=C1;O=C(CCC1=CC=CC=C1)NCCOC1=CC=CC=C1;COC1=CC=C(CNC(=O)CC2=CC=C(C)C=C2)C=C1;O=C(NC1CCCCC1)C1=CC2=CC=CC=C2OC=C1;CN1[C@@H]2CC[C@H]1C1=C(C2)C(=O)C[C@H](C2=CC=CC=C2)O1;CC1=CC=CC(OCC(=O)NC2=C(C)C=CC=C2C)=C1;O=C(NCCC1=CC=CC=C1)C1=CC=C2OCOC2=C1;C[C@H]1CC2=C(CC[C@H]3C4=CC=CC=C4CCN23)C(=O)O1;C[C@H]1CC2=C(CC[C@@H]3C4=CC=CC=C4CCN23)C(=O)O1;C[C@@H]1CC2=C(CC[C@H]3C4=CC=CC=C4CCN23)C(=O)O1;C[C@@H]1CC2=C(CC[C@@H]3C4=CC=CC=C4CCN23)C(=O)O1
m_fb2bcc,Cc1csc(C2CCN(C(=O)c3cccnc3NC(C)C)CC2)n1;Cc1oc2ccccc2c1CNC(=O)N1CCOC2(CCCOC2)C1;COC(=O)C1CCN(C(=O)NCc2oc3ccccc3c2C)CC1C;CCc1noc(C)c1C(=O)NCc1cccc(OCC2CCCO2)c1;O=C1CC2CCC(CN1)N2C(=O)c1cccc(OCC2CCCO2)c1;CC1=C(C(=O)OC(C)C)C2=CC(OC(=O)C3CCCCC3)=CC=C2O1;CCC(=O)OC1=C2CCC[C@H](C)C2=C(COC(C)=O)C2=C1OC=C2C;COC1=CC(C[C@@H]2CO[C@@H](C3=CC=C(O)C(OC)=C3)[C@@H]2C)=CC=C1O;C/C=C(\C)C(=O)O[C@@]1(C)C(=O)O[C@H]2C3=C(C)C=CC(=O)[C@@]3(C)CC[C@@H]21;C/C=C(/C)C(=O)O[C@]1(C)C(=O)O[C@H]2C3=C(C)C=CC(=O)[C@@]3(C)CC[C@@H]21;C/C(=C\COC1=CC(=O)OC2=CC=CC(C)=C12)[C@H]1C[C@@H](O)C(C)(C)O1;CCOC(=O)[C@]12C(=O)OC(C)(C)[C@H]1[C@]2(CC)C(=O)C1=CC=C(C)C=C1;CCOC(=O)[C@]12C(=O)OC(C)(C)[C@H]1[C@@]2(CC)C(=O)C1=CC=C(C)C=C1;C/C=C(\C)C(=O)OC[C@@]1(C2=CC=C(C)C=C2OC(=O)/C(C)=C/C)CO1;CC(C)=CC(=O)O[C@]1(C)C(=O)O[C@H]2C3=C(C)C(=O)C=C[C@@]3(C)CC[C@H]21;C/C=C(\C)C(=O)O[C@]1(C)C(=O)O[C@H]2C3=C(C)C(=O)C=C[C@@]3(C)CC[C@H]21;C/C=C(/C)C(=O)O[C@]1(C)C(=O)O[C@H]2C3=C(C)C(=O)C=C[C@@]3(C)CC[C@H]21;C/C=C(/C)C(=O)O[C@@]1(C)C(=O)O[C@@H]2C3=C(C)C(=O)C=C[C@]3(C)CC[C@H]21;C[C@@H]1O[C@@H](O)[C@@H](OCC2=CC=CC=C2)[C@H](OCC2=CC=CC=C2)[C@@H]1O;C[C@@H]1O[C@@H](O)[C@@H](O)[C@H](OCC2=CC=CC=C2)[C@@H]1OCC1=CC=CC=C1;COC1=CC(C[C@H]2COC[C@H]2CC2=CC=C(O)C(OC)=C2)=CC=C1O;COC1=CC(C[C@H]2COC[C@@H]2CC2=CC=C(O)C(OC)=C2)=CC=C1O;COC1=CC(C[C@@H]2COC[C@H]2CC2=CC=C(O)C(OC)=C2)=CC=C1O;COC(=O)C1=C2[C@](C)(C(=O)OC)CCC[C@@]2(C)C2=CC=CC(OC)=C12;CCCCCC(=O)O[C@@H]1CC2=C(C=CC3=C2OC(=O)C=C3)OC1(C)C
m_fb6996,CCOC(=O)c1ccc2c(c1)N(CC(=O)NC1CCN(C(C)=O)CC1)CCO2;CCOC(=O)C1=C(NC(=O)Cc2ccccc2)c2ccccc2CC12CCCC2;CCOC(=O)C1C(=NC(=O)Cc2ccccc2)c2ccccc2CC12CCCC2;CN(CC(=O)O)CC1CN(C(=O)C2CC(=O)N(Cc3ccccc3)C2)CCO1;CC(Oc1ccc(NC(=O)c2cn(C)nc2C2CCCCC2)cc1F)C(=O)O;COC1=C(OC)C(=O)[C@@]2(O)[C@H]3CC4=CC(OC)=C(OC)C=C4[C@@]2(CCN3C)C1;COC1=C(OC)C(=O)[C@@]2(O)[C@@H]3CC4=CC(OC)=C(OC)C=C4[C@]2(CCN3C)C1;CCOC(=O)CC(C1=CC=C(OC(C)C)C(OC)=C1)C1=C(O)C=C(C)NC1=O;COC1=CC=C(CNC(=O)CCC2=CC(OC)=C(OC)C(OC)=C2)C=C1OC;CC(C)C[C@@H]1NC(=O)[C@H](CC2=CC=CC=C2)NC(=O)[C@H](CCC(=O)O)NC1=O;CC[C@H](NC(=O)OC(C)(C)C)C(=O)OC1=CC=C2C(C)=C(C)C(=O)OC2=C1C;CC[C@H](C)[C@H](NC(=O)[C@H](C)OC1=CC=C2C(C)=C(C)C(=O)OC2=C1C)C(=O)O;CC[C@H](C)[C@H](NC(=O)[C@@H](C)OC1=CC=C2C(C)=C(C)C(=O)OC2=C1C)C(=O)O;CC[C@H](C)[C@H](NC(=O)C(C)OC1=CC=C2C(C)=C(C)C(=O)OC2=C1C)C(=O)O;CC[C@@H](NC(=O)OC(C)(C)C)C(=O)OC1=CC=C2C(C)=C(C)C(=O)OC2=C1C;CC/C=C\C[C@H]1C(=O)CC[C@@H]1CC(=O)N[C@@H](CC1=CC=C(O)C(O)=C1)C(=O)O;COC(=O)CC(C1=C(O)C=C(C)N(CCC2=CC=C(O)C(O)=C2)C1=O)C(C)C;CCOC(=O)CCC1=C(C)C2=CC=C(OCC(=O)N(CC)CC)C=C2OC1=O;CCCC[C@H](NC(=O)[C@H](C)OC1=CC=C2C(C)=C(C)C(=O)OC2=C1C)C(=O)O;CCCC[C@H](NC(=O)[C@@H](C)OC1=CC=C2C(C)=C(C)C(=O)OC2=C1C)C(=O)O;CCCC[C@@H](NC(=O)[C@H](C)OC1=CC=C2C(C)=C(C)C(=O)OC2=C1C)C(=O)O;CCCC[C@@H](NC(=O)[C@@H](C)OC1=CC=C2C(C)=C(C)C(=O)OC2=C1C)C(=O)O;CCCCCCC1=C(C)C2=CC=C(OCC(=O)NCC(=O)O)C(C)=C2OC1=O;CCC1=CC2=C(C=C1O[C@H](C)C(=O)N[C@@H](C(=O)OC)C(C)C)OC(=O)C=C2C;CCC1=CC2=C(C=C1O[C@@H](C)C(=O)N[C@@H](C(=O)OC)C(C)C)OC(=O)C=C2C
m_fbf20a,CC1(C(N)=O)CCCCN1CC(=O)NC1CCOCC1;CC(=O)NCC1CN(C(=O)C2(N)CCCCC2)CCO1;CC(C(=O)O)N1CCN(CC(=O)N2CCCCC2)CC1;CCC(C(=O)O)N1CCN(CC(=O)N2CCCC2)CC1;O=C(CC1CCCCCC1)N1CCC(O)(C(=O)O)CC1;O=C(C[C@H](CC1=CC=CC=C1)C1=CC=CO1)N1CCCC1;O=C(C[C@@H](CC1=CC=CC=C1)C1=CC=CO1)N1CCCC1;CCCC=CC#CC=CC=CC=CC(=O)N1CCCCC1;CCCC#CC#CCCC=CC=CC(=O)N1CCCCC1;COCC(=O)N1CCN2[C@H](CN(C(C)=O)CC2(C)C)C1;O=C1C=C[C@]2(O)CCN(C(=O)C=CC3=CC=CC=C3)[C@H]2C1;O=C1C=C[C@]2(O)CCN(C(=O)/C=C/C3=CC=CC=C3)[C@@H]2C1;C/C(NC(=O)CC1=CC=CC=C1)=C1/C(=O)C[C@@H]2[C@H]1C2(C)C;CCNC(=O)[C@@H]1CCCN1C1(C(=O)NC)CCOCC1;CC(=O)C1=C(NC(=O)CC2=CC=CC=C2)C[C@H]2[C@@H]1C2(C)C;CC(=O)C1=C(NC(=O)CC2=CC=CC=C2)C[C@@H]2[C@H]1C2(C)C;CC1(C)[C@H]2CC[C@]1(C)C(=O)C2=CNC(=O)C1=CC=CC=C1;CC1(C)[C@H]2CC[C@]1(C)C(=O)/C2=C\NC(=O)C1=CC=CC=C1;CC1(C)[C@@H]2CC[C@@]1(C)C(=O)C2=CNC(=O)C1=CC=CC=C1;CC1(C)[C@@H]2CC[C@@]1(C)C(=O)/C2=C\NC(=O)C1=CC=CC=C1;O=C(O)[C@H]1CCCCN1CC1=C(O)C(=O)C=C(CO)O1;O=C(O)[C@@H]1CCCCN1CC1=C(O)C(=O)C=C(CO)O1;COC1=CC=C2C=CC3=CC(=O)C4N(C)CCC34C2=C1O;CC(C)[C@](O)(C(=O)OCC1=CCN2CCC[C@@H]12)[C@H](C)O;CC(C)[C@](O)(C(=O)OCC1=CCN2CCC[C@@H]12)[C@@H](C)O
m_fd4556,CN(C)c1ccncc1C(=O)NC1CCN(C2CCOCC2)C1=O;CNC(=O)C12CCOCC1CN(C(=O)c1cc3n(n1)CCCC3)C2;COc1cccc(C(=O)NC2CCC(=O)NC2C2CCCO2)c1C;CN1CC(C(=O)NCCOc2cccc3c2OC(C)(C)C3)CC1=O;CCc1oc(C(=O)NCC2CC(c3nncn3C)CC2O)cc1C;C[C@@H]1CC[C@]2(C)[C@H](CCC(=O)[C@]2(C)O)[C@@]1(C)CC(=O)C1=COC=C1;CC1=C2CC[C@@]3(C)O[C@@H]3CC/C(C)=C/CC[C@](C)(O)/C=C/2OC1=O;CC1=C2CC/C(C)=C/CC[C@]3(C)O[C@H]3CC[C@](C)(O)/C=C/2OC1=O;CC1=C2CC/C(C)=C/CC[C@]3(C)O[C@H]3CC[C@@](C)(O)/C=C/2OC1=O;CC1=C2CC/C(C)=C/CC[C@@]3(C)O[C@H]3CC[C@](C)(O)/C=C/2OC1=O;CC(C)=CC(=O)C/C(C)=C/CC/C(C)=C/CCC1=CC(=O)O[C@H]1O;CC1=C2CC[C@@]3(C)C/C=C(\C)CC(=O)C[C@@H](C)C[C@@H](OC1=O)[C@]23O;CC1=C2CC[C@@]3(C)C/C=C(/C)CC(=O)C[C@@H](C)C[C@@H](OC1=O)[C@]23O;C=C[C@]1(C)CC=C2[C@H](CC[C@@H]3[C@@]2(C)C(=O)OCC[C@@]3(C)C(=O)O)C1;C[C@]12CCC[C@](C)(C(=O)O)[C@@H]1CC[C@@]1(C)C3=C(CC[C@H]21)COC3=O;C[C@]12CCC[C@](C)(C(=O)O)[C@@H]1CC[C@@]1(C)C3=C(CC[C@H]21)C(=O)OC3;C[C@]12CCC[C@](C)(C(=O)O)[C@@H]1CC[C@@]1(C)C3=C(CC[C@@H]21)COC3=O;C[C@]12CCC[C@](C)(C(=O)O)[C@@H]1CC[C@@]1(C)C3=C(CC[C@@H]21)C(=O)OC3;C[C@]12CCC[C@](C)(C(=O)O)C1CC[C@@]1(C)C3=C(CCC21)COC3=O;C[C@]12CCC[C@](C)(C(=O)O)C1CC[C@@]1(C)C3=C(CCC21)C(=O)OC3;C=C1CC[C@@H]2[C@](C)(CCC[C@]2(C)C(=O)O)[C@H]1C[C@H]1OC(=O)C=C1C;C[C@]12CCC[C@](C)(C(=O)O)[C@@H]1CC[C@@]1(C)C3=COC=C3[C@H](O)C[C@H]21;C[C@]12CCC[C@](C)(C(=O)O)[C@@H]1CC[C@@]1(C)C3=COC=C3[C@@H](O)C[C@H]21;C[C@@]12CCC[C@@](C)(C(=O)O)C1CC[C@@]13C[C@H](CCC12)C1(CO1)C3=O;CC1(C)O[C@@H]2[C@H]3CC[C@H]4[C@](C)(C(=O)O)CCC[C@]4(C)C3=CC(=O)[C@@H]21
m_fd693e,CCN(C)C(=O)NCCOc1ccc(C(F)(F)F)cn1;O=C(O)C1CCCCN1C(=O)CC=Cc1ccc(F)cc1;O=C(O)C1CCN(C(=O)Cc2ccc3c(c2)OCO3)CC1;O=C(Cc1ccc2c(c1)OCO2)NC1CCC(C(=O)O)C1;O=C(CCOCC(F)(F)F)NC1CCc2nccn2C1;O=C(O)C[C@H]1CC[C@H](NC(=O)OCC2=CC=CC=C2)CC1;CN1[C@@H]2C[C@@H](OC(=O)CC3=CC=CC=C3)C[C@H]1[C@H](O)[C@@H]2O;CN1C2C[C@@H](OC(=O)CC3=CC=CC=C3)CC1[C@H](O)[C@@H]2O;COC(=O)[C@H]1CCCN1C(=O)C1=CC=C(OC(C)C)C=C1;COC(=O)[C@@H]1CCCN1C(=O)C1=CC=C(OC(C)C)C=C1;CC1=CC=C(NC(=O)[C@H](CC(=O)O)[C@H]2CCCO2)C(C)=C1;CC1=CC=C(NC(=O)[C@H](CC(=O)O)[C@@H]2CCCO2)C(C)=C1;CC1=CC=C(NC(=O)[C@@H](CC(=O)O)[C@H]2CCCO2)C(C)=C1;CC1=CC=C(NC(=O)[C@@H](CC(=O)O)[C@@H]2CCCO2)C(C)=C1;CC1(C)C[C@H](C(=O)N[C@H](C(=O)O)C2=CC=CC=C2)CCO1;CC1(C)C[C@@H](C(=O)N[C@H](C(=O)O)C2=CC=CC=C2)CCO1;CC1(C)CC(C(=O)N[C@H](C(=O)O)C2=CC=CC=C2)CCO1;COC1=CC(/C=C/C(=O)N2CCC[C@H]2C(=O)O)=CC=C1O;O=C(O)CNC(=O)N1C[C@H]2C[C@@H](C1)C1=CC=CC(=O)N1C2;COC(=O)C[C@H]1C(=O)NCCN1C(=O)NC1=CC=CC=C1;COC(=O)C[C@@H]1C(=O)NCCN1C(=O)NC1=CC=CC=C1;COC(=O)CC1C(O)=NCCN1C(=O)NC1=CC=CC=C1;COC(=O)CCNC(=O)C1(C2=CC=CC=C2)CCOCC1;O=C(C1=CC=NO1)N1C[C@@H]2OCC(=O)N(CC3CC3)[C@@H]2C1;CC(=O)C1=CN(C2=CC=CC=C2)C(=O)C[C@H]1C1=CC=CC=C1
m_fe6eaa,O=C(Nc1nnc(Cc2ccccc2)s1)N1CCCC1C(F)F;O=C(NCc1nc(-c2ccncc2)cs1)N1CCCC1C(F)F;Cc1cc(O)cc(=O)n1CC(=O)NCc1cccc(OC(F)F)c1;COc1ccc2cc(C(=O)NC(CC(F)F)C(=O)O)c(C)nc2c1;CNC(=O)C1CCC(C(=O)O)N(C(=O)c2cc(C)cc(Cl)c2)C1;COC(=O)CC(C1=C(O)C=C(C)OC1=O)C1=CC=CC2=CC=CC=C12;COC(=O)C1=CC2=C3O[C@H](C4=CC=CC=C4)CCC3=C(OC)C=C2O1;CCC1=CC(=O)OC2=C(C)C(O[C@H](C(=O)O)C3=CC=CC=C3)=CC=C12;CCC1=CC(=O)OC2=C(C)C(O[C@@H](C(=O)O)C3=CC=CC=C3)=CC=C12;CC(C)C1=CC=C(C2=C(CC(=O)O)C3=CC4=C(C=C3O2)OCO4)C=C1;COC(=O)[C@H](CC1=CC=CC=C1)C1=CC(=O)OC2=CC(OC)=CC=C12;COC(=O)[C@H](C)OC1=CC=C2OC(=O)C(C3=CC=CC=C3)=C(C)C2=C1;COC(=O)[C@H](C)OC1=CC=C2C(C)=C(C3=CC=CC=C3)C(=O)OC2=C1;COC(=O)[C@H](C)OC1=CC=C2C(=O)C(C3=CC=CC=C3)=C(C)OC2=C1;COC(=O)[C@@H](CC1=CC=CC=C1)C1=CC(=O)OC2=CC(OC)=CC=C12;COC(=O)[C@@H](C)OC1=CC=C2OC(=O)C(C3=CC=CC=C3)=C(C)C2=C1;COC(=O)[C@@H](C)OC1=CC=C2C(C)=C(C3=CC=CC=C3)C(=O)OC2=C1;COC(=O)[C@@H](C)OC1=CC=C2C(=O)C(C3=CC=CC=C3)=C(C)OC2=C1;CCOC(=O)[C@H](C)OC1=CC=C2C=C(C3=CC=CC=C3)C(=O)OC2=C1;CCOC(=O)[C@@H](C)OC1=CC=C2C=C(C3=CC=CC=C3)C(=O)OC2=C1;CCOC(=O)C(C)OC1=CC=C2C(C3=CC=CC=C3)=CC(=O)OC2=C1;COC(=O)[C@H](C)OC1=CC(C)=CC2=C1C(C1=CC=CC=C1)=CC(=O)O2;COC(=O)[C@@H](C)OC1=CC(C)=CC2=C1C(C1=CC=CC=C1)=CC(=O)O2;CCOC(=O)[C@H](C)OC1=CC=C2C(=O)C(C3=CC=CC=C3)=COC2=C1;CCOC(=O)[C@@H](C)OC1=CC=C2C(=O)C(C3=CC=CC=C3)=COC2=C1
m_fe9649,CN(C)C(CNc1cc(N2CCOCC2)ncn1)c1ccc(F)cc1;CN(C)C(=O)Cn1cccc(C(=O)N2CCCC(C3CCC3)C2)c1=O;CN(C)C(CNC(=O)NC1CC1c1cccc(F)c1)c1cnn(C)c1;COc1ccc(C(=O)N(C)C)cc1NC(=O)N1CCCC1C1CCC1;COc1cc(CNc2nnc(CC3CCCC3)o2)ccc1OC(C)C;CNC(=O)[C@@H](CC1=CC=CC=C1)N1CCC[C@H]1C(=O)N1CCOCC1;CC(C)C[C@@H](NC(=O)[C@H]1CCCN1C(=O)CC1=CC=CC=C1)C(N)=O;COC(=O)C1=CC=C(NC(=O)NC[C@@H]2CCCN3CCCC[C@H]23)C=C1;CNC(=O)[C@@H](C1=CC=CC=C1OC)N1CCC[C@H]1C(=O)NCC1CC1;CNC(=O)[C@@H](C1=CC=CC=C1)N1CCC[C@H]1C(=O)NC1CCOCC1;CNC(=O)C1(N2CCC[C@H]2C(=O)NCC2=CC=CC=C2)CCOCC1;COC1=CC(/C=C\C(=O)OC[C@@H]2CCCN3CCCC[C@H]23)=CC=C1O;COC1=CC(/C=C/C(=O)OC[C@H]2CCCN3CCCC[C@H]23)=CC=C1O;COC1=CC(/C=C/C(=O)OC[C@@H]2CCCN3CCCC[C@H]23)=CC=C1O;COC1=CC=C2N=C(C[C@H]3CN(C(C)C)CC[C@H]3CC(=O)O)NC2=C1;CCC(=O)OC[C@@H](C(=O)O[C@H]1C[C@H]2CC[C@@H](C1)N2C)C1=CC=CC=C1;COC(=O)CC[C@H]1CNC(=O)[C@@H]2[C@@H](CCN2CC2=CC=CC=C2)N1C;COC1=CC=C(/C=C/C(=O)N2CC[C@@]3(O)CCCC[C@H]3C2)C=C1OC;CC[C@H]1CN(C(=O)C2=CC=CN=C2)CC[C@H]1CC(=O)N1CCOCC1;COC1=CC=CC2=C1NC(C[C@H]1CN(C(C)C)CC[C@H]1CC(=O)O)=N2;CC(=O)NC(CC(C)C)C(=O)N1C[C@@H]2C[C@H](C1)C1=CC=CC(=O)N1C2;C=C[C@H]1C[N@]2CC[C@H]1C[C@@H]2CNC(=O)NC1=CC(OC)=CC(OC)=C1;C=C[C@H]1CN2CC[C@H]1C[C@@H]2CNC(=O)NC1=CC(OC)=CC(OC)=C1;C#CCNC(=O)[C@H]1O[C@H](CCN(C)CCC2=CC=CC=N2)CC[C@@H]1O;CCC(C)[C@H](NC(C)=O)C(=O)N1C[C@@H]2C[C@H](C1)C1=CC=CC(=O)N1C2
m_fea652,NC(=O)c1ccccc1OCc1cccc(C(=O)N2CCC(N)C2)c1;O=C(CCCc1c[nH]c2ccccc12)NCC(=O)NCc1ccco1;Cc1occc1-c1cc(NC(=O)CCc2ccccc2)n(CCO)n1;CC1Cc2ccccc2N1Cc1occc1C(=O)N1CCNC(=O)C1;O=C1OC(C(=O)Nc2ccnn2C2CCCCC2)Cc2ccccc21;O=C(N[C@H]1CO[C@H]2[C@@H]1OC[C@H]2OCC1=CC=CC=C1)C1=CC=CC=C1;O=C(C1=CC=CO1)C1=COC2=CC=C(O)C(CN3CCCCCC3)=C12;CC(C)[C@H](NC(=O)OCC1C2=CC=CC=C2C2=CC=CC=C21)C(=O)O;CC(C)[C@@H](NC(=O)OCC1C2=CC=CC=C2C2=CC=CC=C21)C(=O)O;C=CCOC1=CC=C(C(=O)N[C@H](C)[C@H]2COC3=CC=CC=C3O2)C=C1;C=CCOC1=CC=C(C(=O)N[C@H](C)[C@@H]2COC3=CC=CC=C3O2)C=C1;C=CCOC1=CC=C(C(=O)N[C@@H](C)[C@H]2COC3=CC=CC=C3O2)C=C1;C=CCOC1=CC=C(C(=O)N[C@@H](C)[C@@H]2COC3=CC=CC=C3O2)C=C1;COC(=O)C1=CC=C(NC(=O)C2(C3=CC=CC=C3)CCOCC2)C=C1;CCC[C@H](NC(=O)OCC1C2=CC=CC=C2C2=CC=CC=C21)C(=O)O;CCC[C@@H](NC(=O)OCC1C2=CC=CC=C2C2=CC=CC=C21)C(=O)O;COC1=C2OCOC2=CC2=C1[C@H](CC(=O)C1=CC=CC=C1)N(C)CC2;COC1=C2OCOC2=CC2=C1[C@@H](CC(=O)C1=CC=CC=C1)N(C)CC2;CC1CCN(CC2=C(O)C=CC3=C2OC(=CC2=CC=CO2)C3=O)CC1;C=CC[C@H]1N([C@H](C)C2=CC=CC=C2)C(=O)[C@@H]2[C@@H](C(=O)O)[C@H]3C=C[C@]21O3;C=CC[C@H]1N([C@@H](C)C2=CC=CC=C2)C(=O)[C@@H]2[C@@H](C(=O)O)[C@H]3C=C[C@]21O3;C=CC[C@@H]1N([C@H](C)C2=CC=CC=C2)C(=O)[C@@H]2[C@@H](C(=O)O)[C@H]3C=C[C@]21O3;C=CC[C@@H]1N([C@@H](C)C2=CC=CC=C2)C(=O)[C@@H]2[C@@H](C(=O)O)[C@H]3C=C[C@]21O3;C=CCC1N(C(C)C2=CC=CC=C2)C(=O)[C@@H]2C(C(=O)O)[C@H]3C=C[C@@]12O3;COC1=CC2=C(C=C1CNC(=O)C=CC1=CC=CC=C1)OCCCO2
m_feb5c1,O=C(Nc1ccc(-c2ccc(Cl)s2)nc1)N1CCC2CCC(O)C21;CCON=C(OC(=O)c1ccccc1)c1c(OC)ccc(Cl)c1OC;Cc1ccc(C2CCN(C(=O)c3ccc(S(C)(=O)=O)s3)C2)c(C)c1;NC(=O)c1ccc2nc(-c3ccc(Oc4ccc(Cl)cc4)cc3)[nH]c2c1;O=C(O)C12CCCC1CN(c1nnc(Cc3ccc(Cl)cc3)s1)C2;O=C(C1=CC=C(Cl)C=C1)N1CCN2C(=O)N(C3CCOCC3)C[C@H]2C1;CS(=O)(=O)C1=CC=C(CN2C[C@H](O)C[C@H]2C2=NC(C3CC3)=NO2)C=C1;O=C(O)[C@@H]1CC2=CC=CC=C2CN1C(=O)CN1C=NC2=CC=CC=C2C1=O;O=C(C[C@H]1CCNC[C@@H]1CC1=NOC(C(=O)O)=C1)NCC1=CC=CS1;O=C(C[C@@H]1CCNC[C@@H]1CC1=NOC(C(=O)O)=C1)NCC1=CC=CS1;COC(=O)[C@@H]1CC2=C(CN1S(=O)(=O)C1=CC=CC=C1)N(C(C)C)C=N2;CC(=O)N1CCCN(C(=O)C2=C([C@H](C)O)ON=C2C2=CC=CS2)CC1;CN1C(=O)[C@@H](OCC2CC2)[C@H]2CN(C(=O)NC3=CC=C(Cl)C=C3)C[C@H]21;C[C@H](O)C1=C(C(=O)N2CCC[C@H]2C(N)=O)ON=C1C1=CC=C(Cl)C=C1;C[C@H](O)C1=C(C(=O)N2CCC[C@H]2C(N)=O)C(C2=CC=C(Cl)C=C2)=NO1;COC1=CC=CC(N2C=C(C(=O)O)C3=C2[C@H](C2=CC=NC=C2)CC(=O)N3)=C1;COC1=CC=CC(N2C=C(C(=O)O)C3=C2[C@@H](C2=CC=NC=C2)CC(=O)N3)=C1;COC1=CC(O)=C2N=C3[C@@H]4CCCN4C(=O)C4=CC=CC=C4N3C(=O)C2=C1;CCCN1C=NC2=C1CN(S(=O)(=O)C1=CC=CC=C1)[C@H](C(=O)OC)C2;O=C(NC1CCCC2=C1NC1=CC=C(Cl)C=C21)C1=CNC2=CC=CC=C12;O=C(NC1CCCC2=C1NC1=C(Cl)C=CC=C21)C1=CC=CC2=C1C=CN2;COC1=CC=C(N2C=C(C(=O)O)C3=C2[C@H](C2=CC=CN=C2)CC(=O)N3)C=C1;COC1=CC=C(N2C=C(C(=O)O)C3=C2[C@@H](C2=CC=CN=C2)CC(=O)N3)C=C1;CN1C(=O)[C@@H](OCC2CC2)[C@H]2CN(C(=O)NC3=CC=CC=C3Cl)C[C@H]21;O=C(NC1CCCC2=C1NC1=CC=C(Cl)C=C21)C1=CC=CC2=C1C=CN2
m_ff32bb,O=C(Nc1cnn(-c2ncccn2)c1)c1ccc(F)cc1;O=C(O)CC1CCCN(S(=O)(=O)c2ccccc2)C1;O=C(Nc1nonc1-c1ccccc1)c1ccccc1F;O=C(Nc1nonc1-c1ccccc1)c1ccc(F)cc1;O=C(Nc1nonc1-c1ccccc1)c1cccc(F)c1;CC(=O)N[C@H](CC1=CC=C(C2=CC=CC=C2)C=C1)C(=O)O;CC(=O)N[C@@H](CC1=CC=C(C2=CC=CC=C2)C=C1)C(=O)O;CC(=O)O[C@H](CNC(=O)C1=CC=CC=C1)C1=CC=CC=C1;COC1=CC=C(NC(=O)CCC(=O)C2=CC=CC=C2)C=C1;CC(=O)OC1=CC=C(C(=O)NCCC2=CC=CC=C2)C=C1;O=C(O)C=CC(=O)NC1=CC=C(OC2=CC=CC=C2)C=C1;CCOC(=O)C(=CN(O)C1=CC=CC=C1)C1=CC=CC=C1;CC(=O)OC1=CC=CC=C1C(=O)NCCC1=CC=CC=C1;COC1=CC=CC=C1CC(=O)NC1=CC=C(C(C)=O)C=C1;O=C(CC1=CC=CC=C1)NC[C@H]1COC2=CC=CC=C2O1;O=C(CC1=CC=CC=C1)NC[C@@H]1COC2=CC=CC=C2O1;O=C1C=CC(O)(CCNC(=O)C=CC2=CC=CC=C2)C=C1;CN(C(=O)CCC1=CC=CC=C1)C1=CC=CC=C1C(=O)O;O=C(C1CC1)N1CC[C@H](C2=NN=C(C3=CC=CC=C3)O2)C1;O=C(/C=C/C1=CC=CC=C1)NC[C@@H](O)C1=CC=C(O)C=C1;CC1=CC2=C(C(CC(=O)O)=C(C3=CC=CC=C3)O2)C(=O)N1;COC1=CC=C(C=CC(=O)NC2=CC=C(OC)C=C2)C=C1;O=C(C=CC1=CC=C(O)C(O)=C1)NCCC1=CC=CC=C1;CC(=O)NC1=CC=C(N(NC2=CC=CC=C2)C(C)=O)C=C1;O=C(C=CNC1=CC=C(C(=O)O)C(O)=C1)C1=CC=CC=C1
m_ff4ed5,CCc1ccc(C(CO)NC(=O)c2ncccc2Br)cc1;CC(C)OCc1cccc(NC(=O)c2ncccc2Br)c1;Cn1cc(NC(=O)CCCc2ccccc2)cc(Br)c1=O;Cn1cc(NC(=O)C(C)(C)c2ccccc2)cc(Br)c1=O;NCC1CCN(C(=O)c2[nH]nc(-c3ccccc3)c2Br)C1;COC(=O)C1=CC=C(COC2=CC=C3OC=C(C4=CC=CC=C4)C3=C2)O1;CC1=CC2=C(C(C)=CC(=O)O2)C2=C1C(CC(=O)O)=C(C1=CC=CC=C1)O2;CC1=C(C2=CC=CC=C2)C2=CC3=C(C=C2O1)OC(=O)C(CC(=O)O)=C3C;CC1=C(CC(=O)O)C(=O)OC2=C(C)C3=C(C=C12)C(C1=CC=CC=C1)=CO3;O=C(COC(=O)C1=CC=C(OC2=CC=C(O)C=C2)C=C1)C1=CC=CC=C1;CC1=C(CCC(=O)O)C(=O)OC2=CC3=C(C=C12)C(C1=CC=CC=C1)=CO3;CCOC(=O)C1=C(C2=CC=CC=C2)C2=C3OC(=O)C=C(C)C3=CC=C2O1;CC1=CC2=C(C(C)=C(CC(=O)O)C(=O)O2)C2=C1C(C1=CC=CC=C1)=CO2;CCCC(=O)C1=C(O)C2=C(OC(=O)C=C2C2=CC=CC=C2)C2=C1OC=C2;CC1=CC=C(C2=C(CC(=O)O)C3=C(O2)C2=CC=CC=C2OC3=O)C(C)=C1;COC1=CC(C(=O)O)=CC=C1OC1=C(OC)C=C(C(=O)O)C=C1OC;COC(=O)C1=CC=CC(COC2=CC=C3OC=C(C4=CC=CO4)C3=C2)=C1;CCCC1=CC=C2C(O)=C3C(=O)C4=C(O)C=CC=C4C(=O)C3=C(O)C2=C1;COC(=O)[C@H](O)CC1=CC(O)=C(O)C=C1C(=O)C1=CC=C(O)C(O)=C1;COC(=O)C1=CN=C(SCC(=O)NC(=O)NC2=CC=CC=C2)N1C;CC(=O)COC1=CC2=C(C=C1C)OC(=O)C=C2C1=CC2=CC=CC=C2O1;C=CCC1=CC=CC2=C1OC(=O)C(C(=O)OCC(=O)C1=CC=CC=C1)=C2;C=C(C)C1=CC2=C(C=C(O)C3=C2OC(C2=CC=CC=C2)=C(OC)C3=O)O1;CCC1=CC2=C(C=C1OC(C)=O)OC=C(C1=CC3=CC=CC=C3O1)C2=O;COC(=O)C1=C(O)C=C(C)C=C1OC1=C(O)C=CC(O)=C1C(=O)OC
m_ff5db9,Cc1n[nH]c(C2OCCC2NS(=O)(=O)c2ccc(F)cc2F)n1;O=S(=O)(NCC1CCC(c2ncn[nH]2)O1)c1cccc(F)c1F;Cc1cc(C(=O)Nc2nc3cc4c(cc3s2)OCCCO4)n(C)n1;O=C(CNC(=O)c1ccc(F)c(F)c1)Nc1cnn(CC(F)F)c1;Cc1ccc([N+](=O)[O-])c(C)c1NCc1cc(=O)n2c(C)csc2n1;COC(=O)CC(C1=CC=C2OCOC2=C1)C1=CC2=C(C=C1O)OCO2;COC(=O)CC(C1=CC=C(C(=O)O)C=C1)C1=CC2=C(C=C1O)OCO2;COC(=O)C1=CC=C(COC2=CC=C3OC(C)=C(C(=O)OC)C3=C2)O1;COC(=O)COC1=CC=CC=C1C1CC(=O)OC2=C1C(=O)OC(C)=C2;CC1=CC=C(C(C2=C(O)C(=O)C=C(C)O2)C2=C(O)C(=O)C=C(C)O2)O1;COC1=CC(=O)C(CCC(=O)C2=CC=C3OCOC3=C2)=C(OC)C1=O;COC(=O)C1=C(O)C=CC2=C1C(=O)C1=C(OC)C=C(CCO)C=C1O2;COCCOC(=O)C1=C(C)OC2=CC=C(OC(=O)C3=CC=CO3)C=C12;COC(=O)C1=CC=C(O)C2=C1C(=O)C1=C(OC)C=C(CCO)C=C1O2;CC(=O)OC1=CC(C[C@H]2COC3=CC(O)=CC(O)=C3C2=O)=CC=C1O;CC(=O)C1=C(O)C=C(O)C=C1C[C@@H]1CC2=CC(O)=CC(O)=C2C(=O)O1;COC(=O)C1=CC=C2C(=O)C3=C(OC)C=C(CCO)C=C3OC2=C1O;COC(=O)C1=CC=C2C(=O)C3=C(O)C=C(CCO)C=C3OC2=C1OC;COC(=O)C1=C(O)C=C2OC3=C(C(=O)O)C(C)=CC(OC)=C3C2=C1C;CC1=C(C(=O)O)C(O)=CC2=C1C(=O)C1=C(C=CC(CO)=C1O)[C@]2(C)O;COC1=CC(C(=O)O)=CC2=C1O[C@H](C1=CC=C3OCOC3=C1)[C@H]2CO;CC(=O)C[C@]1(O)CC(=O)C2=C(CC3=CC(O)=CC(=O)O3)C=CC=C2O1;O=C(O)COC1=CC=C(C(=O)CC2=CC=C3OCCOC3=C2)C(O)=C1;CC(=O)C1=C(O)C(C)=C(O)C2=C1OC1=C(C(C)=O)C(O)=C(C)C(O)=C12;COC1=CC2=C(OCO2)C(OC)=C1C(=O)C=C(O)C1=CC=C(O)C=C1
m_ff7740,CN(Cc1ccc(F)cc1Cl)C(=O)C1CS(=O)(=O)CC(=O)N1;Cc1nc(CNS(=O)(=O)Cc2ccc(F)c(Cl)c2)sc1C;Cc1cnc(CCNS(=O)(=O)Cc2cc(Cl)ccc2F)s1;Cc1nc(C)c(S(=O)(=O)N(C)Cc2ccc(F)cc2Cl)s1;Cc1ccc(NC(=O)c2c(O)c3sccc3n(C)c2=O)c(Cl)c1;CCCC1=CC=C2C(O)=C3C(=O)C4=C(O)C=CC=C4C(=O)C3=CC2=C1O;COC(=O)C1=C(O)C=C(C)C=C1OC1=C(CO)C=C(OC)C=C1OC;COC(=O)CC1=C(C)C2=CC=C(O[C@H](C)C(=O)OC)C(C)=C2OC1=O;COC(=O)CC1=C(C)C2=CC=C(O[C@@H](C)C(=O)OC)C(C)=C2OC1=O;COC(=O)CC(C1=CC=C(OC)C(OC)=C1)C1=C(O)C=C(C)OC1=O;COC(=O)CC(C1=CC=C(OC)C(OC)=C1)C1=C(O)C(=O)C=C(C)O1;CCOC(=O)COC1=CC=C2C(C)=C(CC(=O)OC)C(=O)OC2=C1C;COC1=C(C)C=CC2=C(O)C3=C(C=C12)C(=O)C1=C(O)C=C(C)C=C1C3=O;CCCC1=CC=C2C(O)=C3C(=O)C4=C(O)C=CC=C4C(=O)C3=C(O)C2=C1;COC1=CC=CC(C2=NC(C)=C(C(=O)N[C@H](C(=O)O)C(C)C)S2)=C1;CCOC(=O)C1CCN(S(=O)(=O)C2=CC=CC3=CC=CN=C23)CC1;COC1=CC(CO)=C(OC2=CC(C)=CC(OC)=C2C(=O)O)C(OC)=C1;COC1=CC=CC2=C1C(=O)C1=C(O)C=C3C=C(C)C=C(OC)C3=C1C2=O;COC(=O)CC(C1=CC=C(OC)C=C1OC)C1=C(O)C=C(C)OC1=O;COC(=O)CC(C1=CC=C(OC)C=C1OC)C1=C(O)C(=O)C=C(C)O1;COC(=O)CC1=C(C)C2=CC=C(OCC(=O)OC(C)C)C=C2OC1=O;CCOC(=O)CCC1=C(C)C2=CC=C(OCC(=O)OC)C=C2OC1=O;COC1=CC=CC2=C1C(=O)C1=C(C=C3C=C(C)C=C(OC)C3=C1O)C2=O;COC1=CC=C(C2=NC(C)=C(C(=O)N[C@H](C(=O)O)C(C)C)S2)C=C1;COC(=O)[C@H](O)CC1=CC(O)=C(O)C=C1C(=O)C1=CC=C(O)C(O)=C1
m_ff926d,CN(Cc1cccc2c1OC(C)(C)C2)Cc1ncnn1C;CC(C)C(CNC(=O)Cc1ccon1)Cc1ccccc1;Cc1ccc(CCN2CCC(O)(Cn3ccnn3)C2)cc1;CC(CC1CCOCC1)Nc1c[nH]nc1-c1ccccn1;O=C(NC1CC=CC1)N1CCOC(Cc2ccccc2)C1;CN1C=C(CC(=O)NCC2CCOCC2)C2=CC=CC=C21;CC(C)CNC1(CC2=NOC(C3=CC=CC=C3)=C2)COC1;CC(C)C1CCCC(=O)N(CC2=CC=CC=C2)C(=O)C=N1;CC[C@]12CN3C[C@](C)(C[N@@](C1)[C@@H]3C1=CC=CC=C1O)C2=O;CC[C@]12CN3C[C@](C)(CN(C1)C3C1=CC=CC=C1O)C2=O;O=C1[C@@H](O)[C@H]2CN(CC3CC3)C[C@H]2N1CC1=CC=CC=C1;COC(=O)/C(C)=C/C[C@@]12CCN(C)[C@@H]1NC1=CC=CC=C12;C[C@H]1CC[C@](C)(COC(=O)C=CC2=CC=CC=C2)C1(C)C;C[C@H]1CC[C@](C)(COC(=O)/C=C/C2=CC=CC=C2)C1(C)C;C[C@H]1CC[C@@](C)(COC(=O)C=CC2=CC=CC=C2)C1(C)C;C[C@H]1CC[C@@](C)(COC(=O)/C=C/C2=CC=CC=C2)C1(C)C;C[C@@H]1CC[C@](C)(COC(=O)C=CC2=CC=CC=C2)C1(C)C;C[C@@H]1CC[C@](C)(COC(=O)/C=C/C2=CC=CC=C2)C1(C)C;C[C@@H]1CC[C@@](C)(COC(=O)C=CC2=CC=CC=C2)C1(C)C;C[C@@H]1CC[C@@](C)(COC(=O)/C=C/C2=CC=CC=C2)C1(C)C;CC(C)C(=O)N[C@H]1CCCN1C(=O)/C=C/C1=CC=CC=C1;CC(C)C(=O)N[C@@H]1CCCN1C(=O)/C=C\C1=CC=CC=C1;CC(C)C(=O)N[C@@H]1CCCN1C(=O)/C=C/C1=CC=CC=C1;CC1(C)[C@]2(C(=O)NNC3=CC=CC=C3)CC[C@@]1(C)C(=O)C2;CC1(C)[C@@]2(C(=O)NNC3=CC=CC=C3)CC[C@]1(C)C(=O)C2
