molecule_id,smiles
m_005e53,CN(Cc1ncccc1C(=O)O)CC1(c2ccc(Br)cc2)CC1;Cc1ccc(C(=O)NCC(=O)Nc2ccc(Br)c(C)c2)cc1C;O=C(O)c1cccnc1CN1CCC(c2ccccc2Br)CC1;N#Cc1ccc(OCC(=O)Nc2ccc(-c3cn4ccsc4n3)cc2)cc1;CN1C(=O)c2ccc(S(=O)(=O)N3CCC(F)(F)C(CO)C3)cc2C1=O;N=c1cc(C(=O)Nc2ccc(-c3ccccc3)cc2)c2cc(Cl)ccc2o1;O=C(c1cnc(-c2ccco2)s1)N1CCOC(c2cccc(Cl)c2)C1;Cc1nc(C2CC2)oc1C(=O)N1CCCc2c(Br)cccc2C1;COc1cc2c(cc1OC)C(c1ccc(Br)cc1)=NNC(C)C2;Cc1cc(C)c(NC(=O)c2ccn(-c3ccc(Cl)c(Cl)c3)n2)c(C)n1;O=S(=O)(Nc1ccc2c(c1)CN(CC(F)F)C2)c1c(F)cccc1F;COC(=O)C1C(=N)Oc2c(oc(CO)cc2=O)C1c1ccccc1[N+](=O)[O-];COC(=O)C1=C(N)Oc2c(oc(CO)cc2=O)C1c1ccccc1[N+](=O)[O-];CC1CC(c2ccc(Br)cc2)CN1Cc1ncccc1C(=O)O;COCc1nc2n(n1)CCCC2NS(=O)(=O)c1cccc(Cl)c1F;Cc1ncccc1CN1CC(C(=O)O)C(c2ccc(Br)cc2)C1;Cc1cncc(CN2CC(C(=O)O)C(c3ccc(Br)cc3)C2)c1;NC(CSSCC(NCC(O)C(O)C(O)CO)C(=O)O)C(=O)O;Cn1nccc1C12CCC(C1)C2C(=O)NCc1cncc(Br)c1;Cc1nc2c(s1)C(N(C)S(=O)(=O)c1ccc(Cl)cc1F)CCC2;COCC(NC(=O)Nc1nn(-c2ccccc2Cl)cc1C)c1ccco1;O=C(c1cc2ccc(C(F)(F)F)cc2[nH]c1=O)N1CCS(=O)(=O)CC1;Cc1ccc(-c2cnc(CNc3cc(C[S+](C)[O-])ccc3Cl)o2)cc1;O=C(c1cc[nH]c(=O)c1)N1CCCCC1Cc1cccc(Br)c1;Cc1noc(C2C(C)OCCN2S(=O)(=O)c2cnc3ccccc3c2)n1
m_006153,COC(C)(C(=O)O)C(=O)N1CCC(Cc2ccc(F)c(F)c2)CC1;COc1ccc(N2CC(C(=O)N3CCCn4ncnc43)CC2=O)cc1;Cc1nnc(CNC(=O)c2ccc3c(c2)N(C)C(=O)CO3)n1C1CC1;O=C(NCc1nc2cccnc2[nH]1)C1CCCN(CC(F)(F)F)C1;O=C(CN1C(=O)COc2ccccc21)NCCc1nnc2n1CCC2;CN1CCN(C(=O)c2cc3n(n2)CCN(C)S3(=O)=O)C(C)(C)C1;CCOc1cc(C#N)ccc1OCC(=O)N1CCn2c(C)nnc2C1;CC(C)N(Cc1cccnc1)C(=O)c1cc2c(cc1F)NC(=O)CC2;NC(=O)Nc1cccc(C(=O)N2CCCC2Cc2ccc(F)cc2)c1;O=C(Cc1ccc(-n2cccn2)cc1)NCc1ccc2ccccc2c1;Cc1cc(C(=O)Nc2cccc(-c3noc(=O)[nH]3)c2)nn1C(C)(C)C;NC(=O)Cc1ccc(NC(=O)c2ccc(N3CCCC3)c(F)c2)cc1;CCn1cnnc1C1CN(C(=O)COc2ccc(C#N)cc2)CCO1;COc1ccc(N2CC(C(=O)Nc3nncn3C3CC3)CC2=O)cc1;C=CC(O)C(=O)N1CCC(c2nccc(-c3ccc(F)cc3)n2)CC1;Cn1nncc1CNC1CCN(c2cccc(OC(F)(F)F)c2)C1;Cc1nnc(C2CN(C(=O)Cc3ccc4cn[nH]c4c3)CC(C)O2)o1;c1nc(Sc2nnc(C3CCNCC3)n2C2CC2)c2cc[nH]c2n1;O=C(c1ccc(NC2CC2)nc1)N1CCOC(c2ccc(F)cc2)C1;CC(=O)Nc1ccc(C(=O)N2CCN(c3ccccc3F)CC2)cc1;NC(=O)Nc1cccc(C(=O)N2CCC(Cc3ccc(F)cc3)C2)c1;O=C(O)Cc1cccc(C(=O)N(Cc2ccccc2F)C2CCC2)c1;Cc1nnc(C2CN(C(=O)Cn3c(C)nc4ccccc43)CCO2)o1;CCN(C(=O)c1cc2c(cc1F)NC(=O)CC2)C(C)c1cccnc1;O=C(NCC1CCN(c2ccccc2)C1)C(=O)Nc1ccc(F)cc1
m_00b5aa,COc1ccnc(CN2CCOCC3(CCCC3)C2)c1OC;Cn1c(C2CCCCN2Cc2ccncc2)nc2ccccc21;c1ccc2[nH]c(CC3CCN(Cc4ccncc4)CC3)nc2c1;CN(Cc1cccnc1)CC1CCN(c2ccc(C#N)cc2)C1;CCn1ccnc(N2CCC(NC3CCCOC3)CC2)c1=O;Cc1cccc(NCC2CCN(Cc3cccc(C#N)c3)C2)n1;Cc1cc(NC(=O)N(C)CCN2CC(C)OC(C)C2)ccn1;COc1cc(CNC(C)C)ccc1OCC(=O)N1CCCC1;CC1CCN(CC(O)CNC(=O)NCc2ccncc2)CC1;CCc1cc(NC(=O)N2CCC(OCC3CC3)CC2)n(C)n1;CNC(=O)C1(COC)CCCN1Cc1ccc(C)c(OC)c1;COc1ccccc1NC(=O)CNC1CC(C)(C)OC1(C)C;COc1ccc(CN2CCN(C(=O)NC(C)(C)C)CC2)cn1;c1ccc(Cc2nccc(N3CC4CC3CN4C3CC3)n2)cc1;COCC1CCC(NC(=O)NC2CCCc3cn[nH]c32)CC1;OC1(CN2CCCC(c3n[nH]c(C4CC4)n3)C2)CCOCC1;CC(C)c1nnc2n1CCN(C(=O)COC1CCCCC1)C2;CC(C)(C)c1ccc(OCCNC(=O)C2CC(O)CN2)cc1;CC(C(=O)NC1CCN(C(=O)c2cn[nH]c2)CC1)C(C)(C)C;CC(C)COc1cccc(C(=O)N2CC(O)C(N(C)C)C2)c1;CCCc1ncc(CNC(=O)N2CCC3(CCN(C)C3)C2)o1;COC1CC(CN(C)C(=O)c2cncnc2C(C)C)N(C)C1;Cn1cnnc1C1CC(O)C(CNC(=O)C2CCCCC2)C1;CC(C)N1C(=O)CN(Cc2cnc3n2CCOC3)CC1(C)C;CCC(Nc1ccc(C)c(NC(=O)C(C)(C)C)c1)C(=O)OC
m_01e922,COc1ccc(NC(=O)N2CCCC(C)C2)cn1;Cc1cc(C(=O)N2CCCC2C(N)=O)cc(O)n1;Cc1cc(-c2nnn(CCC(N)=O)n2)ccc1F;CC(C)Oc1ncccc1CNC(=O)N1CCC1;Cc1noc(C)c1C(C)CNc1ccc(F)cn1;COc1ncccc1NC(=O)N1CCC(C)CC1;CN1CC(C(=O)NCc2ncccc2O)CC1=O;CC(C)C1OCCC1C(=O)Nc1ccc(N)nc1;COc1cccc(NC(=O)N2CCC(C)CC2)n1;Cc1cc[nH]c1C(=O)NC1CCC(=O)NC1(C)C;O=C(O)c1ccc(NC(=O)C2CCOCC2)cc1;CC(C)Oc1nccnc1N1CC2C(CO)C2C1;Cn1cccc1C(=O)NCCNC(=O)C1CCC1;CCCOc1ccc2[nH]c(NC(=O)OC)nc2c1;CCC(C)(O)Cc1cn(-c2ccccc2F)nn1;Cc1nc(O)c2c(n1)CN(CC(O)C1CCC1)C2;Cn1cccc(NC(=O)C2CCCC(N)C2)c1=O;COC(C(=O)Nc1cccc(C(=O)O)c1)C1CC1;CC(C)c1cc(-c2nc(C(N)C(C)C)no2)n[nH]1;CN(c1nc2ccc(F)cc2n1C)C1CCOC1;O=C(Nc1cccnc1F)N1CC2CCCCC21;CC(=O)NC(C(=O)NCc1ccccn1)C(C)C;COCC1(C(=O)Nc2cccc(C)n2)CCNC1;CCc1ccc(CNc2nnc(C(C)(C)C)o2)o1;COc1ccc(C(=O)N2CCCC2C(=O)O)cc1
m_0259d4,COC1CC(c2ncc[nH]2)N(Cc2nc(Cc3ccccc3)no2)C1;Cc1ccc(-c2nc(CCNC(=O)NCCn3ccnc3)co2)cc1;O=C(NCCCn1ccnc1)NCCc1coc(-c2ccccc2)n1;Cc1ccc2[nH]c(C(=O)N3CCOC(Cn4ccnn4)C3)cc2c1C;COc1cccc2c(NC3CC(Cn4ccnc4)CC3O)ncnc12;Cc1cccc2[nH]cc(CC(=O)N3CCOCC3c3ncnn3C)c12;COc1ccc(-n2nc(C(=O)NC(C)c3cnn(C)c3)cc2C)cc1;CC1CN(C)CC(c2nnc(-c3ccc(Cn4ccnc4)cc3)o2)O1;O=C(Cc1n[nH]c2ccccc12)NC1CC(Cn2ccnc2)CC1O;Cc1c(CC(=O)N2CCCC3C(=O)NCC32)nnn1-c1ccccc1;Cc1nn(CC(C)C)c(C)c1S(=O)(=O)N(C)CCn1cccn1;Cc1nc(C2CCCN2C(=O)c2ccc3c(c2)ncn3C(C)C)no1;CC(C)c1nnc2n1CCN(C(=O)CN1Cc3ccccc3C1=O)C2;CC(C)c1nnc2n1CC(NC(=O)Cc1noc3ccccc13)CC2;Cc1nnc2n1CC(C(N)=O)N(C(=O)c1cccc3c1CCCC3)C2;Cn1cnnc1C1CC(O)C(CNC(=O)c2cc3ccccn3c2)C1;COc1ccc2[nH]c(C(=O)N3CCC(c4nncn4C)CC3)cc2c1;Cn1cnc2[nH]c(=O)cc(C(=O)NCc3cnccc3C(C)(C)C)c21;Cc1n[nH]nc1C(=O)N(Cc1ccc(C(=O)NC2CC2)cc1)C1CC1;Cc1nc(C2CCCCCN2C(=O)Cc2c[nH]c3ncccc23)no1;Cn1cnnc1C1CC(O)C(CNC(=O)c2ccc3[nH]ccc3c2)C1;O=C(c1ccccc1)N1CCC2(CCN(C(=O)c3c[nH]nn3)CC2)C1;CCn1c(C(=O)N2CCC(c3nc(=O)[nH][nH]3)CC2)cc2ccccc21;CCc1nnc(C23CCCC2CN(C(=O)c2cc(C#N)[nH]c2C)C3)o1;Cn1cnnc1C1CC(O)C(CNC(=O)c2cccc3[nH]ccc23)C1
m_02d188,Cc1ccc(CN2CCC(NC(=O)c3ncc(F)cc3F)C2=O)cc1;CC(=O)Nc1ccc(NCC(=O)NC(C)c2ccccc2)c(Cl)c1;CCN(CC(=O)Nc1c(C)cccc1C)C(=O)c1ccc(Cl)cn1;COc1cc(C(F)(F)F)ncc1NC(=O)N1CCOCC1C1CC1;NC(Cc1ccncc1)C(=O)NC1CCCOc2cc(Cl)ccc21;CCOc1nc(C)ccc1C(=O)N1CC(C(N)=O)C(C(F)(F)F)C1;CC(c1ccc(Cl)cc1)N1CCN(C(=O)c2cc[nH]c(=O)c2)CC1;COC(=O)C(NC(=O)C1CCOCC1)c1ccccc1C(F)(F)F;CC(NC(=O)c1cc(N2CCOCC2)ccn1)c1cccc(Cl)c1;CC1=C(C(=O)OCC2CCCO2)C2(O)C(=O)c3ccccc3C2(O)N1;CC(NC(=O)N1CCOC(c2ccccc2Cl)C1)c1cccnc1;N#Cc1cnc2ccc(OC(F)F)cc2c1NCC1CC2CCC1O2;NC(=O)NCC1CCCCN1C(=O)c1ccc(OC(F)F)cc1F;Cc1cc(S(=O)(=O)NCC2CCOC3(CCC3)C2)c(F)cc1F;CN(Cc1ccccn1)C(=O)C1CCCN1C(=O)OCC(F)(F)F;O=C(CCc1cccc(Cl)c1)NCCC(=O)NCc1ccncc1;O=C(NC1CCOC2(CCSC2)C1)c1ccc(F)c2ccccc12;O=C(Nc1cccc(Cn2cccn2)c1)c1cc(-c2cccnc2)on1;O=C(O)C1(CN2CCOC(c3cccc(OC(F)(F)F)c3)C2)CC1;CCC(SC)C(=O)Nc1ccc(S(=O)(=O)NC(C)(C)C)cn1;CC(C)Oc1ncccc1C(=O)N1CC(C(N)=O)C(C(F)(F)F)C1;Cc1ccc(-n2nnnc2-c2cnc3cc4c(cc3c2C)OCO4)cc1;O=C(NC(Cc1ccccc1)C(=O)N1CCCC1)c1cc(Cl)c[nH]1;Cn1ccc(C(=O)NC2CCCN(c3ccccc3Cl)C2)cc1=O;CN1CCN(c2ccc(NC(=O)c3cc(C(N)=O)cs3)cn2)CC1
m_0318b5,O=C(Nc1ccc(F)cc1)C(c1ccccc1)N1CCC(n2cccn2)CC1;Cc1c(C(=O)N2CC3(CCC3)CC2C)cnn1-c1ccc(C(F)(F)F)cn1;CC(=O)N(CC(=O)O)C1CCCN(C(=O)CC(C)c2ccccc2F)CC1;Cc1cc(C)n(-c2ccc(C(=O)N3CCN(c4ccccc4F)CC3)cc2)n1;CC(C)c1nnc(CNc2ccc(S(=O)(=O)N3CCCCC3)cn2)n1C;Cc1ccc(C(=O)N2CCOCC2)cc1NC(=O)C1(c2ccccc2)CCC1;CC1(c2ccc(C(F)(F)F)cc2)CCCN1C(=O)c1[nH]nc2c1CNCC2;COc1cccc(N2CC(C(=O)N(C)Cc3nc4ccccc4[nH]3)CC2=O)c1;Cc1nc(C2CC2)nc(N2CCN(c3nc4c(cc3C#N)CCC4)CC2)c1F;Cc1cccc(-n2cnc3cc(C(=O)N4CCN(CCO)C(C)C4)ccc32)c1;CCc1ccccc1N1CC(C(=O)N2CCN(c3ccccn3)CC2)CC1=O;Cn1c(N2CCC(Nc3ccc(-c4ccncc4)cn3)C2)cc(=O)n(C)c1=O;Cc1cc(C)c2c(c1)CCN(C(=O)c1cccc(NC(=O)C3CCCO3)c1)C2;Cc1c(NC(=O)C2(Cc3ccccc3)CC2)cccc1C(=O)N1CCOCC1;COc1cc(C(=O)N(C)CC2CC(F)CN2c2ccnc(N(C)C)n2)on1;CC1CC(NC(=O)c2ccc3oc(N(C)C)nc3c2)C(=O)N1c1ccccc1;CCn1c(=O)n(CC(=O)Nc2cccc(C3CCC(=O)N3)c2)c2ccccc21;CCOc1cccc(CNCc2cccc(NC(=O)c3ccc(F)cc3)c2)c1;COc1ccccc1Cn1cnc2cc(C(=O)N3CC(C)(C(N)=O)C3)ccc21;COC1CC(c2nnc(C)o2)N(C(=O)c2cc(C3CC3)nc3ccccc23)C1;c1ccc(CCSc2nnc(CN3CCCC3)n2Cc2ccccc2)cc1;Cc1ccc(CC(=O)N2CCCCC2c2ncc(-c3cccc(F)c3)[nH]2)cn1;O=C(C1CC(=O)N(c2ccccc2)C1)N1CCC(OCc2ccccc2)CC1;CCC(c1ccc(F)cc1F)N1CCN(C(=O)c2cn(CCN)nn2)CC1;CCCCC(=O)c1cnc2c(OCCO)cccc2c1Nc1ccccc1C
m_043e86,OC(CNc1ncc(Cl)cc1F)CN1CCOCC1;CCn1nccc1S(=O)(=O)N1CC(OC)CC1CO;N#Cc1csc(C(=O)N2CC(=O)NC3CCCCC32)c1;Nc1ncnc(N2CCC(Cc3ccncc3)C2)c1Cl;CS(=O)(=O)CCCN1CCN(c2nccs2)CC1;O=C(Nc1ccc(N2CCOCC2)nc1)c1cccs1;Cc1c(NC(=O)c2ccc(Cl)cn2)cccc1N(C)C;CCn1nccc1S(=O)(=O)NC(CC(C)C)C(=O)O;Cc1cccc(-n2ccnc2S(=O)(=O)CCCC#N)c1;CCN1CCN(S(=O)(=O)c2sc(C)nc2C)CC1;O=C(COc1ccc(F)cc1F)N1CC(F)CC1CO;Cn1cc(CC(=O)NC2CC2c2cccc(Cl)c2)cn1;COc1ccc2cc(C(=O)C=Cc3cccnc3)ccc2c1;O=C(NCc1ccc(Cl)cc1)C1CCCc2[nH]ncc21;O=C(Nc1nnc(Cc2ccccc2)s1)C1CCCO1;Cc1cn2c(CN(C)C(=O)c3cc[nH]n3)c(C)nc2s1;CCc1nc(CC(=O)N2CCOc3ccncc32)cs1;COc1cc(C(F)(F)F)ncc1NC(=O)NCC1CC1;Cc1csc(CN2CCN(S(C)(=O)=O)C(C)C2)n1;O=C(COc1ccc2ccc(=O)oc2c1)N1CCOCC1;NCC1CCN(C(=O)c2cc(Cl)cc3cccnc23)C1;O=C(NCC1CNCCO1)c1cncc(C(F)(F)F)c1;Cc1ccc(NC(=O)c2cscn2)cc1C(=O)N(C)C;CCCC(Sc1nnc(N(C)C)s1)C(=O)OCC;O=C(NC1(C(=O)O)CCOCC1)c1cn2ccccc2n1
m_050bf1,CCc1noc(COCC(=O)N2CC(C)(C)OC3COCC32)n1;O=C(NC1CCN(CC2CCOC2)CC1)c1ncc(F)cc1F;COc1ccc(S(=O)(=O)N2CCCCCC2)cc1C(C)(C)C;CC(=O)N1CCC(CNC(=O)NCc2cc(F)ccc2F)CC1;COCC1CC(O)CN1C(C)c1nc2ccccc2n1C(F)F;NC(=O)c1ccc(N2CCCCC2)c(NC(=O)c2ccncn2)c1;O=C(O)CC1CCCN(C(=O)CCc2cccc3ccccc23)C1;CC1CN(C2CCN(CC(=O)Nc3nncs3)CC2)CCO1;CCOC1CC(NCc2ccc(S(C)(=O)=O)c(C)c2)C1(C)C;Cc1ccc(Cn2nccc2NC(=O)NC(C)c2ccncc2)o1;COc1cc(N2CCCC(COc3cc(C#N)ccn3)C2)ncn1;CCCc1occc1C(=O)N1CC2(CCOCC2)c2ccccc21;CCCC(=NOCC)C1C(=O)CC(C2CCCSC2)CC1=O;N#Cc1ccccc1N1CCCN(C(=O)NCc2ccon2)CC1;Cc1cc(C)c(-c2c(O)[nH]c3c(c2=O)C(=O)CC(C)(C)C3)c(C)c1;OC1CC(Cn2cccn2)CC1Nc1nccc(-n2ccnc2)n1;COc1ccc(Cl)cc1CNC(=O)CN1CCCN(C)CC1;CCS(=O)(=O)c1ccc(NC2CCC(OC(C)C)CC2)cc1;CC1C(=O)OCC2=CCN3CCC(OC(=O)C(C)(O)C1(C)O)C23;CC(CO)(NCCS(=O)(=O)c1ccccc1)C1CCCCC1;CC1(c2ccccc2)CN(C(=O)C(CO)c2ccccc2)CCO1;CC1C(=O)OC2CCN3CC=C(COC(=O)C(C)(O)C1(C)O)C23;N#Cc1ccc(CCC(=O)N2CCC(O)(Cn3ccnn3)C2)cc1;CCN1CCN(C(=O)COCc2ocnc2C(=O)OC)C(C)C1;N#Cc1cccc(C(=O)NC2CCCCC2n2cc(CO)nn2)c1
m_05b52e,Cc1cnc(C(=O)Nc2cc(F)ccc2Sc2nccn2C)cn1;CN(Cc1cnn(C)c1)C(=O)CS(=O)(=O)c1ccc(F)c(F)c1;O=C1NC(c2c[nH]c3ccc(O)cc23)=CC1=C1C(=O)Nc2ccccc21;O=C1N=C(c2c[nH]c3ccc(O)cc23)C=C1c1c(O)[nH]c2ccccc12;CS(=O)(=O)c1ccc(F)c(NC(=O)CC2(C(=O)O)CCCC2)c1;FC(F)(F)c1cnc(N2CCN(c3cnccn3)CC2)c(Cl)c1;N#Cc1ccccc1OCc1nnnn1-c1ccc(OC(F)F)cc1;Cc1nn(-c2ccccc2)c(C)c1NC(=O)c1ccc(Cl)cc1F;O=C(NCc1ccccn1)Nc1nnc(Cc2cccc(F)c2)s1;NC(=O)c1ccc(NC(=O)c2cnn(-c3ccc(F)cc3)n2)c(F)c1;NC(=O)c1ccc(CSc2nnc(Cc3ccccc3F)o2)cc1;Cc1ccccc1NC(=O)CSc1ncnc2sc(C)c(C)c12;Cc1c(C(=O)NCc2ccc(C(=O)O)o2)cnn1-c1ccc(F)cc1;Cn1nnnc1-c1cccc(S(=O)(=O)N(CC(F)F)C2CC2)c1;O=C(NCCc1c(C(F)(F)F)[nH]c2ccccc12)C1CSCN1;CCN(CC)CCNC(=O)c1cc(Br)c(N)cc1OC;COc1ccc(Cl)cc1CNC(=O)c1ccnc(-n2cncn2)c1;COC(=O)C1(NC(=O)c2cc(Cl)ccc2Cl)CCCCCC1;O=C(O)C1(C(=O)N2CCN(S(=O)(=O)Cc3ccon3)CC2)CC1;O=C(Nc1cccc([N+](=O)[O-])c1)C(=O)NC1(c2cccc(F)c2)CC1;CCNC(=S)Nc1ccc(OCc2nc3ccccc3s2)cc1;Cc1ccc(C(=O)Nc2cc(-n3nnnc3C3CC3)ccc2F)s1;O=C(O)c1ccccc1C1CCN(C(=O)c2ccc(Cl)cc2)CC1;CN(C)c1nccc(NC(=O)c2cc(-c3cccc(Cl)c3)no2)n1;CC1(C)CN(C(=O)c2cccc3sc(C(F)(F)F)nc23)CCN1
m_068354,CC(NC(=O)C1CCn2ccnc2C1)C(O)Cc1ccccc1;COc1cccc(Cn2nc(C)c(C3CCCC(=O)N3)c2C)c1;COC(C(=O)N1CCC(n2cncc2C)CC1)c1ccccc1;COc1cccc(C2(C(=O)Nc3cnn(C)c3C)CCCC2)c1;COc1ccc(OC)c(CNc2cccnc2N2CCCC2)c1;COc1ccc(Cc2noc(CC3CC4CCC(C3)N4)n2)cc1;COc1ccc(CCC(=O)N2CCCC2Cn2ccnc2)cc1;COc1ccccc1CC(C)N(C)C(=O)c1cc2n(n1)CCC2;Cc1cc(O)c(C(C)C)cc1NC(=O)C1CCn2ccnc2C1;CC(=O)c1ccc(NC(=O)C(C)Cn2nc(C)c(C)c2C)cc1;O=C(O)CCCCN1CCN(c2ccc3ccccc3n2)CC1;CCn1cc(C2CCN(Cc3ccccc3C(=O)O)CC2)cn1;N#Cc1ccc(NCC(=O)N2CCC(O)C23CCCCC3)cc1;CCC(CC)C(=O)Nc1nonc1-c1ccc2c(c1)CCCC2;CCC(NC(=O)NCc1ccc2ncccc2c1)C1CCCO1;Cc1cc(CNC(=O)C(c2cccnc2)C2CCCCC2)no1;COc1ccc(C(NC(=O)c2cnc(C)n2C)C2CCC2)cc1;CCOc1cccc(CC(=O)NC(C)CNc2ccccc2)n1;CC(C)(C)OC(=O)N1CC2CC1C(C#N)N2Cc1ccccc1;CC(NCC1CCn2ccnc2C1)c1ccc2c(c1)OCCO2;Cc1noc(C)c1CN(C)C(=O)NCC1(c2ccccc2)CC1;COc1ccccc1C(C)(C)NC(=O)NCCc1cccnc1;COCc1nc(C)cc(N2CCC(c3ccc(O)cc3)CC2)n1;COc1ccc(-c2noc(C3CCC4CC(C)CN4C3)n2)cc1;Cc1cc(CNC(=O)NCC2(Cc3ccccc3)CCC2)no1
m_06e13d,CCn1cnnc1CNS(=O)(=O)c1ccc(C)cc1Br;O=S(=O)(Nc1ncn(C2CCCCC2)n1)c1cc(F)cc(Cl)c1;Cc1cc(CN(C)S(=O)(=O)c2cc(Br)ccc2C)on1;Brc1ccccc1Cc1noc(C2CCc3cn[nH]c3C2)n1;Cc1ccc(Br)cc1C(=O)NCCNc1ccc(C#N)cn1;O=C(Nc1ccncc1F)C1(c2cc(C(F)(F)F)ccc2Cl)CC1;OC(O)=c1cc2cc(O)c(O)cc2c(-c2ccc(O)c(O)c2)c1=C(O)O;O=C(O)C1=Cc2cc(O)c(O)cc2C(c2ccc(O)c(O)c2)C1C(=O)O;COC(=O)c1nc(NC(=O)Cn2cnnn2)sc1Cc1ccccc1;CCc1onc(C)c1NS(=O)(=O)c1cc(Cl)cc(C(=O)O)c1C;Cc1noc2ncnc(N3CC(Cc4ccccc4Br)C3)c12;COc1cc(Br)c(CNCC2CN(C)CCO2)cc1OC;CSCCC(NC(=O)CCNC(=O)c1ccc(Cl)cc1)C(=O)O;N#CCc1cccc(C(=O)N2CCOC(c3ccc(F)c(Cl)c3)C2)c1;CCOC1(c2nnc(COc3cc(Cl)ccc3Cl)o2)CCOC1;O=C(Nc1ccccc1-c1nc2c(C(=O)O)cccc2o1)c1ccccc1;O=C(O)c1cccc2oc(-c3ccccc3N=C(O)c3ccccc3)nc12;O=C(NN=Cc1cn[nH]c1-c1ccccc1)c1ccc(Cl)cc1Cl;COc1cc(F)c(NC(=O)c2cnc(-c3ccccc3)s2)cc1OC;O=C(O)C=Cc1ccc2c(c1)OC(C(=O)O)C(c1ccc(O)c(O)c1)O2;CCc1onc(C)c1NS(=O)(=O)c1cc(Cl)c(C)c(C(=O)O)c1;NS(=O)(=O)c1ccc(CCNCc2c(Cl)cccc2Cl)cc1;O=C(c1cc(Br)c[nH]1)N(CC1CCCO1)C1CCSC1;COC1CN(S(=O)(=O)c2cccc(F)c2F)CC1c1cn(C)nn1;CC(=O)N1CCCC(O)(C(=O)N(C)Cc2c(Cl)cccc2Cl)C1
m_06f339,Cc1csc(NC(=O)CN2CCCC(Cn3nc(C)nc3C)C2)n1;CN(C)C(C(=O)N1CCC(CO)(C(F)(F)F)CC1)c1cncn1C;CC1CCC(N2CC(C(=O)Nc3ccn(CC(=O)O)n3)CC2=O)CC1;Cn1c(N2CC3CN(C(=O)c4cnccn4)CC3C2)nc2ccccc21;COC(=O)Cc1c[nH]c2ccc(OCC(O)CN3CCOCC3)cc12;Cc1nnc2n1CCN(C(=O)c1cc(C3CC3)nn1-c1ccccc1)C2;Cn1nccc1NC(=O)N1CCC(CCc2ccc(F)cc2F)CC1;O=C(NCc1nnc2n1CCC2)c1cc(C2CC2)nn1-c1ccccc1;CCOC(=O)N1CCN(C(=O)C2CCc3nn(C)c(=O)cc3C2)CC1;Cc1cc(C=C2CCC(=Cc3cc(C)c(O)c(C)c3)C2=O)cc(C)c1O;COc1ccnc(N2CCN(C(=O)C3CC(O)CN3C(C)=O)CC2)c1;CCN(CC1CCN(c2cc(=O)n(C)c(=O)n2C)C1)CC(F)(F)F;COc1ccc(NC(=O)C(C)C(=O)O)cc1NC(=O)C1CCCCC1;COc1cncc(-c2cncc(N3CCN(c4ccncc4)CC3)n2)c1;CN(C(=O)c1n[nH]c2ccccc12)C1CN(c2cc3c(nn2)CCC3)C1;COC(=O)c1ncoc1COCC(=O)NC12CC3CC(CC(C3)C1)C2;CC(C)c1nc(N2CCN(C(=O)Cn3cccn3)CC2)[nH]c(=O)c1F;CC(c1cc(F)ccc1F)N(C)C(=O)NCc1ccnc(N(C)C)c1;Cc1c(C(=O)N2CCCC2c2ccc(N)nn2)cnn1-c1ccccc1;CCn1cnnc1C1CCN(C(=O)CCc2cccc(F)c2F)CC1;Cn1cc(C(=O)N2CCN(c3cnccn3)CC2)c(-c2ccccc2)n1;CN(c1cccnn1)C1CCN(C(=O)c2cnc3ccccc3n2)CC1;CN(Cc1cccc(C#N)c1)C(=O)c1cc(C(C)(C)C)n2ncnc2n1;CCOc1cccnc1C(=O)N1CCC(C2CCC(C(=O)O)O2)CC1;CC(=O)NCc1ccc(C(=O)N(CCC(=O)O)CC2CCCO2)cc1
m_070985,CCC(C)C(CO)NS(=O)(=O)c1cncc(Cl)c1;CN(C)C(=O)CN(C)S(=O)(=O)c1c(F)cccc1F;CCN(Cc1cccc(F)c1)Cc1cc(C(N)=O)cs1;Cc1ccc(NC(=O)CCc2c(C)noc2C)c(Cl)c1;O=C(NC1CCN(c2ccc(F)cc2F)C1)c1ccco1;COC(=O)c1ccnc(NC(=O)c2ccc(F)c(F)c2)c1;CC(CNS(=O)(=O)c1cccnc1)Oc1ccccc1;O=C(CCSc1ccccn1)Nc1c(O)cccc1F;Cn1cc(C2CCCN2C(=O)c2cc(Cl)cn2C)cn1;Cc1ccc(NC(=O)CCc2c(C)noc2C)cc1Cl;Cc1nc(C)c(C(=O)N2CCOc3ccc(Cl)cc32)o1;Cc1ccc(C(=O)O)cc1NC(=O)c1cc(Cl)cn1C;CCn1cc(C2OCCC2NC(=O)c2cscn2)cn1;O=C(c1ccncc1Cl)N1CCOc2ccc(F)cc21;CSc1cccc(NC(=O)Cn2cc(F)ccc2=O)c1;Nc1nccnc1C(=O)Nc1cc(Cl)cc(C(=O)O)c1;C=C(C)CC(C)C(=O)NCc1nnc2ccc(Cl)cn12;O=S(=O)(NC(CO)Cc1ccccc1)c1cccnc1;CCOc1cc(Cl)ccc1NC(=O)C1(C#N)CCCC1;CC(C)(C)C(=O)C(Oc1ccc(Cl)cc1)n1ccnc1;O=C(NCCc1cccnc1)c1ccc(OC(F)F)cc1;CCOP(=O)(OCC)Oc1ccc([S+](C)[O-])cc1;Clc1cccnc1NCC1CCCOC1c1ccn[nH]1;O=C(Nc1ccc(-c2ccccn2)cn1)c1cncc(O)c1;CCCC(NS(=O)(=O)c1cncc(Cl)c1)C(=O)O
m_074e83,CCOc1ccccc1C(=O)N1CCCC1C(=O)N1CCC(CN(C)CC)C1;CCCN1CCC(CNC(=O)NC2(c3ccc4c(c3)OCCO4)CCCC2)C1;CCc1nc(CN2CCC(CNC(=O)c3cnccc3N(C)C)CC2)cs1;CC(C)C(=O)NC1CCOC2(CCN(C(=O)c3cc4c([nH]3)CCCC4)CC2)C1;Cc1onc(C2CCCCC2)c1C(=O)N1CCC2CC(CC(N)=O)CCC2C1;Cc1nc(Cn2nnc(NC(=O)NC3CCC4(CCCCC4)CC3)c2C)no1;CC1Cc2c(nn(C)c2C(=O)N2CCC(c3nc(N(C)C)n[nH]3)CC2)C(C)O1;O=C(c1cc2n(n1)CC1(CCNCC1)OC2)N1CCC(C2CCCNC2)CC1;CC1CCCC(NC(=O)CN2CCN(C(=O)c3cnn(C)c3C3CC3)CC2)C1;CN1C2CCC1CC(N1CCN(c3cc(C(C)(C)C)nc(C(=O)O)n3)CC1)C2;CC1(C)CNC1C1CCN(C(=O)c2cc3n(n2)CC2(CCNCC2)OC3)CC1;CC(=O)N1CCN(c2nnc(C3CC3)n2CC2CCCO2)CC12CCCCC2;COc1cc(C2(C(=O)N3CCCC(C(=O)NCCN)C3)CCCC2)ccc1C;Cc1n[nH]c(CC(=O)N2CCCC(C3CCN(C(=O)C4CCCCC4)C3)C2)n1;CC(C)(C)C(=O)N1CCC(C(=O)Nc2ccc(CN3CCOCC3)cc2)CC1;Cc1ccc(NC(=O)C2COCCN2CC2CCC2)cc1C(=O)N(C)C(C)C;CC1CN(c2ccnc(C(=O)N3CC(C)(C)OC4(CCCC4)C3)c2)CC(C)O1;CN(C)CC1CC(O)CN1c1cc(N2CCC(c3nnnn3C)CC2)ncn1;CN(C(=O)CN1CCN(C(=O)C2CCc3cn[nH]c3C2)CC1)C1CCCCC1;COc1ccccc1C(CNC(=O)N1CCC(O)CC12CC2)N1CCCCC1;CCn1nccc1C1OCCCC1CN1CCC(c2noc(C(C)C)n2)CC1;CCCCCCCCCCCCNC(CCOC(=O)CCC(=O)O)C(=O)O;COc1cccc2c1CCN(C(=O)NC1CCN(CC3CCOC3)CC1)CC2;COc1ccccc1C(CNC(=O)C1(C2(O)CNC2)CCC1)N1CCCCC1;CCCNC(=O)C1(NC(=O)C2CN(Cc3ccccc3)CCO2)CCCCC1
m_089267,O=C(Nc1cnn(CC(F)(F)F)c1)N1CCCC(CN2CCOCC2)C1;CNC(=O)CCCN1CCN(S(=O)(=O)c2ccc3ccccc3c2)CC1;Clc1cccc(-c2nc(CN3CCCC(CN4CCOCC4)C3)co2)c1;Cc1cc(NC(=O)CN2CCN(CC(=O)Nc3ccc(F)cc3)CC2)on1;COc1ccc(-c2nc(C)c(Cl)c(OCCCN3CCCCC3)n2)cc1;O=C(Cc1c[nH]c2cc(Cl)ccc12)NC1CCN(CC2CCOC2)CC1;Cc1nc(C(C)C)oc1C(=O)NCC(c1ccccc1Cl)N1CCCC1;COC1CC(c2nnc(C)o2)N(C(=O)C2(c3cccs3)CCCCC2)C1;CCCN(CCC)S(=O)(=O)N1CCN(C(=O)C2(C(=O)O)CCC2)CC1;COc1c(N2CCNC(C)C2)c(F)cc2c(=O)c(C(=O)O)cn(C3CC3)c12;Cc1nc2ccccc2c(=O)n1-c1ccc(C(=O)N2CCCC(C)CC2)cc1;CC(C)c1ccc(C(=O)Nc2ncn(CC(=O)N3CCCCCC3)n2)s1;NC(=O)CN1CCc2ccc(NC(=O)c3ccn(-c4ccccc4)n3)cc2C1;Cc1nc2ccccc2c(=O)n1-c1ccc(C(=O)N2CCCC(C)(C)C2)cc1;CCc1n[nH]c(-c2ccccc2NC(=O)c2ccc(NC(=O)C3CC3)cc2)n1;CCCCn1c(-c2cnn(C(C)(C)C)c2)nc2cc(S(N)(=O)=O)ccc21;COc1ccc(NC(=O)C2CCNC(=O)C2)c(N2CCN(C(C)=O)CC2)n1;CCCN(C(=O)c1nc(C(C)C)n(-c2ccccc2Cl)n1)C1CCNC1;Cn1nnc2c(C(=O)N3CCC(Cc4nc5ccccc5[nH]4)CC3)ccnc21;CCCc1cc(C(=O)Nc2ccc3c(c2)CCN3C(=O)c2cccnc2)[nH]n1;COc1ccc2cc(CNC(=O)c3cn(C)nc3-c3cnn(C)c3)ccc2c1;O=C(c1cccc(NCc2cnc3ccccc3c2)c1)N1CCC(CO)CC1;CC(NC(=O)c1ccc2c(c1)CCC2)c1ccc(-n2cc(C(N)=O)nn2)cc1;COCCN1CC(C(=O)NC2CCN(c3ccccc3OC)C2=O)CC1=O;Cc1c(-c2ccccc2)oc2c(C(=O)N(C(C)C)C3CCC3)cccc2c1=O
m_08d7f1,O=C(Nc1nnc[nH]1)c1cc(Cl)cc(C(F)(F)F)c1;Cn1ccc(NC(=O)c2ccccc2SCC(N)=O)n1;O=c1c(O)c(-c2ccc(F)cc2)oc2cc(Cl)ccc12;O=[N+]([O-])c1ccc(Sc2cccc[n+]2[O-])c2nonc12;Cn1nncc1CNc1ccc(Cl)c(C(F)(F)F)c1;Cc1cc(S(=O)(=O)Nc2nnc[nH]2)c(Cl)cc1F;Cn1ncnc1NS(=O)(=O)c1ccc(F)cc1Cl;Cn1cc(CNc2ccc(Cl)c(C(F)(F)F)c2)nn1;COC(=O)C1(COc2ccc3oc(C(N)=O)nc3c2)CC1;CC1COc2ccccc2N1S(=O)(=O)c1cccnc1;C#Cc1cccc(NS(=O)(=O)c2c[nH]c(C(=O)O)c2)c1;c1csc(-c2nc(CNCCn3cccn3)cs2)c1;CC1CN(c2ncncc2Cl)CC1CS(N)(=O)=O;O=C1NCCCCC1Sc1ccc(C(F)(F)F)cn1;CC(C)C(NC(=O)Cn1ccccc1=O)c1cccs1;NC(=O)C1CCN(C(=O)c2cc(-c3cccs3)n[nH]2)C1;COc1ccc(CSc2ncc(C#N)c(N)n2)cc1F;Cn1ncc(Cl)c1C(=O)NC1Cc2ccccc2C1N;Cc1ncsc1C(=O)NCC1(c2ccc(F)cc2)CC1;COCCN(CC(N)=O)Cc1ccc(Cl)c(Cl)c1;COc1cccc2c1CCN(c1ncnc(N)c1Cl)C2;Cc1cccc2c1OCCC2NC(=O)c1cc(Cl)c[nH]1;NC(=O)C1CCCN(C(=O)c2cc(C(F)(F)F)n[nH]2)C1;CC(=O)Nc1ccc(S(=O)(=O)c2ccc(N)cc2)cc1;CC(Sc1ccc(C(F)(F)F)cn1)C(=O)NC1CC1
m_0a8bf5,CNCC1CCCN(S(=O)(=O)c2cccc3cc(C)cnc23)C1;CCOC(=O)C(C)CC(C)C(=O)N1c2ccccc2CC1C(=O)O;Cc1nc(S(=O)(=O)N2CC(C)(C)CC2c2ccccc2)cn1C;CCC(NC(=O)c1ccc(Oc2cccnc2)cc1)c1ccncc1;N#CCc1ccc(NC(=O)C(=O)NC2(c3ccccc3)CCC2)cc1;COc1ccc(-c2cnc(SCCNC(=O)C(C)(C)C)[nH]2)cc1;Cc1ccc(C)c(C2CCCN2S(=O)(=O)c2c(C)cnn2C)c1;O=C(c1coc(-c2ccccc2)n1)N(c1ccccn1)C1CCCC1;COC1=C(OC)C23CCC4(C=CC(OC)C4=O)C2(CCN3)CC1=O;c1ccc(Oc2cccc(-c3noc(C45CCN(CC4)C5)n3)c2)cc1;NC(=O)c1cccc(CNC(=O)NCc2ccc3ccccc3c2)c1;Cc1ccc(OCc2nnc(SCC3CCCN(C)C3)o2)cc1;CCOc1ccccc1C=NNC(=O)c1cc2ccccc2nc1C;CCOc1cc2c(cc1OCC)C(c1cccc(F)c1F)NCC2;Cc1cc(F)cc2c(=O)c(C(=O)NCC(=O)NC(C)(C)C)c[nH]c12;CC1N(C(=O)c2cccc(OCC(=O)O)c2)CCC12CCOCC2;CC1(C(=O)Nc2cc(N3CCCC3=O)ccc2F)CCNC(=O)C1;COC(=O)C1CCc2nnc(C(C)Oc3ccccc3F)n2CC1;COc1ccc(-c2nn(-c3ccccc3)cc2C(=O)N2CCC2)cc1;O=C(O)COc1ccc(C(=O)N2CCC(C3CCOC3)CC2)cc1;CC1(C(=O)O)CCN(C(=O)c2cccc(OCC3CCCO3)c2)C1;O=C(O)COc1cccc(C(=O)N2CCCC3(CCOCC3)C2)c1;O=C(NCC(C(=O)O)C1CCOCC1)C1COc2ccccc2C1;O=C(O)CCN(CC1CCCO1)C(=O)c1ccc2c(c1)CCOC2;CC(Cc1cccs1)C(=O)NC1CCOC(c2cncn2C)C1
m_0af51a,Cn1c(CS(=O)(=O)c2cccc(Cl)c2)nnc1-c1ccccc1;Cc1cc(S(=O)(=O)NCC2CCCO2)c(C)cc1Br;COc1cc(Br)ccc1C(C)Nc1ncnc2nc[nH]c12;O=C(CCc1ccccc1Br)N1CC(Cn2ccnc2)C1;Cn1ccnc1-c1cccc(NC(=O)c2cc(F)c(Cl)cc2F)c1;Cc1cccc(Cc2cnc(NC(=O)c3n[nH]nc3C)s2)c1Cl;CN(C)C(=O)c1cccc(CCNc2ccc(Br)cn2)c1;Cc1ccc(CN(C)C(=O)Nc2ccc(Br)c(C)n2)cc1;CS(=O)(=O)CCN1CCOC(c2ccc(Br)cc2)C1;C#CCN(Cc1ccc(C)cc1)C(=O)c1sccc1S(C)(=O)=O;CN(C)C(=O)c1cccc(CCNc2ncccc2Br)c1;NC(=O)c1c[nH]c(C(=O)N2CCc3c(Br)cccc3C2)c1;COCC1(C(=O)O)CCCN1S(=O)(=O)c1ccc(C)cc1Cl;Cc1ccc(OCC(=O)NC(C)c2ccccc2)c(Br)c1;Cn1c(CS(=O)(=O)c2ccccc2)nnc1-c1ccc(Cl)cc1;COc1ccc(Br)c(S(=O)(=O)NCC2(C)CCC2)c1;Cc1ccc(CNC(=O)c2scnc2C)c(-n2cc(Cl)cn2)n1;N#Cc1cc(Br)ccc1N1CCCN(C(=O)C2CC2)CC1;COc1cc(Nc2nc(C)nc3c2cnn3C)ccc1Br;Cn1nccc1C(=O)N1CCC(c2cccc(Br)c2)CC1;COc1ccc(C(=O)NC2(c3cccc(Br)c3)CC2)nn1;Cc1c(Cl)cc(C(=O)O)cc1S(=O)(=O)N1CCC(C)C1CO;Cn1ccnc(N2CCC(c3cccc(Br)c3)CC2)c1=O;Cc1oc(-c2ccccc2)nc1CS(=O)(=O)c1cccc(Cl)c1;Cc1n[nH]c(=O)c(C(=O)N2CCc3ccc(Br)cc32)c1C
m_0c4e10,CN(CCN1CCOCC1)C(=O)C1CCC(Nc2cnccn2)CC1;CC(C)c1cc(C(=O)N2CCC(C)(N3CCOCC3)CC2)cc(O)n1;CC(C)C(=O)N1CCC(NCc2ccc(OCC(N)=O)cc2)C(C)C1;CCOc1ccc(C(=O)NC2CCN(CCN3CCOCC3)C2)cc1;CCOc1cccc(CC(=O)N2CCN(C3CCOCC3)CC2C)n1;CC(NC(=O)CC1CCCCC1)C(=O)NCCn1cnnc1C1CC1;CCC(CC1CCCC1)C(=O)N(C)Cc1nnc2n1CCN(C)C2=O;Cc1n[nH]c(C)c1CCC(=O)N1CCN(C2CCCCNC2=O)CC1;CC(C)C(C)(CO)NC(=O)NC1CCN(C(=O)c2ccccc2)CC1;CC(C)CN1CC(C(=O)N2CCC(Cc3nncn3C)CC2)CC1=O;CC12CCC(=O)C=C1CCC1C2CCC2(C)C(c3cccnc3)=CCC12;Cc1ccncc1CNc1ccc(Cc2nnc3n2CCCCC3)cc1;CC(C)c1cc(C(=O)N2CCCC(CC(C)(C)C(N)=O)C2)cc(O)n1;CCC(C)(OC)C(=O)N1CCc2nc(N3CCN(C)CC3)ncc2C1;CCN(Cc1ccc(OC)cc1)C(=O)NCC1CCC(C(N)=O)CC1;CCn1ccnc1C1CCCCN1C(=O)C1CCC(C(=O)OC)CC1;CNC(=O)CN1CCC(NC(=O)CCCOc2cccc(C)c2)CC1;O=C(NC1CCN(C2CCCC2)CC1)N1CCC(C(F)(F)F)CC1;COc1cc2c(cc1OC)CN(CCNC(=O)C1CCCC1N)CC2;O=C(NCCc1nnc2n1CCCCC2)N1CCC2(CCCOC2)C1;COCCN1CCCC(NC(=O)C2CCN(c3cnccn3)CC2)C1;COC1CC(C(=O)NCc2ccnc(N3CCN(C)CC3)c2)N(C)C1;CCn1ccnc1CN1CCCN(C(=O)C2(C(=O)NC)CCC2)CC1;Cc1ccc(NCc2cn(C)nc2-c2cccnc2)cc1N1CCCC1;CCc1cc(N2CCC(NC(=O)C3CC(OC)CN3C)CC2)ncn1
m_0cc9ea,O=C(c1ccc2nc[nH]c2n1)N1CCOc2ccc(Br)cc2C1;CN1C2CCC1CN(C(=O)c1ccc(CS(=O)(=O)C(F)F)cc1)CC2;O=C(NC1(CO)COc2ccccc2C1)C1CC(=O)N(CC(F)(F)F)C1;CC(=O)N1CCC(NS(=O)(=O)c2c(C)sc3ccc(Cl)cc23)C1;Cc1cc(C(F)(F)F)nc2sc(C(=O)c3ccc(F)cc3F)c(N)c12;CCS(=O)(=O)Nc1ccc(NC(=O)c2ccc(Cl)cc2Cl)cc1;COc1c(Cl)ccc2oc3cc4c(c(OC)c3c(=O)c12)C1C=COC1O4;Cc1ccc(-c2ccncc2)cc1NC(=O)c1ccnc2c(C(N)=O)cnn12;Cc1cccc(S(=O)(=O)N2CCN(c3ccc4nnc(C)n4n3)CC2)c1;Cc1ncsc1CN(C)S(=O)(=O)c1cc(Cl)c2c(c1)CC(C)O2;O=S(=O)(c1ccc(C(F)(F)F)nc1)N1CCOCC1c1ccccc1;O=C(O)C(CNC(=O)C1CC(=O)N(CC(F)(F)F)C1)Cc1ccccc1;COc1ncccc1NC(=O)c1cnn(-c2cccc(Br)c2)c1;CN(C)C(=O)c1cccc(C(=O)NC2CCCOc3cc(Cl)ccc32)c1;O=C(Cc1noc2ccccc12)NCc1cc(Cl)c2c(c1)OCCCO2;NC(=O)C1CCN(CC(=O)NCC(=O)Nc2ccc(F)c(F)c2F)CC1;CCCOc1ccc(Br)cc1S(=O)(=O)n1nc(C)cc1C;OCC1c2ccccc2CCN1Cc1cn(-c2ccc(F)c(Cl)c2)nn1;CN(C)CCN(CC(=O)O)C(=O)c1cc(Br)c2c(c1)OCO2;Cc1ccc2c(CSc3nnc(C)n3CC(=O)N(C)C)cc(=O)oc2c1;COCCNc1oc(-c2ccccc2C)nc1S(=O)(=O)c1ccccc1;Cc1nc2cc[nH]n2c(=O)c1CC(=O)NC1CCOc2c(Cl)cccc21;COc1cc(Cc2noc(CCc3ccccc3)n2)ccc1S(C)(=O)=O;Cc1cc(Cl)c(C)c(S(=O)(=O)Nc2ccccc2C(N)=O)c1Cl;Cc1c(S(=O)(=O)Nc2ccccc2C#N)cnn1-c1ccccc1Cl
m_0d08be,NC(=O)N1CCC(NCc2ccc(F)c(C(F)(F)F)c2)CC1;Cc1cccc2nc(N3CCN(CCC(=O)O)CC3C)sc12;CCC1CN(C(=O)Cn2cnc3ccc(F)cc3c2=O)CCO1;CC1SCCN(CC(=O)N2CCNC2=O)C1c1ccccc1;CC(CN(C(=O)C1SCCc2ccccc21)C1CC1)C(=O)O;CC1CCCN(S(=O)(=O)c2cccc3cccnc23)C1CN;CNc1ccccc1C(=O)N1CCc2c([nH]c3ccccc23)C1=O;Cc1nc(C)c(CCNC(=O)NC(C)c2cccc(O)c2)s1;CCn1cnnc1CNC(=O)C1CC(=O)N(CC(F)(F)F)C1;CCN1CCN(C(=O)c2cc3c(OC)ccc(F)c3[nH]2)CC1=O;Cc1cc(F)ccc1N1CCCC(N2C(=O)CN(C)C2=O)C1=O;Cn1ncc(CS(=O)(=O)c2ccc(C3CCCCC3)cc2)n1;CCOC1CC(O)C12CCN(c1ncnc3sccc13)CC2;COc1ccccc1-c1nnc(SCC(=O)C(C)(C)C)n1C;N#Cc1cccc(CN2CCCN(S(=O)(=O)C3CC3)CC2)c1;CCN1CC(C(=O)NCC(n2cncn2)C(F)(F)F)CC1=O;CN1C(=O)CCC1CC(=O)NCC(n1cncn1)C(F)(F)F;CCCC1(COC)CCCN1C(=O)c1nc2cnccc2s1;COc1nc(CNC(=O)c2ccoc2)nc(N2CCOCC2)n1;CC(C)(c1nc(Cc2nncn2-c2ccccc2)no1)C(F)F;O=C1CC(c2nc(C3CC3)no2)CN1c1cccc2ccccc12;Cn1cc(S(=O)(=O)N2CCC(c3ccccc3)C2(C)C)cn1;Cn1ccc(C(=O)Nc2ccc(Cc3ccncc3)cc2)cc1=O;Cc1cc(S(=O)(=O)NC(C)CCc2ccccc2)cnc1N;CNC(=O)c1cccc(NC(=O)c2ccc3ncccc3c2)c1C
m_0d2197,Nc1nccnc1C(=O)NC1CC(N(CC(=O)O)CC2CC2)C1;COc1cc(C(=O)NCCCn2ccnc2)cc(OC)c1OC;CN1CCN(c2ncc(CNc3ccc(F)cc3F)cn2)CC1;Nc1ncc(-c2ccnc(Nc3ccncc3)n2)c(CC2CC2)n1;CCn1cc(OC2COCC2NC(=O)Cc2ccnn2C)cn1;CC(C)Cc1noc(CNc2cc(F)ccc2OCC2CC2)n1;COCc1ccc(C(=O)NC2CC(Cn3ccnc3)CC2O)o1;Cn1cc(OC2COCC2NC(=O)CCc2ccnn2C)cn1;CC(Cc1nc(COc2ccccc2F)no1)C1CCNCC1;CC(C)Cc1noc(CNc2ccc(F)cc2OCC2CC2)n1;Cc1cc(C)c(NC(=O)Cn2ccc(-c3ccccc3)n2)c(C)c1;CC1=C(C(=O)N2CC3OCCN(C)C3C2)Cn2nnnc2N1C;Cc1c(C2OCCC2NCCOc2cccc(F)c2)cnn1C;COCc1nc(C)cc(N2CC(OC)CC2c2nc(C)no2)n1;Cn1cc(C2CN(CCOc3ccccc3F)CC2CO)cn1;CN1CCCC(CNc2ccncc2Cl)C1c1cncn1C;CNC(=O)C1CC(=O)N(C2CN(c3cc(COC)ncn3)C2)C1;CCOc1cc(N2CCCC(O)(Cc3nc(C)no3)C2)ncn1;OCc1cccc(OCc2cn(CC3(O)CCCOC3)nn2)c1;O=C(NNC1=NC2(CCCC2)Cc2ccccc21)c1ccccc1;CC1CC(c2ccccc2F)N(C(=O)CN2CCNCC2=O)C1;O=C(O)c1cccc(N2CCCC(C(=O)N3CCOCC3)C2)n1;CCn1cc(OC2COCC2NC(=O)Cc2cnn(C)c2)cn1;COc1cc(F)cc(CNC2CCOC2c2cn(C)nc2C)c1;CCn1cc(NC(=O)N2CCCc3ccccc32)c2ccccc21
m_0d3550,COc1ccc(OC)c(CN(C)C(=O)C(N)C(C)(C)C)c1;OC(CN1CCOCC1)CN1CCC(c2ccn[nH]2)CC1;CCC1CCCN1C(=O)C(=O)NC1C2CCOC2C1(C)C;Cc1cc(CN2CCN(CCC(=O)NC(C)C)CC2)on1;CCCCCCCC=CC(=CC=CC(=O)O)COC(C)=O;CC(C)(C)c1csc(CN2CCC(O)CC23CCC3)n1;O=C(NCC1C2CC3CC(C2)CC1C3)NC1COCC1O;COCCC(CO)NC(=O)NC(C)c1c(C)cccc1C;Cc1cc(C(=O)Nc2ccc3c(c2)CCC3)c(C)n1C1CC1;COc1ccc2c(c1)C(NCC(O)CN(C)C)CCCO2;Cc1nsc(N2CCC3(CCC(N(C)C)CC3)CC2)n1;Cc1ccc(NC(=O)C(C)N2CCc3ccccc3C2)cc1;Cc1cncc(CNC2CC3(CCC3)Oc3ccccc32)c1;CCC(CC)CNC(=O)N1CCC(c2nc(C)no2)CC1;Cc1nn(C)c(C)c1CC(C)NC(=O)NC1CCCOC1;Cc1ccc(C(=O)N2CCC(c3ccccc3)CC2)c(C)n1;CC(C)CCN1C(=O)CC(N2CCC3(CCOC3)C2)C1=O;CC(Oc1cccc(F)c1)C(=O)NCC1(C)CCNCC1;CC1(C)CC(NCC(=O)Nc2ccccc2F)C(C)(C)O1;CN(C)c1noc(CN2CC(C)(C)OC3(CCCC3)C2)n1;COc1ccccc1OCCN1CCCC(NCCO)C1;CC1CC(CNC(=O)NCCc2cccc(F)c2)CCO1;O=C(Nc1ccccc1Cc1ccccc1)C1CCNCC1;c1ccc(-c2cc(NC3CCN(C4CC4)CC3)ncn2)cc1;CC1OCCNC1C(=O)NCC(C)(C)c1ccccc1F
m_0d463f,O=C(Nc1nnc(-c2ccsc2)s1)N1CCCc2occc2C1;O=C(O)C1CCCN1C(=O)c1ccc(Oc2ccncc2)c(Cl)c1;Cc1cccc(Cl)c1S(=O)(=O)NC1CCN(CC(=O)O)CC1;COc1cccc2c1OCC(C(=O)NCc1nc(C(=O)O)cs1)=C2;COc1c(O)c(OC)c2oc(-c3ccc(O)c(O)c3)cc(=O)c2c1O;Cc1nc(-c2cccs2)sc1CNC(=O)Cc1ccccc1F;CC(=O)CSc1nnc(C)c2c(C)n(-c3ccccc3Cl)nc12;COc1ccc(-c2c(C)c3cc(Cl)c(O)cc3oc2=O)cc1OC;COc1c(O)ccc(O)c1-c1cc(=O)c2c(O)cc(O)c(OC)c2o1;Cn1cnnc1C1CCCN(c2ncc(Br)cc2C#N)C1;CS(=O)(=O)Nc1cc(C(=O)N2CCOCC2C(=O)O)ccc1F;NC(=O)c1ccc(NCc2nnc(-c3cccc(Cl)c3)o2)cc1F;COc1cc(-c2oc3c(O)c(O)cc(O)c3c(=O)c2OC)ccc1O;CC1CSc2ccc(Cl)cc2N(C(=O)c2cnn(C)c2C#N)C1;O=C(O)C1CC1C(=O)Nc1ccc(=O)n(Cc2ccccc2Cl)c1;COc1cc(-c2oc3c(OC)c(O)cc(O)c3c(=O)c2O)ccc1O;CN(Cc1ccc(F)c(F)c1)C(=O)c1csc(-c2cnccn2)n1;O=C1CCc2cc(NS(=O)(=O)c3ccc(C(=O)O)cc3)ccc2N1;Cc1nn2c(S(=O)(=O)N3CCSCC3)c(C(C)C)nc2s1;CC(=Cc1ccc(S(C)(=O)=O)cc1)c1nc2sccc2c(=O)[nH]1;CCOC(=O)C1CCCN1C(=O)c1sc(S(N)(=O)=O)cc1C;Cc1[nH]c2ccc(Cl)cc2c1C(=O)N1CCC(O)(C(F)(F)F)C1;CNS(=O)(=O)c1cccc(NC(=O)c2ccc3sccc3c2)c1;CCc1ncc(NC(=O)c2cc(Br)cnc2C2CC2)cn1;NC(=O)C1CCCN1c1ccnc(-c2ccc(Br)cc2)n1
m_0ea8a3,CC(NC1CCN(c2ccc(C#N)cn2)CC1)C(C)c1ccccc1;COc1cc(C(=O)N2CCCC(C(C)N)C2)ccc1OCC(C)C;COc1cccc(C(NC(=O)N2CCC(C(C)O)C2)C(C)(C)C)c1;CC1CCC(=CC(=O)N2CCC(C3OCCC3C(N)=O)CC2)CC1;CC(C)Oc1ccc(CCNC(=O)NC2CCC(CO)CC2)cc1;CC(O)C1CCN(C(=O)NCCOc2ccccc2C(C)(C)C)C1;CCc1noc(CC)c1CC(=O)N1CCCC(N2CCNC2=O)C1;CC(C)(O)CN1CCN(C(=O)c2ccc(CNC(N)=O)cc2)CC1;CCC1CN(C(=O)Cc2ccn(C(C)C)n2)CC1N1CCOCC1;O=C(O)C1CCC(Nc2cc(N3CCCC(CO)C3)ncn2)CC1;Cc1cc(C(=O)N2CCC(NC(=O)NC3CCCCC3)CC2)on1;CN1C2CCCC1CC(NC(=O)NCCNC(=O)c1ccco1)C2;CC(C)COc1ccc(C(C)NC(=O)N2CCC(C(C)O)C2)cc1;CCN1CCN(c2ccc(C(=O)N3CCC(N)CC3)cc2F)CC1;C=CCCC(=O)N1CCC2(CC1)CN(C(=O)C1CC1CC)CCO2;CCCn1c(C)nnc1CN1CCCC(O)(Cc2nc(C)no2)C1;O=C(NCCCN1CCCC1)C1CCN(c2ncccc2F)CC1;Cc1noc(CC2(O)CCCN(Cc3nnc(C(C)C)n3C)C2)n1;Cc1cccc(CN2CC(COCC(=O)N(C)C)OC(C)(C)C2)c1;CC1CC(C(=O)N2CC(c3cccc(F)c3)OCC2(C)C)CCN1;CSc1ccc(CNC2CCN(C(=O)CC(C)(C)C)CC2)cc1;Cc1ccc(OC2CCN(CC(O)CN3CCOCC3)CC2)cc1;O=C(CCC1CCCCC1)N1CCN(C(=O)Cn2cnnn2)CC1;CCOc1ccc(CC(=O)NCC2CCN(CCOC)CC2)cc1;CCN1CN(C(=O)C2CCCOC2c2ccnn2C(C)C)CC1=O
m_0ee46b,Cc1oc(C(=O)NC2(c3ccccc3)CC2(C)C)cc1CO;O=C(CC1C=CCC1)Nc1ccccc1CN1CCNC1=O;O=C(Nc1ccncc1F)N1CCC(Cc2ccccc2)C1;COCc1ccc(C(=O)N2CCC(Cc3ccccc3)C2)o1;Cc1nnc(CCC(=O)N(C)C2CCc3ccccc3C2)o1;CC1CC(c2cccc(F)c2)N(C(=O)Nc2cccnc2)C1;Cc1ccc(C2CC(C)CCN2C(=O)Nc2ccncc2)o1;Cc1cnc(C(=O)N(c2ccccc2F)C2CCCC2)cn1;Cc1[nH]c(=O)[nH]c1C(=O)NC1(c2ccccc2)CCCCC1;c1ccc(-c2nnc(CN3CCOC4CCCCC43)o2)cc1;O=C(c1ccccc1C1CCC1)N1CCN2C(=O)NCC2C1;CC1CN(C(=O)c2ccc(C(C)(C)C#N)cc2)CC1C(N)=O;NC1CC(O)C(CNC(=O)c2ccc(-c3ccccc3)[nH]2)C1;O=C(NCc1ccnc(OC2CCCC2)c1)NCC(F)F;CCC(NC(=O)C1CC2C=CC1C2)(C(=O)O)c1ccccc1;CCC1CN(C(=O)c2cccc(=O)[nH]2)CCN1CC(F)F;COc1nc2ccccc2cc1CNCC1CCCNC1=O;CN(C)Cc1ccnc(NCc2ccc3c(c2)OCCO3)c1;O=C(NC1CC1c1cccc(F)c1)c1[nH]nc2c1CCCC2;Cn1nccc1C1OCCC1CNC(=O)C1C=CC=CC=C1;CCc1cc(NC(=O)C2CC2c2ccccc2OC)n(C)n1;CC(C)C1C(=O)NCCN1Cc1cc(-c2ccccc2)on1;COC(=O)C1(C(=O)NC2CC3CCCc4cccc2c43)CC1;COc1ccc(OC)c(C2CCCN2Cc2ncccn2)c1;CC(O)(CCc1ccccc1)C(=O)N1CCc2[nH]ncc2C1
m_0f05e7,COc1cccc(CNC(=O)c2cc(F)ccc2F)c1;COc1cccc(CNC(=O)c2ccsc2)c1OC;CNS(=O)(=O)N1CCN(C(=O)C2CCOC2)CC1;CCCC(=O)NCc1c(Cl)cccc1-n1ccnc1;NS(=O)(=O)C1CCCN(C(=O)N2CCOCC2)C1;O=C(Nc1ccc2[nH]ccc2c1)c1cnn2cccnc12;O=C(NCc1nc2ccccc2s1)C1CC(O)CN1;O=C(O)C(Cc1ccc(O)c(O)c1)NCc1ccco1;CCC(CO)NC(=O)c1csc(-c2ccccn2)n1;Cc1csc(C2CCCCN2C(=O)c2ccon2)n1;CC(C)CS(=O)(=O)CC(=O)N1CCC(C(=O)O)C1;C=CCNS(=O)(=O)c1ccc2cc(OC)ccc2c1;COC1CN(C(=O)c2csc3ccccc23)CC1O;O=C(c1ccccc1F)N1CCC(O)(C(F)(F)F)C1;O=C(O)C1CCCN1C(=O)C1COc2ccccc2O1;CCC(C)(NC(=O)Nc1cccnn1)c1nccs1;O=C(c1c[nH]nc1-c1c(F)cccc1F)N1CCCC1;O=c1sc2c(n1Cc1noc(C3CC3)n1)CCCC2;CC(C)S(=O)(=O)CC(=O)N1CCCC1(C)C(=O)O;CCOc1cc(S(=O)(=O)NCC(C)O)ccc1F;O=C(CN1CCSc2ccccc21)N1CCNC1=O;CCc1nc(C2CCCN2C(=O)c2ccsc2)no1;Cc1noc(CCNC(=O)c2cc3c(s2)CCC3)n1;O=C(c1cc(-c2cccs2)n[nH]1)N1CCCC1CO;CC(=O)N1CCCC(c2nc(-c3ccsc3)no2)C1
m_0fe9d9,CC(C)(C)c1nsc(NC(=O)c2cccc(F)c2)n1;O=C(NC1(CO)CCOC1)c1cc(F)cc2ccoc12;CCC(CO)NC(=O)c1ccc(F)cc1C(F)(F)F;CCN(CCC(=O)O)C(=O)C1CSc2ccccc21;CC1(C(=O)O)CCN(C(=O)c2sccc2C2CC2)C1;Cn1c(-c2ccc3c(c2)OCO3)cc(=O)c2ccccc21;c1ccc2c(c1)ccc1nc3c(ccc4ccccc43)cc12;O=S(=O)(c1cccc(-c2nnco2)c1)N1CCCC1;CNC(=O)c1ccc(-n2cnc3ccccc3c2=O)cc1;Cc1[nH]ncc1S(=O)(=O)N1CCOc2ccccc21;O=C(COc1cccc2c(=O)[nH]ccc12)c1ccccc1;O=c1cc(-c2nc(-c3ccccc3)no2)cc(C2CC2)[nH]1;Cn1cc(C=Cc2ccc3cc(C(=O)O)ccc3n2)cn1;N#Cc1ccc(OC2CN(C(=O)c3cccnc3)C2)cc1;CC(NC(=O)c1cn(C)nc1-c1cccs1)C(=O)O;O=C1N=C(N2CCOCC2)CN1c1ccc(Cl)cc1;Cc1ccc(NS(=O)(=O)c2ccccc2F)c(C)c1;CC(CNC(=O)C1SCCc2ccccc21)C(=O)O;CC(C)n1nccc1C(=O)Nc1ccc(O)c(Cl)c1;CCCn1nccc1C(=O)Nc1cc(C(=O)O)cs1;Cc1cccc(C)c1NS(=O)(=O)c1ccc(F)cc1;Cc1cc(C(=O)NCc2ccc(C(=O)O)s2)n(C)n1;CN(Cc1csc2ccccc12)CC(C)(O)C(=O)O;CCn1nc(C)cc1C(=O)Nc1cc(C(=O)O)cs1;O=C(c1ccsc1)N1CC2CCCCC2(C(=O)O)C1
m_108fdb,CCCCCn1cc(C(=O)c2cccc3ccccc23)c2ccccc21;CC1(C)C(=O)Nc2cc(C(=O)NC3CCC(=O)NC3C3CC3)ccc21;Cc1c(C(=O)OCC2CC(=O)N(c3ccccc3)C2)cnn1C(C)C;O=C(NC1CC(Cn2ccnc2)CC1O)c1cccc2c1CCOC2;CC(C)CC1C(=O)NCCN1C(=O)Cc1cc2ccccc2c(=O)[nH]1;Cc1n[nH]c(C)c1CCC(=O)N1CCCC1c1ccc2c(c1)OCO2;Cn1nc2c(cc1=O)CN(C(=O)C(C)(O)CCc1ccccc1)CC2;O=C(NC1CCCNC1=O)C1CC(=O)N(c2ccc3c(c2)CCC3)C1;O=C(O)CCC1CCCN(C(=O)Cc2ccc(-n3cccn3)cc2)C1;O=C(NC1CCC(C(=O)N2CCSCC2)CC1)N1CCOCC1;CC(NCc1noc2c1CCCC2)c1cccc(N2CCOC2=O)c1;COc1ccccc1C1(CNC(=O)Cc2ccc(F)cc2)CCCC1;O=C1NCCN1C1CCCN(S(=O)(=O)CC23CCC(CC2)C3)C1;COc1cc(CNC(=O)c2ccc(C)c(N3CCOCC3)c2)ccn1;CN1C(=O)CCc2cc(NC(=O)C3CC(=O)N(CC4CC4)C3)ccc21;CCn1cc(NC(=O)NC(c2ccc(OC)cc2)C2CC2)ccc1=O;Cc1ccc(-c2cc(C(=O)N3CCC(C)(C(=O)O)CC3)n[nH]2)c(C)c1;Cc1cc(C)n(Cc2ccc(C(=O)N3CCCCC3C(=O)O)cc2)n1;COC(=O)C1CCc2nnc(C3OCCC3c3ccccc3)n2CC1;CCn1nc(C)c(C(=O)N2CCC(C(=O)O)(c3ccccc3)C2)c1C;Cc1cc(C#N)ccc1C(=O)N1CCC(C2CCC(C(N)=O)O2)CC1;COc1ccc(C(=O)NC2CCOC2c2cnn(C)c2)cc1C1CC1;COc1ccc2c(c1)CCCN2C(=O)c1n[nH]c2c1CC(C)OC2C;CC1CN(C)CCN1CCOc1ccc(S(=O)(=O)N(C)C)cc1;O=C(c1ccnc(OC2CCC2)c1)N1CCN(Cc2ccco2)CC1
m_12945e,O=C(NC1CCCC1)c1cccnc1OCc1ccccc1F;CCCOc1ccc(-c2noc(-c3cc(C)[nH]n3)n2)cc1OC;CCN1CCCN(S(=O)(=O)Cc2cccc(F)c2)C(C)C1;CCS(=O)(=O)CCN1CCN(Cc2ccccc2F)CC1;CC(Cc1ccccc1F)NCC1CCCN1S(C)(=O)=O;Cc1ccc(F)cc1C(=O)NCc1ccnc(OCC2CC2)c1;CCC(NCC1CCCN1S(C)(=O)=O)c1ccccc1F;CC1CCN(c2nc(C(F)(F)F)nc3[nH]cnc23)CC1CN;O=C(c1cncc(O)c1)N1CCCCC1c1noc(C2CC2)n1;Cc1oc(NC(=O)CN2CCn3c(C)nnc3C2)c(C#N)c1C;Cc1nnc(-c2ccc(C(=O)N3CCCC(C(=O)O)C3)cc2)[nH]1;O=C1C(Nc2cccc(CO)c2)CCCN1c1cccc(F)c1;Cc1ccncc1C(=O)N1CCCCC1c1[nH]ncc1C(=O)O;Cc1nc2cc(=O)[nH]n2c(C)c1CC(=O)NCCc1ncc[nH]1;Cc1ccc(NC(=O)c2cnc[nH]2)cc1C(=O)N1CCOCC1;CC(NC(=O)C1CCCC(=O)N1)c1ccc(-c2nn[nH]n2)cc1;CC(C)Cc1cc(C(=O)N2CC(F)(F)CC2CO)cc(O)n1;CCCn1nc(C)c(C(=O)Nc2ccc3oc(=O)[nH]c3c2)c1C;CNC(=O)c1ccc(CN(C)C(=O)Cc2ccccc2F)cc1;CCOc1ccnc(N2CCN(S(=O)(=O)CC)CC2C)n1;CC(CNS(=O)(=O)c1ccc(F)cc1)CN1CCCCC1;CCc1nc(O)c(C(=O)N2CCC(O)(C(F)F)CC2)cc1C;CC1(C(=O)O)CCCN(C(=O)c2ncn(-c3ccccc3)n2)C1;O=C(Nc1cccc(COc2cccc(F)c2)c1)C1CCNC1;CC(C(=O)N1CCCC(CNS(C)(=O)=O)C1)n1cccn1
m_13152b,Cc1cn(C2CCOCC2)nc1C(=O)NC(C(=O)O)c1ccccc1;CCn1nccc1C1OCCC1CNC(=O)c1cccc(C(=O)O)c1;Cn1ncc(C(=O)O)c1C(=O)NCC1(c2ccccc2)CCCCO1;CCCCN1CCC(NS(=O)(=O)c2cc(C(=O)O)n(C)c2)CC1;COc1cccc(CC(NC(=O)c2cnc3n2CCCC3)C(=O)O)c1;CN(CC(=O)O)C1CN(C(=O)c2ccc(-c3ccccc3)[nH]2)CC1O;Cc1cc(NC(=O)c2cnn(C3CCOCC3)c2C)ccc1C(=O)O;COCc1cccc(CN2C(=O)CC(C(=O)O)C2c2cnn(C)c2)c1;Cc1nc(C2CCN(S(=O)(=O)CCC(C)C)CC2)[nH]c1C(=O)O;O=C(c1c[nH]nc1C1CCOC1)N1CCOC(c2cccc(O)c2)C1;CC1CC(C(=O)O)CN(C(=O)Cc2nn(C)c(=O)c3ccccc23)C1;CC(C)n1cc(S(=O)(=O)N2CCCCC2CCCC(=O)O)cn1;CN(CC(=O)N1CCC(C(=O)O)CC1)C(=O)c1cccc(CC#N)c1;O=C(CCCc1nc2ccccc2c(=O)[nH]1)NC1(C(=O)O)CCCC1;O=C(NCc1cccc(COC2CCOCC2)c1)c1ccc(F)cc1;CCN(CC(=O)O)C1CC(NC(=O)c2cccc(-c3cnco3)c2)C1;CNC(=O)CCN(C)C1CCN(c2ccc(C(F)(F)F)cc2)C1=O;CCOc1ccc2c(c1)C(NC(=O)c1cnc(CC)[nH]c1=O)CCO2;CCC(CNC(=O)c1c(C)c(C)n[nH]c1=O)(C(=O)O)c1ccccc1;NC(=O)C(CNC(=O)N1CCC(F)(F)CC1)Cc1ccc(F)cc1;NC(=O)C1CCOC1C1CCN(c2ccnc(C(F)(F)F)c2)CC1;O=C(NCc1cn(CCO)c(=O)[nH]c1=O)c1ccc2c(c1)CCCC2;CC(=O)c1cccc(NC(=O)c2ccccc2CCc2ccccc2)c1;CCOC(=O)c1cc(NC(=O)Nc2cccc(OC)c2)c(C)nc1C;O=C(O)CCN(C(=O)c1ccc(-n2ccnc2)cc1)C1CCOCC1
m_134d4a,COc1cc(CNC(=O)NC2c3ccccc3CC2O)ccn1;O=C(O)Cc1ccc(C(=O)NC2CCCC2n2ccnc2)cc1;CS(=O)(=O)CCn1ccc(NC(=O)C2CCCCCC2)n1;O=C(O)C1CCCCN1C(=O)c1ccc(Cn2ccnc2)cc1;CN(Cc1ccc2c(c1)OCO2)C(=O)C1CCc2cncn2C1;O=C(O)CCC1CCCN(C(=O)c2ccc3nccnc3c2)C1;CC(C)N1CC(C(=O)Nc2ccc(-c3cnco3)cc2)CC1=O;Cc1oc2ccccc2c1C(=O)N1CCC2C(C1)NC(=O)N2C;Cn1cnc2cc(C(=O)N3CC(C(=O)O)C(C4CC4)C3)ccc21;O=C(c1c[nH]nc1-c1ccccc1)N1CCOC2(CCOC2)C1;N#Cc1cccc(CN2C(=O)CCC2C(=O)N2CCOCC2)c1;CN(C(=O)c1cccc(NC(=O)c2ccco2)c1)C1CCNC1;Cc1nccn1C1CCCN(C(=O)CS(=O)(=O)C(C)C)C1;Cn1ccc(CN2CCCCC2CNS(C)(=O)=O)cc1=O;Cc1cnn(CC2CN(C(=O)c3cccc4c3OCCO4)C2)c1;CC(C)Cn1cc(C(=O)N2CCC(C)S(=O)(=O)CC2)cn1;CCCCS(=O)(=O)N1CCC(c2nnc(C3CC3)o2)CC1;Cn1cc(C(=O)Nc2ccc(OC(=O)C3CCCC3)cc2)cn1;CCn1cc(C(=O)Nc2ccc(CC(=O)O)cc2)c(C2CC2)n1;O=C1NCCCC1N1CCOC(C(=O)N2CCSCC2)C1;NC(=O)c1c[nH]c(C(=O)N2CCC(Oc3ccccc3)CC2)c1;COC(=O)N1CCc2nn(Cc3ccc(C)cc3)c(=O)cc2C1;CCS(=O)(=O)NC1CCCN(Cc2ccn(C)c(=O)c2)C1;CC1(C(=O)O)CCN(C(=O)Cc2ccc(-n3cccn3)cc2)C1;Cc1c(C(=O)NCC(C)(C)C)cnn1C1CCS(=O)(=O)C1
m_145679,CCOC(=O)N1CCN(S(=O)(=O)NC2CCCCC2)CC1;NC(=O)c1ccccc1NC(=O)CN1CCOC2COCCC21;Cc1cnn(CC2CC2)c1NC(=O)CCc1cc(F)ccc1F;CC(=O)N1CCN(S(=O)(=O)C(C)C(=O)N(C)C)C(C)(C)C1;O=C(O)c1cccc(N2CCCC(C(=O)N3CCOCC3)C2)n1;OC1(CC#CCN2CCOCC2)c2ccccc2-c2ccccc21;Cc1ccc(-n2nnnc2SCCN2CCOC(C)C2)cc1;Cc1nc2ncnn2c(NC2CCOC3(CCSC3)C2)c1C;COc1ccc(OC(C)C(=O)N2CCN3C(=O)NCC3C2)cc1;Cc1cc(N)n(-c2ncnc3c2cnn3-c2cccc(C)c2C)n1;CC1(C)Cc2cccc(OCCNC(=O)C3CNC(=O)N3)c2O1;CNC(=O)C12CCOCC1CN(C(=O)c1cc(C)nc(O)c1)C2;Cc1n[nH]c(C)c1C1CCCN1C(=O)Cc1ccc(F)c(F)c1;Cc1n[nH]c(C)c1CC(=O)N1CCC(F)(c2ccccc2F)C1;CSC(C)CC(=O)N1CCC(Nc2ccc3nccn3n2)C1;Cc1ccc(CC(=O)NC2CCCCN(CC(=O)O)C2=O)cn1;Cc1ccncc1CC(=O)NC1CCCCN(CC(=O)O)C1=O;COc1ccccc1N1CC(C(=O)NC(C)(C)C(N)=O)CC1=O;Cc1nc2cncc(N3CCN(c4ccc(C#N)cc4)CC3)n2n1;COCc1nc(C)cc(N2CCN(c3nc(C)cs3)CC2)n1;Cc1nn(C)c(C)c1C(=O)N1CCC(F)(c2ccc(F)cc2)C1;Cc1cc(C(=O)Nc2nnc(CC3CCCCC3)s2)n(C)n1;Cc1cc(C)n(-c2ccc(NC(=O)C3(F)CCCC3)cc2F)n1;Nc1cc(C(=O)N2CCOCC2)cc(C(=O)N2CCOCC2)c1;FC(F)c1cccc(CN2CCC(Oc3cnccn3)CC2)c1
m_153108,O=S(=O)(Nc1ccc2c(c1)OCCO2)c1ccc(Cl)cc1F;CC(C)OC1CN(C(=O)Nc2cn(C)cc(Br)c2=O)C1;COc1cc(F)cc(F)c1S(=O)(=O)Nc1ccc(C(=O)O)cc1;COc1ccc(S(=O)(=O)Nc2c(C)cc(Cl)cc2C)c(F)c1;Cn1nc(C(=O)N2CCOc3c(Cl)cccc32)cc1OC(F)F;O=C(O)Cc1ccc(NS(=O)(=O)c2cc(F)cc(Cl)c2)cc1;Cc1c(NC(=O)C2COCCO2)cc(Br)cc1C(=O)O;CNC(=O)c1cc(S(=O)(=O)Nc2ccc(OC)c(Cl)c2)c[nH]1;CC(C)OCC(=O)Nc1nn(CC(F)(F)F)cc1Br;COc1cc(C(=O)N(CCC(=O)O)C(C)C)ccc1Br;FC(F)(F)c1nnc(NCc2csc(-c3ccccn3)n2)s1;N#Cc1ccc(N2CCOC(c3ccccc3Br)C2)cn1;CCN(C(=O)c1cnc(-c2ccncc2)s1)c1ccccc1Cl;Cc1ccc(Br)c(S(=O)(=O)NCc2cnn(C)c2)c1;O=S(=O)(Nc1nc2ncccn2n1)c1c(Cl)cccc1Cl;Cc1c(Br)cccc1S(=O)(=O)NCc1cnn(C)c1;Cc1cc(Br)ccc1S(=O)(=O)NCc1cnn(C)c1;O=C(CNS(=O)(=O)c1cc(Cl)ccc1F)Nc1cccnc1;Cc1cc(Br)cc(S(=O)(=O)NCc2cnn(C)c2)c1;CC(NC(=O)c1ccc(Cl)s1)c1ccc(S(C)(=O)=O)cc1;O=C(Nc1cc(-c2ccccn2)no1)c1ccccc1Br;COc1ccc(-c2nnc(SCCCO)[nH]2)cc1Br;N#Cc1ccc(N2CCOC(c3cccc(Br)c3)C2)cn1;N#Cc1ccccc1N1CCN(c2ncc(Br)cn2)CC1;CCn1cc(NS(=O)(=O)c2cc3c(cc2Cl)OCCO3)cn1
m_156305,CCn1nc(C)c(C(=O)N2CC3CCCC3(c3nnc(C)o3)C2)n1;Cc1c(C2C(C(=O)N(C)Cc3cc[nH]n3)CC(=O)N2C)cnn1C;CC(C)c1nc2c(n1C)CCN(C(=O)CCc1cncc(F)c1)C2;CC(C)n1cc(C(=O)NC2CC(=O)N(C)C2c2ccnn2C)cn1;CC(C=O)=CCCC(C)C1CCC(C)c2c(O)cc(C(=O)O)cc21;CCn1ccnc(N2CCC(c3cc(O)nc(N(C)C)n3)C2)c1=O;O=C(NCC1(c2ccc(F)cc2)CC1)C1CCCN1C(=O)C1CC1;O=C(CCN1CCC(Cn2cccn2)CC1)Nc1cccc(F)c1;CCc1nc(OC)ccc1NC(=O)C1Cn2c(C)nnc2CN1C;COCc1n[nH]c(C2CN(C(=O)Cn3cccn3)CC2C2CC2)n1;Cc1ccn(CC(=O)NC2CCOCC2Nc2ccnc(C)n2)n1;COCCN1C(=O)NC2CN(c3nccn4nc(C)cc34)CCC21;COC1CC(CNC(=O)Cn2ccnc2C)N(c2ccncn2)C1;CCOc1nccnc1N1CCC(N(C)C(=O)c2ccnn2C)C1;Cc1n[nH]c(C2CCC(CNc3ccc(C(=O)N(C)C)cn3)O2)n1;Cc1cc(C(=O)N(Cc2ccco2)C2CCN(C)CC2)ccc1F;O=C(c1[nH]nc2c1CCCC2)N1CCCC(O)(Cn2ccnn2)C1;CN(C)C(CNCc1ccc2c(c1)OCCO2)c1cccc(F)c1;CCC(Nc1nnnn1-c1ccccc1)C(=O)NCC1CCCO1;Cc1ccc(F)cc1C(=O)N(Cc1ccco1)C1CCN(C)CC1;CCn1nccc1C1NC(=O)CCC1NC(=O)c1cc(C)nn1C;Cc1c(C2C(C(=O)N(C)Cc3ncc[nH]3)CC(=O)N2C)cnn1C;COc1cc(C)nc(N2CCN(C(=O)C(C)n3ccnc3)CC2)n1;CNC(=O)NC(=O)CCCN1CCN(c2cc(C#N)ccn2)CC1;CC(C)c1nccn1CC(=O)N1CCN(c2ccccc2F)CC1
m_15dab4,CNCC1CCN(C(=O)c2cc(C)n(-c3ccc(Br)cc3)n2)C1;O=C1C(NS(=O)(=O)c2c[nH]c3ncccc23)CCCN1CC(F)(F)F;O=C1CCCc2cc(S(=O)(=O)N3CCC(C(F)(F)F)CC3)ccc2N1;COc1cc(C(=O)N2CCCC(C(=O)O)C2)ccc1OCc1cscn1;O=C(CN1C(=O)CCC1=O)N1CCN(c2nc3c(F)cccc3s2)CC1;COc1ccc(C(=O)O)cc1S(=O)(=O)Nc1ccc2c(c1)CCC(=O)N2;Cc1ccc2oc(-c3cc(N=C(O)Cc4ccccc4)ccc3Cl)nc2c1;Cc1ccc2oc(-c3cc(NC(=O)Cc4ccccc4)ccc3Cl)nc2c1;CC1C(=O)NCCCN1C(=O)c1cc(Cl)ccc1Oc1ccc(F)cc1;Cc1c(-c2nn3c(-c4cccc(F)c4)nnc3s2)cnn1-c1ccccc1;O=C(c1cnc(-c2ccco2)s1)N1CCOC(c2ccc(F)cc2F)C1;CC(=O)NC1CCCN(C(=O)c2cc(C)c(-c3cccc(Cl)c3)s2)C1;CC1CN(CCOc2ccc(C(=O)O)cc2Cl)CCN1S(C)(=O)=O;Cc1cc(C(=O)NC(C)c2ccc(Cl)cc2Cl)c2c(C)nn(C)c2n1;Cn1cc(C2OCCC2NS(=O)(=O)c2ccc(C(F)(F)F)nc2)cn1;CC(=O)N1CCc2cc(S(=O)(=O)N3CCOc4cccc(F)c43)ccc21;Cc1ccc(C(=O)N2CCOC(CN(CC(=O)O)S(C)(=O)=O)C2)s1;O=C1CN2CCOC2(c2ccccc2F)c2cc(Cl)ccc2N1CCO;COC1CC(CN(C)S(=O)(=O)c2ccc(C(=O)O)cc2Cl)N(C)C1;O=C(CC1C=CCC1)Nc1ccc(=O)n(Cc2ccc(Cl)c(Cl)c2)c1;Cn1cc(C2CN(S(=O)(=O)c3ccc(C(F)(F)F)nc3)CCO2)cn1;O=S(=O)(Nc1cc(-c2cccnc2)[nH]n1)c1cccc(-c2ccccc2)c1;Cc1nn(C)cc1C1CCCN1C(=O)c1[nH]c2ccc(Cl)cc2c1Cl;CCCc1nc(CS(=O)(=O)c2nnc(C)n2Cc2ccccc2)cs1;Cc1cc(C(=O)N2CCn3c(CC(C)C)nnc3C2)ccc1Br
m_163bfd,Cc1nc(CNC(=O)NCc2ccccc2CC(F)(F)F)no1;CC(=O)Nc1cccc(NC(=O)C2(c3cccs3)CCCC2)c1;Cc1nc(CNC(=O)NC(Cc2ccccc2)C(F)(F)F)no1;Cn1cc(OC2CN(c3ncccc3C(F)(F)F)CC2O)cn1;CS(=O)(=O)c1ccc(OCCNC(=O)N2CCOCC2)cc1;NC(=O)c1ccc(NC(=O)CC2OCCc3ccccc32)cc1F;COc1ccc(C(=O)Nc2ccc(NC(=O)C3CC3)cc2)c(F)c1;c1cncc(-c2noc(CN3CCN(c4nccs4)CC3)n2)c1;CN1C(=O)c2ccccc2N(C2CCCC2)c2nc(Cl)ncc21;O=C(O)c1ccc(C(=O)N2CCCC2Cc2cccc(F)c2)cn1;CCc1sc(C(=O)Nc2ccc3c(c2)CCN3C(C)=O)cc1C;O=C1CCC(C(=O)NCc2ccccc2Oc2ccccc2F)N1;CC1CC(c2ccc(F)cc2)CN1C(=O)c1ccc(C(=O)O)nc1;COc1cc(C=NNC(=O)CSc2ccccc2C)ccc1C;COc1ccc(S(=O)(=O)N2CCN(C(C)=O)CC2)cc1OC;CCn1cc(S(=O)(=O)NC(C)(CC)c2nc(C)cs2)cn1;Cc1nc(N2CC(COc3cccnc3)C2)c(C#N)c(C)c1Cl;CN1CCN(c2nccn3cnnc23)CC1c1ccccc1Cl;CCOc1ccc2c(=O)c(Oc3ccc(F)cc3)c(C)oc2c1C;OC1CC(NCc2ccc(Cl)c3cccnc23)C1n1cccn1;CC(C)c1nc(CCNS(=O)(=O)CC2CC3(CC3)C2)cs1;Cc1nc(-c2cccc(NC(=O)Cc3cc(F)ccc3F)c2)n[nH]1;NC(=O)c1cccc2c1CCCN2C(=O)COc1ccc(F)cc1;Cn1cc(-c2cc(CN3CCc4c(Cl)cccc4C3)on2)cn1;CN(CC(=O)NC1CC1)C(=O)CSc1ccc2ccccc2c1
m_163da0,CN(c1cccnn1)C1CCN(C(=O)c2sccc2C2CC2)CC1;Cc1ccc(NC2CCN(C(=O)c3sccc3C3CC3)CC2)nn1;Cc1cc(C)c(C(=O)Nc2cccc(C(=O)OC3CCNCC3)c2)o1;CCC(C)(C#N)C(=O)N1CC(C)(c2nnc(-c3ccccc3F)o2)C1;O=C(O)CC1CCCN(C(=O)Cn2ccc(=O)c3ccccc32)CC1;CC(C)C1(C(=O)O)CCN(C(=O)Cn2ccc(=O)c3ccccc32)C1;O=C(O)CCC1CCCN(C(=O)Cn2ccc(=O)c3ccccc32)C1;CC(C)Oc1ccc(CNC(=O)NCc2ccc3c(c2)OCO3)cc1;COc1cc(=O)[nH]cc1C(=O)N1CCCC(CO)(c2ccccc2)C1;O=C(c1cc(-c2cccc(O)c2)on1)N1CCC(C2CCOC2)CC1;O=C1CCCN1c1ccc(NC2CCN(c3nccs3)CC2)cc1;Cc1ccc(-c2c(C(=O)CF)n(CCCO)c3ncnc(N)c23)cc1;O=C(Cc1cnccc1C(F)(F)F)N1CCOC2(CCCCC2)C1;Cc1ccc2nc(C)c(C(=O)NN=Cc3c[nH]c4ccccc34)cc2c1;CN1CCC2OCCN(C(=O)Cc3ccccc3C(F)(F)F)C2C1;Nc1nc(O)cc(C2CCN(C(=O)C3(c4ccccc4F)CC3)C2)n1;CCCc1cc(C(=O)Nc2ccc(OC3CCOC3)cc2)cc(=O)[nH]1;O=C(c1ccoc1)N1CCC(NCc2cccc3c2OCCO3)CC1;Cc1cc(C)n(-c2nc(-c3ccccc3)cc(-c3ccccc3O)n2)n1;NC(=O)CC1CCCCN1C(=O)c1ccc(CCC(F)(F)F)cc1;Cc1ccc(CNC(=O)c2cc(N3CCNC(=O)C3)ccn2)cc1F;Cc1cc(C)c(N2CCN(C(=O)c3ccc(Cl)cc3)CC2)c(C)c1;CCc1c(C(=O)Nc2cccc3ccccc23)cnn1-c1ccccn1;COc1ccc(CC(=O)N2CC(O)CC2c2cccc(OC)c2)nc1;CCn1nc(-c2ccccc2)cc(Nc2cccc3ncccc23)c1=O
m_1700bc,COc1ccccc1CNC1CCC(C(F)(F)F)N(C(C)=O)C1;COc1cccc(COC(C)C(=O)NCc2cccnc2OC)c1;CCC(Oc1cccc(C)c1)C(=O)N1CC(c2cc(CO)on2)C1;Cc1csc(C2CCCN(C(=O)c3ccnc(N(C)C)c3)C2)n1;COc1ccccc1CCC(=O)N1CC(N)CCC1C(F)(F)F;COc1cccc(C2CCN(CC(=O)NCC(F)(F)F)CC2)c1;CN1C(=O)CCC(C(=O)NCC(F)(F)CO)C1c1nccn1C;CC1CN(c2cc(N3CCCC3)ncn2)CC(c2ccsc2)O1;COc1ccc(CN2CCN(c3nnc(C4CC4)s3)CC2)cc1;COC(=O)c1ccc(CNC(=O)CC(C)c2c(C)noc2C)cc1;Cc1ccc(CNC(=O)N2CCCN(c3ccccn3)CC2)s1;COc1ccc(OC)c(-c2cc(C(=O)N(C)C3CCCC3)no2)c1;CN1CCC(O)(CNC(=O)c2ccc(Oc3ccccc3)o2)CC1;COc1cc2c(cc1CN(CC(N)=O)Cc1ccco1)OC(C)C2;CCOCc1ccccc1CNC(=O)C1CNCC1C(F)(F)F;CN(C)c1cccc(C(=O)Nc2ncc(C3CCNCC3)s2)c1;C=C1CC23CC1CCC2C12C=CC(O)C(C)(C(=O)O1)C2C3C(=O)O;CN(C)c1cc(C(=O)NCCc2nc3c(s2)CCCC3)ccn1;CCn1ccnc1C1OCCCC1Nc1nc2cc(F)ccc2o1;CN(C)Cc1ccc(CNC(=O)CCc2ccc(Cl)cc2)cc1;O=C1CCC(N2Cc3ccccc3OC3(CCOCC3)C2)C(=O)N1;Cc1cc(N2CCOC(c3nc(C)cs3)C2)nc(C2CCC2)n1;Cc1csc(C2CCCN(CC(=O)NCc3cccnc3)C2)n1;Cc1csc(C2(NC(=O)C3CCc4[nH]cnc4C3)CCCC2)n1;CCC(c1ccccc1)C1CCCN1C(=O)CSc1nnc[nH]1
m_1712db,CCNC(=O)c1ccc(NCC2CCOC2C(C)C)nn1;C=C(C)CNC(=O)NC(C)c1cc(OC)c(OC)cc1C;CCOc1ccc(NC(=O)N2CC(C)C(CN)C2)nc1C;CC(C)Oc1ccc(C(=O)N2CCC(CO)CC2C)nc1;CCc1noc(CN(C)C(=O)C2CC3CCCCC3N2)n1;CC(C)Cc1cc(C(=O)N(C)CC2CCCO2)cc(O)n1;CC1(C)CC2(CO1)CC(NC1COCC1n1ccnn1)C2;NC(=O)C1CCOC1C1CCN(C(=O)C=C2CCC2)CC1;CC(C(=O)NCC1CCC2(CCCCC2)O1)n1cncn1;COc1cc(C)c(CN(C)C(=O)C2CCNC2)cc1OC;CCN1CCCC1CNC(=O)c1ccc(OC)c(OC)c1;COc1nc(C)nc(N2CCCC(CC(N)=O)CC2)c1C;COCc1ccc(CNC(=O)N2CC(C)OC(C)C2)cc1;COc1ccc(OC)c(CNC(=O)N2CCCCCC2)c1;COc1cc(C(=O)N(C)C2CCNCC2)cc(OC)c1C;COC1(CNc2nccc(NC3CCCOC3)n2)CCC1;COC(=O)c1nccc(N2CCN(C)C(C(C)(C)C)C2)n1;COCC1(C(N)=O)CCCN1Cc1cc(C)ccc1OC;CCOc1ccccc1CN1CCN(CC(=O)O)C(C)C1;CC(C1=C(CCN(C)C)Cc2ccccc21)c1ccccn1;C=CCN1CCN(C(c2ccccc2)c2ccccc2)CC1;CN(C)C1(CNC(=O)c2occ3c2CCC3)CCOCC1;CCC(CNC(=O)N1CCOC(CO)C1)c1ccccc1;CNC(=O)C1(COC)CCCN1Cc1cccc(OC)c1;CNC(=O)COc1ccccc1CN(C)C1CCCC1O
m_1777b7,CCN(C1CCN(C(=O)c2ccc3cc[nH]c3c2)CC1)S(C)(=O)=O;COc1cccc(-c2noc(C3CC(=O)N(Cc4ccccc4)C3)n2)c1;CN(C)C(=O)c1cccc(NC(=O)Cn2ccc(=O)c3ccccc32)c1;Cc1c(C(=O)NCc2cccc(C(=O)O)c2)cnn1Cc1ccccc1;NS(=O)(=O)CC1CCN(C(=O)NC2C3Cc4ccccc4C32)CC1;CC(C)(CNC(=O)Cn1ccc(=O)c2sccc21)N1CCOCC1;CC(C)NC(=O)OC1CN(C(=O)C2CC(=O)Nc3cc(F)ccc32)C1;CS(=O)(=O)CCN1CCC(NC(=O)c2cc3ccccc3[nH]2)CC1;O=C(O)CC1CN(C(=O)c2cccc(OCC3CCCO3)c2)CCO1;O=S(=O)(c1c[nH]c2ncccc12)N1CCOC2(CCCCCC2)C1;Cc1cc(NC(=O)c2cccc(CN)c2)ccc1NC(=O)c1ccco1;O=C(c1ccncc1)N1CCOCC1c1ncn(Cc2ccccc2)n1;CC(=O)NCC(NC(=O)c1c[nH]c(=O)c2ccccc12)c1ccccc1;O=C(c1ccc(-c2ncn[nH]2)cc1)N1CCC(OCc2ccncc2)C1;Cc1oc(-c2ccccc2)c(C(=O)N2CCC(O)(C(F)F)CC2)c1C;C=C1CC(=CC)C(=O)OC2CC[N+]3([O-])CC=C(COC(=O)C1(C)O)C23;O=C(c1ccc(OC2CCOCC2)cc1)N1CCC(O)(C(=O)O)CC1;CC(C)(C)c1ccc(S(=O)(=O)Nc2cnn(C3CCOC3)c2)cc1;CCCS(=O)(=O)N1CCCn2nc(-c3cccc(OC)c3)cc2C1;C=C1CC(=CC)C(=O)OC2CCN3CC=C(COC(=O)C1(O)CO)C23;Cc1ccc(C(C)C)c(OCc2nnc3n2CCS(=O)(=O)CC3)c1;CCOc1ccc(S(=O)(=O)NCc2cnn3c2CCCC3)cc1C;O=C(c1cccc2ccc(O)nc12)N1CCC(OCc2ccncc2)C1;Cc1nc2cc(NC(=O)c3ccc(NC(=O)C4CC4C)cc3)ccc2o1;CCS(=O)(=O)c1ccccc1N1CCOC(Cn2cc(C)cn2)C1
m_1813a1,Cc1cc(C)nc(CN2CCOC(C)C2c2nc(C3CC3)no2)c1;CC1(C(=O)NC2C3CN(C(=O)C4CCCc5nccn54)CC32)CC1;CCC(C)NC(=O)c1ccc(NCc2nnc(C3CC3)o2)c(C)c1;Cc1n[nH]c(C)c1C1COCCN1C(=O)c1cccc(C(C)C)n1;COc1ccc(C#N)cc1CN1CCC2C(C1)NC(=O)N2C(C)C;Cc1cccc(C(=O)NCC2OCCN(C)C2c2cncn2C)c1;COc1cccc2c1CCN(C(=O)Nc1cnn(CC(C)C)c1)C2;Cc1cc2ncc(C(=O)N3CCOCC4(CCCC4)C3)c(C)n2n1;Cc1n[nH]cc1CNc1ccc(C(=O)N2CC(C)OC(C)C2)cc1;Cc1ccc(C(C)C)cc1OCC(=O)N1CCn2c(C)nnc2C1;CCn1nc(C)c(C(=O)N2CCC(c3cccnc3OC)C2)c1C;O=C(CN1CCC2CCCCC2C1)Nc1ccc2[nH]c(=O)[nH]c2c1;CC(C)CC1CN(C)CCN1C(=O)c1cc(-c2ccccn2)no1;CCC1CN(C)CCCN1S(=O)(=O)c1cn(CC(C)C)cn1;COC1CNC(C(=O)Nc2cnn(-c3cc(C)ccc3C)c2C)C1;CCCNC(=O)C1CCCN(C(=O)Cc2ccc3cn[nH]c3c2)C1;Cc1nnc2n1CCN(C(=O)COc1ccccc1C(C)(C)C)C2;Cc1ccc(C(=O)NCC2CC(c3nncn3C)CC2O)c(C)c1;O=C(O)CCCCN1CCC(c2nc(-c3ccccc3)n[nH]2)CC1;COCc1ccccc1C(=O)N1CCn2c(C(C)C)nnc2C1C;CN1CC2(CC3CCC(C2)N3c2ccnc(C3CC3)n2)OCC1=O;CC1CCN(c2nnc(-c3ccc4c(c3)OCCO4)n2C)CC1C;O=C1C2CCCN2C(=O)N1CCN1CCN(c2ccccc2)CC1;CCN1CCC2OCCN(C(=O)Cc3ccc4cn[nH]c4c3)C2C1;CC(C)N(C)C(=O)C1CCN(C(=O)c2cccc3[nH]ncc23)CC1
m_18f297,OC1CCN(c2ccccc2NCCOc2cccc(F)c2)CC1;CCC1CC(C(=O)Nc2cn(C)nc2-c2cnn(C)c2)CC(=O)N1;Cc1c(CNC(=O)C2CC2C2CCNCC2)oc2ccc(F)cc12;CN(C)C(=O)CN1CCC(NC(=O)c2ccc3nncn3c2)CC1;COc1ncccc1CCNC(=O)C1Cn2c(C)nnc2CN1C;Cn1c(C2C(C3CC3)CCN2C(=O)CCc2c[nH]cn2)n[nH]c1=O;CC1Cc2c(C(=O)NCc3cnc(N(C)C)nc3)n[nH]c2C(C)O1;O=C(c1ccn(C2CCCC2)n1)N1CCC(O)(Cn2ccnn2)C1;CCOc1nccnc1N1CCC(N(C)C(=O)c2ccnn2C)C1;CCc1nc(OC)ccc1NC(=O)C1Cn2c(C)nnc2CN1C;Cc1noc(COc2ccc(NC(=O)CCC3CCNC3)cc2)n1;COCc1n[nH]c(C2CN(C(=O)Cn3cccn3)CC2C2CC2)n1;CCn1ccnc(N2CCC(c3cc(O)nc(N(C)C)n3)C2)c1=O;Cc1nccc(NC2COCCC2NC(=O)Cn2nccc2C)n1;CCOc1cc(NC2CC(=O)N(C)C2c2cnn(C)c2C)ncn1;CNC(=O)NCCc1nc(-c2ccc(N3CCCCC3)nc2)no1;Cc1cnn(CC(=O)NC2CCOCC2Nc2ccnc(C)n2)c1;COCCN1C(=O)NC2CN(c3nccn4nc(C)cc34)CCC21;COc1cc(C)nc(N2CCN(C(=O)C(C)n3ccnc3)CC2)n1;CCOC(=O)N1CCN(c2nccnc2-n2nc(C)cc2C)CC1;CN(C)c1nc(O)cc(C2CCN(C(=O)Cc3ccnn3C)C2)n1;CN(C)c1nc(O)cc(C2CCN(C(=O)Cc3ccn(C)n3)C2)n1;NC(=O)C1CCC(C2CCN(C(=O)CC3CC(F)(F)C3)CC2)O1;Cc1cncc(CCC(=O)N2CC(C)OC(c3nc(C)no3)C2)c1;COCc1n[nH]c(C2CN(C(=O)c3cncn3C)CC2C2CC2)n1
m_1a0749,Cc1nc(-c2cccc(NC(=O)Cc3ccc(F)cc3Br)c2)n[nH]1;Cc1nc(-c2cccc(NC(=O)Cc3cc(Br)ccc3F)c2)n[nH]1;Cc1nc(C)c(CCNS(=O)(=O)c2cc(C)c(Cl)c(C(=O)O)c2)s1;Cc1n[nH]c(-c2ccc(NC(=O)Cc3cc(F)ccc3Br)cc2)n1;Cc1nc(-c2cccc(NC(=O)Cc3cc(F)ccc3Br)c2)n[nH]1;NC(=O)Cn1cc(Nc2cc(Oc3ccccc3Br)ncn2)cn1;CC(CS(=O)(=O)c1ccc(Br)cc1)C(=O)N1CCNCC1C;COc1cc(C2N=C(O)CCC2[N+](=O)[O-])c(Br)c(OC)c1OC;CC1CC(N)CCN1C(=O)CS(=O)(=O)Cc1cccc(Br)c1;COc1cc(S(=O)(=O)n2ccnc2C(C)C)c(OC)cc1Br;CC1CN(C(=O)CS(=O)(=O)Cc2cccc(Br)c2)CC(C)N1;O=S(=O)(CCc1ccccc1)N1CCCc2cnc(N3CCOCC3)nc21;COc1cc(Nc2ccnc3ccc(Br)cc23)cc(OC)c1OC;C=CCCCS(=O)(=O)Nc1cc(N2CCOCC2)ccc1Br;CCn1ccc2oc(C)c(C(=O)NCc3ccccc3Br)c2c1=O;Cc1ccn2c(NS(=O)(=O)c3ccc(SC(F)(F)F)cc3)nnc2c1;Cc1nc(-c2cccc(NC(=O)Cc3ccc(Br)c(F)c3)c2)n[nH]1;CS(=O)(=O)c1cccc(C(=O)OC2CN(c3nc4ccccc4s3)C2)c1;CN(C(=O)CC1Sc2ccc(Cl)cc2NC1=O)C1CCS(=O)(=O)C1;CN1CCN(S(=O)(=O)c2ccc(Cl)c(F)c2Cl)c2ccccc2C1;COc1cc(NC(=O)c2cccc(Br)c2)ccc1N1CCCC1=O;CCC(=O)Nc1ccc(S(=O)(=O)N(CCO)C2CCc3ccccc32)cc1;O=S(=O)(Nc1c(F)cccc1F)c1cccc(S(=O)(=O)NC2CC2)c1;CCc1nc(C)cn1S(=O)(=O)c1cc(OC)c(Br)cc1OC;Cc1ccc(-c2cnc(CNC(=O)c3cc(F)ccc3Br)o2)cc1
m_1a8b29,CC(C)c1nnc(CNC(=O)c2ccco2)n1C;C=C1C(=O)OC2C3=C(C)CCCC3(C)CCC12O;C=C1CCCC2(C)CC3(O)OC(=O)C(C)=C3CC12;Cc1cc2c(c(C)c1CCO)C(=O)C(C)(CO)C2;C=C1C(=O)OC2C1CCC(C)=CCCC1(C)OC21;COc1cc(C(=O)N2CC3CCC3(N)C2)ncn1;Cc1cc(C(=O)O)c(C)n1C1CN2CCC1CC2;CC(NC(=N)NCCCC(N)C(=O)O)C(O)O;COc1cccc(CC(=O)N2CCCC(N)C2)c1;N#Cc1c(F)cccc1N1CCCC(CCO)C1;Cc1cccc(CC(=O)N2CCOC(CN)C2)c1;Cc1ccc(C(=O)N2C3CCC2CC(O)C3)n1C;Cc1ccccc1OC(C)C(=O)N1CCNCC1;C=C1C(=O)OC2C=C(C)CCC=C(C)C(O)CC12;N=C(NCCCC(N)C(=O)O)NCC(O)CO;CC(C)(O)CC(=O)N(Cc1ccncc1)C1CC1;CC(C(=O)O)N1CCN(c2ccccc2)C(C)C1;Cc1cc(C(=O)NCc2ncnn2C(C)C)[nH]n1;CC1(C)C(O)CCN1C(=O)CCc1cccnc1;CC(=O)Nc1cccc(NC(=O)CCC(C)C)c1;Cc1ncccc1C(=O)NCC1CCC(C)(C)O1;CC(C)CCc1cc(NC(=O)c2c[nH]nn2)[nH]n1;COCC1(C(=O)Nc2ccc(C)nc2C)CCC1;CC1CN(C(=O)CCc2cccnc2)CC(C)O1;CC(C)(C)Cc1cc(NC(=O)c2c[nH]nn2)[nH]n1
m_1b1573,CC1(C)CCCN1C(=O)NCc1ccc(-n2cccn2)cc1;CC(=O)N1CCC(NCc2ccccc2-n2cccn2)CC1;Cc1nccn1-c1ccccc1CNC(=O)N1CCCCC1;CNC1CCCN(C(=O)c2ccc(-n3cc(C)cn3)cc2)C1;CCC(C(N)=O)N1CCN(c2ccnc3ccccc23)CC1;CCC1CCN(C(=O)NCc2ccc(-n3cccn3)cc2)C1;O=C(Cc1ccn[nH]1)NC(CN1CCCC1)c1ccccc1;Cc1nnc2ccc(C(=O)N3CCCC3C3CCCC3)cn12;Cc1nn(-c2ccccc2)cc1NC(=O)N1CCC(C)(C)C1;CCOCC1CCN(c2cc(Nc3ccccc3)ncn2)C1;CNC(=O)Cn1cc(NCC2(C)CC2c2ccccc2)cn1;Cc1cc(C(=O)NCC2CCNCC2)nn1-c1ccccc1;CN(C)c1nccc(NCC2(c3ccccc3)CC(O)C2)n1;Cc1ccc2c(c1)C(NC(=O)NCc1cn(C)cn1)C(C)C2;CCc1nnc(CN2CCN(CC3CC3)c3ccccc32)o1;Cc1cc(-n2cncn2)ccc1C(=O)NC1CCCC1(C)C;CN(C)c1ccnc(C(=O)N(C)c2ccccc2N(C)C)c1;CC1CCN(C(=O)c2cn3cccnc3n2)C2CCCCC12;O=C(Cc1ccn[nH]1)NCC(c1ccccc1)N1CCCC1;Cn1nccc1C1CCN(Cc2ccc(C(N)=O)cc2)CC1;CCN(CC)c1ccc(CNC(=O)c2cccc(C)n2)cn1;Cc1cc(C(=O)N2CCN(C)C(Cc3ccccc3)C2)n[nH]1;CCc1ccc(C(=O)N2CCCC(c3nncn3C)C2)cc1;COC1CN(Cc2cccc(C3CC3)c2)CC1c1c[nH]nn1;OCCNC1CCN(c2cc(-c3ccccc3)ncn2)CC1
m_1b27e6,COc1ccc(-c2csc(NC(=O)c3ccccc3F)n2)cc1CC#N;O=C1COc2ccc(C(=O)NCCCc3nc4ccccc4s3)cc2N1;O=C(O)c1cc(NS(=O)(=O)CCC2CCCO2)cc(C(F)(F)F)c1;Cc1ccc(NS(=O)(=O)c2cccc(C(=O)Nc3cccnc3)c2)cc1;Cc1cc(NC(=O)C(Cc2ccccc2)NC(=O)c2cccc(F)c2)no1;CC(=O)N1CCCN(C(=O)NCc2cc(C)ccc2Br)CC1;COc1ccccc1CCNC(=O)c1cc(S(C)(=O)=O)ccc1Cl;O=C(NC1(c2cccc(C(F)(F)F)c2)CCOCC1)c1ccc(=O)[nH]n1;O=C(c1ccccc1OC(F)F)N1CCS(=O)(=O)c2ccccc2C1;CN(CCC1CCOCC1)S(=O)(=O)c1cccc(OC(F)(F)F)c1;CC(=O)NC(CC(=O)N1CCCC(N)C1)c1ccc(Br)cc1;Cc1csc(C(=O)N2CCC(n3cnc(C(N)=O)c3N)CC2)c1Cl;COc1ccc(C(NC(=O)c2ccc3nccn3c2)C(F)(F)F)cc1F;CC1CCCCN1C(=O)Cn1nnc(Cc2ccc(Cl)c(Cl)c2)n1;Cc1ccc(CS(=O)(=O)N2CC(O)CC2c2cccc(F)c2)c(F)c1;CC(=O)NC(CC(=O)N1CCCC1CN)c1ccc(Br)cc1;CC(=O)NC(CC(=O)N1CCC(CN)C1)c1ccc(Br)cc1;COc1ccccc1COC1CCN(S(=O)(=O)c2ccsc2)CC1;Cc1cc(C(=O)NC2CCN(Cc3cc(Cl)cc(Cl)c3)CC2)no1;Cc1oc(-c2cccs2)nc1C(=O)NC(C)c1ccc2c(c1)CC(=O)N2;COc1ccc(Oc2cc(NC(=O)c3ccc(=O)[nH]n3)ccc2OC)cc1;CC(=O)NC(CC(=O)N1CCNCC1C)c1ccc(Br)cc1;O=C(NC1CCc2cc(F)ccc21)c1ccc(=O)n(-c2ccc(F)cc2)n1;CCCCCCNC(=O)CC1SC(Nc2ccc(Cl)cc2)=NC1=O;COCc1nc(C)cc(N2CCN(c3ncc(Cl)cc3Cl)CC2)n1
m_1beae5,CC(C)Cc1ccc(C(C)NC(=O)Cn2cnnc2C#N)cc1;O=C(NC1CCc2ccccc21)N1CCC(n2cncn2)CC1;Cc1cnc(C(=O)N(CCc2ccccc2)C2CCOC2)cn1;CNc1ccccc1C(=O)N1CCN(c2nccnc2C)CC1;O=C(c1c[nH]nc1C1CCOCC1)N1CCCC(F)(CO)C1;CC(C)Cc1ncc(CNC(=O)NCC2CCC(O)C2)s1;Cn1cc(C2CCCN2C(=O)C2COc3ccccc3C2)cn1;CC(C)(C)c1csc(CCNC(=O)NCC2CCOC2)n1;CCC(C)NC(=O)NCC1CCN(c2ccc(F)c(F)c2)C1;CCC(=O)N(C)c1ccccc1C(=O)NCc1ccncc1C;Cc1cc(CC(=O)N2CC3CCCN3Cc3ccccc32)no1;CN(CC1(O)CCCCCC1)C(=O)NCCc1nccs1;O=C(Nc1ccnn1C1CCCCC1)c1ccc2c(c1)COC2;O=C(c1cn(Cc2cccnc2)nn1)N1CCC2CCCCC21;CCC1CN(C)c2ccccc2CN1C(=O)c1nccnc1N;C=C(C)Cn1nnc(C2(NC(=O)c3ccccc3)CCCC2)n1;O=C1CNCCN1C1CCCN(c2ccnc3ccncc23)C1;CCn1c(NC(=O)c2c(C)nn(C)c2C)nc2cc(C)ccc21;Cc1cc(C)c(N2CCN(S(=O)(=O)N(C)C)CC2)c(C)c1;CCn1nc(C)cc1C(=O)N(C)Cc1nc2ccccc2n1C;Cc1nnc(CN2CCCC(c3nc4ccccc4o3)C2)n1C;CCCC1CCc2ccccc2N1C(=O)c1cc(OC)ncn1;CN1CCCCC(c2nc(-c3ccc4c(c3)CCC4)no2)C1=O;CC1CN(C(=O)c2n[nH]c3c2CCC3)CC(c2ccccc2)O1;CC(C)c1cc(NC(=O)C2CC=CCC2)n(-c2ncccn2)n1
m_1d7bdd,CCOC(=O)C(C)(C)NCC(=O)Nc1ccccc1-c1ccccc1;CCOC(=O)C(Nc1ccc(CC(=O)N(C)C)cc1)c1ccccc1;COCC1(O)CCN(C(=O)c2cc(C3CC3)nc3ccccc23)CC1;CCc1cccc(C)c1NC(=O)CC(NCc1ccccc1)C(=O)O;COc1cnc2ccccc2c1C(=O)N1CCCC2(CCCOC2)C1;COc1ccc(CC2CCN(C(=O)c3ccn(C)c(=O)c3)CC2)cc1;COc1cc(C(=O)N(C)C)ccc1NC(=O)C(C)(C)c1ccccc1;COc1cc(=O)[nH]cc1C(=O)N1CCCCCC1c1cccc(C)c1;Cc1cc(O)nc(C(=O)N2CCC(CO)(Cc3ccccc3)CC2)c1;Cc1cc(C)c(C(=O)NC2CCN(C(=O)CCc3ccccc3)C2)o1;COc1ccccc1CC1CCN(C(=O)c2ccn(C)c(=O)c2)CC1;O=C(CCc1cccnc1)Nc1ccc(OCC2CCOCC2)cc1;COc1cc(=O)[nH]cc1C(=O)N(Cc1ccccc1)C1CCCCC1;CCNC(=O)c1cccc(NC(=O)COc2cc(C)ccc2CC)c1;CC(C(=O)NC(C)C(C)(C)C)c1ccc(S(=O)(=O)N(C)C)cc1;CC1(C)C2CCC13CS(=O)(=O)N(CC(=O)N1CCCCC1)C3C2;CC1CCC(C(N)=O)CN1C(=O)Cc1coc2cc3c(cc12)CCC3;Cc1cc(C(=O)N2CCCC(C)C2)ccc1NC(=O)c1occc1C;O=C(COc1ccc2ccccc2c1)NCC1CN(C2CC2)CCO1;CC(CNC(=O)C1CCN(C(=O)c2ccco2)CC1)c1ccccc1;CC(C)c1occc1C(=O)N(C)C1CCCN(c2ccccc2)C1=O;CC(C)c1cc(C(=O)N2CCOC(Cc3ccccc3)C2)cc(O)n1;Cn1ccc(C(=O)N2CCC(OCCc3ccccc3)CC2)cc1=O;CC(CO)C1CCN(C(=O)c2cnccc2Oc2ccccc2)CC1;COCCC(=O)N1CCN(CC(O)COc2ccc(F)cc2)CC1
m_1de28b,Cc1cc(NC(=O)N2CCOCC2C2CC2)c(N(C)C)nn1;CCOc1nc(C)ccc1C(=O)N1CC2OCCN(C)C2C1;Cc1cc(=O)c(C(=O)NC2CCCC2N2CCC(O)C2)c[nH]1;CC(=O)NC(C)C1CCN(C(=O)c2ncoc2C2CC2)CC1;CC1Cc2c(C(=O)N3CC4(CCCCO4)C3)n[nH]c2C(C)O1;Cn1cccc(C(=O)NCC2(N3CCOCC3)CCC2)c1=O;CNC(=O)CN1CCC(NC(=O)c2cnc(C)nc2C)CC1;Cc1c(C2OCCC2NCc2nnc(C(C)C)o2)cnn1C;CCOc1nccc(C)c1C(=O)N1CC2OCCN(C)C2C1;O=C(NC(c1ccc(F)cc1)C1CCCC1)C1CCOCC1;O=C(NCC1CCN(Cc2ccccc2F)CC1)N1CCC1;CCn1cc(OC2COCC2NC(=O)C(C)=C2CCC2)cn1;Cc1nn(C)cc1C1OCCC1NCc1nnc(C(C)C)o1;Cn1cnc2c1CCN(CC(=O)NC1CCCCNC1=O)C2;CCC(NC(=O)NCc1c(C)n[nH]c1C)c1c(C)noc1C;COCC1(C(=O)NCCC(=O)Nc2cccc(C)n2)CCC1;CCC(C(=O)O)N1CCC(C(=O)Nc2ccc(C)cn2)CC1;COc1cc(OC)c(OC)cc1CNCCCn1ccnc1;CCS(=O)(=O)NCCNC1CCCC1N1CCC(O)C1;COCCc1noc(CN2CCCC(c3cc(C)[nH]n3)C2)n1;COC1CC(c2nc(C3CC3)n[nH]2)N(CC(=O)N2CCC2)C1;COc1ccc(CNCCCn2ccnc2)c(OC)c1OC;COc1ccccc1C(C)N(C)CC(=O)N1CCNC(=O)C1;CCc1noc(C)c1CN1CC(OC)C(c2cn(C)nn2)C1;COCc1n[nH]c(C2CCCCN2Cc2nc(C)c(C)o2)n1
m_1f86e6,CC1CC(NC(=O)C2(c3ccccc3Cl)CCOCC2)c2ccsc2S1(=O)=O;COc1cc(C(=O)Oc2ccc3c(OC)c4ccoc4nc3c2OC)cc(OC)c1OC;COc1cc(C(=O)Nc2ccc(-c3nn4c(C)nnc4s3)cc2C)cc(OC)c1OC;CC1OC(OC23C(=Cc4c(Cl)cc(CC#N)cc42)C=CC3O)C(O)C(=O)C1(C)O;NC1CCOC(C2CCCN(C(=O)c3csc(-c4ccc(Cl)cc4Cl)n3)C2)C1;O=C(O)C(Cc1ccc(OP(=O)(O)O)cc1)NCC(O)C(O)C(O)C(O)C(=O)O;CNS(=O)(=O)c1ccc(NCC2(c3cccc(Br)c3)CCOCC2)nc1;Cc1nn(CCNC(=O)c2ccccc2S(=O)(=O)C(F)F)c(C)c1-c1ccsc1;O=C(NCc1ccc2c(c1)OCO2)c1ccc(COc2ccc(Br)cc2)cc1;CCCCCC=CCC=CCC=CCC=CCCCC(=O)NCc1ccc(O)c(OC)c1;CCCCCC=CCC=CCC=CCC=CCCCC(O)=NCCc1ccc(O)c(O)c1;O=C(Nc1ccc2ncccc2c1)C(=O)c1cn(Cc2ccc(Cl)cc2)c2ccccc12;O=C(Cc1csc(-c2ccccc2Cl)n1)NC(Cc1c[nH]c2ccccc12)C(=O)O;CCCCCC=CCC=CCC=CCC=CCCCC(=O)NCCc1ccc(O)c(O)c1;CC1c2cc3c(cc2C2(CCCC2)CN1C(=O)Nc1ccc(F)c(C(N)=O)c1)OCCO3;CCCCCCCCCCCC(=O)OCC(O)COP(=O)([O-])OCC[N+](C)(C)C;Cc1ccc(-n2c(SCC(O)=Nc3cccc(Cl)c3C)nc3c(O)ncnc32)cc1;O=C(NCCCNCCCCNC(=O)c1ccccc1F)c1cccc(-n2cnnn2)c1;Cc1ccc(-n2c(SCC(O)=Nc3cc(Cl)ccc3C)nc3c(O)ncnc32)cc1;COc1cccc(CNC(=O)CCC(=O)N2CC3CC(C2)c2cccc(=O)n2C3)c1OC;O=C(Cc1csc(-c2ccc(Cl)cc2)n1)NC(Cc1c[nH]c2ccccc12)C(=O)O;Cc1nc(-c2cc(C(=O)N3CCC(c4ccc(C#N)cc4)CC3)c(C)cc2C2CCC2)n[nH]1;Cc1c(N=C2SCC(=O)N2N=Cc2ccccc2Cl)c(=O)n(-c2ccccc2)n1C;O=S(=O)(c1ccc2c(c1)CCO2)N1CCC2CN(c3ccc(C(F)(F)F)cn3)CC21;Cc1nc(-c2ccccc2Cl)sc1C(=O)NC(Cc1c[nH]c2ccccc12)C(=O)O
m_20b8f2,CC(C)Nc1ncccc1C(=O)Nc1ncccc1O;Cc1ccc(C(=O)Nc2ccc(C(=O)N(C)C)cc2)o1;CNC(=O)c1ccc(C)c(NC(=O)c2ccnn2C)c1;CNC(=O)Cc1ccc(NC(=O)c2cnn(C)c2)cc1;Cc1occc1C(=O)NC1CCOC1c1cccnc1;CNC(=O)c1ccc(C)c(NC(=O)c2cncn2C)c1;CCOc1cccc(NC(=O)c2ccn(C)c(=O)c2)c1;Cc1cc(C(=O)N(C)C(C)c2cccnc2)ccc1F;CCOC(=O)CCC(=O)Nc1cccc2cccnc12;COc1ccnc(N2CCN(c3ccnnc3)CC2)n1;Cc1ccc(NCc2ccco2)cc1N1CCOC1=O;CCOc1cccc(COc2ccc(C(N)=O)cc2)n1;COc1ccnc(N2CCN(c3cnccn3)CC2)n1;CC1CCN(S(=O)(=O)N(C)Cc2cnn(C)c2)C1;c1ccc2c3ccn4cc5c(cc4c-3nc2c1)CCCC5;c1ccc2c(c1)[n-]c1c2cc[n+]2cc3c(cc12)CCCC3;Cc1cc(CN(C)c2c(C)c(C)nc3ncnn23)no1;O=C1CCCN1C1CCN(c2ncnc3nc[nH]c23)C1;CCC(Nc1ccc(C)c(OCC(F)F)c1)C(N)=O;O=C(NC1CC2(C1)CC2(F)F)C12CNCC1COC2;Cc1ccoc1C(=O)N1CCCC1c1ccc(N)nn1;Cc1nc(C)c(C(=O)N2CC(C)Oc3ccccc32)o1;Cc1cc(NC(=O)N2CCCC2c2cccnc2)no1;CCN1CC(C(=O)N(CCOC)CC(=O)O)CC1=O;NC(=O)C1CCN(c2cncc(-n3cccn3)n2)CC1
m_20c386,O=C(NCC(n1cncn1)C(F)(F)F)C1(O)CCCNC1;Cn1cc(CNS(=O)(=O)c2ccccc2C(C)(C)C)cn1;Cc1nnc(CN(C)CC(=O)Nc2ccc(Cl)cc2)n1C;CCn1ncnc1CNC(=O)NC(C)c1ccc(Cl)cc1;CNC(=O)C1(C(=O)NC2CCN(CC(F)(F)F)C2=O)CC1;CC(=O)Nc1cc(C(=O)OC2(C3CCOC3)CC2)ccc1F;N#Cc1ccc(OCCNC(=O)N2CC(F)CC2CO)cc1;CCC(C)(NCc1cn(-c2ccc(Cl)cc2)nn1)C(N)=O;Cc1noc(CCNC(=O)c2ccccc2-c2ccccc2)n1;Cc1ncsc1CN1CCC(COc2ccc(F)cn2)C1;O=C(C1CN(Cc2ccncc2)CCO1)N1CCSCC1;CC1COCCN1CCNC(=O)c1conc1C(F)(F)F;CC1CN(C(=O)C2CC2C(=O)O)CC(c2ccc(F)cc2)O1;Cc1nc(CN2CCN(c3ncnc(C)c3F)CC2)cs1;CCc1cc2c(NC(C)COC3CCOC3)ncnc2s1;NC(=O)CC1(NC(=O)c2cccc(C(=O)O)n2)CCOCC1;Cc1cc(C#N)ccc1S(=O)(=O)N1CCCCC1C(C)N;CCc1ccccc1NC(=O)c1nn(C)c(=O)c2ccccc12;Cc1ncc(CN(C)C(=O)c2ccc(N(C)C)c(F)c2)s1;Cc1nc(C2CCCCN2C(=O)c2cc(Cl)cn2C)n[nH]1;Fc1ccc(COC2CCN(Cc3csnn3)CC2)cc1;Cc1sc2nc(C(C)N3CCCC(O)C3)[nH]c(=O)c2c1C;CNC(=O)C12CCOCC1CN(C(=O)c1ccncc1F)C2;CN(CCN1C(=O)CCC1=O)Cc1nc2c(s1)CCCC2;Cn1cc(Cl)cc1C(=O)N1CCC(c2nncn2C)CC1
m_214040,O=C(NCc1noc(-c2cccc(Br)c2)n1)c1c(O)cc(F)cc1F;Brc1cc2c(cc1C=Nc1c(-c3ccco3)nc3ccccn13)OCO2;O=C1N=C(O)C(=Cc2c[nH]c3ccccc23)C(=O)N1c1ccc(Br)cc1;O=C1Nc2ccc(Br)cc2C1=Cc1cc(O)c(O)c(Br)c1;Brc1ccccc1-c1nnc(CSc2nnc(NC3CC3)s2)o1;CC(C)(C)OC(=O)N1C2CCC(C2)C1C(=O)Nc1ccc(Br)cc1N;CC(C)(C)OC(=O)NCc1noc(-c2cc(Br)cc3[nH]c(=O)[nH]c23)n1;CC(NC(=O)Cn1cnc2c1c(=O)n(C)c(=O)n2C)c1ccc(Cl)cc1Cl;NS(=O)(=O)c1c(Cl)ccc(NC(=O)Nc2cccc(Cl)c2Cl)c1O;NC(=O)NC(=O)C1CCC(NS(=O)(=O)c2cccc(OC(F)(F)F)c2)CC1;CN(CCC(Oc1ccc(C(F)(F)F)cc1)c1ccccc1)C(=O)CCC(=O)O;Cc1nn(CCNS(=O)(=O)c2cccc(Cl)c2C)c(C)c1-c1ccsc1;O=C(COc1ccc2c(c1)oc(=O)c1ccccc12)NCC1CCC(C(=O)O)CC1;CC(C)(c1noc(C2(C#N)CCC2)n1)S(=O)(=O)c1ccc(Br)cc1;COc1ccc(Br)c(C(=O)NC2CCN(C3CCN(C)C3=O)CC2)c1;O=C(CN(CCC1CCCC1)C(=O)N1CCCC1C(=O)Nc1nccs1)NO;CC1(C)COC(c2cccc(I)c2Sc2ccccc2)=N1;CN(C)CCCN1C(=O)C2C3CC(OC(=O)c4c[nH]c5ccccc45)C(C3)C2C1=O;COc1ccc2c(=O)c(Oc3ccc(C(=O)NCC4CCCO4)cc3)c(C)oc2c1;COc1cc2[nH]c(CSCC(=O)NC(C(=O)O)C(C)C)nc(=O)c2cc1OC;Cc1ccc(S(=O)(=O)N2CCN(c3ccc(Br)cn3)CC2)cc1C;Cc1c(C(=O)N2CCN(CC(F)(F)F)CC2)cnn1-c1nc(=O)c2cccn2[nH]1;COC(=O)c1ccc(C2CC(O)=Nc3c2cc(Br)c2ccccc32)cc1;CC(C)OC(=O)C1C(=N)Oc2c(oc(CO)cc2=O)C1c1c(F)cccc1Cl;CC(C)OC(=O)C1=C(N)Oc2c(oc(CO)cc2=O)C1c1c(F)cccc1Cl
m_217b19,CNCC1CCCN1S(=O)(=O)c1ccc2c(c1)N(C(C)=O)CC2;CC(=O)N1c2ccccc2CC1C(=O)N1CC(Oc2ccncc2)C1;CS(=O)(=O)NCC1CCCCN1C(=O)N1CCc2ccccc21;COc1cccc(C2CC(O)CN2C(=O)c2ccc3cncn3c2)c1;O=C(NCc1nnc2n1CCC2)NC(c1ccccc1)c1ccco1;O=C1CCCC(Cc2nc(COc3ccc4ccccc4c3)no2)N1;FC(F)(F)c1cccc(N2CCC(c3n[nH]c(C4CC4)n3)CC2)n1;CCCN1CCCN(S(=O)(=O)Cc2noc3ccccc23)CC1;COCCN1CCCC1CNS(=O)(=O)Cc1cccc(C#N)c1;CC(=O)N1CCc2ccc(S(=O)(=O)N3CCC(N)CC3C)cc21;COc1cc(C)c(S(=O)(=O)N(C)c2cnn(C)c2)cc1C(C)C;COc1cc(=O)n(-c2ccccc2)cc1C(=O)NCCn1cccc1;CN1CC(C(=O)NC2(c3cccc(C#N)c3)CC2)C(C(F)(F)F)C1;Cc1cccnc1NC(=O)c1cccc(OCc2c(C)noc2C)c1;NCC1CCCCC1NS(=O)(=O)c1ccc2c(c1)C(=O)NCC2;CCCCS(=O)(=O)NC(c1ccc(OC)cc1)c1nccn1C;c1cncc(COc2cccc(-c3noc(C4CCOCC4)n3)c2)c1;CCCCn1c(S(=O)(=O)Cc2cccc(OC)n2)nc(C)c1C;CCOc1ccc(C(=O)OCc2nnc(-c3ccccc3)n2C)cc1;COc1ccccc1CCNC(=O)Cn1cnc2ccccc2c1=O;COC1CC(CNC(=O)c2cccc(C#N)c2)N(c2ccncn2)C1;CCN(Cc1ccc2c(c1)OCO2)C(=O)Cc1n[nH]c2ccccc12;CC1CN(CC(=O)Nc2sc3c(c2C(N)=O)CCC3)CC(C)O1;CCOc1cc(C(=O)N(CC(=O)O)C2CCOCC2)ccc1OC;CCOC(=O)N(C)c1ccc(NC(=O)c2ccc3cc[nH]c3c2)cc1
m_21cd44,O=C(c1ccnnc1)N1CCCC(c2ncc(C(F)(F)F)[nH]2)C1;COC1CC(c2ncc[nH]2)N(S(=O)(=O)c2cnn(C)c2C)C1;CC(NC(=O)c1c[nH]nc1-c1ccccc1F)c1cccc(O)c1;Cn1c(=O)[nH]c2ncc(-c3cccc(C(=O)NCC(N)=O)c3)cc21;CCn1cc(C2OCCCC2NS(=O)(=O)c2ncc[nH]2)cn1;CCOc1cc(Cl)ccc1CNC(=O)NC1CC(=O)N(C)C1;CN(CC1COc2ccccc2O1)c1ncnc2ccc(F)cc12;COc1ccc2ccccc2c1-c1nnc2ccc3ccccc3n12;Cc1nc2ccccn2c1C(=O)N1CCC(c2cccs2)CC1;O=C(Nc1ccc(-c2cn3ccsc3n2)cc1)C1CCCCC1;CCc1cc(C2CC2)nc(NC(=O)c2cc3cc(F)ccc3o2)n1;COc1cccc2sc(N3CCN(c4ccccc4)CC3)nc12;CC(C)(C)C(=O)N(Cc1ccccn1)c1nc2ccccc2s1;Cc1nnc2n1CC(NC(=O)c1ccc(C(F)(F)F)cn1)CC2;O=C(Nc1cc2n(n1)CCCC2)c1occc1-c1ccc(F)cc1;COC(=O)c1cnc2nc(C)ccc2c1Nc1cc(F)ccc1C;CNC(=O)c1ccc(S(=O)(=O)N2CCNC(=O)CC2C)cc1;O=C(c1nnn(-c2ccccc2)c1C(F)(F)F)N1CCNCC1;Cc1ccccc1OCCSc1nnc(C)n1-c1ccccc1;CC(c1ccccc1F)N(C)C(=O)c1cccc(-c2nnco2)c1;Cc1ncc(CN(C)C(=O)NCc2ccc3ccccc3c2)s1;CNc1nc(-c2ccccc2)c(-c2ncc(C)c(OC)c2C)s1;CC1CCCN(C(=O)c2nc3ccccn3c2-c2ccsc2)C1;CC(=O)N1CC2CN(C(=O)c3ccc(OC(F)F)nc3)CC2C1;CC(C)c1nc(-n2cccc2)sc1C(=O)NCc1ccccc1
m_2363c0,O=C(Cn1c(=O)n(CCc2ccccc2)c(=O)c2ncccc21)NCc1ccco1;O=C(Cn1cnc2ccccc2c1=O)N1CC(Oc2ccnc(C(F)(F)F)c2)C1;Cn1cnc(S(=O)(=O)NC2CCN(c3cccc(OC(F)(F)F)c3)C2=O)c1;CC(C=CC1(C)C(C)CCC(=O)C1C)=CCc1c(O)c(Cl)c(C)c(C=O)c1O;CCOC(=O)C(Cc1c[nH]c2ccccc12)N=C(O)c1ccccc1C(F)(F)F;O=C(NC1(c2cccc(C(F)(F)F)c2)CCC1)c1cnc(-c2ncccn2)s1;COc1ccc(C(=O)c2ccccc2)c(OC2OC(C(=O)O)C(O)C(O)C2O)c1;O=S(=O)(c1cccs1)N1CCCN(Cc2ccc(C(F)(F)F)cc2)CC1;Cn1nc2c(c1NC(=O)C(=O)N1CCc3c(cnn3-c3ccccc3)C1)CCCC2;COC(=O)C1=CC=C(C(C)C)CCC2=CCCC(C)(OC2=O)C(OC(C)=O)CC1;Cc1nc(N)c2c(C)c(C(=O)NC3CC3c3ccc(OC(F)F)cc3)sc2n1;COCOc1ccc(C2CC(=O)c3c(OCOC)cc(OCOC)cc3O2)cc1;CC(C)=CCc1c2c(c3occ(-c4ccc(O)cc4)c(=O)c3c1O)C=CC(C)(C)O2;COC(=O)C1=COC(OC2OC(CO)C(O)C(O)C2O)C2C(CO)=CCC12O;NC(=O)c1ccc(N(C(N)=O)c2c(F)cccc2F)nc1-c1ccc(F)cc1F;COc1ccc(CC(=O)Nc2cc(N3CCCS3(=O)=O)ccc2C)cc1OC;CC(=O)OC1(C(C)=O)CCC2C3=CC(Cl)=C4CC(=O)CCC4(C)C3CCC21C;CC(C)(C)c1nsc(NCC2CCn3ncc(C(=O)N4CCOCC4)c3C2)n1;CC(C)CC(NC(=O)N1CCN(c2ncnc3sccc23)CC1)C(=O)N(C)C;COC(=O)C1=COC(OC2OC(CO)C(O)C(O)C2O)C2C(CO)=CC(O)C12;CC(NC(=O)c1nnn(-c2ccccc2Cl)c1-c1ccccn1)c1cccnc1;CC1CCC2C(C)(C)C(O)C(O)CC2(C)C12Cc1c(O)cc(CO)c(C=O)c1O2;COCc1nc(OC)c2c(C)c(C(=O)N3CCC4(CCCN4C)CC3)sc2n1;CC=CC=CC=CC(=O)OC1C=C(CO)C(O)(C(=O)O)C2(C)CCCC(C)(C)C12;CC1CC(C)CN(C(=O)c2ccccc2NC(=O)c2n[nH]c3ccccc3c2=O)C1
m_23ff71,COc1cc(OC)c(C(=O)N2CCCCC2)cc1OC;O=C(O)C(Cc1ccc(O)c(O)c1)NC1CCCCC1;Cc1ccc(F)c(C(=O)NC2CCC(C(=O)O)CC2)c1;Cc1cc(F)ccc1C(=O)N1CCCC(C)C1C(=O)O;Cc1cc(F)cc(C(=O)N2CCCC(C)C2C(=O)O)c1;CCC1C(=O)NC2(C(O)C3C=CCCC3)C(=O)OC12C;Cc1cccc(C)c1OCC(C)NC(=O)CCC(=O)O;COCCN(CCC(=O)O)C(=O)c1cc(C)cc(C)c1;CCN1CC(COC(=O)c2cc(C)cc(F)c2)CC1=O;CSc1ccc(C(=O)C(C)(C)N2CCOCC2)cc1;Cc1c(F)cccc1C(=O)N1CCC(CC(=O)O)CC1;COc1cccc(C(=O)N2CCOCC(C)C2)c1OC;CCC1CCN1C(=O)c1ccc2[nH]c(C(F)F)nc2c1;CCc1oc(C(=O)O)cc1CN1CCCC2OCCC21;COc1ccc(C(=O)N2CC(C)(C)OCC2C)c(O)c1;N#Cc1cc(N2CCC3(CCOC3)C2)nc2ccccc12;O=C(NCC1(CCO)CCOC1)c1occ2c1CCC2;O=C(NCCC(=O)N1CCOCC1)c1ncccc1O;CC1NCCC1C(=O)NC(C(N)=O)c1ccc(F)cc1;O=C(O)CCN(CC1CCCO1)C(=O)c1ccnnc1;CCNC(=O)CN(CC)S(=O)(=O)N1CCOCC1;CC(C)COc1cncc(N2CC3COCC(C2)O3)n1;OC1CCC(CNc2cnc3cc(F)c(F)cc3n2)C1;O=C(CN1CCCC(NCC(F)(F)F)C1)NC1CC1;Cc1cc(COCC(=O)NC2CC(N)C23CCC3)no1
m_254f59,Cn1cc(C(=O)NCCCN2CCc3ccccc32)cn1;Cc1cc(C(=O)Nc2ccccc2N2CCCCC2)[nH]n1;Cc1cccnc1CN1CC(C)(CO)Oc2ccccc21;Cn1ncc(C(=O)N2CC(C(C)(C)C)c3ccccc32)n1;CC(C)CC(CNC(=O)C1CCN(C)C(=O)C1)C(=O)O;CN(C(=O)c1cnccc1C#N)C1CC2CCC(C1)N2C;CCOC(=O)CN(CC)C(=O)C1CC(=O)N(C(C)C)C1;CCc1cc(N2CCCC2c2ccc(N)nn2)nc(C)n1;CCc1cc(N2CCn3c(nnc3C3CC3)C2)nc(C)n1;Cc1cc(C(=O)NC2CCC(O)CC2)c2ccccc2n1;COc1cccnc1N1CCC(CNc2ccccn2)C1;CN(CCC1CCOCC1)c1nc2ccccn2c1C#N;Cc1cc(N2CCCC(Nc3cnccn3)C2)nc(C)n1;Cc1ccc(C2CC(C)N(C(=O)Cc3nc[nH]n3)C2)cc1;Nc1nc(O)cc(C2CCN(CCc3ccccc3)C2)n1;CC(C)c1ccc(CCNC(=O)c2nccnc2N)cc1;CCC(NC(=O)NCc1ccc(C)nc1)c1ccncc1;Cc1cccc(C(=O)N(C)CC2CCn3ccnc3C2)n1;CC(C)(C)c1nn(Cc2cccnc2)c(O)c1CCC#N;CCc1cc(C)nc(N2CCN(c3ccnnc3)CC2)n1;COc1cccc(CNC2CCN(c3ccccn3)C2)n1;CCn1nncc1CNC(C)c1oc2ccccc2c1C;O=C1CCC(NCc2ccc3cn[nH]c3c2)C2(CCC2)N1;COc1ccnc(N2CCN(c3cccc(C)n3)CC2)c1;Cc1cccc(NCC2CCCN2C(=O)c2ccc[nH]2)n1
m_25a38e,CC1CCC(C(=O)NCc2ccc(S(C)(=O)=O)s2)CC1;O=C(O)C1CCCN1C(=O)CCc1ccc(C(F)(F)F)cc1;Cn1c(=NC(=O)C2CC(=O)N(C3CC3)C2)sc2ccccc21;Cc1csc(-c2cccc(NC(=O)C3CC(=O)N(C)C3)c2)n1;Cc1cc(Cn2cnc3sc4c(c3c2=O)CCC(C)C4)on1;Cc1cc(C(=O)N2CC(CC(=O)O)c3ccccc32)c(C)s1;C[S+]([O-])c1ccc(NC(=O)C2CCOc3ccccc32)cc1;O=C(CCc1cccc(C(F)(F)F)c1)NC1CC(C(=O)O)C1;FC(F)(F)c1cccc(Nc2ccc(-c3ccccc3)nn2)c1;FC(F)c1nc(N2CCOC(C(F)F)C2)c2ccccc2n1;CCN1CCN(C(=O)c2cc(C(N)=O)cs2)c2ccccc21;Cc1cc(-n2nc3ccc(Cl)cc3n2)c(O)c(C(C)(C)C)c1;Cc1nsc(N2CCC(C(F)(F)F)C3(CCC3)C2)c1C#N;O=c1c2cc(-c3cccs3)nn2ccn1CC1CCCOC1;Cc1cc(-c2nn3c(C)nnc3s2)ccc1NC(=O)C(C)C;Cc1ncc(NC(=O)c2ccc3nc(C(C)(C)C)cn3n2)s1;COC(=O)Nc1nc2ccc(C(O)c3ccc(F)cc3)cc2[nH]1;CN(C(=O)c1ccc(C(=O)O)s1)C1CCc2ccccc2C1;CC(c1nc(-c2cccs2)no1)N1CCc2c(ncn2C)C1;COC(=O)C1CCCN1C(=O)c1cc(-c2ccccc2)cs1;Cc1ccc2occ(CC(=O)Nc3nnc(C(C)C)s3)c2c1;O=C(c1cccc(OCC(F)(F)F)c1)N1CC2(CCOC2)C1;COC(=O)C1CCCN1c1cc(C(F)(F)F)nc2ncnn12;Cc1nc(CN2CCC(NS(=O)(=O)C3CC3)CC2)cs1;CCc1ccccc1C(=O)N1CCC(C(=O)O)(C(F)(F)F)C1
m_25cfa1,CCC(CC1CCCC1)C(=O)N(C)Cc1nnc2n1CCN(C)C2=O;Cc1n[nH]c(C)c1CCC(=O)N1CCN(C2CCCCNC2=O)CC1;CC(NC(=O)CC1CCCCC1)C(=O)NCCn1cnnc1C1CC1;CC(C)CN1CC(C(=O)N2CCC(Cc3nncn3C)CC2)CC1=O;CC12CCC(=O)C=C1CCC1C2CCC2(C)C(c3cccnc3)=CCC12;Cc1nn(C)c(C)c1CC(C)C(=O)N1C(C(=O)O)CC2CCCCC21;CCCCCCCCCC(O)CC(=O)NC(CCSC)C(=O)O;CCCCCCCCCCCC(O)CC(=O)NC(CS)C(=O)O;CC(CCc1ccc(OC(C)C)cc1)NC(=O)N1CCC(C(N)=O)C1;CCOC(=O)C1(C(C)C)CCN(C(=O)C2CCCc3nn(C)cc32)C1;CCC(C)(OC)C(=O)N1CCc2nc(N3CCN(C)CC3)ncc2C1;COC(=O)NC(Cc1ccccc1)C(=O)NC1CCN(C(C)C)CC1;O=C(NCCc1nnc2n1CCCCC2)N1CCC2(CCCOC2)C1;O=C(NC1CCN(C2CCCC2)CC1)N1CCC(C(F)(F)F)CC1;COC1CC(C(=O)NCc2ccnc(N3CCN(C)CC3)c2)N(C)C1;CC1CN(C2CCOCC2)CCN1c1ccnc(N2CCOCC2)n1;CCn1ccnc1CN1CCCN(C(=O)C2(C(=O)NC)CCC2)CC1;COCCN1CCCC(NC(=O)C2CCN(c3cnccn3)CC2)C1;Cc1cc(N2CCN(CC(=O)N3CCOCC3)CC2)nc(C(C)C)n1;CC(C)(O)CN1CCN(C(=O)C2CCN(c3cnccn3)CC2)CC1;C=C(C)C(C)(C)C(=O)N1CCC(c2nc(C)c(C(=O)OCC)[nH]2)CC1;Cc1ccc(N2CCCC(N(C)CCC(=O)N3CCOCC3)C2)nn1;CCc1cc(N2CCC(NC(=O)C3CC(OC)CN3C)CC2)ncn1;CC(CCc1ccccc1F)C(=O)N1CCC2(CCC(O)CC2)CC1;CCC1(C(=O)N2CCC(NC(=O)Cn3ccnn3)CC(C)(C)C2)CC1
m_26bf54,CC(=O)NC(C(=O)NCc1ccccn1)C(C)C;CC1CN(Cc2cccc(C(=O)O)c2)CCCO1;OC1CCC(NCc2cccc3c2OCO3)CC1;COc1cccc(C(=O)NC2CCCC2CO)c1;CC1Cc2c(C(=O)NCC3CC3)n[nH]c2C(C)O1;CCCCCC(C)NC(C(=O)O)c1ccccc1;CCc1ncncc1C(=O)NCC1(C(=O)O)CC1;COc1cccc(C(=O)NC2COCC2(C)C)c1;CC(C)=CCc1cc(CC(N)C(=O)O)ccc1O;CCCCCCCNC(C(=O)O)c1ccccc1;CC(C)=CCCC(C)CNCCP(=O)(O)O;CC(C)CC(=O)Nc1ccc(C(=O)N(C)C)cn1;CC(O)C(O)CNC(=O)C1Cc2ccccc2C1;Cc1ncc(C(=O)N2CC(C(C)(C)O)C2)c(C)n1;CC(C)C(=O)NCCNc1ccc(C#N)cc1F;COC(=O)C(C)(C)NC(=O)Cc1ccccc1C;CCN(C(=O)c1ccc(=O)n(C)n1)C1CCCC1;COc1ccccc1CC(=O)NC1CCC(O)C1;O=C(c1n[nH]c2c1CCC2)N1CCCC(O)CC1;CC1(C(=O)NC2CC2C2CC2C(=O)O)CC=CC1;O=C(O)C1CC1C1CC1NC(=O)C12CCCC1C2;CCC(C)(O)Cc1cn(-c2ccccc2F)nn1;CN(C)c1ccnc(C(=O)N2CCCC(O)C2)c1;CCn1cc(NC(=O)N2CC3(CCCC3)C2)nn1;CC(C)Oc1ccc(CNC(=O)N2CCC2)cn1
m_273696,O=C(c1ccncc1)N1CCN(C(=O)c2ccc(Cl)cn2)CC1;NC(=O)CC1CCCN(C(=O)c2cc(F)c(Cl)cc2F)CC1;CC(=O)N1CCC(CNS(=O)(=O)c2cccc(Cl)c2)CC1;CCC(NC(=O)c1ccc2n[nH]c(=O)n2c1)c1cccc(Cl)c1;O=c1oc2ccc3ccccc3c2cc1-c1ccc2c(c1)OCCO2;N=c1ccc2c(-c3ccccc3C(=O)O)c3ccc(N)cc3oc-2c1;Cc1nnc(N2CCN(c3nccc(C(F)(F)F)n3)CC2)s1;CC(C)(CC(=O)O)CC(=O)Nc1cc(S(N)(=O)=O)ccc1O;Clc1cccc(Nc2nc3nonc3nc2N2CCCCC2)c1;Cc1nnc(N2CCN(c3cc(C(F)(F)F)ncn3)CC2)s1;CSc1ccccc1NC(=O)C1CC(=O)Nc2cc(F)ccc21;CN(CC(F)(F)F)C(=O)c1ccc(CSc2nnc[nH]2)cc1;O=C1NCCc2ccc(S(=O)(=O)N(CC(F)F)C3CC3)cc21;CNS(=O)(=O)c1ccc(C(=O)N2CC(C)C(C(=O)OC)C2)o1;O=C1CC(N(C(=O)c2cc(-c3cccs3)n[nH]2)C2CC2)C(=O)N1;CS(=O)(=O)NCC1CCCCN1C(=O)c1ccccc1Cl;O=C(c1cc2cc(Cl)ccc2[nH]1)N1CCCCC1c1ncon1;COc1cc(-c2noc(C3CC3c3ccc(F)cc3F)n2)ncn1;Cc1oc(CNC(=O)C2CCCN2S(C)(=O)=O)cc1C(=O)O;CN(c1ncnc2ccsc12)C1CCN(CC(F)(F)F)C1=O;CC(=O)N1CCC(NS(=O)(=O)Cc2ccccc2Cl)CC1;OC1(C(F)(F)F)CCN(c2nnc(-c3ccccn3)s2)CC1;O=C(NC1CCCSC1)c1nc(C(F)(F)F)n2ccncc12;O=C(NC1CC1c1ccc2c(c1)OCCO2)c1ccncc1Cl;CCc1nnc(NC(=O)c2cccc(N3C(=O)CCC3=O)c2)s1
m_27df2d,Cc1cnc(CCNC(=O)NC2CCCOc3ccccc32)s1;O=C(NCC1CCOC1c1nc(C2CC2)no1)c1ccccc1F;CNC(=O)C1CCCN1C(=O)Cc1coc(-c2ccc(F)cc2)n1;CC(=O)Nc1nc(CN2Cc3ccccc3OC(C)(C)C2)cs1;OCc1ccc(CN2CC(CO)C(c3ccc(Cl)cc3)C2)cc1;Oc1ccc(-c2nnc(NC3CCOC4(CCCC4)C3)s2)cc1;COc1ccc(-c2ncc(C(=O)N3CCC(N)CC3C)s2)cc1;Cc1cc(C)nc(OC2CCCN(C(=O)Cc3ccsc3)C2)n1;Cc1cscc1-c1noc(C2CN(C(=O)C3CCCCC3)C2)n1;O=C1CC(C(=O)NCc2ccnc3ccccc23)c2ccccc2N1;O=C(NC1CCC(O)CC1)c1ccc(COCC(F)(F)F)cc1;CCc1cc(N2CCC(S(=O)(=O)c3ccccc3)CC2)ncn1;Cc1cc(NC(=O)C2CCN(C(=O)c3ccccc3F)CC2)no1;Cc1nc(C)c(C(=O)Nc2ccc(OC3CCNCC3)cc2)s1;COc1ccccc1CC1CCCN1C(=O)c1csc(CN)n1;CSc1ccc(CNC(=O)CCc2c(C)nc(=O)[nH]c2C)cc1;CN(C)c1n[nH]c(C2CCN(c3ncc(C#N)cc3Cl)CC2)n1;Cn1nc2c(cc1=O)CN(C(=O)c1ccc(C(C)(C)C)s1)CC2;CC(Nc1cccc(NC(=O)CO)c1)C(=O)Nc1cccc(F)c1;Cc1ccc(C)c(C2CN(C(=O)c3snnc3C)C(C)CO2)c1;COc1ccccc1C1(CNC(=O)c2snnc2C)CCCC1;Cc1nnc(-c2cccc(C(=O)N3CC4(CC4)c4ccccc43)c2)o1;CCC1c2ccsc2CCN1C(=O)Cn1cnc(C)c(C)c1=O;CC1CCN(S(=O)(=O)c2cnc(-c3ccccc3)nc2)C(C)C1;Cc1cc(C(=O)N2CCC(c3cc(=O)[nH]c(=O)[nH]3)C2)cc(C)c1F
m_293ec0,O=C(NCc1cc2ccccc2o1)N1CCN(c2ccc(Cl)cn2)CC1;COCC1(C(=O)O)CCCN1S(=O)(=O)c1ccc(C)c(NC(C)=O)c1;CC(C)Oc1ncc(C(=O)N(CCC(=O)O)C2CCOCC2)cc1Cl;O=C(CCc1ccccc1Cl)NC(Cc1c[nH]c2ccccc12)C(=O)O;O=C(Nc1nc(-c2ccccc2)ns1)NC1CCCC(C(F)(F)F)C1;Cc1nc(-c2cccc(NC(=O)c3cc(S(C)(=O)=O)ccc3C)c2)n[nH]1;O=C(C1CC(=O)N(c2ccc(F)cc2)C1)N1CCOc2cc(O)ccc2C1;CCS(=O)(=O)c1cccc(C(=O)Nc2cccc(-c3ncn(C)n3)c2)c1;CCC1CN(c2ccc(S(N)(=O)=O)cc2C(=O)O)CC2(CCOC2)O1;O=C1COc2ccc(C(=O)NC(c3ccc(Cl)cc3)C3CCC3)cc2N1;CCC(NC(=O)NCc1ccnc(OCC(F)F)c1)c1nc(C)cs1;O=C1CC(c2ccccc2)N(S(=O)(=O)c2c[nH]c3ncccc23)CCN1;COc1ccc(Cl)cc1CN1CCOC(CN(CC(=O)O)C(C)=O)C1;Cc1cc(F)ccc1-n1cc(C(=O)NC2CCOc3ccc(F)cc32)nn1;O=C(Nc1ccc(-n2cnnn2)cc1)N1CCCC(OCC(F)(F)F)C1;COCC1(C(=O)O)CCCN1S(=O)(=O)c1cc(NC(C)=O)ccc1C;COc1cc(C2CC(=O)c3c(O)cc(O)cc3O2)cc(CC=C(C)C)c1O;Cc1c(S(=O)(=O)NC2CCN(CC(=O)O)CC2)oc2ccc(F)cc12;CC(=O)Nc1c[nH]nc1C1CCCN(c2ncnc3cc(Cl)ccc23)C1;CC(C)S(=O)(=O)c1ccccc1C(=O)Nc1cccc(-c2ncn[nH]2)c1;CCC1CN(C(=O)Cc2ccc3c(c2)NC(=O)C3)c2cccc(Cl)c2O1;O=C(O)C1c2ccccc2CCN1C(=O)C1CC(=O)N(CC(F)(F)F)C1;CCCOc1ccc(NC(=O)c2cncc(-c3cnn(C)c3)c2)cc1Cl;COc1ccc(NC(=O)c2ccc(NC3=C(C)C(=O)CC3)c(Cl)c2)cc1;CCC(=O)NS(=O)(=O)c1ccc(-c2c(-c3ccccc3)noc2C)cc1
m_2a0e17,CC(C)n1nnnc1SCCOc1cccc2ccccc12;CC1(C(=O)O)CCN(C(=O)Cc2coc(-c3ccccc3)n2)C1;O=C(NC1CCOC1c1ccc(F)c(F)c1)C1(F)CCNC1;O=C(Nc1cccc(-c2ccn[nH]2)c1)c1ccc2ccccc2n1;Cc1cc(C=Cc2nc(C)c(CC(=O)O)c(=O)[nH]2)cc(C)c1O;CC1CCCCN1C(=O)c1cc(-c2ccccn2)ccc1Cl;Cc1ccc(S(=O)(=O)NC(C)CN2CCCC2=O)c(F)c1;CC1(C(=O)O)CCN(C(=O)Cn2ccc(=O)c3ccccc32)C1;Clc1ccccc1N1CCN(c2cc(C3CC3)ncn2)CC1;Clc1cccc(N2CCN(c3ncnc4c3CCC4)CC2)c1;Clc1ccc(N2CCN(c3ccnc(C4CC4)n3)CC2)cc1;Cc1cc(C(=O)Nc2ccc3c(c2)CCCC(=O)N3)sc1C;Cc1ccc(C(=O)NCC2CCCC(=O)N2)cc1C(F)(F)F;COc1ccc(C=Cc2ncc(C(=O)O)c(C(C)C)n2)cc1O;O=C(O)C1CCCCN1C(=O)Cn1ccc(=O)c2ccccc21;CCN(CC)C(C)CNS(=O)(=O)c1ccc2c(c1)OCO2;Cc1cc(F)cc2c(N3CCOC(C(N)=O)C3)c(C#N)cnc12;COc1cccc(C2CC2NC(=O)c2c[nH]c(=O)cc2OC)c1;FC(F)(F)c1ccnc(NCC2CCC(c3ncn[nH]3)O2)n1;CNS(=O)(=O)c1ccc(CCC(=O)NCC(C)CO)cc1;Cc1cnc(CNC(=O)C2CC23CCOc2ccccc23)s1;Cc1csc(CN2CCC(Nc3ccc4nccn4n3)C2)n1;CNC(=O)Cc1ccc(NC(=O)c2cc3c(s2)CCC3)cc1;CNCC1CCN(C(=O)C(C)Oc2ccc(F)cc2Cl)C1;CCC(CC)c1cc(C(=O)NC2CCS(=O)(=O)CC2)on1
m_2aa8ea,CC(C)(C)NC(=O)c1cccc(NC(=O)N2CCC(N3CCNC3=O)CC2)c1;COc1ccc(-c2cn(CC(=O)NC3CCN(C(C)C)CC3)nn2)cc1OC;COc1ccc(NC(=O)NC2CCCN(c3cc(C)nn3C)C2=O)cc1OC;CCN1CCCC1CN1CC(C(=O)NC(Cc2ccccc2)C(=O)O)CC1=O;CN(C)C(=O)CN1CCC(NC(=O)N2CCC(Cc3cccnc3)CC2)CC1;CCCN1CCC(CNC(=O)NC2(c3ccc4c(c3)OCCO4)CCCC2)C1;Cc1nc2ccccc2c(-c2ccccc2)c1CC(=O)N(C)C1CCN(C)CC1;COC1(c2nc(C3CC3)no2)CCN(C(=O)c2cn(C(C)(C)C)nc2C)CC1;O=C(CCCc1c[nH]c2ccccc12)N1CCN(CC=Cc2ccccc2)CC1;Cc1cccc(OCC(O)CN(C(=O)NCc2nnc3n2CCC3)C(C)C)c1;COc1cccc(CN2CCC(N3C(=O)NC4CN(C(C)=O)CCC43)CC2)n1;CCN1C(=O)CC(C(=O)N(CCN(C)C)Cc2ccco2)C1c1nccn1C;COc1ccccc1N1CCN(CCCNc2cc(=O)n(C)c(=O)n2C)CC1;N#Cc1cccc(CN2CCC(NC3CC4(CCC4)Oc4ccccc43)CC2)c1;CN1CCN(c2ccccc2CNC(=O)CCc2ccc3ccccc3c2)CC1;CCCCNC(=O)c1ccccc1NC(=O)C1CCN(C(=O)C(C)(C)C)CC1;COc1cccc2c1CCN(C(=O)NC1CCN(CC3CCOC3)CC1)CC2;O=C(NCCN1CCc2ccccc2C1)N1CCC(OCC2CCCO2)CC1;CN1C(=O)CC(CNC(=O)N2CCCO2)C1c1cnn(-c2ccc(F)cc2)c1;CCCN1C(=O)CCC(C(=O)N2C3CCC2CN(C)CC3)C1c1cncn1C;CCC(=C(c1ccc(O)cc1)c1ccc(OCCN(C)C)cc1)c1ccccc1;CC(C)(C)C(=O)N1CCC(C(=O)Nc2ccc(CN3CCOCC3)cc2)CC1;Cc1c(NC(=O)N2CCCN3c4ccccc4CC3C2)cnn1-c1ccccc1;c1cncc(-c2nc3c(c(N4CCCC(c5nncn5C5CC5)C4)n2)CCC3)c1;Cn1cncc1C1C(C(=O)N2CCCC(CC(N)=O)C2)CCC(=O)N1C1CC1
m_2ac2ed,CC(=O)N1CSCC1c1nc(-c2ccc(C(=O)NC3CC3)cc2)no1;O=C(CCSc1ccccc1F)Nc1cccc(C(=O)NC2CC2)c1;N#Cc1cccc(C(=O)N2CCOC(c3cccc(OC(F)F)c3)C2)c1;CC(C)c1n[nH]c(C(N)=O)c1NC(=O)c1cccc(C(F)(F)F)c1F;O=C(O)C(Cc1c[nH]c2ccccc12)NCC(O)COP(=O)(O)O;CCc1nnc(NC(=O)c2ccc3c(c2)C(=O)N(C(C)(C)C)C3=O)s1;Nc1ncnc(N2CC(O)CC2c2ccccc2C(F)(F)F)c1Cl;COc1cc(O)c2c(=O)c(OC)c(-c3ccc(OC)c(OC)c3)oc2c1;COc1ccc(-c2oc3cc(OC)c(OC)c(O)c3c(=O)c2OC)cc1;Cc1noc(C23CCN(C)CC2CN(c2ccc(Cl)c(C#N)n2)C3)n1;Cc1csc(CNc2cccc(C(=O)NC(C)c3nccs3)c2)n1;O=C(c1cnn2cccnc12)N1CCC(Oc2ccc(F)cc2F)CC1;CC(C)OC(=O)C1C(=N)Oc2c(oc(CO)cc2=O)C1c1cccnc1;CC(=O)N1CCCC(O)(C(=O)NCCc2ccc(Cl)c(Cl)c2)C1;CC(C)(C)C1NC(=O)CCC1NC(=O)c1cc(S(C)(=O)=O)cs1;Cc1ccc(-c2c(C(=O)CCl)n(CCCO)c3ncnc(N)c23)cc1;COc1ccc(-c2cc(=O)c3c(O)c(OC)c(OC)c(OC)c3o2)cc1;O=C(Nc1ccc(OCc2cccnc2)c(Cl)c1)C1CC2CCC1O2;Cc1onc(OC(F)F)c1NC(=O)C(c1ccccc1)c1ccccc1;CC(C)N1CC(NC(=O)c2ccnc(-c3ccc(Cl)cc3)n2)CC1=O;CC(=O)NCc1ccc(C(=O)N2Cc3ccccc3CC2C(=O)O)s1;Cc1ccc2c(c1)OCCN2S(=O)(=O)c1ccc2c(c1)C(=O)NCC2;Cc1nnc(CNc2ncnc3ccc(S(C)(=O)=O)cc23)n1C1CC1;O=C(Nc1ccccc1)C1CCN(C(=O)c2ccc(O)c(Cl)c2)CC1;COc1cc(C(F)(F)F)ncc1NC(=O)NC1CC(=O)N(C2CC2)C1
m_2b524a,CCn1nccc1CNCC1CCOC2(CCC2)C1;CC(C)c1noc(NCc2cnn(C(C)(C)C)c2)n1;CCCCn1nnnc1CNC(C)Cn1cccn1;Cn1nccc1CCNC(=O)N1CC2CCC2(N)C1;CCc1c(C(=O)NC2CC3(C2)CC3N)nnn1CC;CCCn1cc(CNc2nnc(C(C)(C)C)o2)cn1;Cc1nc(C(=O)N2CCC3(CCOCC3)CC2)c[nH]1;CCCc1nnc(NCc2cnn(C(C)(C)C)c2)o1;c1cnn(CC2CN(CC3CCCCC3)CCO2)c1;CCc1[nH]ccc1C(=O)NC1(C(N)=O)CCCCC1;CCOc1ncccc1NC(=O)N1CCCCCC1;COC1CC(CN(C)C(=O)c2ccccn2)N(C)C1;O=C(NCC1CCc2nccn2C1)C1CCCOC1;CCc1nnc(N2CC(C)C(C(N)=O)C2)nc1CC;CCCc1nccn1CC(=O)NC1CCCCCC1;Cc1cc(N(C)C)nc(NC2CCCCNC2=O)n1;Cc1n[nH]c(C)c1CNC(=O)CC1CCCCC1C;CCCCn1nnnc1CNCCn1cc(C)cn1;CCn1cc(CNc2nnc(CC(C)(C)C)o2)cn1;CN1CCCC(CN(C)c2ccnc(N(C)C)n2)C1;O=C(NCC(c1ccco1)N1CCCC1)N1CCC1;CC(C)C1C2OC(=O)C1C1CCC3CN(C)C2C31C;Cc1n[nH]c(C(C)C)c1C(=O)N1CCCCC(C)C1;CNC(=O)CC1(O)CCCN(c2ccncc2C)C1;CC(NCCCc1ccc(C(C)(C)C)cc1)C(=O)O
m_2b7513,Cc1ccccc1CCC(=O)N(CCC(=O)O)CC1CCCO1;CC(C)c1ccccc1C(=O)NCC(C(=O)O)C1CCOCC1;CC(C)CC(=O)N1CCC(NC(=O)c2cccc(=O)n2C)CC1;CCCNC(=O)c1cccc(C(=O)N2CCCOC(CN)C2)c1;COc1ccc(CNC(=O)N2CCN3CCC2CC3)c(OC)c1;CC(C)C(=O)Nc1ccc(NC(=O)CNCC2CCCO2)cc1;CCC(C)C(=O)Nc1cccc(CNC(=O)C2CC(O)CN2)c1;CNC(=O)c1cccc(C(=O)N2CCCN(C(C)CO)CC2)c1;CC(C)(C)C1NC(=O)CCC1NC(=O)c1noc2c1CCCC2;CC(C)CC1C(=O)NCCN1C(=O)c1cc(O)nc(C(C)C)c1;CC(C)(C)Cc1ccccc1C(=O)N1CCOC(C)(C(=O)O)C1;CC(C)(C)CNC(=O)N1CCN(C(=O)c2cccc(O)c2)CC1;COc1cccc(CC2CCN(C(=O)CCNC(N)=O)CC2)c1;CCn1cc(C2OCCCC2C(=O)N2CC(O)(C3CC3)C2)cn1;O=C(C1CC(O)CN1)N1CCN(CCOc2ccccc2)CC1;O=C(NCC1(N2CCOCC2)CCC1)c1noc2c1CCCC2;COc1ccc(CCCCC(=O)N2CCC(C)(C(=O)O)C2)cc1;CC(C)C(=O)Nc1ccc(CNC(=O)N2CCCC2CO)cc1;Cc1cccc(OCC(C)NC(=O)NC2C(=O)NCCC2C)c1;CC1CN(C(=O)c2cc(N3CCCC3=O)ccc2F)CC(C)N1;CC(C)(C)NC(=O)c1cccc(NC(=O)N2CCCC(O)C2)c1;COc1cccc(NC(=O)CCN(C)C2CCC(=O)N(C)C2)c1;CC(C)NC(=O)c1cccc(CNC(=O)N2CCOC(C)C2)c1;Cn1ccc(C(=O)N2CCC(CN3CCOCC3)CC2)cc1=O;CC1(NC(=O)Cc2c[nH]c3ncccc23)CCCc2ccccc21
m_2c1f87,Cn1nc(C2CC2)nc1Cn1cnc2c1c(=O)n(C)c(=O)n2C;Cc1nc2n(n1)CC(Nc1c(C#N)c(=O)n(C)c(=O)n1C)CC2;CCC(C(=O)NCC(=O)Nc1cccnc1)c1ccc(F)cc1;COc1ncccc1CN1CCNC(=O)C1c1ccccc1F;CC(C(=O)NCC1(C2CC2)CC1)S(=O)(=O)C1CCOCC1;COc1nc(C)cc(N(C)Cc2nnc3c(=O)n(C)ccn23)n1;O=C(c1ccc(CO)cc1)N(Cc1ccco1)CC1CCCO1;CCc1cc(NC(C)COc2cccc(F)c2)n2ncnc2n1;CC(C)(C)c1ncsc1C(=O)N1c2ccccc2CC1CN;Cc1nnc2n1CC(Nc1c(C#N)c(=O)n(C)c(=O)n1C)CC2;Cc1ccc(-c2noc(C(C)Nc3cnn(C)c3C)n2)cc1F;Cc1ccc(C(=O)NCC2CCN(C)C2c2cccnc2)s1;O=S(=O)(CCCF)NC1CCN(Cc2ccccn2)CC1;COC1C2CC3CN(c4ncnc5sc(C)c(C)c45)C1C3C2;CCOc1ccc(C(O)=Nc2ccccc2OC)cc1OCC;CCc1noc(CC)c1Cc1nc(-c2ccc(C)c(F)c2)no1;Cc1cc(C(=O)N2CCN(Cc3ccncc3)CC2)c(C)s1;Cc1nc(-c2ccc(C(=O)N3CCNC(C)(C)C3)cc2)cs1;COC(=O)C1CCN(Cc2cc(=O)oc3cc(C)ccc23)CC1;O=C1OC(CC(=O)N2CCOC3CCCCC32)c2ccccc21;COC1=CC23CCCN2CCc2cc4c(cc2C3C1O)OCO4;CCNC(=O)NCc1cccc(NC(=O)c2cccc(F)c2)c1;Cc1nnc2c3ccccc3c(N3CCc4ccccc4C3)nn12;Cc1nc(C(=O)N2CCN(C)CC2c2ccccc2)c(C)s1;CCCCc1ccc(NC(=O)c2cc(=O)c(OCC)co2)cc1
m_2c2340,Cc1cc(NC(=O)CN2CCCC(N(C)C)C2)n(C(C)(C)C)n1;O=C(CN1CCCC(N2CCCCCC2)C1)NCC(F)(F)F;CN(C)C(CNC(=O)NC1CCC(C)(C)CC1)c1cnn(C)c1;Cc1n[nH]c(C)c1NC(=O)CN1CC(C)C(N2CCOCC2)C1;CC(C)C1CCN(C(=O)NCC(c2cnn(C)c2)N(C)C)CC1;CCC(C)n1nc(C(=O)NCC2CCCOC2C(C)C)cc1C;O=C(NCC(c1ccco1)N1CCCC1)NC1CCC(O)CC1;CC(C)CNC(=O)N1CCCC(CC(=O)Nc2cnn(C)c2)C1;COC1CC(CN(C)c2ccnc(N3CCOCC3)n2)N(C)C1;Cc1c(CNC(=O)NC(C)CN2CC(C)CC(C)C2)cnn1C;CC(C(=O)NCCN1CCN(C(=O)C(C)C2CC2)CC1)C1CC1;Cn1ccnc1C1OCCCC1CNCC1(O)CCCCCC1;CC(C(=O)N1CCOCC1)N1CCN(CC2CC=CCC2)CC1;CCC(CC(=O)N1CCC(c2ccnn2CCO)CC1)C(C)C;CC(N)C(C)C(=O)N1CCC2(CC1)CC2C(=O)N1CCCCC1;CCn1nncc1C(=O)N(C)C1CCCC1N1CCC(OC)C1;COC1CC(CN(C)c2cc(N3CCOCC3)ncn2)N(C)C1;CC(C)(C)c1cnc(CN2CCC(CN3CCOCC3)CC2)o1;CCCCCCCCCCCCNCCc1ccc(O)c(O)c1;CCc1noc(CC)c1CC(=O)N1CCC2OCCN(C)C2C1;O=C(CCN1CCN(C2CC3CCC2C3)CC1)N1CCOCC1;Cc1c(C(=O)NC2CCCC2N2CCC(O)C2)nnn1C(C)C;CCn1nc(C)c(CNC(=O)N2CCC(N3CCNCC3)C2)n1;CCCCCCCCC=CCNC(Cc1cncn1C)C(=O)O;CCCCCCCCCCCNCCc1ccc(O)c(OC)c1
m_2d1eba,O=C(O)CC1COCCN1C(=O)c1cccc2[nH]ccc12;O=C(CN1CCCC1=O)NCC1CCCCS1(=O)=O;O=C1NCCc2ccc(NCc3cc(F)cc(F)c3)cc21;CCc1cc2c(NCc3cnn(C)n3)nc(C)nc2s1;COc1cc(C(O)=Nc2cccnc2)cc(OC)c1OC;CC=C1CC2C(=O)Nc3cc(O)c(OC)cc3C(=O)N2C1;O=C(NC1CC1)C1CCCN1c1ncnc2ccsc12;NS(=O)(=O)C1CCN(CCOc2ccc(F)cc2)C1;COC1CNCC1NC(=O)c1ccccc1C(F)(F)F;NC1CCN(C(=O)COc2ccc(C(F)(F)F)cc2)C1;Cc1cc(-c2ncccc2NC(=O)C2CCCO2)cs1;Cc1nsc(N2CCCC(c3nncn3C)C2)c1C#N;O=C(NCC1(CO)CCC1)c1ccncc1C(F)(F)F;O=C(c1cc(F)cc(F)c1)N1CCCC1c1ccncc1;CC1CN(C(=O)c2ccncc2C(F)(F)F)CC(C)O1;C=CCN(CC=C)C(=O)c1nc(-c2ccco2)sc1C;Cc1cnccc1NS(=O)(=O)c1ccc2c(c1)CCC2;NC1CCN(C(=O)COc2cccc(C(F)(F)F)c2)C1;Cc1nccc(NC2CCN(c3ccc(Cl)cc3)C2)n1;Cc1cc(C(=O)Nc2ccc(CC(N)=O)cc2)sc1C;CC1CCNC(=O)C1Nc1cc(-c2cccs2)ncn1;CCCCC(C#N)(Cn1cncn1)c1ccc(Cl)cc1;COC(=O)C(C)NC(=O)c1ccc(-c2ccco2)nc1C;CN(CC1(O)CCCC1)S(=O)(=O)c1cncc(F)c1;O=C(c1cc(F)ccc1F)N(Cc1ccccn1)C1CC1
m_2e265c,CCc1c(C(=O)NC2CCC(=O)NC2c2ccnn2C)ccn1C;Cc1cnc(NCC2CC(c3nc(C4CC4)no3)CC2O)nc1C;CCOc1ccc(CN2CCC(NC(=O)c3ccnn3C)C2)cn1;CCc1c(C(=O)NCc2noc(C3CC3)n2)cnn1C1CCCC1;Cc1ccccc1OCCN1CCCC(n2cnc(C(N)=O)n2)C1;Cc1nc(CC2CC2)oc1C(=O)N1CC(N)C(c2cncn2C)C1;Cc1ccc(CNC(=O)Nc2ccc(N3CCOCC3)nc2)n1C;COc1ccc(NC(=O)CN2CCCC(Cn3cncn3)C2)cc1;CCN(C)c1ccc(CNC2CCCOc3c(F)cccc32)cn1;O=C1CCC(=O)N1CC1CCC2CN(c3ncccn3)CCN2C1;Cc1cc(N2CCN(CCNC(=O)c3ccco3)CC2)nc(C)n1;CCc1cc(C(=O)NC2CCC(Cc3nnc(C)o3)C2)c(C)nn1;O=C(NCc1nnc2n1CCCC2)NC(CO)Cc1ccccc1;CCN(C(=O)NC(C)Cc1ccccc1F)C(C)c1cccnc1;Cc1cnccc1CCNC(=O)N1CCOC(c2cnn(C)c2)C1;CC(C)c1nccc(N2CCC(CO)(Cc3ccc(F)cc3)C2)n1;CCC(c1ccncc1)N(C)C(=O)NC(C)Cc1ccc(F)cc1;COC1CN(C(=O)c2ccc(C(C)(C)C)cn2)CC1c1c[nH]nn1;COCc1n[nH]c(C2CCCCN2C(=O)c2cc[nH]c2C2CC2)n1;CC1CN(CC(F)(F)F)CCN(c2cc(NC3CC3)ncn2)C1;CCc1noc(C)c1C(=O)N1CCCN(c2ccc(C)nn2)CC1;Cc1nn(C)c(C)c1NC(=O)N1CCN(c2cccc(O)c2)CC1;CNC(=O)COc1ccccc1CNC1CCc2nc(C)nn2C1;c1cc(C2OCCC2NCc2nc(C3CC3)no2)n(CC2CC2)n1;COc1ccccc1C(C)NC(=O)c1cn(C2CCNCC2)nn1
m_2efd6f,COc1ccc(SCc2ccc(C(N)=O)cc2)cc1;COc1cccc(SCc2cccc(C(N)=O)c2)c1;CNC(=O)c1ccc(CSc2ccccc2O)cc1;COc1cccc(SCc2ccc(C(N)=O)cc2)c1;O=C(NC1CCC(C(=O)O)C1)c1cc2ccccc2o1;Cc1nn(Cc2ccc(Cl)cc2)c(=O)c(C#N)c1C;O=C(O)C1CN(Cc2ccccc2)CC1C(F)(F)F;O=C(O)C1CCCCN1C(=O)c1coc2ccccc12;CCOc1cc(C)c(C)cc1S(=O)(=O)NCCO;CNC(=O)c1cccc(CSc2ccccc2O)c1;CCCNS(=O)(=O)c1cc(OC)c(C)cc1OC;Cc1nn(CC(=O)Nc2ccc(F)cc2)c(N)c1C#N;CCc1csc(NC(=O)C2CC2c2cccnc2)n1;CSCCCNC(COP(=O)(O)O)C(=O)O;COC(=O)c1ccc(OCc2cccc(OC)n2)cc1;Cc1ccc(C)c(-n2sc3cc(F)ccc3c2=O)c1;O=C(CCc1ccco1)NC(C(=O)O)c1ccccc1;CCc1ccc2occ(C(=O)NC3COC(=O)C3)c2c1;O=C(Nc1ccc(Cc2nnn[nH]2)cc1)C1CCCO1;NC(=O)CCCNC(=O)c1cc2ccccc2[nH]c1=O;COC(C)CS(=O)(=O)Nc1ccc(C(=O)O)cc1;O=C1CCC(NC(=O)C2CCc3cccnc32)C(=O)N1;Nc1nc(C(=O)NCC2CC2)c(-c2ccccc2)s1;COc1ccc(CNC(CN)CN)c(Cl)c1OC;COCC(=O)Nc1ccc(Oc2ncccn2)cc1C
m_2f1128,CCc1nsc(N2CCOC(c3ccc(OC(F)F)cc3)C2)n1;O=C(CNC(=O)c1ccsc1)Nc1cnn(Cc2ccccn2)c1;CCc1cc2c(NCCc3nnc4c(=O)[nH]ccn34)ncnc2s1;CC(C)(NC(=O)c1cccc(-n2nccc2C(F)(F)F)c1)C(=O)O;NS(=O)(=O)c1ccc(OCC(=O)NC2CCCCNC2=O)cc1;O=C(c1ccc(-n2cccn2)c(F)c1)N1CCCC(C(F)(F)F)C1;CNS(=O)(=O)c1ccc(C(=O)NC2(C)CC(C)(C)OC2=O)cn1;O=C(c1ccc(C(F)(F)F)cn1)N1CCC(O)(Cn2ccnn2)C1;CCS(=O)(=O)c1cc(Cl)cc(CNCc2c(C)n[nH]c2C)c1;CS(=O)(=O)c1ccc(OCCC(=O)N2CCC(C(=O)O)C2)cc1;CN1C(=O)NC2CN(C(=O)c3ccc(SC(F)F)cc3)CCC21;CCOC(=O)c1cnc2ccc(Cl)cc2c1NCc1cccnc1;CN1CC(c2nc(Cc3ccc(OC(F)(F)F)cc3)no2)CC1=O;COc1ccc(OC(F)(F)F)c(C(=O)N2CCCc3n[nH]cc32)c1;O=c1[nH]c(CN2CC3CC3C2)nc2cc(-c3ccc(F)cc3)sc12;Cc1nc(C2CC2)sc1C(=O)NC(C)(C)c1cc(C(F)F)on1;Cc1nccn1CC(=O)Nc1ccc(Oc2ccccc2Cl)cc1;CCNc1ncc(S(=O)(=O)NC(CC)CO)cc1C(F)(F)F;COc1cc(Cl)c(C)cc1NC(=O)c1cccc(-n2cccn2)c1;CCNc1ncc(S(=O)(=O)N(C)CCOC)cc1C(F)(F)F;O=c1cccc2n1CC1CC2CN(c2nc3ccc(Cl)cc3o2)C1;CC(Oc1ccc(Cl)cc1Cl)C(=O)NCCC1=CCCCC1;CS(=O)(=O)CC1CCCCN1C(=O)c1csc2c1CCCC2;COC1CC2CCC(C1)N2C(=O)CCc1ccc(Cl)c(Cl)c1;Cc1nn(C)c(C)c1S(=O)(=O)N1CCCc2cc(F)c(F)cc21
m_2f9ab1,Cn1cc(Cl)cc1C(=O)N1CCC(C)(C(=O)O)C1;Cn1cc(Cl)cc1C(=O)N1CCCCC1C(=O)O;Cn1cc(Cl)cc1C(=O)N1CCCC(C(=O)O)C1;Cn1cc(Cl)cc1C(=O)N1CCC(C(=O)O)CC1;O=C(O)CN(CC1CC1)S(=O)(=O)c1cccnc1;Cn1cc(Cl)cc1C(=O)NC(C)(C(=O)O)C1CC1;NC(=O)C(O)C1CCN(c2ncc(Cl)cn2)CC1;COc1cc(C(=O)NC2(CC(=O)O)CCC2)sn1;N#Cc1ccc(S(=O)(=O)NCC2(O)CCCC2)o1;COc1ccc(O)c2c1C(=O)CC(c1ccccc1)O2;CC(O)=C(C#N)C(=O)Nc1ccc(C(F)(F)F)cc1;Cn1cc(Cl)cc1C(=O)NC1(C(=O)O)CCCC1;CC(C)(C)NC(=O)Nc1ccc(Cl)c(C(=O)O)c1;COc1cc(O)c(C(=O)O)c(C=Cc2ccccc2)c1;O=C(O)CN(C1CCC1)S(=O)(=O)c1cccnc1;CCN(C)C(C[N+](=O)[O-])=NCc1ccc(Cl)nc1;CC(=O)C(C#N)C(=O)Nc1ccc(C(F)(F)F)cc1;O=C(O)C1OC(Oc2ccccc2)C(O)C(O)C1O;NC(=O)CC1(O)CCCN(c2ncc(Cl)cn2)C1;CCNC(=O)CNC(=O)c1cc(Cl)c(O)cc1C;Cc1c(O)cc2c(c1O)C(=O)CC(c1ccccc1)O2;O=C(NC1CCOC1C(=O)O)c1ccncc1Cl;CCOC(=O)c1ccc(NC(=O)c2ccccn2)cc1;COC(=O)c1ccc(C)c(NC(=O)c2ccccn2)c1;O=C1CN(c2cc(=O)n3ccccc3n2)CC2(CC2)N1
m_30024e,COCc1cccc(CN2CCOCC2C2CCCC2O)c1;Cc1c[nH]c(=O)c(CNC(=O)C(CN)C2CCCCCC2)c1;Cc1n[nH]c(C)c1C(C)C(=O)N1CCC(C2CCOCC2)C1;NC(=O)N1CCCN(C(=O)C2C3CC4CC(C3)CC2C4)CC1;COC(C(=O)NCC1CC1C1CCCCC1)c1cnn(C)c1;COC1CCC(NC(=O)c2cc(C3CCCCC3)n[nH]2)CC1;COc1ccc(CC(=O)N2CCCC(C(C)(C)C)C2)cc1O;Cc1ccc(=O)n(CC2CCN(CC3CCCOC3)CC2)n1;CCN(CC)c1ccc(NC(=O)C2CCOC2C(C)C)cn1;CCN(CC)C(=O)C1C2CCC1(c1ccnn1CCOC)C2;CCOc1ncccc1NC1CCN(C(=O)C(C)(C)C)CC1;COCc1nc(C)cc(NC2CCOC3(CCCCC3)C2)n1;COc1ccc(CCC(=O)NC2CCCCCC2)cc1OC;CCC1CC(CC(=O)N2CCCCC2c2ncc[nH]2)CCO1;CCN(C)Cc1cccc(CNC(=O)NCC2CCCO2)c1;CCC(NC(=O)N1CC(C)(C)OC(C)(C)C1)c1ccncc1;CC(C)NC(=O)C(c1ccccc1)N1CCN(CCO)CC1;Cc1noc(C)c1CCNC(=O)NC1CC1C1CCCCC1;CC1CN(C2CCOCC2)CCN1Cc1ncc(C2CC2)o1;CCOc1ccccc1CNC(=O)N1CCCC(N(C)C)C1;CC(C)(C)C1OCCCC1CNC(=O)NCc1ccncc1;CC1CCCN(C(C)(C)CNC(=O)c2ccn(C)c(=O)c2)C1;CC(O)CN1CCN(C(=O)c2ccc(CN(C)C)cc2)CC1;Cc1cccnc1C(NCC(=O)NC1CCOCC1)C(C)C;COC1(C)CC(NC(=O)N(C)C(C)c2ccncc2)C1(C)C
m_31ebaa,CN(C)S(=O)(=O)c1cccc2c1CCN(C1CCCCNC1=O)C2;COC1CC(c2nnc3n2CCC3)N(C(=O)c2cc3ccccc3[nH]2)C1;CCN(Cc1nc2ccccc2c(=O)[nH]1)C(=O)c1cccc(COC)c1;Cc1[nH]c(C#N)cc1C(=O)N1CC2CCCC2(c2nnc(C3CC3)o2)C1;COc1ccc(CC(=O)Nc2cccc(-c3nccn3C)c2)c(OC)c1;CS(=O)(=O)N1CC(CNC(=O)NCC2CCCc3ccccc32)C1;O=C(Cc1ccccc1)NCC(=O)Nc1ccc(C(=O)NC2CC2)cc1;Cc1nc(-c2ccccc2)oc1C(=O)NC(C)c1nnc2n1CCCC2;COc1ccc(OC)c(C(=O)N2CCCC2c2nc3ccccc3[nH]2)c1;O=C(NC1CC(Cn2ccnc2)CC1O)c1ccc(-c2cn[nH]c2)cc1;Cc1oc(-c2ccccc2)nc1CC(=O)NCc1nnc2n1CCCC2;Cc1[nH]nc(C(=O)NC2CCCC2c2ccc(C(F)(F)F)cc2)c1C;OC1C2CC(CNc3ccc4nnc(-c5ccccc5)n4n3)C(C2)C1O;CN1C(=O)CC(CNc2ncnc3ccc(F)cc23)C1c1ccncc1;CN(c1ccccc1)c1ccc(C(=O)N2CCCC23CCOC3=O)cn1;COc1cccc(-c2cc(C(=O)N3CCC(c4ncc[nH]4)CC3)[nH]n2)c1;Cc1cc(C(=O)NC2CCC(=O)NC2(C)C)nn1-c1cccc(C#N)c1;Cc1cc(C)c(N2CCC(Nc3ncnc4onc(C)c34)C2=O)c(C)c1;CC(Cc1ccc(NC(=O)Cc2nn(C)c3ccccc23)cc1)C(=O)O;Cc1cn2nc(NC3CCN(C(=O)COc4ccccc4)C3)ccc2n1;Cc1cnn(Cc2cc(C(=O)Nc3ccccc3N3CCCC3)no2)c1;COC(=O)c1ccc(CNC(=O)Cn2cnc3cc(C)c(C)cc32)cc1;COc1ccc(C(NC(=O)c2cccc(-n3cnnn3)c2)C(C)C)cc1;Nc1ncncc1C(=O)N(Cc1ccc(C(=O)NC2CC2)cc1)C1CC1;Cc1ccc(-c2cc(C(=O)N3CCNCC3c3nccn3C)on2)cc1
m_328338,CCc1nccn1S(=O)(=O)c1ccc(C)c(C)c1;CCCc1csc(NC(=O)c2cc(C)nn2C)n1;O=C(NC1CN2CCC1CC2)c1ccc(Cl)cc1;O=c1[nH]nc(CC2CCNCC2)n1-c1cccs1;Cc1nnc(Cn2c3c(sc2=O)CCCC3)n1C;O=C(O)CC1COCCN1C(=O)Cc1ccncc1;Cn1ccc(C(=O)N2CCCCC2C(=O)O)cc1=O;c1cnn(CC2CN(Cc3cscn3)CCO2)c1;COc1ccc(OCCSc2nccn2C)cc1;CSCc1cccc(CNC(=O)N2CCCC2)c1;COC(=O)CCn1nnc(-c2ccc(F)c(C)c2)n1;O=C(O)C1COCCN1C(=O)CCc1cccnc1;O=C(Nc1cccnc1)c1cn(-c2ccccc2)cn1;COc1ccc(C(=O)N2CCCC2CC(=O)O)cn1;N#Cc1cccc(Cl)c1N1CCCC(CCO)C1;CC1(C)CCCN1C(=O)c1c(F)cc(C#N)cc1F;O=C(Nc1ccncc1)c1c[nH]nc1-c1ccccc1;Cn1ccc(C(=O)N2CCCC(C(=O)O)C2)cc1=O;O=C(NCC1CNCC1O)c1cccc2c1OCO2;Cn1cnnc1C1CN(Cc2cccs2)CCO1;N#Cc1ccccc1CN1CCCS(=O)(=O)CC1;OC1CCCN(Cc2csc(-c3ccco3)n2)C1;Cc1cc(CN2CCN(c3nccs3)CC2)no1;CC1CCCN(S(=O)(=O)c2cccc(C#N)c2)C1;CN(CCc1ccccc1F)C(=O)c1nc(=O)[nH][nH]1
m_347e26,CCOCC1CCN(Cc2ccc(CO)c3c2OC(F)(F)O3)C1;O=C(CCOc1ccccc1)N1CC(O)CC1c1cccc(F)c1;Cn1c(=O)c2c(nc(N)n2CCCOc2ccccc2)n(C)c1=O;COc1cccc(C(=O)N2CCN(C(=O)c3conc3C)CC2)c1;COc1cccc(C(=O)NCC(=O)N2CCn3nc(C)nc3C2)c1;Cc1cccc(OC(F)F)c1NC(=O)C(C)OCC1CCCO1;Cc1ccccc1CCNC(=O)C[S+]([O-])Cc1ccccc1C;Cn1cc(C2CN(S(=O)(=O)CC3CCOCC3)CCO2)cn1;CC(O)C1CN(S(=O)(=O)c2c3c(nn2C)CCCC3)CCO1;O=C(NCc1ccc2c(c1)OCO2)N1CCC(n2nccn2)CC1;Cc1noc(C2CCCN(C(=O)Cc3ccc4c(c3)OCO4)C2)n1;Cc1cccc(C[S+]([O-])CC(=O)NCCc2ccccc2C)c1;Cc1cc(CO)oc1C(=O)NC1CCCN(c2cccnc2)C1=O;FC(F)(F)Cn1ccnc1CN1CCOC(Cn2cccn2)C1;CC(Oc1ccccc1)C(=O)NCC1(c2ccsc2)CCCC1;Cc1nc(C2CCN(S(=O)(=O)CC(C)C)CC2)[nH]c1C(=O)O;COC(=O)C(Cc1ccccc1)NC(=O)C(C)c1cccc(F)c1;Cc1cc(C)nc(-n2[nH]c(C(=O)N3CC4COCC4C3)cc2=O)n1;Cc1ccccc1C1CC(NCc2ccc(S(C)(=O)=O)cc2)C1;Cc1cnc2c(c1)N(C(=O)c1cn(CC3(C)COC3)nn1)CCO2;c1ccc(Nc2nc(Nc3ccccc3)nc(-n3cccn3)n2)cc1;FC(F)(F)Cc1noc(CN2CCC(Cn3cccn3)CC2)n1;COCC1(C(=O)O)CCCN1C(=O)c1cncn1-c1ccccc1;Cc1nnc(C2COCCN2C(=O)C2Oc3ccccc3C2C)o1;Fc1ccc2c(c1)C(NCc1cccc3c1OCCO3)CCCO2
m_34c00a,O=C1CCN(S(=O)(=O)N2CCCC2c2ccco2)CCN1;CC12OC(=O)C1(C(O)C1C=CCCC1)NC(=O)C2CCCl;Cc1cccc(-c2nc(CNC(=O)CCC(F)(F)F)no2)c1;CC1C(=O)NCCN1S(=O)(=O)N1CCCC1c1ccco1;NCCc1ccc(OC2OC(C(=O)O)C(O)C(O)C2O)cc1;O=C(Nc1ccc2c(c1)OCCO2)c1cc2c(nn1)CCOC2;COCC1CC(OC)CN1Cc1c(Cl)cccc1C(=O)O;O=C(Cn1ccc(C(F)(F)F)n1)NCCOc1ccccc1;COc1ccc(C2(NC(=O)c3cnc(C(=O)O)cn3)CC2)cc1;Cc1cc(OCC(=O)NC(C)CCC(=O)O)cc(C)c1Cl;COCC1CC(OC)CN1Cc1cccc(C(=O)O)c1Cl;O=C(Cn1ccc(C(F)(F)F)n1)Nc1ccc(CCO)cc1;Cn1c(=O)[nH]c2ccc(C(=O)N3CCC(C(F)(F)F)C3)cc21;O=C(NCC1(c2ccc(F)cc2)CC1)c1ccc2c(c1)OCO2;COc1cccc(CNc2nccc(C(F)(F)F)n2)c1OC;Cc1ccoc1C(=O)Nc1cccc(CN2C(=O)CNC2=O)c1;COc1cc(C(=O)NCC2(CO)CCOCC2)ccc1Cl;Cc1c(C(F)(F)F)n[nH]c1C(=O)NCc1ccc(CO)cc1;CC1(C)CN(C(=O)CCc2cccc(F)c2)CCS1(=O)=O;COc1cc(C(=O)NC(C)(CC(=O)O)C(C)C)ccc1Cl;COC(=O)c1ccc(C(=O)N2CCc3nc[nH]c(=O)c3C2)cc1;O=C1CCC(NS(=O)(=O)N2CCCC2c2ccco2)CN1;O=C(NCc1ccncc1)C(=O)NCc1ccc2c(c1)OCO2;O=C(O)C1CN(C(=O)c2cnc(-c3ccccc3)nc2)CCO1;Cn1nc(C2CC2)cc1S(=O)(=O)N1CCCC1(C)C(=O)O
m_34c315,Cc1cc(C)c(N2CCC(NC(=O)CCn3cncn3)C2=O)c(C)c1;CC(C)Cc1cc(C(=O)N2CCN(c3ncccn3)CC2)cc(O)n1;CCc1cnccc1C(=O)N1CCC(c2cc(O)nc(N(C)C)n2)C1;CC(C)C(=O)Nc1cc(C(=O)N2CCC(c3ncc[nH]3)CC2)ccn1;Cc1ccc2c(c1)OCCN2C(=O)c1nnn(C2CCNCC2)c1C;O=C(Cn1nnnc1-c1ccccc1)NCC1CCOC2(CCC2)C1;CC(C)c1nnc2n1CCN(CCCn1c(=O)oc3ccccc31)C2;CCC1CN(C(=O)CCc2c(C)nc3c(C#N)cnn3c2C)CCO1;NC(=O)NC1(c2nc(-c3cccc(CN4CCCCC4)c3)no2)CC1;O=C(N1CCCCC1)N1CCN(c2cc(=O)n3ccccc3n2)CC1;CCCn1c(CN2CCN3C(=O)C(=O)NCC3C2)nc2ccccc21;Cc1nc(C2CC2)ccc1C(=O)N(C)CC1OCCC1c1ncn[nH]1;CN1CCC(Nc2ccccc2NC(=O)Cc2ccc(F)cc2)CC1;CC1(C)NC(=O)CCC1NC(=O)CCc1nncn1-c1ccccc1;O=C(NC1CCCC2OCCC12)C(Cc1ccccc1)n1cnnn1;Cn1cc(CC2CCN(C(=O)C3(c4cccc(F)c4)CCC3)C2)cn1;Cn1cnnc1CC1(O)CCCN(CCOc2ccc(C#N)cc2)C1;O=C(NC1CCC(O)CC1)N1CCn2c(nnc2-c2ccccc2)C1;O=C(C1C2CCCCC21)N1CCC(c2nc3c(F)cccc3[nH]2)CC1;COc1ccccc1C1(CNC(=O)Cc2ccc(F)cc2)CCCC1;CC(NC(=O)N1CCNC(=O)CC1)c1cnn(Cc2ccccc2)c1;COCc1n[nH]c(C2CN(C(=O)c3ccnc(C)c3)CC2C2CC2)n1;CN(C)c1nc(N2CCCC2)ncc1NC(=O)COc1ccccc1;Cc1noc(C)c1CC(=O)N(C)C1CN(c2cc3c(nn2)CCC3)C1;Cc1cc(C)c2c(c1)N(C(=O)c1nnn(C3CCNC3)c1C)CCO2
m_36d3ce,CS(=O)(=O)C1CCN(C(=O)c2ccc3ccccc3c2)C1;Cc1ccc(C(=O)NCC2(C)OCCc3sccc32)nn1;CC(C)(C)c1ccc(S(=O)(=O)NC2CCCOC2)s1;Cc1ccc(-c2ncccc2NC(=O)NC2(CO)CC2)s1;Cc1ccc(C(C)NC(=O)COC(=O)c2cccs2)cc1;Cc1nnc2c(N3CC(Cn4cc(Cl)cn4)C3)nccn12;Cn1nccc1CNCc1c(F)cccc1OC(F)(F)F;O=C(Oc1ccc2ccccc2c1Cl)N1CCCCCC1;O=c1[nH]c2c(cnn2-c2ccccc2)c(O)c1-c1ccccc1;Cc1nn(-c2ccccc2)cc1C(=O)N1CC[S+]([O-])CC1;NS(=O)(=O)c1cccnc1NCC1(c2ccccc2)CC1;CC(CN(C(=O)c1cc2ccccc2s1)C1CC1)C(=O)O;Cc1cscc1C(=O)Nc1ccc(C(C)(C)C(=O)O)cc1;O=c1nc(SCc2ccncc2)c2c(n1CCO)CCC2;CCn1cnc2c(Nc3cc(Cl)ccc3OC)ncnc21;COc1ncc(NC(=O)c2ccc3c(c2)OCO3)c(OC)n1;Oc1ccc(-c2c[nH]c3c(O)c4c5c(c23)=NCCC=5C=N4)cc1;CSc1nccc(Oc2ccc(N3CCOCC3)cc2)n1;O=C(Nc1ccc(-c2cc3ccccc3o2)cc1)c1ccco1;COc1ccc(-c2cc3c(=O)[nH]c4ccccc4c3nn2)cc1;CCC(NC(=O)c1ccc2c(c1)OCCO2)c1cccs1;O=C(c1cccc(OCc2cccs2)c1)N1CCC(O)C1;O=C1Cc2cc(NC(=O)c3ccc4ccccc4n3)ccc2N1;Cc1ccnc2sc(C(=O)NCC3CCC(=O)N3)c(C)c12;Cc1occc1C(=O)Nc1cc(-c2c(F)cccc2F)[nH]n1
m_370436,Cc1ccccc1CN(C)C(=O)Cc1c[nH]c2ccccc12;Cc1ccccc1CN(C)C(=O)NCC#Cc1ccccc1;COCC1(C(N)=O)CCCN1Cc1cc(C)ccc1OC;CCC(NC(=O)CNC(=O)OC)C(C)(C)c1ccccc1;N#Cc1ccnc(N2CCN(CCc3ccccc3)CC2)c1;COc1ccccc1C(C)N1CCN(CCC(=O)O)CC1;COC(=O)CN1CCN(C(C)c2ccccc2OC)CC1;CNC1CCCN(C(=O)CCOc2ccccc2OC)C1;CC(C)N1CCC(NC(=O)c2nc3n(n2)CCCN3)C1=O;CC(=O)NC(CCCCNCCc1ccccc1)C(=O)O;CC(C)N1C2CCC1CN(c1nc(C3CC3)ns1)CC2;N=C(N)NCCCCC(NCC(O)C(O)CO)C(=O)O;O=C(CCC1CCNC1)NC1CCOc2c(F)cccc21;COCc1ccc(CNC(=O)N2CC(C)OC(C)C2)cc1;CN1CCN(C2=Nc3ccccc3Nc3ccccc32)CC1;COCC1CC(OC)CN1c1nc(N)c2cnn(C)c2n1;NC1CC(C(=O)N2CCC(Oc3cccc(F)c3)CC2)C1;C(=CC1CC1)CNc1ccc2nnc(-c3ccccn3)n2n1;COCC1(C(N)=O)CCCN1Cc1cccc2c1OCO2;COc1ccc2c(c1)OCC(C(=O)NCCNC(C)=O)C2;O=C(CC=Cc1ccc(F)cc1)N1CCN(CCO)CC1;COc1ccc(F)cc1CC(=O)NC1(C2CCNC2)CC1;Cc1noc(C)c1CNC(=O)N(C)Cc1c(C)noc1C;COc1ncc(NC(=O)C2CCCC(N)C2)cc1C(N)=O;O=C(C1CCCNC1)N1CCOC(c2ccccc2F)C1
m_3883ef,Cc1nc(NC(=O)C(C)N2CCCC(Cn3cncn3)C2)sc1C;CC(CNC(=O)N1CCCC1c1cnn(C)c1)c1ccc(F)cc1F;O=C(C1CCN(C2CC2)CC1)N1CCN(c2ncccc2Cl)CC1;C=C1CCN(C(C)C(O)(Cn2cncn2)c2ccc(F)cc2F)CC1;CN(Cc1cccc(C#N)c1)C(=O)c1cc(C(C)(C)C)n2ncnc2n1;Cn1nccc1NC(=O)N1CCC(CCc2ccc(F)cc2F)CC1;Cc1c(C(=O)N2CCCC2c2ccc(N)nn2)cnn1-c1ccccc1;CNc1cc2c(nn1)CCN(C(=O)c1ccc(-n3nccc3C)cc1)C2;NC(=O)c1cc(C(=O)N2CCC(NC(=O)C3CCCC3)C(O)C2)c[nH]1;CC1CCC(N2CC(C(=O)Nc3ccn(CC(=O)O)n3)CC2=O)CC1;CN(C)C(C(=O)N1CCC(CO)(C(F)(F)F)CC1)c1cncn1C;CCN(CC1CCN(c2cc(=O)n(C)c(=O)n2C)C1)CC(F)(F)F;COc1ccnc(N2CCN(C(=O)C3CC(O)CN3C(C)=O)CC2)c1;O=C(NCc1nnc2n1CCC2)c1cc(C2CC2)nn1-c1ccccc1;CC(c1cc(F)ccc1F)N(C)C(=O)NCc1ccnc(N(C)C)c1;Cn1cc(C(=O)N2CCN(c3cnccn3)CC2)c(-c2ccccc2)n1;Cc1nnc2n1CCN(C(=O)c1cc(C3CC3)nn1-c1ccccc1)C2;CC(=O)NCc1ccc(C(=O)N(CCC(=O)O)CC2CCCO2)cc1;Cn1c(N2CC3CN(C(=O)c4cnccn4)CC3C2)nc2ccccc21;COC(=O)Cc1c[nH]c2ccc(OCC(O)CN3CCOCC3)cc12;CCOC(=O)N1CCN(C(=O)C2CCc3nn(C)c(=O)cc3C2)CC1;Cc1cc(C=C2CCC(=Cc3cc(C)c(O)c(C)c3)C2=O)cc(C)c1O;COc1ccc(NC(=O)C(C)C(=O)O)cc1NC(=O)C1CCCCC1;COc1cncc(-c2cncc(N3CCN(c4ccncc4)CC3)n2)c1;CN(C(=O)c1n[nH]c2ccccc12)C1CN(c2cc3c(nn2)CCC3)C1
m_38941f,CCNc1ccnc(N2CCN(c3nccn4c(C)nnc34)CC2)n1;Cc1nc(C(C)(C)C)[nH]c(=O)c1C(=O)N1CCc2ccccc2CC1;CN(C)c1cc(N2CCN(c3ncnc4c3cnn4C)CC2)ncn1;COc1ccc(C)cc1C(C)NC(=O)N1CCCC1c1ccncc1;O=C(Nc1cnn(Cc2ccccc2)c1)C1CC2CC(O)CC(C2)C1;CC(CCc1ccc(O)cc1)NC(=O)N1CCCC1c1ccncc1;Cn1ccc(CN2CCC(NC(=O)Cc3ccccc3)CC2)cc1=O;O=C(Nc1ccc(-c2ncc3n2CCCC3)cc1)C1CCC(O)CC1;CC(=O)Nc1ccc(CNc2ccc(C(=O)NC(C)C)c(C)c2)cc1;CC(=O)N1CCC(NC(=O)NC(C)Cc2ccc3ccccc3c2)C1;O=C(NC1CCC(Oc2ccccc2)CC1)c1cc2n(n1)CCCC2;Cc1cccc(C(C)NC(=O)c2c[nH]c(C(=O)N3CCCC3)c2)c1C;Cc1n[nH]cc1C1CCN(C(=O)c2cccc3c2OCC3(C)C)CC1;CCCS(=O)(=O)Nc1ccc(NC2CCN(CC)CC2C)cc1;CCNC(=O)c1cccc(CNC(=O)NCc2ccc(CC)cc2)c1;CC(NC(=O)NC(C)C1CCCO1)c1ccc(-c2cccnc2)cc1;COCC1CCCN(C(=O)NCc2ccc(-c3cccnc3)cc2)C1;CCc1ncncc1C(=O)N1CCC(Oc2ccc(C)c(C)c2)CC1;Cc1cc(C2CCCN(C(=O)c3ccccc3OC3CCC3)C2)n[nH]1;Cc1c(NC(=O)c2cccc(C3CCOC3)c2)cnn1C1CCCC1;COC(C(=O)NC1CCN(Cc2cccnc2)CC1)c1ccccc1;CCN(CC)c1ccc(NC(=O)CC2OCCc3ccccc32)cn1;CC(C)c1ccccc1NCC(=O)Nc1ccc(C(=O)N(C)C)cc1;Cc1ccc(CC(=O)Nc2ccc(C)c(C(=O)N(C)C(C)C)c2)cn1;CN(C)c1ccc(-c2cncc(C(=O)N3CCOCC3(C)C)c2)cc1
m_3a5731,O=C(O)CCN(C(=O)C1CC1c1cccc(F)c1)C1CCOCC1;O=C(O)CCN(Cc1ccccc1)C(=O)C1C2Cc3ccccc3C21;O=C(Nc1ccncc1)c1ccc(CNC(=O)C2CC=CCC2)cc1;O=C(O)CC1CCC(NC(=O)c2csc(C3CCCCC3)c2)C1;O=C(O)C1CCCN1CC(=O)N1CCN(c2ccccc2F)CC1;O=C(NC1CC(Cn2ccnc2)CC1O)c1ccc2ccccc2c1;CCC(CC)(C(=O)O)C(=O)N1CCCC(CNS(N)(=O)=O)C1;O=C(O)C1(C(=O)N2CCC(O)(Cc3ccccc3F)CC2)CCC1;O=C(O)C1CC12CCN(C(=O)CCCOc1cccc(F)c1)CC2;Cn1cnc2c(N3CCN(c4ncnc5cc[nH]c45)CC3)ncnc21;O=C(O)C(CNC(=O)C1(c2ccccc2F)CC1)C1CCOCC1;CC(C)CC(NC(=O)CC(c1nccn1C)C(F)(F)F)C(=O)O;O=C(O)C1CN(C(=O)c2ccc3c(c2)CCC3)CC1c1ccccc1;O=C(O)C1CN(C(=O)c2cccc3c2CCC3)CC1c1ccccc1;COc1ccc(N2CCN(C(=O)c3c[nH]c4ccccc34)CC2)cc1;Cc1cccc(CNC(=O)CN2CCn3c(nnc3C(F)F)C2)c1;CC(O)=Nc1ccc(C(=O)NCCc2c[nH]c3ccc(C)cc23)cc1;Cc1cc(CC(=O)Nc2ccccc2NCc2ccccc2C)no1;CC1(c2ccccc2)CN(C(=O)NCc2cccc(C#N)c2)CCO1;CC(C(=O)Nc1ccc2c(c1)OCO2)N1CCCC(O)(C(N)=O)C1;CC(Cc1ccccc1F)NC(=O)NCCCN1C(=O)CCC1=O;CC(CO)NC(=O)c1ccc(NCc2cccc3cccnc23)cc1;Cc1ccccc1C1(CNC(=O)CS(=O)(=O)C2CCCC2)CC1;COc1ccc(CNC(=O)N2CCCC2C(=O)NC2CC2)cc1F;CN1CCc2c(c3ccccc3n2Cc2ccc(C(=O)NO)cc2)C1
m_3aa487,COc1cccc(CCC(=O)NC2CC(O)C2n2cccn2)c1F;COC(=O)C1(CNC(=O)C2C3CCC(CC3)C2C(F)(F)F)CC1;O=C(N1CCCC1)C1(O)CCCN(c2nc3cc(F)ccc3o2)C1;CCS(=O)(=O)c1ccc(N2CCC(c3c[nH]nc3C)CC2)cc1;O=C(c1cc(N2CCNC2=O)ccc1F)N1CCC2OCCC2C1;Cc1ccc(CNC(=O)C2CSCN2C(=O)C2CCCC2)cn1;COc1cccc(F)c1C(=O)NC1CC(Cn2ccnc2)CC1O;CC(Cc1cccs1)C(=O)NC1CCOC(c2cncn2C)C1;COC(=O)C(c1ccc(F)cc1)N1CCC(c2nc(C)no2)CC1;Cc1ccccc1C1C(=O)NCCN1C(=O)c1cccc(CC#N)c1;NC(=O)c1cccc(CNC(=O)NCc2ccc3ccccc3c2)c1;COC(=O)C1CCc2nnc(C(C)Oc3ccccc3F)n2CC1;O=C(Cc1cccc(O)c1)Nc1ccc(NCc2ccccn2)cc1;CNCC1CCN(S(=O)(=O)c2c(C)cc(C)c3cccnc23)C1;CCCS(=O)(=O)N1CCCC(c2nc(-c3ccccc3)c[nH]2)C1;Cn1cncc1C1CC(NC(=O)CCCc2cccs2)CCO1;Cc1cccc2c(=O)n(CC(=O)N3CCc4ccccc4C3)cnc12;Cn1nc(C(F)F)cc1C(=O)N1CCC2(CC1)CCC(F)(F)C2;COc1ccc2c(NC3CCOC4(CCOC4)C3)ncnc2c1F;Cc1ccnc(NCc2ccc(CS(=O)(=O)NC(C)C)cc2)c1;Cc1ccc2c(c1)SC(C(=O)N1CCCN(CC(N)=O)CC1)C2;CCCC(NC(N)=O)C(=O)Nc1ccc2[nH]nc(C(=O)OC)c2c1;Cc1ccc(F)c(OCC(=O)NC2CCOC2c2ccnn2C)c1;Cn1ccnc1C1OCCC1C(=O)NCc1ccc(CO)c(F)c1;Cc1cccc2c1CC(C)(C)N(S(=O)(=O)c1cn(C)c(C)n1)C2
m_3ae355,Cc1nc(N2CCN(c3ccncc3)C(C)C2)c(Cl)cc1C#N;COc1ccccc1CN(CCO)c1nccc(C(F)(F)F)n1;COc1cccc(CN(C)C(=O)c2[nH]nc(C(F)(F)F)c2C)c1;CCc1ccc(C2SCC(=O)N2Cc2ccc(OC)cc2)cc1;CCOC(=O)c1c[nH]c2c(cnn2Cc2ccc(OC)cc2)c1=O;O=C(Nc1nnc2ccccn12)C1CCN(CC(F)(F)F)CC1;COc1ccc(CNC(=O)C(C)n2c(=O)oc3ccccc32)cn1;CN(C(=O)c1ccc(OCC(=O)O)cc1)C1CCC(F)(F)CC1;CN(C)c1ccc(S(=O)(=O)N2CCCCC2CC(=O)O)cn1;CNS(=O)(=O)c1cc(C(=O)N2CCNCC2C)ccc1OC;CC1CN(S(=O)(=O)NCc2ccc(C(N)=O)cc2)CC(C)O1;Cc1cc(F)c(C(=O)N(CCC(=O)O)CC2CCCO2)cc1F;O=C(O)c1ccccc1C1CCN(C(=O)c2ccc(F)cc2)CC1;COc1ccccc1N1CCC(NC(=O)c2cc[nH]c(=O)c2)C1=O;CC(=O)Nc1ccc(C=Cc2nc(C)c(CC(=O)O)c(=O)[nH]2)cc1;NC(=O)COc1ccc(NC(=O)c2cc(C3CC3)[nH]c(=O)c2)cc1;O=C(c1ccncc1F)N1CCN(c2cncc3ncnn23)CC1;CNC(=O)C1CCCN1S(=O)(=O)N1CCCC1c1ccco1;CN(Cc1ccc(C(=O)O)cc1)C(=O)C1(c2ccccc2F)CC1;COC(=O)C(NC(=O)COC1CCCC1)c1cc(F)ccc1F;CNS(=O)(=O)c1ccccc1N1CCN(CC(=O)OC)CC1;Cc1cc(C)n(CCNC(=O)c2cc(C(F)(F)F)nc(C)n2)n1;CC(C)c1c(NCc2cncnc2)cnn1-c1ccccc1Cl;Cc1noc(C)c1C(C)(C)NC(=O)c1ccc(C(F)(F)F)nc1;CN1CCC(CNc2ncc(C#N)cc2Cl)C1c1cccnc1
m_3aecdc,COC(=O)c1ccc(C(=O)OC)c(NC(=O)c2ccc3c(c2)OCCO3)c1;O=C(NC1CCN(c2cccc(Cl)c2)C1=O)c1ccc2[nH]c(=O)[nH]c2n1;N#Cc1cc(Cl)ccc1-n1ccc(NC(=O)N2CCC3CCC(O)C32)n1;CC1(C)OCC2CC21NC(=O)Nc1ccn(-c2ccc(Cl)cc2C#N)n1;Cc1ccc(-c2nnc(NS(=O)(=O)c3ccc4c(c3)CCO4)o2)c(C)c1;Cc1ccc(F)c(Br)c1C(=O)NCC(C)(C)C1CCOCC1;COc1cccc(C(=O)COc2ccc(CC3SC(=O)NC3=O)cc2)c1;Cn1ncc(C(F)(F)F)c1C(=O)N1CCC(n2cc(C(=O)O)cn2)CC1;O=S(=O)(NCC1CCOc2ccccc21)c1ccccc1C(F)(F)F;NC(=O)C(Sc1nnc(-c2ccccc2)c2ccccc12)c1ccccc1;O=S(=O)(Cc1ccc(Cl)c(F)c1)NCc1ccn(C2CCCC2)n1;O=C(NCC1CCN(c2ccccc2Cl)C1)c1ccc2[nH]c(=O)[nH]c2n1;Cn1nccc1C1=CC2CCC(C1)N2S(=O)(=O)c1cccc2c1OCC2;CCC(C(=O)NCc1ccc(C(O)c2ccsc2)s1)c1ccccc1;Cc1nc2nc(SCc3ccc(C(N)=O)cc3)nn2c(C)c1CC(=O)O;Cc1nnc2n1CC(C(=O)NCc1c(Cl)cccc1OC(F)F)NC2;COc1ccc2cc(-c3n(C)c4ccc(S(C)(=O)=O)cc4[n+]3C)oc2c1;Cc1ccc(S(C)(=O)=O)c(NC(=O)C2CC23CCOc2ccccc23)c1;CC(=O)Nc1ccc(NC2CC(=O)N(Cc3ccccc3)C2=O)cc1Cl;Nc1c(C(=O)c2cccc(OCC(O)CO)c2)cnn1-c1ccc(F)cc1;CN(C1Cc2ccccc2C1)S(=O)(=O)c1ccc2[nH]c(=O)[nH]c(=O)c2c1;O=C(OCc1ccccc1)c1cccc(S(=O)(=O)NCc2ccco2)c1;CCOc1ccc(Oc2ccc(OCc3cc(F)ccc3F)cc2)c(N)c1;COCc1nc2cc(NC3CCN(c4cccc(Cl)c4)C3=O)ccc2o1;CCC1Oc2ccccc2C(=O)N(CC(=O)c2cc(F)ccc2OC)C1=O
m_3ba5ce,Cc1cc(C)n(CC(=O)Nc2ccnn2C2CCCC2)n1;Cc1c(CNC(=O)c2c(C3CCC3)cnn2C)cnn1C;CCc1occc1C(=O)Nc1cnn(C2CCCC2)c1C;Cc1n[nH]c(C)c1CNC(=O)c1c(C2CCC2)cnn1C;CCn1ccnc1CNC(=O)c1ccnn1C1CCCC1;CCOc1ccc(N(CC)C(=O)c2cn(C)nc2C)cc1;Cc1cc(C(=O)NCc2ccccc2OC(C)C)n(C)n1;CC(C)N1C2CCC1CN(c1ccc3nnnn3n1)CC2;COCCC1(CNc2nc3ccccc3c(=O)[nH]2)CCC1;CS(=O)(=O)CC(=O)N1CCCC1CC1CCCCC1;Cn1c(=O)[nH]c2ccc(NC(=O)CCC3CCCC3)cc21;Cn1c(=O)[nH]c2ccc(NC(=O)C3CCCCCC3)cc21;Cc1cc(C#N)nc(NC2CCC(=O)NC2C(C)(C)C)n1;Cc1ccc(CCC(=O)N2CCC(O)C23CCCC3)cc1;Cc1ccccc1C(=O)OCC1CCCN2CCCCC12;COc1ccc(CC(=O)NC(C)C2CC3CCC2C3)cc1;CCCCCCCCC=CCNC(CCS)C(=O)O;Cc1nc2ccc(C(=O)N3CCOCCC3C)cc2n1C;O=C(NC1CCC(F)(F)CC1)N1C2CCNCC1CC2;COc1ccc2nc(N3CCCC(O)CC3)c(C)nc2c1;Cc1cnccc1CNC(=O)C(C)(C)c1c(C)noc1C;CCOCC(=O)NCc1cc(N(C)C)nc2ccccc12;CC(=O)NCCCCNCCCNC(=O)CCC(=O)O;CC(C)CN1CCN(c2ccnc3c2cnn3C)CC1=O;Cc1cccc2ncnc(N3CCC(OCCO)CC3)c12
m_3ce578,Cc1cn(-c2ccccc2Cl)nc1C(=O)Nc1ccc2c(c1)CCC(=O)N2C;Cc1c(C(=O)Nc2ccc(C(=O)NC3CC3)cc2)cnn1-c1ccccc1Cl;Cc1ccc(-c2nc(C#N)c(NCC(c3cccs3)N3CCOCC3)o2)cc1;NC(=O)NCCCC(NC(=O)Cc1csc(-c2ccccc2F)n1)C(=O)O;CCc1nnc(NC(=O)COc2ccc(C)cc2-n2nc3ccccc3n2)s1;Cc1cnc(NC(=O)c2cc(S(=O)(=O)N(C)C)ccc2N2CCCC2)s1;O=C(Nc1ccc(-c2ccccn2)cn1)c1ccc(S(=O)(=O)NC2CC2)cc1;Cc1cc(C(=O)Nc2ccc3c(c2)C(=O)N(C)CC3)nn1-c1cccc(Cl)c1;Cc1ccc(Oc2ccc(C(=O)N3CCSCC3c3cnn(C)c3)cc2)nc1;C=CC(C)(C)c1c2c(c(O)c3c(=O)c4ccc(O)c(O)c4oc13)C=CC(C)(C)O2;Cn1cc(C(=O)NCCc2ccccc2)c(S(=O)(=O)N2CCSCC2)n1;CC(=O)Nc1ccc(S(=O)(=O)Nc2ccc(C(=O)c3ccccc3)cc2)cc1;O=C(CCc1ccncc1)NC1(c2cccc(OC(F)(F)F)c2)CCOCC1;COc1cc(C(=O)N2CC3CC4CC3C2C4OC)cc(Cl)c1OCC(N)=O;CC(C)(C)C(NS(=O)(=O)Cc1ccc(F)cc1)c1nc(-c2nnc[nH]2)no1;COCc1nc2n(n1)CCCC2NS(=O)(=O)c1ccc2c(c1)OCCCO2;Cc1cc(S(N)(=O)=O)ccc1CNc1ccc2nnc(-c3ccccc3)n2n1;Cc1c(C(=O)NC(C(=O)O)c2ccccc2)nnn1-c1ccc2c(c1)OCCO2;Cc1c(C(=O)NCc2cccc(C(=O)O)c2)nnn1-c1ccc2c(c1)OCCO2;O=C(Nc1ccc(N2CCN(c3ccccc3)C2=O)nc1)c1cc(F)cc(F)c1;COc1ccc(N2CC(C(=O)Nc3ccc(-c4noc(=O)[nH]4)cc3)CC2=O)cc1;COc1ccc(S(=O)(=O)NCC2CCN(c3ccccc3OC)C2)c(F)c1;CCN(CC(=O)O)C1CCN(S(=O)(=O)c2ccccc2C(F)(F)F)CC1;O=C(c1ccc(CN2C(=O)CCC2=O)cc1)N(Cc1ccco1)CC(F)(F)F;COc1cc(OC)c(-c2coc3c4c(ccc3c2=O)OC(C)(C)C=C4)cc1OC
m_3d62dd,Cc1ccc(CNC(=O)N2CCC(C)(CO)CC2)c(N(C)C)c1;CCC1(C)CN(C(=O)NC(c2ncccc2C)C(C)C)CCO1;Cc1nn(C(C)C)c(C)c1NC(=O)N1C2CCC1CN(C)CC2;CN1CCN(CC#CCOC2CCN(C(=O)C3CC3)CC2)CC1;CC1CC(C)CN(c2nnc(C3CCC3)n2CC(=O)N(C)C)C1;CC(C)CCNC(=O)C1CCN(c2cncnc2N(C)C)CC1;Cc1c(C(=O)NCC2CCCC(C)C2)nnn1C1CCNCC1;CCN1CCOC(CNCc2cnnn2C)C1c1cncn1C;CCN1CCCC1CNC(=O)CC1(n2cccc2)CCOCC1;CC(C)(C)c1ccc(=O)n(CC2CN(C3CCCCC3O)C2)n1;CCCCCCCCCCCC(=O)Nc1ccc(C(=O)O)cc1;COC(C)(C(=O)NCC1CCCOC1C(C)C)c1ccccc1;Cc1cccnc1C(NCC(=O)N1CC(C)OC(C)C1)C(C)C;CCOc1ccc(C2(CNC(=O)CC(C)C)CCOCC2)cc1;Cc1n[nH]c(C)c1CC(C)C(=O)NC1CCCC12CCOCC2;Cc1nc(C)c(CCC(=O)NCC2CCCCCCC2)c(=O)[nH]1;C=CCCCCCCCCC(=O)NCCc1ccc(O)c(O)c1;CCC(=O)c1ccc(OCC(O)CNC2CCCCCC2)cc1;CCCc1nc(C)c(CNC(=O)NC2CC2C2CCCCC2)o1;CC(C)N(Cc1cn(Cc2coc(C(C)(C)C)n2)nn1)C(C)C;CC(C)Cn1cc(NC(=O)N2CCN(C3CCCC3)CC2)cn1;NC(=O)c1ncn(C2CCCN(CCCC3CCCCC3)C2)n1;O=C(CCc1cncc(F)c1)N1CCN(C2CCCCC2)CC1;COc1cc2c(cc1OC)C1CC(O)C(CC(C)C)CN1CC2;CC1CCCC(CC(=O)Nc2cc(C3CCCOC3)nn2C)C1
m_3db789,CS(=O)(=O)CCn1ccc(NC(=O)c2ccc3ccccc3c2)n1;CC1C(NC(=O)C2(c3c(F)cccc3F)CCC2)CCS1(=O)=O;Cc1nc(C)c(C(=O)NC2CS(=O)(=O)CC2N2CCCC2)s1;C=CCn1c(C)nnc1SCc1cc(=O)oc2c(C)c(O)ccc12;CCc1nnc2n1CCN(C(=O)c1nc(-c3cccs3)oc1C)C2;Cc1ccc(C)c(S(=O)(=O)Nc2cccc(-c3nnnn3C)c2)c1;CCCC(=O)Nc1nc2ccc(NC(=O)Cn3ccnc3)cc2s1;CN1C(=O)CC(C(=O)NCc2cccnc2)C1c1cccc(Cl)c1;C[S+]([O-])c1ccc(C(=O)N2Cc3ccccc3CC2C(=O)O)cc1;Cc1oc(-c2ccsc2)nc1CC(=O)N1CCn2c(C)nnc2C1;Cc1c(C(=O)NCc2ccc(C(=O)O)o2)cnn1-c1ccc(F)cc1;CCOC(=O)c1sc2ncnc(Nc3ccccc3OC)c2c1C;CS(=O)(=O)c1ccc(F)c(NC(=O)CC2(C(=O)O)CCCC2)c1;CCOC(=O)c1cnc2nc(C)ccc2c1Nc1ccc(F)c(F)c1;COc1cc(NC(C)=O)ccc1NCc1nc(-c2cccs2)n[nH]1;O=S(=O)(Nc1cc(-c2ccccc2)n[nH]1)c1cnn(C2CCC2)c1;CC(NC1CS(=O)(=O)c2ccccc21)C1CCS(=O)(=O)CC1;O=C(c1nnn(-c2ccccc2F)c1C(F)(F)F)N1CCNCC1;CC1CCCCC1N(C)C(=O)CS(=O)(=O)c1ccccc1Cl;O=C(O)c1ccccc1C1CCN(C(=O)c2ccc(Cl)cc2)CC1;CC1CCN(C(=O)CS(=O)(=O)C(C)c2ccc(Cl)cc2)CC1;O=C(c1cccc2[nH]cnc12)N1CC(O)CC1c1ccc(F)c(F)c1;CCOC(=O)CNc1ncncc1-c1nc(-c2ccccc2F)no1;Cc1c(NC(=O)c2cc(F)cc(F)c2)c(=O)n(-c2ccccc2)n1C;COc1ccccc1CN(C)C(=O)c1sc(-c2nnc[nH]2)nc1C
m_3dc915,COCCN1CCC(CNC(=O)N2CCCCC2c2cn[nH]c2)C1;O=C(CC1CC2CCC(C1)N2)N1CCN(C(=O)C2CCCO2)CC1;CCOCC1CCCN(C(=O)c2c(C)nc(C(C)(C)C)[nH]c2=O)C1;COC1(C(=O)NC2CC(Cn3ccnc3)CC2O)CCCCCC1;CC(C)c1nnc2n1CCN(C(=O)NCC1CC(C)(C)CO1)C2C;CCCCC(CC)CC(=O)N(C)Cc1nnc2n1CCN(C)C2=O;CN(C)C1CCC2C(C1)OCCN2C(=O)c1cc(C(C)(C)C)on1;CC(C)CCn1cc(C(=O)NC2CCC(=O)NC2C(C)(C)C)nn1;CC1CC1N1CC(NC(=O)NC2CCCC23CCOCC3)CC1=O;Cc1nn(CC(C)C)c(C)c1CCC(=O)N1CCCCC1C(=O)O;CCCCC1CCC(C(=O)N2CC(O)CC2c2nnc(C)o2)CC1;COc1cnccc1C(C)NC(=O)N(C)CC1(O)CCCCCC1;OC1(Cc2nc(C3CC3)no2)CCCN(CCOCC2CCC2)C1;CC(C)COC(=O)N1CCN(Cc2nnc(C3CCC3)n2C)CC1;CCCCCCCCCCCCCNc1cc(C(=O)O)ccc1O;CCCCCCCCCCCCCCCNCCS(=O)(=O)O;CCCCCCCCCCCCCCN(C)CCS(=O)(=O)O;CCN1CCOC(CN2CCN(C(=O)Cc3cc(C)[nH]n3)CC2)C1;CC(C)c1cc(C(=O)NCC2(N3CCCCC3)CCOCC2)no1;CCc1nccn1C1CCCN(C(=O)C(C)OCC2CCCO2)C1;COC1(c2noc(C3CCC(N4CCOCC4)CC3)n2)CCCC1;Cn1ccnc1C1OCCCC1CN1CCOC2(CCOCC2)C1;COC1(CN2CCCC(O)(Cc3nc(C4CC4)no3)C2)CCCC1;CCN(CC)CCOCCOC(=O)C(CC)(CC)c1ccccc1;CCCCCCCCCCCNC(Cc1ccc(O)cc1)C(=O)O
m_3f6bab,CNC(=O)CSc1nc2ccccc2c2nc3ccccc3n12;CC1CCCN(S(=O)(=O)c2cc(F)c(F)c(F)c2)C1CN;O=C(NCc1cc2ccccc2o1)NCC1CCS(=O)(=O)C1;O=C1CC(C(=O)N2CCOC(C(=O)O)C2)c2ccc(F)cc2N1;Cc1cc(S(=O)(=O)N2CCOCC2)c2nc(O)cc(C)c2c1;O=C(c1ccsc1)N1CCCN(C(=O)C2(C(=O)O)CC2)CC1;CN(Cc1cc(Cl)ccc1F)C(=O)C1CCc2nncn2C1;O=C(Cn1cnc2ccccc2c1=O)c1ccc2c(c1)OCCO2;C=CCNS(=O)(=O)c1cccc(C(=O)N2C3COCC2C3)c1;Fc1ccc(Cc2noc(-c3cccc(-n4cnnn4)c3)n2)cc1;CS(=O)(=O)c1ccc(C(=O)N2C3CCC2CC(=O)NC3)cc1;Cc1nnc(C23CCCC2CN(c2ncc(Cl)cc2F)C3)o1;Cc1ccc(S(=O)(=O)Nc2ccc(=O)n(CCO)c2)cc1C;CC(C)c1nc(C=Cc2cc(F)c(F)c(F)c2)ncc1C(=O)O;O=C(CC1CCC(C(F)(F)F)CC1)NCc1csc(=O)[nH]1;CN1CCC(CNc2ccccc2S(=O)(=O)C(F)(F)F)C1;COc1cc(C)c(S(=O)(=O)Nc2ccc(C)cn2)cc1OC;Cc1cc2c(cc1Cl)Nc1cc(-c3ccccc3)nnc1N2C;Nc1ccnc(CN2CCOC(c3ccc(F)cc3Cl)C2)n1;Cc1cc(S(=O)(=O)NC(c2cccnc2)C2CC2)c(C)s1;Cc1cc(C2CN(c3ncnc(N)c3Cl)CCO2)ccc1F;COc1ccc(OC)c(S(=O)(=O)N(C)Cc2cccnc2)c1;COc1ccc(S(=O)(=O)N(C)Cc2cc(OC)ccn2)cc1;CN1CCC(NC(=O)c2ccco2)C1c1ccc(Cl)c(F)c1;CS(=O)(=O)CC1(CC(=O)N2CC(=O)Nc3ccccc32)CC1
m_3f8028,CCNC(=O)c1ccc(NCc2ccncc2)cc1;CN(C)C(=O)c1ccc(NCc2ccncc2)cc1;Cc1cncc(C(=O)N(c2cccnc2)C(C)C)c1;Cc1noc(C)c1CN(C)C(=O)C1(F)CCNC1;CCCC(=O)Nc1cccc(Oc2ccccc2)c1;CCN(C(=O)c1ccc(C)nc1)c1cccnc1C;CCc1cc(NC(=O)c2ccnnc2C)ccc1C;Cc1ccccc1CNC(=O)NCc1cccnc1;CCCN(CCC)S(=O)(=O)c1ccc(C)cc1;Cn1cc(C(=O)NC2CCCc3ccccc32)cn1;Cc1n[nH]c(C)c1CNC1CCCc2ccccc21;Cc1nn(C)c2nc(NCC3CCC3)c(C#N)cc12;OCC(O)C(O)C(O)CNCCc1ccccc1;CCc1ncnc(N2CCOCC2CCO)c1F;CC1CCCN1c1cc(C(N)=O)c2ccccc2n1;Cc1ccnc(N2CCN(c3cnccn3)CC2)c1;CCNc1nc(NC(C)C(C)C)nc(SC)n1;C#Cc1ccc(C(=O)N2C3CCC2CC(O)C3)cc1;CN(Cc1ncccn1)c1ncnc2c1ncn2C;CC1(C)C(C(=O)N2CCOC(C(=O)O)C2)C1(C)C;COc1cccc(Cn2nc3ccccn3c2=O)c1;Cc1ccc(NC(=O)c2cccc(C)c2O)c(C)c1;CCn1cc(CC(=O)N2CCc3ccccc32)cn1;CCC(CC#N)NC(=O)c1ccc2cc(C)cn2c1;CN(C)CCN(Cc1ccccc1)c1ccccn1
m_3ff7be,CCCS(=O)(=O)N1CCN(Cc2nc(N)c3ccccc3n2)CC1;Cn1cncc1CCC(=O)Nc1n[nH]c2c1c(-c1ccccc1)nn2C;CNc1cc2c(nn1)CCN(C(=O)c1nn(-c3ccccc3)nc1C)C2;Cc1ccc(C(=O)NCC2CC2)cc1NC(=O)c1cn2cccnc2n1;O=C1CC(CNc2nccn3cnnc23)C(c2cccnc2)N1C1CC1;Cc1ccccc1C(=O)N1CC2CC(Nc3ccc4nnnn4n3)C2C1;CC(C)n1cc(C#N)c(NC(=O)NCc2ncc(-c3ccccc3)[nH]2)n1;O=C(NCCC1CCC(F)(F)CC1)c1cccc(-n2cc[nH]c2=O)c1;Cc1ccc(C(=O)Nc2ccc(-c3nnc4n3CCCC4)cc2)c(=O)[nH]1;CN1CCCC(CNC(=O)c2cc(Cl)cn2C)C1c1cncn1C;Cc1ccc(C)c(-n2ncc(Nc3nc4c(cnn4C)c(=O)[nH]3)c2C)c1;Cc1nc(C(=O)N2Cc3ccccc3C3(CCC3)C2)nn1-c1nnc[nH]1;O=C(CNC(=O)NC1CC1)Nc1cccc(-c2nc3ccccc3[nH]2)c1;CCc1nnc2n1CCN(C(=O)c1ccc(Oc3cccnc3)cc1)C2;Cc1ccccc1NC(=O)N(C)C(c1ccc(F)cc1)c1cccnc1;CCc1nnc2n1CCN(C(=O)c1ccnc(Oc3ccccc3)c1)C2;O=C(c1ccc(-n2cccn2)nc1)N1CCCN(c2cccnn2)CC1;O=C(NCc1nnc2n1CCC2)NCC(O)COc1cccc(F)c1;NC(=O)NCc1ccc(C(=O)N(CCC(=O)O)CC2CCCO2)cc1;O=C(Cn1ncc2ccccc21)Nc1cccc(N2CCCNC2=O)c1;Cc1cc(C)n(Cc2nc(-c3ccc(-n4nc(C)cc4C)nc3)no2)n1;CCN1CC(C(=O)N2CCN(Cc3ccccc3Cl)CC2)CC1=O;Cc1ccc(-c2noc(CCc3c(C)[nH]c(=O)c(C#N)c3C)n2)nc1C;COCC1CN(C(=O)c2cc(C)c(F)cc2F)CC1c1cnn(C)c1;COc1cncc(C(=O)Nc2ccccc2-c2ncc3n2CCCC3)n1
m_402004,COCc1nc(C)cc(N2CCCC(O)(Cc3nc(C)no3)C2)n1;CCc1ocnc1C(=O)NCC1OCCN(C)C1c1cncn1C;CCC(CC)c1nc2ccccc2c(=Nc2cccc(C(C)=O)c2)[nH]1;CCCn1cc(-c2ccncc2)cc1C(=O)NC(C)c1ccccc1;CN(C)Cc1ccc(CN(C)C(=O)c2ccc3ncccc3c2)cc1;Cc1noc(C2C(C)OCCN2C(=O)c2cnn(C(C)C)c2C)n1;COc1ccnc(N2CCN(C(=O)C3CCN(C)C(=O)C3)CC2)n1;CN(C(=O)c1cc(N2CCCC2=O)ccc1F)C1CCC(N)CC1;CCC(C)C(NC(N)=O)C(=O)Nc1ccc(NC(=O)C2CC2)nc1;Cc1nn(C)c(C)c1C1OCCC1NCCOc1ccccc1F;Cc1ccc(C)c(C(=O)N2CCN(Cc3ccc(C#N)cc3)CC2)c1;CC1CC(CNC(=O)NCCc2c[nH]c3ccc(F)cc23)CCO1;CC(=O)N1CCC(C(=O)N2CCN(c3ccccc3F)CC2)CC1;Cc1noc(CC2(O)CCCN(C(=O)c3ccnn3C(C)C)C2)n1;COC1CC(c2nc(C)no2)N(C(=O)c2cc(C(C)(C)C)n[nH]2)C1;CC(C)n1ncc(C(=O)N2CCC(C)(CO)CC2)c1C(F)(F)F;CN(CCO)Cc1cn(C2CCCN(c3cnn(C)c3)C2=O)nn1;Cc1ccc(CN(C(=O)Cc2c[nH]c3ncccc23)C2CC2)cc1C;Cc1noc(C)c1C(=O)NCC1OCCN(C)C1c1cncn1C;CC(=O)Nc1ccc(F)c(C(=O)N2CCNC3(CCCCC3)C2)c1;CN1C2CCC1CN(C(=O)c1ccnc(SC(C)(C)C)c1)CC2;COc1ccc(-c2nnc3n2C(C)(C)Cc2cc(C)c(C)cc2-3)cc1;CCCN(CCC)C(=O)c1cc(-c2ccccn2)nc2ccccc12;CC(C)c1nc(C2CCCN2Cc2cc(=O)n(C)c(=O)n2C)no1;CCn1cc(OC2COCC2NC(=O)Cc2c(C)n[nH]c2C)cn1
m_417c79,O=C(Nc1ccc(Cl)cc1)N1CCCC(C(=O)N2CCOCC2)C1;CCOc1ccc(S(=O)(=O)N2CCOc3c2c(C)nn3C)cc1C;CN1C(=O)CCC(c2nc(-c3ccc(F)cc3)no2)C1c1ccccc1;CC1(C)C(=O)C(C)(C)c2cc(C(=O)Nc3ccc(C(=O)O)cc3)ccc21;CC(=O)Nc1cc(S(=O)(=O)N2CCN(C3CC3)C(=O)C2)ccc1C;O=C(O)C1CCCN(C(=O)C2(c3ccc(Cl)cc3)CCOCC2)C1;O=C(Cn1c(=O)[nH]c2ccccc2c1=O)N1CCc2ccc(O)cc2C1;CCc1nn(C)c(CC)c1S(=O)(=O)N(C)c1ccc(C(=O)O)cc1;COc1ccc(CNC(=O)c2ccc(-n3cccn3)cc2)cc1C(=O)O;CCn1cc(S(=O)(=O)N2CCOC(c3cccc(O)c3)C2)nc1C;O=C(COc1ccc2c(c1)CCC2)Nc1cccc(-c2noc(=O)[nH]2)c1;Cc1ccc(NS(=O)(=O)c2c(C)nn(C(C)C)c2C)cc1C(=O)O;Cc1nn(C)c(C)c1C(=O)N(CCC(=O)O)Cc1ccc(F)c(F)c1;Cc1cc(CC(=O)NC2CC(Cn3cc(Cl)cn3)CC2O)n(C)n1;CN1CCC(N2CCC(NC(=O)c3cc(O)ccc3Cl)CC2)C1=O;Cn1c(CNCC(C(=O)O)C2CCOCC2)nc2ccc(Cl)cc21;CN(CC1CCc2nc(C(F)(F)F)cn2C1)C(=O)c1c[nH]c(C#N)c1;CC1(C(=O)O)CCN(C(=O)C2(c3ccc(Cl)cc3)CCOCC2)C1;Cc1nn(C(C)C)c(C)c1S(=O)(=O)Nc1cccc(C(=O)O)c1C;NC(=O)COc1ccc(C(=O)NCc2ccnc(-n3ccnc3)c2)cc1;O=C(NCc1cccc(Cn2cccn2)c1)C1Cc2cc(F)ccc2O1;O=C(c1cnc2ccc(F)cc2c1)N1CCN(c2ccccc2O)CC1;Cn1c(-c2ccn[nH]2)nnc1N1CCC(N2CCCS2(=O)=O)CC1;Cc1cc(-c2ccncc2)nn1CCNC(=O)CN(C)S(C)(=O)=O;CC1CCN(S(=O)(=O)Nc2ccc(C3CC(=O)NC(=O)C3)cc2)C1
m_43683b,Cc1ccc(C)c(C(=O)N2CC(n3cc(CO)nn3)C2)c1;CCn1cc(NC(=O)NC2CCOc3ccccc32)cn1;O=C(Cn1ncc2ccccc21)N1CCOC2CNCC21;CCn1ncnc1CN1Cc2ccccc2C(C(=O)O)C1;CCOC(=O)CNc1ccc(-c2nc(C3CC3)n[nH]2)cc1;CCCC(=O)NCC(=O)Nc1ccn(-c2ccccc2)n1;COc1cccc2c1CCC2(N)C(=O)Nc1ccn(C)n1;Cc1cc(C(=O)N2CCCCC2C(N)=O)c2n[nH]cc2c1;CCNC(=O)Cc1nc(C2(c3ccncc3)CCC2)no1;O=C(Cc1ccc2[nH]ncc2c1)NCC(=O)N1CCCC1;COc1ccccc1CC1CCCN1C(=O)c1c[nH]nn1;CCn1cc(NC(=O)C2NCCOc3ccccc32)cn1;Cc1cc(NCC23CNCC2(C(F)(F)F)C3)nc(C)n1;CCNC(=O)c1ccccc1NC(=O)c1cnn(C)c1C;COc1ccc(C)cc1CCNC(=O)c1nccnc1N;Cc1ccc2c(c1)CCC(C(=O)NCc1cnn(C)n1)O2;Cc1n[nH]c(C)c1C=Cc1ncc(C(=O)O)c(C(C)C)n1;Cc1noc(C(C)Nc2ccc3c(c2)CCCC(=O)N3)n1;Cc1n[nH]c(C(C)N2Cc3ccccc3C(C(=O)O)C2)n1;CC(NC(=O)c1ccc2cn[nH]c2c1)C(=O)N1CCCC1;Cn1[nH]c(=O)c2c(C(=O)NCC3CC3)cc(C3CC3)nc21;CN(C)c1ccc(C(=O)NCCc2cccc(F)c2)cc1;O=C(NC1CC(O)C1n1cccn1)c1[nH]ccc1C1CC1;Cn1cc(CN2CCc3ccccc3C2CC(=O)O)nn1;COCCN1CCN(c2cnc3ccccc3n2)CC1=O
m_436a8d,Cn1cc(C(=O)N2CCC(CCO)C2)c(-c2ccccc2Cl)n1;Cc1c(C(=O)NCC2CCCOC2)cnn1-c1cccc(Cl)c1;COc1ccc(OC(F)(F)F)c(C(=O)NCC2CCCOC2)c1;COC1(CNC(=O)Nc2cccn(CC(F)(F)F)c2=O)CCC1;Cc1cc(C(=O)N2CC(O)CCC2C)nn1-c1cccc(Cl)c1;O=S(=O)(c1cccnc1)N1CCC(c2nnc3n2CCC3)CC1;Cc1n[nH]c(C)c1CC(=O)N1CCOC(c2ccccc2Cl)C1;O=C(CCn1cnc2ccccc2c1=O)Nc1ccc2nc[nH]c2c1;Cc1csc(C(=O)N2CCC(n3cnc(C(N)=O)c3N)CC2)c1;CNCC1CCN(C(=O)c2conc2-c2ccc(Cl)cc2)CC1;Cc1nn(-c2ccc(Cl)cc2)cc1C(=O)NC1(C)CCOCC1;CC(C)c1nnc2n1CCN(C(=O)c1ccc(C(N)=O)s1)C2C;Cc1ncccc1-c1nc(-c2cccc(-n3c(C)c[nH]c3=O)c2)no1;O=C(NCc1cccc(N2CCOCC2)n1)c1cc(F)ccc1F;CC(N)C1CCCN(C(=O)c2ncoc2-c2ccccc2Cl)C1;Cc1ncc(CN(C)C(=O)c2ccc(N3CCCC3)c(F)c2)s1;O=C(c1cccc(CO)c1)N1CC(O)CC1c1cc(F)ccc1F;Cc1n[nH]c(C)c1CC(=O)N1CCOC(c2ccc(Cl)cc2)C1;CCn1cc(NC(=O)C2(c3cccc(Cl)c3)CCOCC2)cn1;Cc1cccc(-n2cc(C(=O)Nc3ccc4c(c3)C(=O)NC4)nn2)c1;Cc1cnn(C)c1C(=O)N1CC(CO)C(c2ccc(Cl)cc2)C1;Cc1c(S(=O)(=O)N2CC3CNCC3C2)cnn1-c1ccccn1;CC(C)Cn1cnc(S(=O)(=O)N2CC[S+]([O-])C(C)(C)C2)c1;CC1(C)CN(C(=O)c2csc(Cc3cccc(F)c3)n2)CCN1;CCn1nc2c(cc1=O)CN(Cc1csc(NC(C)=O)n1)CC2
m_436c77,Cc1nc(C)n(CC2CCCN(CC(O)CN3CCC(C)CC3)C2)n1;Cc1cnc(C(C)(C)NC(=O)C2CN(C(=O)C3CCCCC3)C2)s1;Cc1ncc(CN2CCC(NC(=O)C(C)C3CCCC3)C(C)C2)s1;CCOc1ccc(CN2CC(N3CC(C(=O)NC)CC3=O)C2)cc1F;CCC1CN(C)CCCN1C(=O)C1CC(=O)N(C2CCCCCC2)C1;Cc1n[nH]c(C)c1C1CCCCCN1C(=O)NCCC(=O)NC(C)C;CN1CCC(N2CC(NS(=O)(=O)CC(C)(C)CF)CC2=O)CC1;CCCN1CCCN(C(=O)NC2CCCC(C(F)(F)F)C2)CC1=O;O[Si](CCCN1CCCCC1)(c1ccc(F)cc1)C1CCCCC1;CC(C)(CNC(=O)NCCCN1C(=O)CCC1=O)c1ccccc1F;CC(CC1CCCN1C(=O)OC(C)(C)C)NC1CCCn2ncnc21;O=C(CN1CCCCC1=O)NCCc1nc(C2CCCCC2)cs1;CC(=O)NC1(C(=O)N2CCCC(c3nc(C)c(C)s3)C2)CCCC1;Cc1cccc(-c2cccc(CNC(=O)N(C)Cc3ncnn3C)c2)c1;O=C(NCCc1ccc(F)c(F)c1)N1CCC(Cn2ccnn2)CC1;COC(=O)C(c1ccc(F)cc1)N1CCN(CC(=O)NC2CC2)CC1;CC1CN(C(=O)Nc2c(-c3ccccc3)[nH]c3ccccc23)CCCO1;CCCn1[nH]ccc1=NC(=O)CN1CC(OC)CC1CN1CCCC1;CCN1CCC2CCC(C1)N2CC(=O)NCCOc1cccc(F)c1;NC1CCCCCCC1C(=O)N1CCC(CC(=O)N2CCCC2)CC1;CC(C)(C)n1nccc1NC(=O)NC1CCN(CC2CCOC2)CC1;C=CCNC(=O)CN1CCN(C(C(=O)OC)c2ccc(F)cc2)CC1;CC(OCC1CCCO1)C(=O)N1CCCC(n2ccnc2C(C)C)C1;Cc1nonc1CC(=O)NC1CCN(C2CCNC2=O)CC(C)(C)C1;Cc1noc(CN2CCC(O)(c3ccc(-c4ccccc4)cc3)CC2)n1
m_43e809,Cc1nc(S(=O)(=O)NC2CCCOC2c2cnn(C)c2)cn1C;COc1ccccc1C(NC(=O)Nc1ccncc1)c1noc(C)n1;CC(C)N(C(=O)Cc1coc(-c2ccc(F)cc2)n1)c1cccnc1;Cn1nc(C2CCCN2C(=O)c2ccc(F)c(C(F)F)c2)nc1N;Cn1nccc1CN1CC(F)CC1CNc1ncnc(N)c1Cl;CCn1cc(S(=O)(=O)NC2CCOC2c2cnn(C)c2C)cn1;Cn1ncc2c(O)c(C(=O)N3CCC(Oc4ccccn4)C3)cnc21;Cc1cnc(OC2CCN(c3nccc(C(F)(F)F)n3)CC2)nc1;Cn1nnc2cc(C(=O)NCc3ccc4c(c3)OCCCO4)cnc21;Cc1ccc(F)cc1S(=O)(=O)NC(C)Cc1c(C)nn(C)c1C;COc1c(C)cnc(Cn2nnc(C(C)(C)S(C)(=O)=O)n2)c1C;COC1CC(c2ncc[nH]2)N(S(=O)(=O)c2cnn(C(C)C)c2)C1;CCOc1ccccc1N1CC(c2nc(-c3cc[nH]n3)no2)CC1=O;COc1cc2c(cc1OC)C1Cc3ccc4c(c3CN1CC2)OCO4;O=C1CCc2cc(NC3CCN(c4ccccc4F)C3=O)ccc2N1;Cn1nc(-c2ccco2)cc1NC(=O)NCc1cccc(C(N)=O)c1;COC1CC(c2nc(C)c(C)[nH]2)N(S(=O)(=O)c2cnn(C)c2)C1;Cc1n[nH]c2ncc(NC(=O)C3CC(=O)N(Cc4ccco4)C3)cc12;CN(C)C1C2CN(C(=O)c3cc4n(n3)CCN(C)S4(=O)=O)CC21;COc1cccc(-n2c(C)c(C)n3c4c(=O)[nH]c(=O)n(C)c4nc23)c1;COc1ccc2c(c1OC)CN1CCc3cc4c(cc3C1C2)OCO4;O=C(NC(Cc1ccccc1)C(F)(F)F)c1nc2n(n1)CCCN2;O=C1CN(C2CCCN(c3ccc(OC(F)F)cc3)C2=O)CCN1;Cc1nnc(C2CN(C(=O)c3c[nH]nc3-c3ccccc3)CCO2)o1;CN(C)CCN(CC(=O)O)C(=O)C1CC(=O)N(CC(F)(F)F)C1
m_444a56,CCN(C)S(=O)(=O)NCC1(Cc2ccccc2)CCC1;CC(C)(C)c1ccccc1S(=O)(=O)N1CCC(N)CC1;CCOC(=O)c1ccc(N2CCc3ccccc3C2C)nc1;C=CC1(C)CC(O)C(C(=C)C(=O)OC)C(O)C1C(=C)CO;Cc1ccc(OCC(=O)NC(c2ccccc2)C2CC2)cn1;Cc1cccn(CC(=O)NC2CCCc3ccccc32)c1=O;Cc1ccc(C(C)NCC2CCC(C(=O)N(C)C)O2)s1;COc1ccc(F)c(CN2CCCC(O)(CC(N)=O)C2)c1;CCOc1ccc(CNC(=O)NCC2CCOC2)cc1F;Cc1cccc(CN2CCC(NS(C)(=O)=O)CC2)c1C;O=C(c1ccncc1)N1CCOC(CCc2ccccc2)C1;CCNS(=O)(=O)C1CCN(Cc2cccc(C)c2C)C1;CN(C(=O)c1cccc(NC2CCOC2)c1)c1ccccc1;CC(C)Oc1cccc(C(=O)N2CCc3ccccc3C2)n1;CC(CNC(=O)NC1CCC(O)CC1)Cc1cccs1;CC(CNS(=O)(=O)C(C)C)N1CCc2ccccc2C1;Cc1ccccc1OCC(O)Cn1c(C)nc2ccccc21;CCN(CC)S(=O)(=O)N1CCC(c2ccccc2)CC1;Cc1ccc(CN2CCC(C(=O)O)(c3ccccc3)C2)cn1;Cc1ccc(CC(C)NC(=O)NCCC2CCCO2)s1;CCc1ccc(OCC(O)Cn2cnc3ccccc32)cc1;COc1cccc(F)c1N1CCN(C(=O)C(C)(C)O)CC1;Cc1ccc(C)c(OCC(O)Cn2cnc3ccccc32)c1;Cc1cccc(OCC(O)Cn2cnc3ccccc32)c1C;O=C(c1ccncc1)N(CCc1ccccc1)C1CCOC1
m_44cb82,O=C(NC(Cc1ccccc1)C1CC1)N1CCN(C(=O)C2CC2)CC1;COC1(c2noc(C3CCN(Cc4ccccc4)CC3)n2)CCCC1;Cc1noc(CCCC(=O)NC2CCCCC2Cc2ccccc2)n1;CC1CCCN(Cc2ccc(CNC(=O)NCc3ccco3)cc2)C1;O=C(C1CCCN1C(=O)Cc1ccccc1)N1CCC2(CCCN2)C1;COC1(c2nc(Cc3ccccc3)no2)CCN(CC=C(C)C)CC1;CC(C)c1nc(C2CCCN(CCc3ccc4c(c3)CCO4)C2)no1;CC(C)C(CO)N(Cc1ccccc1)C(=O)C1CCn2cncc2C1;Cc1noc(C)c1CN1CCN(C(=O)CCCc2ccccc2)CC1;CC1(CNC(=O)N2CC(=O)NC3CCCCC32)Cc2ccccc2C1;Cc1ccccc1C1(C(=O)N2CCCC(N3CCNC3=O)C2)CCC1;CC1CCN(Cc2ccc(CNC(=O)NCc3ccco3)cc2)CC1;O=C(NCC1CC(=O)N(C2CC2)C1)N1CCC(Cc2ccccc2)C1;N#Cc1ccc(OC2CCN(CC3CCC4(CCCCC4)O3)C2)nc1;CC(C(=O)NC1CC1)N1CCN(C(=O)C2(c3ccccc3)CC2)CC1;Cc1n[nH]c(C)c1C(C)C(=O)NC1CCCC1OCc1ccccc1;CNC(=O)c1ccc(CNC(=O)N2CCCC3(CC=CCC3)C2)cc1;CC(C)N1C(=O)NC2CN(C(=O)c3ccccc3C3(C)CC3)CCC21;Cn1c(CNC(=O)C2CCCCC2(C)C)cc(=O)n1-c1ccccc1;CCOC1(C(=O)Nc2cccc(Cn3nc(C)cc3C)c2)CCCC1;CC1(CNC(=O)N2CC(NC(=O)C3CCC3)C2)Cc2ccccc2C1;CC(C)c1ccc(OCC(=O)N2CCC(c3cncn3C)CC2)cc1;Cc1ccc(C(=O)NC2CN(Cc3ccccc3)CCC2CO)n1C;CC(C)(C)n1cc(C(=O)N2CCC(COc3ccccc3)CC2)cn1;O=C(NCCc1cccc2[nH]ccc12)N1CCC(C2CCCO2)CC1
m_451ad6,CC(C)(C)n1cc(C(=O)N2CCCCC2CCC(=O)O)cn1;CCOC1CC(O)C12CCN(C(=O)Cc1cc(C)[nH]n1)CC2;Cc1n[nH]c(C)c1CC(=O)NC(CC1CCCCC1)C(=O)O;CC(=O)N1CCC(NC(=O)c2conc2C(C)C)C(C)(C)C1;Cc1ncoc1CNC(=O)C1CCCN1C(=O)CC(C)(C)C;CC(=O)Nc1ccc(OCC(O)CN2CCN(C)CC2)cc1;CC(C)(C)n1cc(C(=O)N2CCCC(CCC(=O)O)C2)cn1;COC1CC(C(=O)NCc2nnc3n2CCCCC3)N(C)C1;COCC1CN(C(=O)c2cnn(C)c2C2CC2)CC(C)(C)O1;COCC1CN(c2ccc(C(=O)N(C)C)cn2)CC(C)(C)O1;CC(C(=O)NC1CCCCC1)(c1ccccc1)c1ccccc1;CCCc1cc(C(=O)N2CCOC3CCN(CC)CC32)no1;CCc1noc(COC2CN(C3CCOC4(CCC4)C3)C2)n1;Cc1[nH]ncc1CCCNC(=O)N1CCC(CC(N)=O)CC1;COCC1CC(OC)CN1C(=O)Cc1n[nH]c2c1CCCC2;CCCC1C(C)CCCN1C(=O)Cn1ccc(=O)n(C)c1=O;CC1CCCCC12NC(=O)N(CC(=O)NC1CCCC1)C2=O;CN1CCC2OCCN(C(=O)c3ncn(C(C)(C)C)n3)C2C1;CCCCCCCCCCCNc1cc(C(=O)O)ccc1O;COCC1CN(C(=O)c2cnccc2N(C)C)CC(C)(C)O1;CCOC1CC(NC(=O)c2c3c(nn2C)C(C)OC(C)C3)C1;CCn1nc2c(c1C(=O)NCC1CC(O)C1)CC(C)OC2C;CN(C)C(=O)COCC1CN(c2ccccn2)CC(C)(C)O1;COCC1CN(C(=O)c2cncnc2C(C)C)CC(C)(C)O1;CC1(C)CCC(CNC(=O)N2CCCC(n3cncn3)C2)O1
m_45d613,CNS(=O)(=O)c1cc(C(=O)N2CCN(C)CC2)cc(C)c1C;COc1cc2c(cc1C)OC1(c3cccnc3)CC2NC(=O)N1C;Cc1cc(CNC(=O)C2CCCNC2C)ccc1S(N)(=O)=O;COc1cccc2cc(C(=O)N3CC(Cn4ccnc4C)C3)oc12;CC1CCN(CCC(=O)Nc2cccc(S(N)(=O)=O)c2)CC1;Cc1cc(NC(=O)CC(C)C)cc(-c2nc3ncccc3o2)c1O;CC(N)C1CCCCN1C(=O)c1cccc(CS(N)(=O)=O)c1;Cc1ccc(N2CCC(NC(=O)c3ccn(C)c(=O)c3)C2=O)cc1;O=C(C1CC1c1ccc2c(c1)OCCO2)N1CCc2[nH]ncc2C1;CC(CO)NC(=O)c1cccc(OCc2cn3ccccc3n2)c1;CC1CCCN(CC(=O)NCc2ccc(S(N)(=O)=O)cc2)C1;CNS(=O)(=O)c1ccc(CNC(=O)N2CCCCCC2)cc1;CNc1ccc(S(N)(=O)=O)cc1NC(=O)C1CC1(C)C(C)C;CC1CCN(C(=O)NCCc2ccc(S(N)(=O)=O)cc2)CC1;N#CCOc1coc(CN2CCN(c3ccccc3)CC2)cc1=O;CN(C(=O)C1COc2ccccc2O1)C1CN(c2ccccn2)C1;COCCS(=O)(=O)c1ccc(C(=O)N2CCCC(C)C2)cc1;CNS(=O)(=O)c1ccc(CNC(=O)N2CCCCC2C)cc1;Cc1nc(-c2ccccc2)sc1CN1CCn2c(C)nnc2C1;Cc1ccc(C)c(S(=O)(=O)NCCNC(=O)NCC2CC2)c1;O=C(Nc1ccccc1O)C1CCN(C(=O)c2cccnc2)CC1;CNS(=O)(=O)C1CCN(Cc2cccc(C(=O)N(C)C)c2)C1;CCN(CC)S(=O)(=O)N(Cc1ccc(C(N)=O)cc1)C1CC1;CC1CN(c2ccc(S(=O)(=O)NCC3CC3)cn2)CCCO1;CC(=O)N1CCC(NC(=O)c2c[nH]c(=O)cc2C)c2ccccc21
m_466863,CN(C(=O)c1sc2ccccc2c1CS(C)(=O)=O)C1CCNC1;CCOc1ccc(S(=O)(=O)NC2CCOc3ccc(F)cc32)cn1;O=C(COc1cccc(C(F)(F)F)c1)NC(=O)NCc1ccccc1;CC(C)N(CC(F)F)C(=O)c1cc(C2CC2)nc2ccc(Cl)cc12;CNS(=O)(=O)c1cc(C(=O)N(Cc2cccc(F)c2)C2CC2)co1;O=C(Nc1ccc2[nH]c(=O)[nH]c2c1)c1cccnc1OCC(F)(F)F;O=C(O)c1ccc(S(=O)(=O)NCC(=O)N2CC3CCCC3C2)cc1;O=C(c1cccc(=O)[nH]1)N1CC(O)CC1c1ccccc1C(F)(F)F;CCOc1ncc(C(=O)NC2COCC2Oc2cn[nH]c2)cc1Cl;O=C(Nc1cccc(C(F)(F)F)c1)C1CC(=O)N(Cc2ccco2)C1;CS(=O)(=O)c1ccc(-c2nc(CN3CCCC3CO)cs2)cc1;CC1(C)C=Cc2c(cc3occ(-c4ccc(O)cc4O)c(=O)c3c2O)O1;Cc1cc(C(=O)N2CCCN(c3ccc(Cl)c(Cl)c3)CC2)[nH]n1;CS(=O)(=O)NCC1CCCN(c2nnc(-c3ccccc3)s2)C1;Cc1csc(S(=O)(=O)N2CCC(c3nncn3C3CC3)CC2)c1;Cc1sc2nc(Cc3ccncn3)[nH]c(=O)c2c1-c1ccc(F)cc1;O=C1CCN(C(=O)c2ccc(-c3cccc(C(F)(F)F)c3)o2)CCN1;O=C(Cn1nc2ccccn2c1=O)Nc1ccc(-n2cccn2)c(F)c1;CCC1CN(C(=O)c2cnc(-c3ncccn3)s2)c2ccccc2O1;Cn1nc(CC(=O)Nc2ccc(C#N)c(Cl)c2)c2ccccc2c1=O;Cc1ccnc(-c2nc3sc(C)c(-c4ccc(F)cc4)c3c(=O)[nH]2)n1;Cn1nnnc1-c1cccc(NC(=O)c2cc(-c3cccs3)on2)c1;O=C1COc2ccc(C(=O)N3CCc4ccc(C(=O)O)cc4C3)cc2N1;CN(CC1COc2ccccc2O1)C(=O)c1ccncc1C(F)(F)F;Cc1cnc(-c2nc3sc(C)c(-c4ccc(F)cc4)c3c(=O)[nH]2)cn1
m_4690d3,Cc1ncc(C(=O)N(C)C(C)c2ccccc2)c(C(C)C)n1;O=C(CCCC1CCCCC1)N1CCC(O)(C(=O)O)CC1;Cc1ccccc1C1CCN(C(=O)Cc2c(C)n[nH]c2C)C1;CC(C)C1N(C(=O)c2cccc3ncn(C)c23)CC12CCC2;CC1CC(c2ccccc2)C(C)N1C(=O)Cc1cnn(C)c1;N#CCCOCCC#CCN1CCCCC1c1cccnc1;O=C(NCCC1(O)CCOCC1)N1CCN2CCC1CC2;Cc1cccc(Cn2nc(C(C)(C)C)c(CCC#N)c2O)c1;CCC1c2ccccc2CCN1C(=O)c1c(C)nn(C)c1C;Cc1n[nH]c(C)c1CC(=O)N1CC(c2ccccc2)CC1C;CNC(=O)CC1(O)CCCN(C(=O)C2CN(C(C)=O)C2)C1;CCc1cc(CC)nc(N2CCN(c3ccccn3)CC2)n1;Cc1cc(CC(=O)N2CCCC2CCc2ccccc2)n[nH]1;Cc1nccn1-c1cncc(N2CCC3(CCCC3)CC2)n1;CC(C)(C)c1cccc(C(=O)NC2CCc3cn[nH]c3C2)c1;CC(C)c1[nH]ncc1C(=O)NCC1CCCc2ccccc21;CC(C)CN1CCN(C(=O)C2CCC(C(=O)O)N2)CC1=O;Cc1ccc(C2CCCN2C(=O)Cc2c(C)n[nH]c2C)cc1;Cc1ccc(C(=O)N2CCCC2c2c(C)n[nH]c2C)c(C)c1;CCN(CC)C(=O)c1ccc(NCc2cccnc2C)cc1;Cc1n[nH]c(C)c1CC(=O)N1CCCC1Cc1ccccc1;CCn1ccc(C(=O)N2CCC(Cc3ccccc3)CC2)n1;Cc1ccc(C)c(C(=O)NCC2CCCn3cc(C)nc32)c1;Nc1cc(CN2CCCC(CO)(c3ccccc3)C2)ccn1;CC1(C)C(NC(=O)c2cccc(Cn3ccnc3)c2)C1(C)C
m_471696,Cc1cnc(C(C)NC(=O)N2CCCCC2c2nnc3n2CCCC3)s1;Cc1cc(=O)c(C(=O)N2CCN(Cc3csc(C(C)(C)C)n3)CC2)c[nH]1;COc1ccc(CCC2CCCCN2C(=O)c2cnc(C)s2)cc1OC;O=C(C1CC(=O)N(C2CCOCC2)C1)N1CCCC(Oc2cnccn2)C1;O=C(C1CCN(c2ccc(F)cc2)C1=O)N1CCC(N2CCNC2=O)CC1;Cc1csc(C2CCN(C(=O)c3nnn(C4CCNCC4)c3C)CC2)n1;CCN1CCN(c2ccc(F)cc2C(C)NC(=O)c2oc(C)nc2C)CC1;Cc1csc(C2CCCN(C(=O)c3nnn(C4CCNCC4)c3C)C2)n1;CC(NS(=O)(=O)c1ccc2c(c1)CCCC2)c1nnc2n1CCCCC2;CC(=O)N1CCC(CNC(=O)c2nn(-c3ccc(F)cc3C)cc2O)CC1;CN1CCN(C(=O)c2ccc(NC(=O)c3nccc4ccccc34)cc2)CC1;COC(C)C(=O)NCC1CC(=O)N(C)C1c1cnn(-c2ccc(F)cc2)c1;CCc1n[nH]c(=O)c(CNC(=O)NC2CCC(C(F)(F)F)CC2)c1CC;CC1CN(C(=O)Nc2ncn(C3CCCCC3)n2)CCN1CC(F)(F)F;CCOC(=O)NCC(=O)Nc1ccc2c(ccn2CCN2CCOCC2)c1;COc1ccccc1-c1noc(C(C)NC(=O)N2CCC(C(C)O)CC2)n1;CC(C)c1nc(C2CCCCCN2C(=O)c2cc3c(s2)CCNC3)no1;Cc1nn(C)c(C)c1CC(=O)N1CCCN(Cc2ccc(Cl)cc2)CC1;COc1cc(C(F)(F)F)ncc1NC(=O)NC1CCN(CC(C)C)CC1;CCSc1cncc(N2CC3CN(C)CCC3(c3nc(CC)no3)C2)n1;Cc1cccc2c1N(C1CC1)CCN2C(=O)c1c(-c2ccncc2)noc1C;O=C(Nc1ccc(C(=O)N2CCCC2c2nc3ccccc3[nH]2)cc1)C1CC1;CC(=O)NC12CC3CC(C1)CC(C(=O)NCCOc1ccccc1F)(C3)C2;O=C1CCCc2cc(C(=O)N3CC(c4ccccc4)C4CCCC43)ccc2N1;CC1CC(C(=O)Nc2ccc(C(=O)N3CCC(C(=O)O)CC3)cc2)CCO1
m_47617a,CCCn1c(=O)n(CC(O)COc2ccc(NC(C)=O)cc2)c2ccccc21;Cc1ccc2oc(N3CCC(C(C)NC(=O)CCn4cnnn4)CC3)nc2c1;CC(C)c1cc(CNS(=O)(=O)C2CCCN(C(=O)C3CCCC3)C2)on1;Cc1ccc(C)c(OC2CCN(C(=O)c3cn(C4CCNCC4)nn3)CC2)c1;CN(C)CC1CC(O)CN1c1cc(NCC2CCS(=O)(=O)CC2)ncn1;Cc1nc(N2CCN(C(C(N)=O)c3ccc(F)cc3)CC2)c2cnn(C)c2n1;CCC(C)C(=O)N1CCC(C2CCCN(c3nc(C)cc(C#N)n3)CC2)CC1;C=C1CCCC2(C)CC3OC(=O)C(CNCCc4ccccc4OC)C3CC12;CCN(CC(=O)Nc1ccc(NC(C)=O)cc1)C1CCCc2ccc(F)cc21;Cc1nc2ccccc2n1CC1CCCN1C(=O)CCc1cc(F)ccc1F;Cc1nc2cccc(C)n2c(=O)c1NC(=O)Cc1ccc(-c2ccccc2)cc1;CC1Cc2c(C(=O)N(C)CCc3nccc(C(F)(F)F)n3)n[nH]c2C(C)O1;COc1ccccc1C1CCN(C(=O)NCc2cccc(OCC(N)=O)c2)C1;Cc1noc(C)c1S(=O)(=O)N1C2CCC1CC1(C2)CN(C)C(=O)C(C)O1;CC(CC(Cc1ccc(-c2ccccc2)cc1)NC(=O)CCC(=O)O)C(=O)O;CC(C)(C)N1CCC(NC(=O)COc2ccc(Oc3ccccn3)cc2)CC1;CCCCCCCCCCCCCCCC(=O)NCCCCNCCCN;Cc1ccn(-c2ccc(N3CCN(CC(=O)NC4CCCCC4)CC3)nn2)n1;O=C(CCc1nc2ccccc2c(=O)[nH]1)N1CCC(OC2CCCCC2)CC1;CC1Cc2c(C(=O)N(Cc3ccccc3)CC3(O)CCCC3)n[nH]c2C(C)O1;COc1ccc(CC2CCCCN2C(=O)c2cn(C3CCNCC3)nn2)cc1;O=C(CCOC1CCOCC1)N1CCCCC1c1nc(-c2ccccc2)c[nH]1;Cc1cc(C(=O)NC2CCN(C(=O)c3cc(C)n(C4CC4)c3C)CC2)c(C)o1;COc1ccccc1CC1CCN(C(=O)c2cn(C3CCNCC3)nn2)CC1;CCCn1cc(NC(=O)N2CCCC(S(=O)(=O)NC3CCCC3)C2)cn1
m_478c2e,COc1ccnc(N2CCN(C(=O)CNCC(F)(F)F)CC2)c1;COCC(N)C(=O)Nc1ccc(OCc2noc(C3CC3)n2)cc1;CC(=O)N1CCCC(NC(=O)c2cc(C(F)(F)F)n(C)n2)CC1;O=C(O)CCC1CCCCN1C(=O)Cn1nc2ccccn2c1=O;O=C(CCNCC(F)(F)F)N1CCCC1c1noc(C2CC2)n1;O=C(c1c[nH]nc1-c1c(F)cccc1F)N1CCN2CCC1CC2;CC(C)(C)n1ncc(C(=O)N2CCC(C(N)=O)C2)c1C(F)(F)F;Cc1noc(C2CC(O)CN2C(=O)c2cc(O)nc(C(C)C)c2)n1;CCn1cc(OC2COCC2NC(=O)c2cc(C)nc(O)c2)cn1;CCc1nnc2n1CCN(C1CN(C(=O)c3csnc3C)C1)C2;O=C(c1cc(F)cc(F)c1)N1CCC(c2nncn2C2CC2)CC1;O=C(Nc1cnc(N2CCCCCC2)nc1)c1cc(F)ccc1F;O=C(NC1CCc2[nH]ncc2C1)N1CCC(O)(C(F)(F)F)CC1;Cc1cc(N(C)C)nc(N2CCN(c3ccc(Cl)cn3)CC2)n1;O=C(c1cc(=O)[nH]c(C2CC2)n1)N1CCC(N2CCOC2=O)CC1;Cc1nn(-c2ccc(C(=O)N3CCC(CN)C3)cc2)c(C)c1Cl;CC(=NCc1ccccc1)c1c(O)c2cccc3c2n(c1=O)CCC3;Cc1nnnn1-c1ccc(C(=O)N2CC(=O)NCC2(C)C)c(F)c1;Cc1n[nH]c(C)c1CC(=O)N1CCNC(c2ccccc2Cl)C1;CC1CN(C(=O)c2cn(C)nc2-c2ccccc2Cl)CC(C)N1;O=C(NCCc1nnc2n1CCC2)NCc1csc(C2CC2)n1;CC(C)N1C(=O)NC2CN(Cc3ccc(Cl)cc3C#N)CCC21;CC(C)CN1CCN(C(=O)c2cc(C(F)(F)F)n(C)n2)CC1=O;Cc1ccc(Cl)cc1CNC(=O)N1CCC(c2ccn[nH]2)CC1;Cc1nn(C)c(C)c1NC(=O)N1CCCC1c1ccccc1Cl
m_47ae67,CCn1cnc2c(N(C)C3CCC(NC(=O)CCOC)CC3)ncnc21;COc1cc(CNC(=O)N2CCN(C(C)c3nc(C)no3)CC2)ccn1;COC(C)(C(=O)NC1CCc2nc(C(C)C)nn2C1)c1ccccc1F;CC(C1CC1)n1cc(NC(=O)N2CCCN(c3nccs3)CC2)cn1;O=C1CCCC(C(=O)NCC2CC3c4ccccc4C2c2ccccc23)N1;COCCn1ccc(NC(=O)N2CCC(C(F)(F)F)C3(CCC3)C2)n1;O=C(NC1CCCOCC1)N1CCC(n2ccc(C(F)(F)F)n2)CC1;COCCn1cc(C2OCCC2C(=O)NCc2ccc(OC)nc2)cn1;CC1NC(C(=O)N2CCC(OCCO)CC2)=NN(c2ccccc2)C1=O;CC(C)(C)c1ncc(NC(=O)NC2CCN(c3nccs3)CC2)cn1;CC(C)N(C)C(=O)C1CCN(C(=O)CCc2ccc(C(=O)O)cc2)CC1;O=C(CNC(=O)C1CC1)NCC1CC2c3ccccc3C1c1ccccc12;O=C1CCC(C(=O)NCC2CC3c4ccccc4C2c2ccccc23)CN1;CCCCCCCCCCC(C(=O)O)C(O)(CCC(=O)OC)C(=O)O;O=C(c1ccc(N2CCC(N3CC=CC3)C2)nc1)N1CCc2ccccc21;COCCc1cc(NC(=O)N2CCCC2Cc2cccc(F)c2)n(C)n1;CCCCOC(=O)CC(O)(CC(=O)OCCCC)C(=O)OCCCC;COC(C)Cn1c(-c2ccccc2Cl)nnc1N1CCC2(CCC2)C1;O=C(NCc1ccccc1OCC1CC1)N1CCOC2(CCOCC2)C1;C=CCOc1ccccc1C(=O)N1CCC(c2c[nH]c3ccccc23)CC1;Cc1ncnc(N2CC3CN(C(=O)CSC4CCCC4)CC3C2)c1C;Cc1nc(-c2ccccc2)ccc1C(=O)N1CCCC1c1c(C)n[nH]c1C;Cc1cccn2cc(-c3ccc(NC(=O)C4CC45CCNCC5)cc3)nc12;CCc1ccnc(C(=O)N2CCCCC2c2nc(-c3ccccc3)c[nH]2)c1;N#Cc1cccc(-c2c[nH]c(CNC(=O)C34CC5CC(CC(C5)C3)C4)n2)c1
m_47e099,CN1CCN(C)CCN(Cc2nnnn2-c2ccc(Cl)cc2C(F)(F)F)CC1;CC(C)c1ncc(C(=O)N2CCCC(n3ncc(N4CCOCC4)cc3=O)C2)s1;CCCNC(=O)NC(=O)CN1CCc2cc(OC)c(OC)cc2C1c1cccs1;COC1=C(C)C(=O)OC1=C1OC2CCCN3C(C4CC(C)C(=O)O4)CCC3C2C1C;FC(F)c1nc2ccccc2n1-c1nc(N2CCOCC2)nc(N2CCOCC2)n1;CC1CC(C)CN(S(=O)(=O)c2cccc(C(=O)NCc3nnc4n3CCC4)c2)C1;CCC(CO)N1CCN(S(=O)(=O)c2cccc(C(=O)Nc3ccccc3)c2)CC1;Cc1ccc(S(=O)(=O)N2CCCC2C(=O)N2CCN(Cc3ccco3)CC2)cc1;COc1ccccc1NC(=O)CCN1CCN(S(=O)(=O)Cc2ccccc2)CC1;COc1ccc2c(=O)n(CC3CCN(c4cc(=O)n5ccccc5n4)CC3)cnc2c1;COc1ccccc1-c1ccc(=O)n(C2CN(C(=O)C3OCCc4ccccc43)C2)n1;COC1(c2nc(C3CCOCC3)no2)CCN(Cc2nc(C3CCCC3)no2)CC1;CN(C)CCOc1ccc(C(=C(CCCO)c2ccccc2)c2ccc(O)cc2)cc1;CCOc1ccc2cc(-c3nn(CC4CCN(C)CC4)c4ncnc(N)c34)ccc2n1;FC(F)(F)c1cc(Cl)ccc1-n1nnnc1CN1CCOC2(CCOCC2)C1;COc1ccc(C(CNC(=O)COc2ccc(Cl)cc2)N2CCN(C)CC2)cc1;CCS(=O)(=O)N(C)C1CCN(C(=O)c2nc(-c3ccccc3)oc2C2CC2)CC1;Cc1nn(CC(F)(F)F)c(C)c1C1COCCN1C(=O)CN1CCN(C)C(=O)C1;O=C(NCc1ccccc1)C1CCN(c2nn3cc(-c4ccccc4)nc3s2)CC1;O=C(c1ccc(N2CCCS2(=O)=O)cc1)N1CCC(Nc2ccc(F)cc2)CC1;Cc1cc(CN2CCN(S(=O)(=O)c3c(C)c(Cl)cc(C)c3Cl)CC2)on1;CC(C)N1CCN(CC#CCOC2CCN(c3cc(=O)n(C)c(=O)n3C)CC2)CC1;Cc1ccc(Cl)cc1NC(=O)C(C)N1CCCN(Cc2nccn2C(C)C)CC1;CC(C)c1nc(CC(=O)N2CCCC(n3ncc(N(C)C(C)C)cc3=O)C2)cs1;COc1ccc(C2c3[nH]c4ccccc4c3CCN2CC(O)=NC2CCCCC2)cc1
m_48bfe1,COc1cc(C)c(S(=O)(=O)N2CCc3cnccc32)cc1OC;CC1CCS(=O)(=O)CCN1C(=O)c1cccc2ccc(O)nc12;NC(=O)N1CCCN(S(=O)(=O)c2cccc3cnccc23)CC1;CN(C)C(=O)c1cc(S(=O)(=O)N2CCc3ccncc32)cn1C;C=CCNS(=O)(=O)c1ccc(C(=O)NCc2nccn2C)cc1;CCn1cc(S(=O)(=O)N2CCc3ccccc3C2)cc1C(=O)O;CCn1cc(C(=O)Nc2cccc3c2CCN3S(C)(=O)=O)cn1;Cc1cc(S(=O)(=O)N2c3ccccc3NC(=O)CC2C)c(C)o1;Cc1cc(C)c(C(=O)N2CCC(n3cc(C(=O)O)nn3)CC2)s1;CCc1cccc2c1N(C(=O)c1coc(S(=O)(=O)NC)c1)CC2;Cc1c(-c2cccc(NC(=O)c3cccs3)c2)nc2ncccn12;O=C(Nc1cccc(-c2ccc3c(c2)OCCO3)n1)c1cnccn1;CC1CCN(c2cc(N)c(C(=O)c3ccc(Cl)cc3)s2)CC1;CCc1nnc(NC(=O)C2CC(=O)N(c3ccccc3F)C2)s1;Cc1nc(-c2ccco2)ccc1C(=O)N1CCC(S(C)(=O)=O)C1;CCn1c(=O)[nH]c2cc(-c3nc(-c4ccccc4)no3)ccc2c1=O;COc1ccc2c(c1)c(-c1ccccc1)nc(=O)n2CC(F)(F)F;NS(=O)(=O)c1ccc(C(=O)NC2CCCCc3ccccc32)o1;CC(C)(C)c1nnc(NC(=O)NCc2cccc(C(=O)O)c2)s1;O=C(NC1CCCN(c2ccc(OC(F)F)cc2)C1=O)C(F)F;Cc1cc(C)c(C(=O)N2CCCC(n3cc(C(=O)O)nn3)C2)s1;CC(NC(=O)Cn1cnnn1)C(=O)N1CCc2ccc(Cl)cc21;CCn1c(=O)c(-c2ccc3ccccc3n2)cc2cc(Cl)ccc21;O=C1CCCC(C(=O)Nc2ccc(F)cc2OCC(F)(F)F)N1;O=C1CCC(C(=O)Nc2nnc(Cc3ccc(F)cc3)s2)CN1
m_4b55af,Cc1cc(C)c(C(=O)N2CC(O)CC2c2cccc(F)c2)[nH]1;N#Cc1cncnc1N1CCC(C2CCC(C(=O)O)O2)CC1;Cc1cc(C)n2nc(C)c(C(=O)N3CCC(C(=O)O)C3)c2n1;CC(C)n1cc(NC(=O)NCc2cccc(C(=O)O)c2)cn1;Cc1nc(O)ccc1C(=O)NC1CCOC1c1cnn(C)c1;CC(C)n1cc(C(=O)NC(Cc2ccncc2)C(=O)O)cn1;COc1ccc(NC(=O)N2CCc3nc[nH]c3C2)cc1OC;O=C(NCC12CCCC1OCC2)c1cc2c(F)cccc2[nH]1;Cc1ccn(C)c1C(=O)N1CC(O)CC1c1cccc(F)c1;CNC(=O)Nc1cccc(NC(=O)c2cc(C(C)C)no2)c1;Cn1ccc(CN2CCOC(c3ccc(F)cc3)C2)cc1=O;COC1C(=O)CC(O)(CO)CC1=NC(CO)CCC(N)=O;COC1=C(NC(CO)CCC(=N)O)CC(O)(CO)CC1=O;COC1=C(NC(CO)CCC(N)=O)CC(O)(CO)CC1=O;CC(C)NC(=O)NCc1ccc(C(=O)Nc2nnc[nH]2)cc1;O=C(c1ccc2ccccc2c1)N1CCCC1c1cccnc1;O=C(O)CCC1CCCCN1C(=O)c1ccc2[nH]nnc2c1;NC1CCN(C(=O)CCn2c(=O)[nH]c(=O)c3ccccc32)C1;CCOc1cccc(N2CCN(C(=O)c3ccon3)CC2)n1;Cc1nc(C(=O)Nc2ccc(OCC(=O)N(C)C)cc2)c[nH]1;O=C(NCc1ccncc1)C1CC1c1cccc2ccccc12;CC1(NC(=O)c2cnn3cccnc23)CCCCC1C(=O)O;CCn1nccc1CN(CCO)c1ncnc2onc(C)c12;CN1C(=O)CN(CC(=O)N2CCCC2c2cccnc2)C1=O;Cn1ncc(C(=O)N2CCCC2CC(=O)O)c1-n1cccc1
m_4b86b5,CC(C1CC1)N(C)C(=O)Cc1cc(Cl)c2c(c1)OCCCO2;O=C(O)CC1CCCN1Cc1cc(Cl)ccc1OCC1CC1;Cn1ccnc1CNC(=O)C1CC1c1cccc(C(F)(F)F)c1;O=C(O)CCC(=O)OCCC(NCCc1ccccc1)C(=O)O;CC(=O)Nc1ccc(NC(=O)c2ccc3c(c2)CCC(=O)N3)cc1;O=C(CCNC(=O)c1coc2ccccc12)NCc1ccccn1;Cc1ccc2[nH]nc(C(=O)NC(Cc3ccccc3)C(=O)O)c2c1;Cc1cc(Cl)ccc1C(=O)N1CCCC1C1COCCC1O;Cc1ccc(C)c2c(C)c(C(=O)N3CCC(O)(C(F)F)C3)oc12;O=C1COc2cc(NC3CCN(c4ccccc4)C3=O)ccc2N1;O=S(=O)(NCC1CC1)c1cccnc1N1CC2CC2(CO)C1;Cc1ccc(N(C)C(=O)CC2CCC(C(=O)O)CC2)cc1Cl;CCc1nnc(-c2cccc(NC(=O)COc3ccccc3)c2)o1;O=C(Nc1cc(-c2ccccc2)on1)NC(CO)c1ccccc1;CN1C(=O)CC(NS(=O)(=O)CCC2CC2)C1c1cccnc1;Cc1noc(CCNS(=O)(=O)c2ccc(C(C)(C)C)cc2)n1;COc1ccc(CCS(=O)(=O)c2nnc(C)n2C(C)C)cc1;CCC(=O)Nc1ccc(NC(=O)c2cc3nc(C)ccc3o2)cc1;CC(=O)N1CCN(C(=O)CCCNC(=O)c2ccsc2)CC1;NC(=O)C1(O)CCN(C(=O)c2scnc2C2CCCC2)CC1;COCC1(C)CN(C(=O)C2CC2c2cccc(Cl)c2)CCO1;COc1cc(C)c(S(=O)(=O)Nc2c[nH]nc2C)cc1C(C)C;C=CCCn1nc(C)c(S(=O)(=O)N(C)Cc2ccco2)c1C;c1cc2c(cc1Cc1noc(-c3noc4c3CCCC4)n1)CCO2;Cc1ccc(CNC(=O)Cn2c(=O)[nH]c(=O)c3ccccc32)cc1
m_4bb17c,OC1(Cc2nc(C3CC3)no2)CCCN(CCn2cncn2)C1;CC1CCN(C(=O)N2CCN(S(=O)(=O)N(C)C)CC2)CC1;Cn1c(CN2CCCCC2Cn2cncn2)cc(=O)n(C)c1=O;O=C(CCc1ccc(F)cc1)N1CCCN(C(=O)C2CC2)CC1;CC1CCCCN(C(=O)c2cc(N3CCCC3=O)ccc2F)C1;Cc1noc(C2CCN(C(=O)C3CC(=O)N(C4CC4)C3)CC2)n1;CC1(C)C(NC(=O)NC2CCc3cc(F)ccc32)C2CCOC21;O=C1CN(C(=O)C2CCCOC2c2cn[nH]c2)CN1CC1CC1;CN1C(=O)CCC1C(=O)NC(c1ccc(F)cc1)C1CCCC1;Cc1cc(C(=O)NCC2CC(c3nncn3C)CC2O)oc1C;COc1ccccc1OCCN1CCC(O)(Cn2ccnn2)C1;Cc1c(C(=O)NC(c2ccccc2F)C(C)C)nnn1C(C)C;CCCc1cc(NC2CCCC2)n2c(nc3ccccc32)c1C#N;COCCN1C(=O)NC2CN(C(=O)c3cccnc3C)CCC21;COC1=C(OC)C(=O)C(CC=C(C)CCC=C(C)C)=C(C)C1=O;CCc1occc1C(=O)NCC1CC(c2nncn2C)CC1O;CNc1ccc(C(=O)N2CCN(C(=O)C3CCCO3)CC2)cn1;CCn1cc(C#N)c(=O)n(CCCNC(=O)C2CCCC2)c1=O;CCc1noc(C)c1C(=O)NC1CCC(Cc2nnc(C)o2)C1;O=C(NC1CC1c1cccc(F)c1)NC1CCCC2OCCC12;O=C(c1ccc(CNC2CCCSC2)cc1)N1CCCCC1;CC1CN(C2CCN(C(=O)c3cccc(CO)c3)CC2)CCO1;Cn1cc(C2OCCCC2C(=O)N2CC(=O)N(C3CC3)C2)cn1;c1ccc(CCN2CCN(c3ncnc4ccccc34)CC2)cc1;CCc1oc(C(=O)N2CC(OC)CC2c2nncn2C)cc1C
m_4bc064,CC(C)C1(S(=O)(=O)NCc2ccc(C(=O)O)cc2)CC1;Cc1cnc(C(=O)NC2CC(C(=O)O)c3ccccc32)cn1;Cc1ccc(O)c(C(=O)N2CCC(C)S(=O)(=O)CC2)c1;Cc1nccnc1C(=O)N1CCc2ccccc2C1C(=O)O;Cc1c(C(=O)NCCC(=O)O)oc2c1ccc1ccccc12;CC(C(=O)NCc1cccnc1)n1c(=O)oc2ccccc21;O=C(Nc1cccc(N2CCCC2=O)c1)c1ccc(O)nc1;CC(C)C1(S(=O)(=O)NCc2cccc(C(=O)O)c2)CC1;NC(=O)C1Cc2ccccc2CN1C(=O)c1cc[nH]c(=O)c1;Cc1cc(C(=O)NCC2(C(=O)O)CCOCC2)sc1C;Cc1ccnc(NC(=O)c2cccc(C(=O)O)n2)c1C1CC1;COCc1cc(C(=O)N2CCOC(C(=O)O)C2)ccc1F;Cc1ccc(C(=O)N2CCS(=O)(=O)C(C)(C)C2)cc1O;COc1ccccc1-c1cc(NC(=O)c2ccoc2C)[nH]n1;Cc1ccc(CCCC(=O)N2CCOC(C(=O)O)C2)s1;Cc1ccc(S(=O)(=O)NC2CCCNC2)cc1C(N)=O;O=C(O)c1coc(C(=O)N2CC3(CCC3)c3ccccc32)c1;O=C(O)CC1CCN(CC(O)c2cccc(Cl)c2)CC1;CC1(C)C(NC(=O)c2cnn(C3CCC3)c2)CS1(=O)=O;CCc1ncc2c(n1)CN(c1ncnc3sccc13)CC2;CC(C)COC1CCN(C(=O)c2ccc(C(=O)O)s2)C1;COC(=O)Nc1nc2ccc(C(O)c3ccccc3)cc2[nH]1;CSC(C)C(=O)Nc1cc(C(=O)O)ccc1OC(C)C;CN1C(=O)CN(C(=O)c2ccc(=O)n(C)c2)c2ccccc21;CS(=O)(=O)N1CCN(Cc2ccc(C#N)cc2F)CC1
m_4fb975,CCN1CCCCC1C(=O)N1CCOC(c2ccnc(N3CCCC3)n2)C1;CCN1CCC(N2CCC(C(=O)NCc3ccc(COC)cc3)CC2)CC1;CN1CCN(CC2(C)CCN(S(=O)(=O)CC3CCCCO3)CC2)CC1;O=C(NCc1cccc2c1OCO2)N1CCCC(CN2CCCCCC2)C1;Cc1cc(NC(=O)N(C)C2CCCCC2N(C)C2CCN(C)CC2)ccn1;O=C(CN1CCCCCC1)Nc1cccc(NC(=O)C2(C(=O)O)CCC2)c1;CCn1nc2c(c1C(=O)N1CCOc3ccc(F)cc3C1)CC(C)OC2C;COCCn1nc(C(=O)N2CCCc3n[nH]cc3C2)c2c1C(C)OC(C)C2;CC1CN(C(C)C(=O)N2CCC(c3nccc(N4CCOCC4)n3)CC2)C1;COc1cccc(S(=O)(=O)N(CCN(C)C)C2CCN(C)CC2)c1F;CCN(C(=O)NC1CCN(C2CCN(C)CC2)CC1)C(C)c1cccnc1;CC1CN(Cc2cccc(CNC(=O)CN3CCCCCC3=O)c2)CCO1;CC(=O)N1CCN(C(=O)NCc2cnc3n2CCCC3)CC12CCCCC2;O=C(NC1CCCCC1)NC1CCN(C(=O)C2CCc3cn[nH]c3C2)CC1;O=C(CN1CCN(C(=O)C2CCc3cn[nH]c3C2)CC1)NC1CCCCC1;CN(C)c1ccc(C(c2ccc(N(C)C)cc2)c2ccc(N(C)C)cc2)cc1;O=C1CCCN1C1CCN(c2nnc(C3CC3)n2CC2CCCCO2)CC1;CCN1CCN(CC#CCOC2CCN(c3nccn(C)c3=O)CC2)CC1;Cn1ncc2c1CCNC2C(=O)N1CCC(NC(=O)CC2CCCC2)CC1;CNC(=O)c1cccc(NC(=O)C(C)N2CCC(OC3CCCC3)CC2)c1;Cc1nc2ccccc2n1CCNC(=O)N1CCN(CC(C)(C)O)C(C)C1;CCc1ccccc1N1CC(C(=O)N2CCC(OCCCN)CC2)CC1=O;COCCN1CC(C(=O)NC2CCN(CCc3ccccc3)CC2)CC1=O;O=C(NC1CCCCC1)NC1CCN(C(=O)C2CCc3[nH]ncc3C2)CC1;CC1(C)CCC(C)(C)c2cc(C(=O)NCC3(C(=O)O)CCOCC3)ccc21
m_517c87,Cc1nc2c(cc1C(=O)NCc1ccc3c(c1)COC3)c(C)nn2C;O=C(CCc1ccccc1Cl)N1CCN(C2CCCC2O)CC1;C=CC1(C)CCC(C(=C)C)C(c2c[nH]c3ccccc23)C1N=C=S;O=C(CN1CCC(Oc2ccccc2Cl)CC1)NCC1CCC1;CC(C)(O)C1CCCN1C(=O)NC1CC(c2ccccc2Cl)C1;Cc1cc(C)c(NC(=O)C(C)N2C3CCC2CC(O)C3)c(Cl)c1;Cc1ccc2oc(N3CCN(C(=O)Cc4ccccc4)CC3)nc2n1;COc1cc(CCNC(=O)N2CCCC3(CCC3)C2)ccc1Cl;CN1C(=O)COC(C(=O)NCC2CC(F)CN2)C1c1cccnc1;CC(C(=O)NC(N)=O)N1CCC(C(=O)Nc2ccc(F)cc2)CC1;Cc1nnc(N2CC(F)CC2CN(C)C(=O)CCc2ccco2)o1;CN1CCC(CNc2ncccc2C(F)(F)F)C1c1cccnc1;CC(=O)N(C)c1ccccc1NCc1nnc(-c2ccccc2C)o1;O=C(CN1CCC(N2CCNC2=O)CC1)NCCc1ccsc1;Cc1cn(CC(=O)NCCC(=O)Nc2ccncc2)c2ccccc12;Cn1nc(C2CCC2)cc1NC(=O)Cc1cc2ccccc2[nH]c1=O;COc1cccc(N2CCCC(NC(=O)c3ccc(C#N)cn3)C2)c1;Cc1ccc(-c2cc(CN3CCc4nn(C)c(=O)cc4C3)on2)cc1;O=C(c1ccc2[nH]c(=O)[nH]c2n1)N1CCC(Cc2ccccc2)CC1;CN1CCC(C(=O)N2c3ccccc3NC(=O)c3cccnc32)CC1;NC(=O)C1CCOC1CC1CCN(C(=O)CCC(F)(F)F)CC1;CC(=O)Nc1cc(NCc2noc(Cc3ccccc3)n2)ccc1C;Cc1n[nH]cc1CNCc1ccccc1S(=O)(=O)NC(C)(C)C;Cc1cccc(CNC(=O)c2ccc3c(c2)[nH]c(=O)n3CC2CC2)n1;COc1ccc2[nH]cc(C3CCN(C(=O)c4ccnnc4)CC3)c2c1
m_53dfe2,Cc1ccccc1CS(=O)(=O)NC1(CN)CCCC1;CNCC1CCN(S(=O)(=O)c2cc(C)ccc2C)C1;CC(NC(=O)C1CCc2cccc(O)c21)c1ccncc1;Cc1ccc(C)c(S(=O)(=O)NCCC2CCNC2)c1;Cc1ccc(S(=O)(=O)NCCC2CCNC2)c(C)c1;CCc1ccccc1S(=O)(=O)N1CC(CN(C)C)C1;CC1CCCCN1S(=O)(=O)c1ccc(CCN)cc1;CC(NC(=O)C1COc2ccccc2C1)c1ccncc1;Cc1ccccc1C1CCCN1C(=O)Nc1ccncn1;Cc1ccccc1C1CC(C)N(S(=O)(=O)N(C)C)C1;COC1COCC1NC(=O)NC(C)c1ccc(F)cc1;NC1(CNS(=O)(=O)c2ccccc2)CCCCCC1;CN(C)C1CCCCC1NS(=O)(=O)c1ccccc1;C=C1C(=O)OC2C1CCC(C)C(CCC(=O)O)C2(C)O;CC(c1ccc(S(C)(=O)=O)cc1)N1CCC(N)CC1;CCS(=O)(=O)NCC(C)N1CCc2ccccc2C1;CC1(C)CC2C(O)C3=C(CC(C)(O)C2C1)C(=O)OC3O;CCc1ccccc1S(=O)(=O)NC1CCNCC1C;Cc1ccc2[nH]c(C(=O)Nc3c(C)nn(C)c3C)cc2c1;CC(C)(C)CCN(C1CC1)S(=O)(=O)c1cccnc1;CCCS(=O)(=O)NCCN1CCc2ccccc2C1;COc1cccc(C(=O)N2CCC(c3ccncc3)C2)c1;O=S(=O)(NCC1CCCCCCC1)c1cccnc1;CN(C)c1cccc(C(=O)Nc2nccnc2C2CC2)c1;Cc1cc(Oc2cc(C(C)C)ccc2C)n2ncnc2n1
m_55fde0,Cc1cc(C)cc(-c2cc(NC(=O)c3ccc(NC(N)=O)cc3)n[nH]2)c1;O=C(NCc1nc2cccnc2[nH]1)C1CC(=O)N(Cc2ccccc2)C1;Cc1cc(NC(=O)c2cccc(CN)c2)ccc1NC(=O)c1ccco1;COc1cccc(-c2noc(C3CC(=O)N(Cc4ccccc4)C3)n2)c1;CNS(=O)(=O)C1CCN(C(=O)c2cc3c(C)cc(C)cc3[nH]2)CC1;O=C(c1ccncc1)N1CCOCC1c1ncn(Cc2ccccc2)n1;CC(C)(CNC(=O)Cn1ccc(=O)c2sccc21)N1CCOCC1;O=C(O)CC1CN(C(=O)c2cccc(OCC3CCCO3)c2)CCO1;COc1cc(C(=O)N2CCOCC2C(=O)O)ccc1OC1CCCC1;O=C(COc1ccc(-c2nnco2)cc1)NC(c1ccccc1)C1CC1;Cc1nc2cc(NC(=O)c3ccc(NC(=O)C4CC4C)cc3)ccc2o1;O=C(c1cccc2ccc(O)nc12)N1CCC(OCc2ccncc2)C1;O=C(c1ccc(-c2ncn[nH]2)cc1)N1CCC(OCc2ccncc2)C1;O=C(c1ccc(OC2CCOCC2)cc1)N1CCC(O)(C(=O)O)CC1;C=C1CC(=CC)C(=O)OC2CC[N+]3([O-])CC=C(COC(=O)C1(C)O)C23;C=C1CC(=CC)C(=O)OC2CCN3CC=C(COC(=O)C1(O)CO)C23;CCS(=O)(=O)c1ccccc1N1CCOC(Cn2cc(C)cn2)C1;CC1(c2nc(-c3cccc(Oc4ccccc4)c3)no2)CCC(=O)NC1;CCOc1ccc(S(=O)(=O)NCc2cnn3c2CCCC3)cc1C;CC(C)Cc1nc(C(=O)N2CCN(C(C)C(F)(F)F)CC2)cs1;CC(NCc1nnc2n1CCCC2C(F)(F)F)c1ccc(C#N)cc1;O=C(NCCc1cc2ccccc2o1)c1ccc(N2CCNC2=O)cc1;COCc1nnc(-c2cccc(C(=O)N3CCc4ccc(C)cc43)c2)o1;CCNC(=O)c1cccc(NC(=O)c2ccc3cc(OC)ccc3n2)c1;COc1ccccc1C1CCN(C(=O)c2cc(-c3ccccn3)no2)C1
m_5667e2,O=C(NCC1CC(O)CN1Cc1ccccc1)C(O)C1CCCCC1;CC(NC(=O)CC1(O)CCCN(Cc2ccccc2)C1)C1CCOC1;O=C(N1CCN(CCCO)CC1)N1CCN(Cc2ccccc2)CC1;COC(=O)C(C)N1CCC2(CC1)CN(Cc1ccccc1)CC(C)O2;CC1CN(C(=O)c2ccc(CN3CCC(CO)CC3)cc2)CCCO1;COc1ccccc1CC1CCCN(CCC(=O)N2CCOCC2)C1;Cc1ccccc1C(=O)NC1CCN(CCOCC2CCCO2)CC1;COc1ccccc1CCC(=O)N1CC(OC)CC1CN1CCCC1;CCOc1cc2c(cc1CN1CCC(C(=O)N(C)C)CC1)OC(C)C2;CC(O)(CNC(=O)CC1CC(c2ccccc2)C1)CN1CCOCC1;CC1CC(C)CN(Cc2ccc(CNC(=O)C3COCCO3)cc2)C1;COc1ccccc1CC(=O)N1CCCC1CN1CC(C)OC(C)C1;CC12Cc3nonc3CC1CCC1C2CCC2(C)C1CC(O)C2(C)O;CC12C=C(CO)C(=O)C=C1CCC1C2C(O)CC2(C)C1CCC2(C)O;COc1cccc2c1CCN(C(=O)NCCC1CCOC(C)C1)CC2;COCC1(CNC(=O)NCC2(c3ccccc3)CCOCC2)CCC1;COc1cccc(CC(O)C(=O)N2CCC(C3CCN(C)CC3)C2)c1;Cc1ccc(C)c(C2CN(CCC(=O)N3CCOCC3)C(C)CO2)c1;CC(C)(O)CN(Cc1ccccc1)C(=O)NCC1CN2CCN1CC2;CN(c1cccnn1)C1CCN(C(=O)CCCC2CCOCC2)CC1;COc1ccc(C(C)CN2CCC(C(=O)N3CCOCC3)CC2)cc1;COc1ccc(C)cc1C1(CNC(=O)C2CCC(N)C2)CCOCC1;CC1CC(C)CN(Cc2ccccc2CNC(=O)C2COCCO2)C1;COc1ccc(C(C)CN2CCCC(C(=O)N3CCOCC3)C2)cc1;O=C(C1CCOC1CC1CCNCC1)N1CCC(c2ncc[nH]2)CC1
m_568a04,CCc1cc(C(=O)N2CC(O)C(CC(=O)NC)C2)ccc1Br;O=C(CSc1ccc(-c2ccc3c(c2)OCO3)nn1)c1ccc(F)cc1;CC(=O)NCCc1ccc(S(=O)(=O)N2CCc3cc(F)ccc32)s1;O=C(Nc1nncs1)c1ccc(S(=O)(=O)NCC2CCCO2)cc1;COc1cc(C)c(S(=O)(=O)Nc2ccc(Cl)c(C(N)=O)c2)cc1C;CS(=O)(=O)NC1CCN(C(=O)c2cnn(-c3ccc(Cl)cc3)c2)C1;CC(=O)NCCc1ccc(S(=O)(=O)N2CCc3c(F)cccc32)s1;O=c1[nH]c2ccc(S(=O)(=O)Nc3cnc(-c4ccccc4)nc3)cc2o1;CC(C)n1cnnc1SCC(=O)NC(C(=O)O)c1ccc(Cl)cc1;Cc1nc(S(=O)(=O)N2CCN(c3ncccc3C(=O)O)CC2)cs1;CC(C)(C)c1csc(CNS(=O)(=O)Cc2ccc(C(=O)O)cc2)n1;CNS(=O)(=O)c1cc(C(=O)N(Cc2ccc(Cl)cc2)C2CC2)co1;C#CCSc1cccc(C(=O)Nc2ccn(-c3ncccc3Cl)n2)c1;Cc1cc(NC(=O)N2CCOC(c3ccc(Cl)c(Cl)c3)C2)n(C)n1;CC1(CO)OC2=C(C(=O)c3cc(O)cc(O)c3C2=O)c2cc(CO)ccc21;Cc1onc(-c2c(F)cccc2Cl)c1C(=O)N1CCOC(C(=O)O)C1;Cn1nnnc1SCC(=O)Nc1cc(Cl)ccc1N1CCOCC1;OC(CN1CCc2ccccc2C1)=Nc1cc(C(F)(F)F)ccc1Cl;NC(=O)C1CN(C(=O)c2csc(Nc3cc(F)cc(F)c3)n2)CCO1;O=C(O)C1Cc2ccccc2CN1C(=O)c1cn(Cc2cccs2)nn1;Cc1ncc(CSSCc2cnc(C)c(O)c2CO)c(CO)c1O;O=C(Nc1ccc(NS(=O)(=O)c2ccc(F)c(Cl)c2)cc1)C1CC1;O=C(NCC1(C(=O)O)CC1)C1CCOC1c1cncc(Br)c1;CCOC(=O)Nc1nc(C)c(C(=O)c2ccc(S(C)(=O)=O)cc2)s1;O=[N+]([O-])c1ccc2nc(COCc3nc4ccc([N+](=O)[O-])cc4[nH]3)[nH]c2c1
m_56bcbe,Clc1ccc(CN2CCC(n3ccnn3)C2)c2ncccc12;Cc1nnnn1CC(=O)N(C)Cc1cccc(C(F)(F)F)c1;CN(CC(F)(F)F)C(=O)COc1ccc(-n2cccn2)cc1;C=CCNC(=O)NCCc1ccc(OC)c(S(N)(=O)=O)c1;Cc1cc(NC(=O)NCCc2cn[nH]c2)cnc1C(F)(F)F;O=C(O)COc1ccc(C(=O)N2CCC(C(F)F)CC2)cc1;O=C(c1ccc2c(c1)OCCO2)N1CCC(O)(C(F)F)CC1;O=C(O)c1cccc(CNC(=O)C2CC2c2ccc(F)cc2)c1;Cc1nnc(C2CCCN(c3nccc(C(F)(F)F)n3)C2)o1;O=C(c1cc2c(s1)-c1ccccc1CC2)N1CCC(O)CC1;CCc1nccn1CC(=O)Nc1ccc(OC(F)(F)F)cc1;Cn1cc(C(=O)NC2CCCN(S(C)(=O)=O)C2)ccc1=O;Clc1cnccc1N1CCCC(c2nnc3ccccn23)C1;COC1CN(c2cccc(C(F)(F)F)n2)CC1c1c[nH]nn1;COCCS(=O)(=O)NC1CC(=O)N(C)C1c1cccnc1;CC(C)(C)NC(=O)c1cn(-c2ccc(C(F)(F)F)cn2)nn1;Cn1ccnc1C1OCCC1Nc1nccc(C(F)(F)F)n1;C[S+]([O-])c1ccc(C(=O)NCc2ccc3c(c2)CCC3)cc1;O=C(CCc1cccc([N+](=O)[O-])c1)N1CCOc2ccncc21;COc1cc(C(=O)O)ccc1CCNC(=O)C1(C)CC1(F)F;COCC1CC(OC)CN1Cc1c(Cl)cccc1C(=O)O;Cc1noc(C)c1CN(C)C(=O)c1ccc(C(F)(F)F)nc1;COC1CC(c2ncn[nH]2)N(c2ccc(C(F)(F)F)cn2)C1;CN(C)CCOc1ccc2c(c1)Sc1ccccc1CC2=O;FC(F)(F)c1nc(N2CCC3(CCOC3)C2)c2nc[nH]c2n1
m_572a36,Cc1cc(C2CCCN(C(=O)c3c[nH]nc3-c3cccc(Cl)c3)C2)[nH]n1;O=C(c1nn(-c2ccc(F)c(F)c2)c2c1CCC2)N1CCc2[nH]ncc2C1;Cc1nn(CC(C)C)c2sc(C(=O)Nc3ccc4[nH]c(=O)[nH]c4c3)cc12;O=C(c1ccc2c(c1)[nH]c(=O)n2CC(F)(F)F)N1C2CCC1CC(O)C2;CCS(=O)(=O)c1cccc(CC(=O)N2CC3CCC2c2ccccc23)c1;CC(C)C(=O)Nc1ccc(NCC(=O)N2CCSc3ccccc32)cc1;CC(C)CN1CC(c2nc(-c3cc(OC(F)F)ccc3F)no2)CC1=O;CN1CCOC(C(=O)Nc2cc(S(=O)(=O)N3CCCC3)ccc2O)C1;CN(C(=O)c1cc2c(cc1F)NC(=O)CC2)C1CCOC1c1cccnc1;O=C(c1[nH]c2ccccc2c1Cl)N1CCC(c2nncn2C2CC2)CC1;COc1ccc2c(=O)oc3c(OC)cc(CCN(C)C)c4c(=O)oc1c2c34;CC1(C(=O)O)CCN(C(=O)CCCOc2ccc(S(C)(=O)=O)cc2)C1;NS(=O)(=O)N1CCC(C(=O)NC2CCC(c3ccc(F)cc3)C2)CC1;COc1cc(F)c(S(=O)(=O)NCC2CCn3ccnc3C2)cc1OC;Cc1occc1C(=O)NC1CCN(C(=O)c2c[nH]c3cc(F)ccc23)CC1;COc1ccc(C(=S)N2CCCCC2)cc1OC(=O)c1cccc(C)c1;CC1CN(C(=O)c2csc(C3CCCCC3)n2)c2ccccc2NC1=O;c1ccc(C2COC(c3cccc(C4=NC(c5ccccc5)CO4)n3)=N2)cc1;CC(C)c1c(NC(=O)c2c[nH]nc2C2CC2)cnn1-c1ccc(Cl)cc1;CN(C(=O)C1CC(=O)Nc2cc(F)ccc21)C1CCOC1c1cccnc1;O=C(c1cccc(N2CCCC2=O)c1)N1CCN(Cc2ccsc2)CC1;COc1ccc(C(CC(=O)O)NC(=O)Cn2c(=O)[nH]c3ccccc32)cc1;N#Cc1ccsc1C(=O)N1CCOC(c2ccnc(N3CCCC3)n2)C1;O=C(NC1CC(Cn2ccnc2)CC1O)c1cc(F)ccc1-c1ccoc1;CCN(CC)C(=O)c1sc2nc(-c3ccco3)c3c(c2c1N)CCCC3
m_57bec0,O=C(Nc1ccc2nncn2c1)c1ccccc1OCC1CCCO1;CC(=O)N1CC(O)CC1C(=O)NC1(c2ccc(F)cc2F)CCC1;O=C(Cc1cccc(C(F)(F)F)c1)N1CCCC1Cn1ccnn1;O=C(Cn1cc(NC(=O)C2=Cc3ccccc3OC2)cn1)NC1CC1;O=C(Cn1ccnn1)NC1CCCC1c1ccccc1C(F)(F)F;Cc1nc(C)n(C2CN(C(=O)Cc3ccccc3C(F)(F)F)C2)n1;COCCCS(=O)(=O)N1CCN(c2nccc(C)c2C#N)CC1;O=C(c1cc2c([nH]c1=O)CCC2)N1CC=C(c2ccc(F)cc2)CC1;CC(=O)OC1CC2(C)C3(CO3)C1OC1CC(C)C(=O)C(=O)C12CO;Cn1nc(C(=O)NC2CCN(c3ccccc3F)C2)cc1C(F)F;CC(=O)OC1CC2(C)C3(CO3)C1OC1C=C(C)C(=O)C(O)C12CO;CC(=O)OCC12C(C=C(C)C(=O)C1O)OC1C(O)CC2(C)C12CO2;O=C(c1ccc(Cn2ccc(C(F)(F)F)n2)cc1)N1CCNCC1;Cc1cc(N(C)C(=O)Cn2nc(C(F)(F)F)c3c2CCC3)ccn1;CCn1nnc(C)c1CN1CCOC(c2ccc(F)cc2Cl)C1;CC(=O)OCC12C(=O)C(=O)C(C)CC1OC1C(O)CC2(C)C12CO2;CCn1cnc2c(NC(C)Cc3nc4ccccc4s3)ncnc21;O=C(NCCc1cn2c(n1)CCCC2)c1cccnc1C(F)(F)F;O=C(NCC1(C(O)c2ccccc2)CC1)c1c[nH]n2c(=O)ccnc12;CN(C(=O)C1(S(C)(=O)=O)CC1)C1CCCN(c2cccnn2)C1;CCc1nnc(-c2ccc(=O)n(CC(=O)Nc3ccc(C)cc3)c2)o1;Cc1cccc(NC(=O)NCCn2nc(-c3ccco3)ccc2=O)c1;O=C(NCc1nc(-c2ccco2)n[nH]1)c1ccccc1OCC1CC1;CC(NC(=O)C1CCc2[nH]nnc2C1)c1ccc(C(F)(F)F)cc1;O=C(c1ccc(NCCC2CCCO2)cc1Cl)N1CCOCC1
m_57f31b,CC(=O)N1CCC(Nc2ccc(C)cc2OCC(F)(F)F)CC1;CC(=O)N1CCC(Nc2cccc(OCC(F)(F)F)c2C)CC1;O=C(Cc1cccs1)N1CCCCC1c1nncn1CC1CC1;O=C(NCC1(C(=O)O)CC1)C1CCN(C(=O)c2ccccc2)CC1;CCCOc1ccc2c(c1)OCC(C(=O)N1CCC(C(N)=O)C1)=C2;CC(C)N(C(=O)c1ccc2c(c1)C(=O)N(C)C2=O)C1CCOCC1;CC(NC(=O)NC1CCC(O)CC1)c1ccc(C(F)(F)F)cc1;O=C(O)CN(C(=O)C1CC(=O)N(C2CCCC2)C1)c1ccccc1;CCN(C(=O)c1cc(S(=O)(=O)N(C)C)c(C)o1)C(C)C(C)C;CC1(C)CN(C(=O)C2CC2)CCN1C(=O)c1cccc(C(=O)O)c1;COc1cccc(CNC2CCC(C(F)(F)F)N(C(C)=O)C2)c1;N#Cc1cccnc1NC1CCc2nnc(Cc3ccccc3)n2C1;COc1ccc2c(CC(=O)N3CCOC4(CCNC4)C3)coc2c1;CC(Cc1ccccc1C(F)(F)F)NC(=O)NC1CCCOC1;CC(NC(=O)C1CC(=O)N(CC2CC2)C1)(C(=O)O)c1ccccc1;CCOC(=O)C1(CC(=O)Nc2cccc3c2CN(C)C3=O)CCC1;Cc1ccc(N2CCC(C(=O)N3CCC(C)(C(=O)O)C3)C2=O)cc1;CC(C)N1C(=O)CN(C(=O)C2(S(C)(=O)=O)CCC2)CC1(C)C;CNCC1CCN(C(=O)C(C)Oc2ccccc2C(F)(F)F)C1;O=C(Cc1noc(C23CCC2CNC3)n1)NCc1ccccc1F;Cc1ccccc1Nc1nc(Nc2ccccc2)nc2c1cnn2C;Cn1cnc(N2CCN(c3ncnc(C4CC4)c3F)CC2)cc1=O;CCC(CC)(CC)NC(=O)c1cc(S(=O)(=O)N(C)C)oc1C;COCc1cccc(Cn2cc(C3OCCCC3C(=O)O)cn2)c1;O=C(Nc1ccc(C(=O)N2CCOC3(CCOC3)C2)cc1)C1CC1
m_59b1bd,CCC1CCC(CNC(=O)Cc2csc(-c3nnc[nH]3)n2)CC1;O=C(O)CN(C(=O)c1ccc(OCC2CC2)cc1)C1CCOCC1;Cc1cc(C(=O)NCCCCNC(=O)c2ccc(F)nc2)nn1C;Cc1nnnn1C(Cc1cccc(F)c1)C(=O)NCC1CCOC1;O=S(=O)(CCCN1CCCC1Cn1cccn1)c1ccccc1;O=C(O)c1ccc(C(=O)N2CCC(OC3CCOCC3)CC2)cc1;COc1cccc(CNC2CCN(c3nccs3)CC2)c1OC;CC(=O)Oc1ccc(NC(=O)CCC2CCCCC2)c(C(=O)O)c1;Cc1cc(NC(=O)c2ncnc3c2CCCC3)n(-c2ccccc2)n1;COC(C)(CNC(=O)c1cc(-c2csc(C)n2)cn1C)C1CC1;CCSc1ccc(C(C)NC(=O)NCc2c(C)noc2C)cc1;Cn1nccc1C1CCCCN1c1ncnc2c1oc1ccccc12;O=C(O)C1CN(C(=O)c2ccccc2OC2CCCCC2)CCO1;COc1ccc(C2CCCN2C(=O)C2=CC(O)C(O)C(O)C2)cc1;CCc1nn(C)c(C(=O)NCc2ccc(C(C)(C)C)cc2)c1Cl;O=C(C1=CC(O)C(O)C(O)C1)N1CCC(CO)(c2ccccc2)C1;O=C(O)CC1CN(C(=O)c2cccc(OC3CCCC3)c2)CCO1;C=C1CC(=CC)C(=O)OC2CCN3CC=C(COC(=O)C1(C)O)C23;O=C(NCC(C(=O)O)C1CCOCC1)C1COc2ccccc2C1;CN1C(=O)CCC(CNC(=O)c2cc(F)c[nH]2)C1c1nccn1C;CC(C)c1cnc(CNCC2CCn3ncc(C(N)=O)c3C2)s1;O=C(Cn1cnnn1)N1CCc2ccccc2C1Cc1ccccc1;CC(C)C1CCC(Cc2ccc(Cl)cc2)C1(O)Cn1cncn1;Cc1ccc(C)c(S(=O)(=O)CCN2CC(n3cc(C)cn3)C2)c1;CCN1CCN(C(=O)NCc2ccsc2)CC1c1nccn1C
m_59bced,Cc1cc(Br)ccc1C(=O)NCC1CN(C)CCO1;CC(CO)(CO)Cn1cc(-c2cncc(Br)c2)nn1;CC(C)Oc1cc(Br)ccc1C(=O)N1CCC(N)C1;COc1ccc(CN2CC(C)C(C(N)=O)C2)cc1Br;COc1ccc(CCC(=O)N2CCC(N)C2)cc1Br;NC(=O)CC1(O)CCCN(Cc2cccc(Br)c2)C1;COc1ccc(Br)cc1CCC(=O)N1CCC(N)C1;COc1ccc(CCC(=O)N2CCNCC2)cc1Br;COc1ccc(Br)cc1CC(=O)N1CCC(CN)C1;COc1ccc(Br)cc1CCC(=O)N1CCNCC1;CCCNC(=O)CCNC(=O)c1cc(C)cc(Br)c1;CCC(Cc1ccccc1Br)C(=O)NCCC(N)=O;CC1CCN(C(=O)NCc2ccc(Br)cc2)CC1O;Nc1ncnc(N2CCOC(c3ccc(F)c(F)c3)C2)c1Cl;Cc1ccc(OC(C)C(=O)N2CCC(N)C2)c(Br)c1;NC(=O)CC1(O)CCCN(Cc2ccccc2Br)C1;CN1CCC(O)(CNS(=O)(=O)c2cc3ccccc3s2)C1;COc1ccc(Br)cc1CNC(=O)C1CCNCC1;O=C1COC2CCN(C(=O)Cc3c(F)cccc3Cl)CC2N1;CCc1nnc(CSc2ccc(C#N)c(C(F)(F)F)c2)n1C;Cc1ccc(OCCC(=O)N2CCC(N)C2)c(Br)c1;O=C(Cc1ccccc1Cl)NCc1cncc(-c2ccco2)c1;Brc1cnc(NC2CCN(C3CCOCC3)C2)nc1;COc1ccc(Cl)cc1CC(=O)Nc1cncc2ccccc12;COC(=O)c1ccc2c(c1)C(=O)C(=Cc1ccc(O)c(OC)c1)O2
m_5ae66f,O=C(CCCc1ccccn1)NC1CC(Cn2cccn2)CC1O;Cc1cccnc1CCNC(=O)c1cc(C2CCOCC2)nn1C;CCc1cncc(C(=O)N2CC(COC)C(c3cnn(C)c3)C2)c1;COC1CC(c2nc(C3CC3)n[nH]2)N(Cc2ccc(CO)cc2)C1;CC(=O)NC(C)(C)c1noc(C2CCN(c3ccccc3)C2C)n1;Cc1nc(C)n(C2CN(C(=O)COc3cccc(C(C)C)c3)C2)n1;Cc1nn(C)c(C)c1C1CCCN1CCCS(=O)(=O)N(C)C;OC1CC(NCc2ccccc2N2CCOCC2)C1n1cccn1;CC(C)c1nc(CNC(C(=O)N2CCCC2)c2ccccc2)no1;CCc1nnc(CC2CCC(NC(=O)c3c(C)cncc3C)C2)o1;COC(C(=O)N1CCCC(n2nc(C)nc2C)C1)c1ccccc1;Cc1cccc(CC(=O)NCC2CC(c3nncn3C)CC2O)c1;CN(Cc1cccc(O)c1)c1cc(N2CCCC(CO)C2)ncn1;CCc1nn(C)cc1CNC(=O)C1(N)CCc2c(OC)cccc21;COCCn1cc(NC(=O)NCC2CCCc3ccccc32)cn1;Cn1c(C2CC2)nc2cc(NC(=O)CNC(=O)C(C)(C)C)ccc21;COc1ccccc1CCC(=O)N1CCCCC1c1n[nH]c(C)n1;COc1ccc2c(c1)C(NCc1ccnc(N(C)C)n1)CCCO2;Cc1cc(CN2CCN(C(=O)c3cccc(N(C)C)c3)CC2)no1;CCc1noc(C(=O)NCc2ccc(CN3CCCCC3)cc2)n1;COC1CN(Cc2ccccc2OC2CC2)CC1c1cn(C)nn1;CC1CCN(c2cccc(Nc3cc(=O)n(C)c(=O)n3C)c2)CC1;Cc1cccc(C(=O)NCC2OCCN(C)C2c2cncn2C)c1;Cc1cc2ncc(C(=O)N3CCOCC4(CCCC4)C3)c(C)n2n1;COc1cccc2c1CCN(C(=O)Nc1cnn(CC(C)C)c1)C2
m_5bfac3,CC(C(=O)N1CCC(Cc2occc2C(=O)O)CC1)c1ccccc1;Cc1n[nH]c(C)c1CCC(=O)N1CCCC1c1ccc2c(c1)OCO2;COc1ccc2oc(C(C)NC(=O)Cc3c(C)n[nH]c3C)c(C)c2c1;CCC(=O)Nc1ccc(O)c(C(=O)N2CCC(n3cccc3)CC2)c1;O=C(NC1CC(Cn2ccnc2)CC1O)c1cccc2c1CCOC2;CCn1nc(C)c(C(=O)N2CCC(C(=O)O)(c3ccccc3)C2)c1C;Cc1cc(C)n(Cc2ccc(C(=O)N3CCCCC3C(=O)O)cc2)n1;O=C(NC1CCCNC1=O)C1CC(=O)N(c2ccc3c(c2)CCC3)C1;Cc1cc(C)n(Cc2cccc(C(=O)N3CCC(C(=O)O)CC3)c2)n1;CCN1CCC2OCCN(C(=O)c3ocnc3-c3ccccc3)C2C1;N#CC1(C(=O)N2CCN(C(=O)c3cccc(O)c3)CC2)CCCCC1;Cc1ccc(CC(=O)N2CCCC(c3noc(C4CC4)n3)C2)cc1O;NC(=O)NCc1ccc(C(=O)N(Cc2ccco2)C2CCCC2)cc1;CC(C)CC1C(=O)NCCN1C(=O)Cc1cc2ccccc2c(=O)[nH]1;Cc1cc(C(=O)N2CCCC(NC(=O)c3c(C)cccc3C)C2)on1;O=C(O)CCC1CCCN(C(=O)Cc2ccc(-n3cccn3)cc2)C1;Cc1c(C(=O)OCC2CC(=O)N(c3ccccc3)C2)cnn1C(C)C;CC(C)c1noc(C23CCCC2CN(C(=O)c2cccc(O)c2)C3)n1;CN1C(=O)CCc2cc(NC(=O)C3CC(=O)N(CC4CC4)C3)ccc21;CN(C(=O)C1CCCCN1C(=O)c1cccnc1)c1ccc(F)cc1;O=C(NCc1cccc(C(=O)NCc2ccco2)c1)NCC1CCC1;NC(=O)Nc1cccc(C(=O)N2CCCC2Cc2ccc(F)cc2)c1;CC(C)C(=O)NC1CCCN(C(=O)c2cc(O)nc3ccccc23)C1;Cc1nc(-c2ccc(C(=O)N3CC4CCN(C)CC4C3)cc2)cs1;CCN1C(=O)CC(CNC(=O)c2oc(C)cc2C)C1c1cccnc1
m_5c710b,O=C(CCc1nnc[nH]1)N1CCN(c2ccccc2Cl)CC1;CN(C)C(CNC(=O)c1nccnc1N)c1ccccc1Cl;O=C(NCc1cc[nH]n1)N1CCN(c2cccc(Cl)c2)CC1;Cc1cc(C)n(C(C)CC(=O)Nc2cc(C(=O)O)ccc2F)n1;Cn1c(=O)[nH]c2ccc(C(=O)N3CCOCC3CC(=O)O)cc21;Cc1cccc(CS(=O)(=O)NCC(O)Cc2ccccc2)c1;O=C(CCc1ccccc1)NN=Cc1ccc2cccc(O)c2n1;COc1ccc(C(=O)NCC2(O)CCCc3occc32)cc1F;Cc1nn(C)c(C)c1C(C)C(=O)Nc1cc(C(=O)O)ccc1F;Cc1cnn(-c2ccccc2)c1NC(=O)C1COc2ccccc21;CC1(C(=O)O)CCN(Cc2c[nH]nc2-c2cccc(Cl)c2)C1;CCCOc1cncc(NC(=O)C(N)c2cccc(Cl)c2)c1;O=C(COCC1CCCO1)Nc1cccc(-c2noc(=O)[nH]2)c1;COc1cccc(OC(C)CNC(=O)c2cc(C(=O)O)n[nH]2)c1;CC(C(=O)N1CCN(c2cccc(Cl)c2)CC1)n1cncn1;CCN1CC(C(=O)NCC(n2cncn2)C(F)(F)F)CC1=O;CC(CN(C(=O)C1SCCc2ccccc21)C1CC1)C(=O)O;CNC(=O)c1cccc(NC(=O)c2ccc3ncccc3c2)c1C;CN1C(=O)CCC1CC(=O)NCC(n1cncn1)C(F)(F)F;O=C1CC(c2nc(C3CC3)no2)CN1c1cccc2ccccc12;N#Cc1c(N2CCC(CS(N)(=O)=O)CC2)nc2ccccn12;COCC1CCCN(S(=O)(=O)c2cccc3ccccc23)C1;Cn1ccc(C(=O)Nc2ccc(Cc3ccncc3)cc2)cc1=O;Cc1cc(F)ccc1N1CCCC(N2C(=O)CN(C)C2=O)C1=O;O=C(c1n[nH]c(=O)c2ccccc12)N1CCC(c2ccccc2)C1
m_5c8d41,O=C(NC1CC(O)C12CCOCC2)c1nc[nH]c1C(F)(F)F;O=C(c1c[nH]nc1-c1c(F)cccc1F)N1CC(O)C2(CC2)C1;O=S(=O)(NC1CCCCCC1)c1ccc(OC(F)F)cc1;CNC(=O)C12CCOCC1CN(c1cc(Cl)ccc1C#N)C2;Cc1cccc2cc(C(=O)Nc3cccc(-c4nnn[nH]4)c3)oc12;O=C(CCCn1cccn1)NC1CCOc2c(Cl)cccc21;O=C(Cc1c(F)cccc1F)NCCC(=O)Nc1ccncc1;COc1cc(C)c(C(=O)NCc2ccc(C(=O)O)o2)cc1OC;COCC(NC(=O)NCc1ccccn1)c1ccc(Cl)cc1;O=C(NCc1cccnc1N1CCOCC1)Nc1nccs1;O=C(NCc1ccc(F)cc1)C1(c2cccs2)CCOCC1;CNC(=O)Cc1ccc(NC(=O)Nc2c(F)cccc2F)cc1;COc1ccc(C(CC(=O)O)NC(=O)c2ccco2)cc1OC;O=C(NCc1ccc(Cl)cn1)NC(CO)Cc1ccccc1;O=C(NCc1ccnc(N2CCCCC2)c1)c1ccc(Cl)o1;Cc1nccc(NC(=O)NC(CO)Cc2ccccc2)c1Cl;Cn1cc(NC(=O)C2(c3cccc(Cl)c3)CCOCC2)cn1;CCc1onc(C)c1NC(=O)N1CCc2cc(Cl)ccc2C1;CC1(C(=O)O)CCN(Cc2c[nH]nc2-c2cccc(Cl)c2)C1;N#Cc1ccc2c(c1)N(C(=O)C1CCC(F)(F)CC1)CC(=O)N2;O=C(Nc1ccncc1F)NC1CCCOc2cc(F)ccc21;C#CCCC1(CCC(=O)NC2COc3cc(F)cc(F)c32)N=N1;Cc1ccc2oc(C(=O)Nc3cccc(-c4nnn[nH]4)c3)cc2c1;Cc1nn(CC(=O)N2CCc3ccc(O)cc3C2)c(C)c1Cl;CNCC1CCN(C(=O)c2conc2-c2ccc(Cl)cc2)C1
m_5da1ef,Cc1ccc(CC(C)NC(=O)c2c(C)c(C)n[nH]c2=O)c(C)c1;CCC(=O)N1CCC(c2nc(Cc3cc(C)ccc3C)no2)C1;Cc1ccccc1CCC(=O)N1CCN(Cc2ccon2)CC1;CCc1ccc(C2CN(Cc3noc(C4CC4)n3)CCO2)cc1;CCc1onc(C)c1NC(=O)N(C)CC1(c2ccccc2)CC1;Cc1noc(C)c1CN(C)C(=O)NCC1(c2ccccc2)CC1;Cn1cc(CNC(c2ccccc2)C2CCC2)c(=O)n(C)c1=O;CCc1nnc(C2CN(CC(C)=Cc3ccccc3)CCO2)o1;CC(C)(C)OC(=O)N1CC2CC1C(C#N)N2Cc1ccccc1;CCCC(NC(=O)Cn1cnc(C)c(C)c1=O)c1ccccc1;CC(NCC1CCn2ccnc2C1)c1ccc2c(c1)OCCO2;CCC(=O)N1CCC(c2nc(Cc3cc(C)cc(C)c3)no2)C1;COc1ccccc1C(C)(C)NC(=O)NCCc1cccnc1;Cc1ccc(-c2cc(CN(CC(N)=O)C3CCCC3)on2)cc1;Cc1ccccc1OCc1noc(C23CCCCC2NCC3)n1;Cc1cc(CNC(=O)NCC2(Cc3ccccc3)CCC2)no1;COc1ccccc1CCC(=O)N1CCCCC1c1ncc[nH]1;Cc1ocnc1CNC(=O)N1CCCC1CCc1ccccc1;Cc1cc(CN2CCN(C(=O)CCc3ccccc3)CC2)no1;Cc1ccccc1-n1nccc1C1OCCC1C(=O)NC(C)C;CCCNC(=O)C1CCOC1c1ccnn1-c1ccccc1C;Cc1cc(C)n(Cc2ccc(C(=O)N3CCCC3CO)cc2)n1;CC(=Cc1ccccc1)CN1CC(C)OC(c2nnc(C)o2)C1;CCOc1ccccc1CCC(=O)NC1CCc2nccn2C1;Cc1nnc(CC(=O)NC2CC(C)(C)CCc3ccccc32)o1
m_5dda21,O=C(O)c1ccccc1NN=Cc1ccccc1OCc1ccccc1;COc1cc(C)c(S(=O)(=O)N2CCc3cnccc32)cc1C(C)C;O=S(=O)(Cc1ccccc1)Nc1cccc(CN2CCOCC2)c1;CCOc1ccc(S(=O)(=O)N2CCCC2c2ccncc2)cc1C;O=C(c1csc(Cc2ccccc2)n1)N1CCC(OCCO)CC1;Cc1ccc(S(=O)(=O)NC(=O)NC(C)(C)Cc2ccccc2)cc1;CN(Cc1ccccc1)C(=O)CN(Cc1ccccc1)S(C)(=O)=O;Cc1ccc(CN2CCOCC2)cc1NS(=O)(=O)c1ccccc1;CCN(CC)S(=O)(=O)c1ccc(C(=O)Nc2cccc(C)c2)cc1;COc1ccc(C)cc1S(=O)(=O)N1CC(C)CC1c1cccnc1;COc1cc(CN2CCC(NC(=O)c3cccs3)C2)cc(OC)c1;COc1cc(CC2COC(c3ccc(O)c(O)c3)C2CO)ccc1O;CCNC(=O)c1ccc(NS(=O)(=O)c2c(C)cc(C)cc2C)cc1;O=S(=O)(NCCOc1cccc2ccccc12)N1CC2CCC1C2;O=C(Nc1ccc(F)cc1OCC(F)(F)F)C1CC12CCNCC2;COc1ccccc1N1CCN(S(=O)(=O)c2ccc(C)cc2)CC1;O=C(NCc1nnn[nH]1)c1nc(-c2ccccc2)n(-c2ccccc2)n1;CCOc1ccc(S(=O)(=O)N2CCN(C)Cc3ccccc32)cc1;CN(C)c1ccnc(C(=O)N2CCN(c3ncncc3Cl)CC2)c1;COCc1ccc(CNc2cccc(N3CCCS3(=O)=O)c2)cc1;Cc1ccc(C(=O)C(OC(=O)c2cnccn2)c2ccccc2)cc1C;CCS(=O)(=O)c1ccc(N2CCN(c3ccc(O)cc3)CC2)cc1;Cc1cc(NC(=O)c2ccc(-n3ccnn3)cc2)ccc1-n1cnnn1;O=C(CCc1ccc(O)c(O)c1)CCC(O)Cc1ccc(O)c(O)c1;COc1cc2c(cc1O)C(c1ccc(O)c(O)c1)C(CO)C(CO)C2
m_5fef1c,Cc1cccc(C2(CNC(=O)C3CCN(C(N)=O)CC3)CCCC2)c1;Cc1cccc(C2(CNC(=O)N3CCC(C(N)=O)CC3)CCCC2)c1;COc1cccc(NC2CCN(C(=O)C3(N)CC4(CCC4)C3)CC2)c1;O=C(NC1CCN(c2ccccc2)CC1)N1CCOC2(CCCC2)C1;CC1CCN(Cc2cccc(CNC(=O)CN3CCCC3=O)c2)CC1;CC(=O)N1CCN(Cc2ccccc2NC(=O)C2CCCCC2)CC1;CC(C)(C)c1ccc(CCNC(=O)NC2CC3(CCNC3=O)C2)cc1;CCNC(=O)C1CCN(C(=O)C2(N(C)C)CCc3ccccc32)CC1;Cc1cc(C)cc(NCCC(=O)NC2CCN(C(=O)C3CC3)CC2)c1;CC(C(=O)N1CCCC(C(N)=O)C1)N(C)CC1(c2ccccc2)CC1;O=C1C(N2CCCC(N3CCOCC3)CC2)CCN1c1ccccc1;Cc1nc(CC2CCN(CC(OC(C)C)c3ccccc3)CC2)no1;O=C(COc1ccccc1CN1CCN2CCCC2C1)N1CCCC1;CC(c1ccccc1)N(CC1CCC1)C(=O)NC1CCC(=O)N(C)C1;O=C(CN1CCCC1Cn1ccnn1)NC1C2CC3CC(C2)CC1C3;CCc1ccc(C(=O)N2CCCC(CNC(=O)C3CCCN3)C2)cc1;O=C(CN1CCC(C(=O)Nc2ccccc2)CC1)NC1CCCCC1;O=C(NCc1ccccc1OC1CCC1)N1CCC(N2CCCC2)C1;Cc1ccc(C2(CNC(=O)NC3CCCCNC3=O)CCC2)cc1C;Cc1ccc(CN(Cc2nnc(C3CCCOC3)o2)C(C)(C)C)cc1;O=C1NCCN1C1CCCN(Cc2ccccc2OC2CCCC2)C1;CCCC1(COC)CCCN1Cc1nc(Cc2ccccc2C)no1;CC1(C)C(NC(=O)NCCN2CCc3ccccc3C2)C2CCOC21;COc1ccc(CNC2CCCc3cnn(C(C)C)c32)c(C)c1OC;CN1CCC2CCN(C(=O)NCc3ccccc3OC3CCC3)C2C1
m_6007c7,CCn1ccnc1CN(C(=O)c1ccc(C(N)=O)cc1)C1CC12CCNCC2;CN1CCN(c2cc(C(=O)N3CCCC(c4ccnc(N)n4)C3)ccn2)CC1;Cc1cc(C(=O)NCCc2nnc3n2CCCCC3)c2cnn(C(C)C)c2n1;O=C1C(N2CCN(Cc3nnc(C4CC4)o3)CC2)CCCN1c1ccccc1;Cc1cc(C(=O)Nc2ccc3c(c2)N(C)C(=O)CO3)c(C)n1C1CCCCC1;CNC(=O)c1nc(C)c(C)c(N2CCC(NCc3cc(C#N)n(C)c3C)C2)n1;COc1ccc(C2CCN(CCC3CCOc4ccccc43)CC2)cc1OC;Cc1nccnc1N1CCN(C(=O)c2ccnc(N3CCN(C)CC3)c2)CC1;CC1CCN(CC(O)CN2CCc3c(cccc3NS(C)(=O)=O)C2)CC1;Cc1ccnc(N2CCN(CC(=O)N3CCN(c4cnccn4)CC3)CC2)c1;O=C(CCN1CCN(c2ncccn2)CC1)N1CCN(c2ccccn2)CC1;O=C(CN1CCN(C(=O)CCc2cnn(-c3ccccc3)c2)CC1)NC1CC1;O=C(c1nnc(N2CCC3(CCCCC3)CC2)n1CC(F)F)N1CCCC1;COCc1cc(NC(C)CN2CCN(c3ccccc3)CC2)n2ncnc2n1;CN(C(=O)c1ccccc1OCC(N)=O)C1CCN(Cc2ccccc2)CC1;OCCOCCOCCN1CCC(=C(c2ccccc2)c2ccccc2)CC1;COc1ccc2c(=O)n(CC3CCN(CCn4cc(C)cn4)CC3)cnc2c1;Cc1ccc(C(=O)Oc2ccc(C(CN(C)C)C3(O)CCCCC3)cc2)cc1;O=C(CNC(=O)C1CCN(C(=O)CCc2ccccc2)CC1)NCC(F)F;CCC(NC(=O)c1cccc(C(N)=O)c1)C1CN(Cc2ccccc2)CCO1;CN(Cc1ccccc1C(F)(F)F)C(=O)CC12CC3CC(CC(O)(C3)C1)C2;Cc1cc(CN2CCOCC2c2c(C)nn(-c3ccccc3F)c2C)ncn1;COc1ccnc(NC2CCN(CC(=O)N3c4ccccc4CC3C)CC2)n1;COc1nccc(NC(=O)N2CCC3(CCN(Cc4ccccc4)CC3)C2)n1;Cc1c(NC(=O)c2cc(C)n(C3CC3)c2C)cccc1C(=O)N1CCOCC1
m_60e7b1,CS(=O)(=O)c1ccc(N2CCCC(Cn3ccnn3)C2)nc1;Cc1nc2n(n1)CC(Nc1ccc(C(F)(F)F)c(C#N)c1)CC2;COCc1nc(O)cc(N2CCCC2c2ccc(F)cc2F)n1;Cc1nc2n(n1)CC(Nc1cc(C#N)ccc1C(F)(F)F)CC2;COc1cc(C(=O)N2CCCC(C(=O)O)C2)cc2c1OCCO2;Cc1[nH]c(=O)c(C#N)c(C)c1CCc1nc(-c2ccccn2)no1;CN(C(=O)C1CC(=O)N(c2ccccc2Cl)C1)C1CCNC1;CC(=O)N1CCc2cc(NC(=O)c3ccc4[nH]nnc4c3)ccc21;Cc1nccnc1N1CCOC(c2cccc(OC(F)F)c2)C1;Cc1nn(C)cc1C(=O)N1CC(O)CC1c1cc(F)ccc1F;Cc1nc(C2CCCOC2)sc1C(=O)NCc1nncn1C;C=C(C)CN(CC)S(=O)(=O)c1cccc(-c2nnnn2C)c1;N#Cc1cc(F)c(C(=O)NCC2CN(C3CC3)CCO2)c(F)c1;O=C1C2CCCN2C(=O)N1C1CCN(c2c(F)cccc2F)C1;CCOc1c(Cl)cccc1NC(=O)c1c(C)nn(CC)c1C;O=C(NCc1cc(F)ccc1F)C1CCCOC1c1ncc[nH]1;Cn1ccnc1C1OCCC1NC(=O)Cc1ccc(F)c(F)c1;N#Cc1ccnc(N2CCCC(c3ncc(C(F)(F)F)[nH]3)C2)c1;O=C(c1cccc(-n2cccn2)c1)N1CCCc2cc(F)ccc21;Cc1[nH]ccc1C(=O)NCC1CC(F)CN1Cc1cccs1;O=S(=O)(NC1CC1)C1CCN(Cc2cnc3cnccn23)C1;O=C(NCc1ccncc1)NCc1cccc(OCC(F)F)c1;COc1cccc(C2(C(=O)Nc3ccn(CC(F)F)n3)CC2)c1;O=C(CN1CCC(c2ncco2)CC1)Nc1cc(F)cc(F)c1;Cc1cc(C(F)(F)F)ccc1CNc1ncnc2c1ncn2C
m_6105c1,CC(O)CN1CCN(C(=O)c2c[nH]nc2-c2ccncc2)CC1;CCCCS(=O)(=O)NCCNc1cc(NCC)nc(C)n1;CC(C)C(NC(=O)C1CCCC(=O)N1)c1nnc2ccccn12;Cn1nccc1C1OCCC1CNC(=O)c1cc(C2CC2)[nH]n1;CN1CC(O)C(CC(=O)NCc2cccc(-c3nnc[nH]3)c2)C1;CCN1CCN(C(=O)c2cc(C)nc(O)c2)CC1c1ncc[nH]1;Cc1n[nH]c(C(=O)NCc2cc(OC3CCNC3)ccn2)c1C;COCCC1(CNC(=O)Nc2cccc(-n3ccnn3)c2)CC1;CN(C)Cc1ccc(CNC(=O)c2[nH]ccc2C2CC2)cc1F;Cc1cnn(C2CC3CCC(C2)N3c2cc(=O)n(C)c(=O)[nH]2)c1;CC(NC(=O)Nc1ccnn1CC1CCOC1)c1ccccn1;Cn1ccnc1C(NC(=O)NCCCC(N)=O)c1ccccc1;O=C(NCc1nc(-c2ccccc2)n[nH]1)NC1CCC(O)CC1;CCCN(CC(=O)N(C)C)C(=O)c1ccc(-c2ncn[nH]2)cc1;NC(=O)NCCC(=O)N1CCC(c2nc3ccccc3[nH]2)CC1;CCOc1ncccc1CNC(=O)Nc1ccc(N(C)C)nc1;COc1ccc(NC(=O)NCc2nccc(N(C)C)n2)c(C)c1;CCOc1ccc(NC(=O)NCc2nccc(N(C)C)n2)cc1;COc1cc(NC(=O)CCC2CCCC2)cc(-n2cnnn2)c1;CN(CCO)Cc1cn(C2CCN(c3ccccc3)C2=O)nn1;OC1CC(Nc2ccc3nnc(C4CC4)n3n2)C12CCOCC2;COc1ncc(C)cc1NC(=O)N1CCCCC1c1cn[nH]c1;Cc1c(C(C)NC(=O)C(C)NC(N)=O)cnn1-c1ccccc1;Cn1cnnc1C1CCN(C(=O)NCc2cccc(O)c2)CC1;Cc1n[nH]c(C)c1C(C)C(=O)N1CCc2cc(F)ccc2C1C
m_610a9f,CC1CN(C(=O)NCc2cccc(-c3cnn(C)c3)c2)CC1CO;COc1ccc(C#N)cc1CN1CCC2C(C1)NC(=O)N2C(C)C;Cc1cccc(C(=O)NCC2OCCN(C)C2c2cncn2C)c1;Cc1n[nH]cc1CNc1ccc(C(=O)N2CC(C)OC(C)C2)cc1;Cc1n[nH]c(C)c1C1COCCN1C(=O)c1cccc(C(C)C)n1;Cc1ccc(C(C)C)cc1OCC(=O)N1CCn2c(C)nnc2C1;CCn1nc(C)c(C(=O)N2CCC(c3cccnc3OC)C2)c1C;O=C(CN1CCC2CCCCC2C1)Nc1ccc2[nH]c(=O)[nH]c2c1;CC(C)CC1CN(C)CCN1C(=O)c1cc(-c2ccccn2)no1;CCC1CN(C)CCCN1S(=O)(=O)c1cn(CC(C)C)cn1;O=C(O)CCCCN1CCC(c2nc(-c3ccccc3)n[nH]2)CC1;COC1CNC(C(=O)Nc2cnn(-c3cc(C)ccc3C)c2C)C1;CCCNC(=O)C1CCCN(C(=O)Cc2ccc3cn[nH]c3c2)C1;Cc1nnc2n1CCN(C(=O)COc1ccccc1C(C)(C)C)C2;CC1CCN(c2nnc(-c3ccc4c(c3)OCCO4)n2C)CC1C;COCc1ccccc1C(=O)N1CCn2c(C(C)C)nnc2C1C;CN1CC2(CC3CCC(C2)N3c2ccnc(C3CC3)n2)OCC1=O;O=C1C2CCCN2C(=O)N1CCN1CCN(c2ccccc2)CC1;CCN1CCC2OCCN(C(=O)Cc3ccc4cn[nH]c4c3)C2C1;CCn1cc(C2CN(C(=O)c3ccc(N(C)C)cc3)CCO2)cn1;CCn1ccnc1N1CCN(C(=O)C(C)Oc2ccccc2)CC1;CCCc1nc(C(=O)N(Cc2ccccn2)C2CCNCC2)co1;Cc1nnc(C2CC(O)C(CNC(=O)c3cccc(C)c3C)C2)[nH]1;Cc1cc2ncc(C(=O)N3CCOCC4(CCCC4)C3)c(C)n2n1;Cc1ccc(C(=O)NCC2CC(c3nncn3C)CC2O)c(C)c1
m_612431,CCCCCCCCCC(=O)NC(CCCC(=O)O)C(=O)O;CCCCCCCCCCCC(=O)NC(CC(=O)O)C(=O)O;CCCCOc1cc(C(O)=NCCNCC)c2ccccc2n1;CN(C)C1CCN(C(=O)c2ccc3c(c2)C(C)(C)C(=O)N3)CC1;CC(C)c1ccc2ncnc(NCC3(CO)CCOCC3)c2c1;CCOC1CC(CNc2ccc(C#N)cc2)(N2CCOCC2)C1;CCn1cc(NC(=O)N2CCCCC2CCO)c2ccccc21;Cc1c(CNCCC2CCCO2)c(=O)n(-c2ccccc2)n1C;COc1c(C(=O)NCCc2c(C)cc(C)cc2C)c(C)nn1C;Cc1n[nH]c(C)c1CC(=O)Nc1cc(C2CCCCC2)nn1C;Cc1ccc(N2CCC(OCC3CCCCO3)CC2)nc1C#N;Cc1nn(C)c(C)c1CC(C)NC(=O)c1cnn(C2CCC2)c1;OC1CC(Cn2cccn2)CC1NCc1cc(C2CCC2)[nH]n1;CCOc1cc(N2CCC(Cn3nc(C)cc3C)CC2)ncn1;CCCn1nnnc1CN1CCOC(c2ccc(C)cc2C)C1;CCn1nnc(C)c1CN1CCCC1c1ccc(N(C)C)nn1;CCC1(CC)C(OC)CC1N(C)c1ncnc2nc(N)ccc12;COCCN(Cc1cc(=O)n2cc(C)ccc2n1)C1CCCC1;COCc1nc(C)cc(N2CC(c3cnn(C)c3)C(C)(C)C2)n1;CNC(=O)NC1CCN(C(=O)c2ccc(C)c3c2CCC3)CC1;CCCC1(CNC(=O)NCC2CC(=O)Nc3ccccc32)CC1;O=C(C1CC(O)CN1)N1CCc2c(CN3CCCC3)cccc21;CC(C)(C#N)c1ccccc1CN1CCC(C(O)C(N)=O)CC1;Cc1cnn(-c2cccc(N3CC(C)N(CCO)C(C)C3)n2)c1;CCCCC(CC)CNC(=O)CC(C)OC(=O)CCC(=O)O
m_62973b,CCCN(C(=O)c1ccncc1)C1CC(=O)N(C)C1=O;Cn1nccc1C1OCCC1C(=O)NCc1ccco1;Cc1cc(N2CCN(c3nccs3)CC2)nc(C)n1;O=C(Cc1ccoc1)N1CCC(CC(F)(F)F)CC1;CSCC(=O)Nc1cc(C)nn1-c1ccc(C)cc1;CC(C)(C(=O)N1CCN(S(N)(=O)=O)CC1)C1CC1;COC1(c2nc(Cc3cccnc3)no2)CCOCC1;CNS(=O)(=O)CC(=O)N(CC1CCCN1)C1CC1;Cc1cc(NC(=O)CSc2ccccc2C)n(C)n1;COc1ccc(CN(C)c2cc(O)ncn2)cc1OC;COC(=O)C1CCc2nnc(-c3cc(C)oc3C)n2C1;COc1ccnc(Cn2cnc(C)c(C)c2=O)c1OC;O=C(Cc1cnn2ccccc12)N1CCOC(CO)C1;COC1CCN(C(=O)C(C)(C)S(=O)(=O)C2CC2)C1;O=C(CC1CCCN1)Nc1ccc2c(c1)OCC(=O)N2;COc1ccc(C(=O)N2C3CCC2CC(=O)NC3)cn1;Cn1cncc1CC(NCc1ccccc1O)C(=O)O;C#CC1(O)CCN(C(=O)Nc2ccnc(OC)c2)CC1;Cc1cc(-c2noc(C3(C)CCC(=O)NC3)n2)c(C)o1;CNC(=O)C1(c2nc(-c3cc(C)oc3C)no2)CCC1;CC1(C(=O)N2CCC(CS(C)(=O)=O)CC2)COC1;Cc1noc(C)c1C(C)(C)NC(=O)c1cncc(O)c1;CCNC(=O)c1cccc(NCc2nc(C)cs2)c1;FC(F)(F)c1ccc(NCCN2CCOCC2)nc1;CNC(=O)c1ccc(C(=O)N2CCOCC23CC3)cn1
m_62dd85,Cc1cccc(CNC(=O)Nc2cccc(OCC(F)F)n2)n1;O=C(NCCS(=O)(=O)Nc1ccccc1)C1C2CCCCC21;Cc1nc(C)c(C(=O)Nc2ccc(COc3ccccc3)cc2)o1;COc1cc(C(=O)Nc2cncc3ccccc23)cc(OC)c1C;Cn1nc2c(c1C(=O)N(Cc1ccco1)c1ccccn1)CCC2;CCn1c(C)nnc1CN(C)S(=O)(=O)c1ccc(C)c(C)c1;CNc1ccccc1C(=O)N1CCC(Oc2ccc(C#N)cn2)C1;Cc1nc(C)n(C(C)CNS(=O)(=O)c2ccc(C)c(C)c2)n1;N#Cc1ccc(NCc2cccc(NC(=O)C3CCCO3)c2)nc1;CC(C)c1nc(C=Cc2cnn(CC(F)F)c2)ncc1C(=O)O;CC(C)C(NC(=O)c1ccncc1)c1nc(-c2ccccc2)no1;COc1ccc(F)c(C(=O)NC2CC(=O)N(C3CC3)C2)c1OC;COc1ccc(CCNC(=O)c2c[nH]c(=O)c3ccccc23)cc1;O=C(c1n[nH]c2c1CCC2)N(Cc1cccnc1)Cc1ccco1;COC1CCCC(C)OC(=O)Cc2cc(O)cc(O)c2C(=O)C1;O=C(NC1CCCN(c2cccnn2)C1)c1coc2ccccc12;CCS(=O)(=O)N1CCN(C(=O)C2(c3ccccc3)CC2)CC1;CC(NC(=O)CCc1nc2ccccc2c(=O)[nH]1)c1ccccn1;CC(C)(NCc1nnc2n1CCCC2)c1cccc(Cl)c1F;NC(=O)N(O)CCC#CC1CCC(COc2ccc(F)cc2)O1;O=C(Cc1cc(F)ccc1F)NCC1CCOC1c1ncn[nH]1;OC1CC(c2cccc(C(F)(F)F)c2)N(Cc2ccccn2)C1;COc1cc(N2CCN(Cc3cccc(C#N)c3)CC2=O)ccn1;Fc1ccccc1COc1ccccc1CNCc1cccnc1;C=CCNC(=O)C1(NS(=O)(=O)c2ccccc2)CCCCC1
m_637284,CCC(Cc1ccccc1C(F)(F)F)NC(=O)Cc1ncc[nH]1;Cc1noc(C2CCN(C(=O)c3cnn(C)c3C(F)F)CC2)n1;CC(CO)NC(=O)c1cccc(OCc2cn3ccccc3n2)c1;Cc1ccc(N2CCC(NC(=O)c3ccn(C)c(=O)c3)C2=O)cc1;CNS(=O)(=O)c1ccc(CNC(=O)N2CCCCCC2)cc1;CCc1noc(CC)c1Cc1nc(-c2ccc3c(c2)CCO3)no1;CC1CCN(C(=O)NCCc2ccc(S(N)(=O)=O)cc2)CC1;O=C(Nc1ccccc1O)C1CCN(C(=O)c2cccnc2)CC1;CNS(=O)(=O)c1ccc(CNC(=O)N2CCCCC2C)cc1;CC(N)C1CCCCN1C(=O)c1cccc(CS(N)(=O)=O)c1;CCN(CC)S(=O)(=O)N(Cc1ccc(C(N)=O)cc1)C1CC1;COc1cccc2cc(C(=O)N3CC(Cn4ccnc4C)C3)oc12;Cc1cc(NC(=O)CC(C)C)cc(-c2nc3ncccc3o2)c1O;O=C(C1CC1)N1CCC2CN(c3ccc(C(F)(F)F)cn3)CC21;O=C(C1CC1c1ccc2c(c1)OCCO2)N1CCc2[nH]ncc2C1;CC1CCCN(CC(=O)NCc2ccc(S(N)(=O)=O)cc2)C1;N#CCOc1coc(CN2CCN(c3ccccc3)CC2)cc1=O;CNc1ccc(S(N)(=O)=O)cc1NC(=O)C1CC1(C)C(C)C;CN(C(=O)C1COc2ccccc2O1)C1CN(c2ccccn2)C1;Cc1nccc(-c2cccc(NC(=O)C3CCC(C(=O)O)C3)c2)n1;COCCS(=O)(=O)c1ccc(C(=O)N2CCCC(C)C2)cc1;Cc1nccn1CC1CN(Cc2ccc(OC(F)(F)F)cc2)C1;Cc1nc(-c2ccccc2)sc1CN1CCn2c(C)nnc2C1;CNS(=O)(=O)c1cc(C(=O)N2CCN(C)CC2)cc(C)c1C;CNS(=O)(=O)C1CCN(Cc2cccc(C(=O)N(C)C)c2)C1
m_64030c,Cn1ccnc1C1OCCC1NCc1cccc2c1OC(C)(C)C2;COc1ccccc1CCC(=O)N1CCCC1Cn1ccnc1C;Cc1nn(C)cc1C1OCCC1NCc1ccccc1OC1CC1;Cc1nnc(C2CCCN(Cc3ccccc3OC3CC3)C2C)o1;OC1CC(Cn2cccn2)CC1NCc1ccc2c(c1)CCOC2;OC1CC(Cn2cccn2)CC1NCc1cccc2c1COCC2;OC1CC(Cn2ccnc2)CC1NCc1cccc2c1COCC2;CCC(NC(=O)NC(C)(C)c1ccccc1OC)c1ccncc1;Cn1ccnc1C1OCCC1NCc1ccc2c(c1)CC(C)(C)O2;COCc1ccc(CNc2cccnc2N2CCC(O)CC2)cc1;CCc1nc(C2CCCN(CCc3ccc4c(c3)CCO4)C2)no1;Cc1nn(-c2ccccc2)c(C)c1CC(=O)N1CCOCC1(C)C;COC1CC(c2ncc[nH]2)N(C(=O)CCc2cc(C)cc(C)c2)C1;COC1CC(c2ncc[nH]2)N(C(=O)CCc2ccc(C)cc2C)C1;Cc1cc(C)n(Cc2ccc(C(=O)NC3COCC3(C)C)cc2)n1;COCC1(C(=O)Nc2cccc(Cn3nc(C)cc3C)c2)CCC1;O=C1CCN(C(=O)NCC2CC23CCCc2ccccc23)CCN1;Cn1cc(C2OCCCC2NC(=O)CCCc2ccccc2)cn1;Cc1cc(C)n(-c2ccccc2CNC(=O)CCC2CCCO2)n1;COc1ccccc1CC1CCN(C(=O)Cc2cnn(C)c2)CC1;CCc1noc(CC)c1CC(=O)N1CC(N)C(c2ccccc2)C1;Cc1cccc(CN(C)C(=O)C2CCCOC2c2cn[nH]c2)c1C;Cc1nc(C(=O)N2CCN(Cc3ccc(C)c(C)c3)CC2)c(C)o1;OCc1ccc(CNC2CCOC2c2cnn(CC3CC3)c2)cc1;CCOc1ccccc1CNC(=O)N(CC)C(C)c1cccnc1
m_64306c,CCOc1ccc(NC(=O)c2cccnc2OCC)cc1S(=O)(=O)N(C)C;Cc1c(C(=O)N2c3ccccc3CC2C)sc2nc3n(c(=O)c12)CCCCC3;Cc1cccc(C)c1NC(=O)CNC(=O)CSc1nnc(NC(C)C)s1;CCC(C(=O)Nc1ccc(C(=O)N2CCOCC2)c(Cl)c1)N1CCCC1=O;Cc1sc(NC(=O)C23CC4CC(C(=O)N2)C3C4)nc1-c1ccc2c(c1)CCC2;CCN(CC)C(=O)c1ccc(NC(=O)c2ccc(-c3cccs3)nc2C)cc1;Cc1oc2cc(OCC(=O)N3CCCC3CO)ccc2c(=O)c1-c1ccccc1;O=C(c1ccc(-n2cccn2)c(F)c1)N1CCC(C(=O)O)(c2ccccc2)CC1;CCOc1ccc(S(=O)(=O)NC2CCCN(c3ccnn3CC)C2=O)cn1;COc1ccc(S(=O)(=O)NCc2ccc(N3CCOCC3)nc2)cc1OC;O=C(Nc1cccc(CNC(=O)N2CCn3cncc3C2)c1)c1cccc(F)c1;COc1cccc(Nc2cc(C(=O)N3CCSCC3)nc3ccc(C)cc23)c1;COc1ccc(-c2noc(C(C)Nc3cnn(-c4ccccc4F)c3C)n2)cc1;CC(C)C(Nc1ccc2nnc(C(F)(F)F)n2n1)c1ccc2c(c1)OCCO2;Cc1nccn1-c1ccc(Sc2cccc(C3(C(N)=O)CCOCC3)c2)cc1;COc1cc(C)cnc1C(=O)N1CCNC(=O)C1c1ccc(C(F)(F)F)cc1;Cn1cc(C2CN(S(=O)(=O)c3ccc4c(c3)OCCCO4)CC2CO)cn1;CCN1CCN(c2cccc(NC(=O)c3cnc(-c4ccncc4)s3)c2)CC1;CN1CC2C(CCCN2C(=O)NCCc2cc(Cl)c3c(c2)OCCO3)C1=O;CC(=O)N1CCC(C)(c2nc(C3(c4cccc(C(F)(F)F)c4)CCC3)no2)C1;Cc1c(C(=O)N2CCN(C(=O)c3ccc(F)cc3)CC2)c(O)nc2ccccc12;O=C1CC(c2ccccc2)N(C(=O)c2ccc(OCC(F)(F)F)nc2)CCN1;COc1cc(CNC(=O)c2c3c(nn2C)C(C)OC(C)C3)cc(Cl)c1OC;Cc1nc(N2CCOCC2)ccc1NC(C)c1ccc(S(C)(=O)=O)c(F)c1;CCOC(=O)N1CCC(NC(=O)C2CC(=O)N(C)C2c2cccc(Cl)c2)C1
m_65a7ff,Cc1nc(COc2ccc(C(=O)N3CCCC3c3ccncc3)cc2)no1;O=C(c1ccc(Oc2cccnc2)cc1)N1CCCCCC1c1ncon1;CCOc1ccc(S(=O)(=O)NC2CCc3nnc(C(C)C)n3C2)cc1;CC(C)c1nnc(CNc2ccc(S(=O)(=O)N3CCCC3)cn2)n1C;Cc1nn2c(SCC3CCN(C(=O)C(C)(C)C)CC3)nnc2nc1O;Cc1ccc(NC(=O)c2cnc3ccccn23)cc1C(=O)N1CCOCC1;CCCC1CCCN(C(=O)CNS(=O)(=O)c2c[nH]c3ncccc23)C1;Cc1nnc(C23CCC2CCN3C(=O)Cc2ccc(-n3cnnc3)cc2)o1;COc1cc(CCNC(=O)Nc2ccc(C)cc2C)ccc1OC(F)F;Cc1ccc(NC(=O)c2ncc3ccccn23)cc1C(=O)N1CCOCC1;O=C(C1CC(=O)N(c2cc(F)cc(F)c2)C1)N1CC(C2CCOCC2)C1;Cc1ccc(OC2CCN(S(=O)(=O)c3cn(CC(C)C)cn3)C2)cn1;CC1(Cc2ccccc2)CCCN1C(=O)c1cnc2[nH]c(=O)[nH]c(=O)c2c1;CC1(C)Cc2cccc(OCC(=O)Nc3ccc(-c4nnc[nH]4)cc3)c2O1;O=C(Nc1ccc(CC(=O)N2CCOCC2)cc1)c1n[nH]c2ccccc12;COc1cc(C)ccc1Oc1ccc(NC(=O)NCc2cccnc2)cn1;Cc1cnc(N2CC3CC(C)N(c4nccc(C(F)(F)F)n4)C3C2)nc1;c1cnc2c(N3CCCCC3)nc(NCc3ccc4c(c3)OCO4)nc2n1;Cc1cc(C(=O)N(C)C2CCc3ccccc3C2)nc2nc(O)[nH]c(=O)c12;CCCN(Cc1nnc(-c2cccs2)o1)C(=O)CN1CCC(O)CC1;Cc1cc(C)n(-c2ccnc(NC3CCN(S(C)(=O)=O)CC3C)n2)n1;O=C(c1cccc(-n2nccc2C(F)(F)F)c1)N1CCN2CCCC2C1;CC(c1ccccc1F)N(C(=O)c1cc2ccccc2c(=O)n1C)C1CC1;CCCCc1noc(CN2CCc3ccc(S(=O)(=O)NCC)cc32)n1;O=C(c1ccc(Oc2ccc(C(F)(F)F)cn2)cc1)N1CCCCCC1
m_6817b1,CC1(C)C(=O)NC(=O)N1CC(=O)NC1c2ccccc2CC1O;c1nnc(N2CCC(COc3ccc(C4CC4)nn3)CC2)s1;Cc1nn(C)cc1CC(=O)NC1CC(c2ccc(Cl)cc2)C1;COc1cc(NC(=O)c2cn(C(C)C)nc2C)ccc1C(=O)O;O=C(O)COCC1CCN(C(=O)c2cc3cccnc3[nH]2)CC1;CC1(C(=O)O)CCN(C(=O)CCS(=O)(=O)C2CCCC2)C1;Cc1nc(-c2cccc(NC(=O)Cc3ccc(C#N)cc3)c2)n[nH]1;Cc1ccc(OCC(=O)NC2COCC2Oc2cn[nH]c2)cc1;Cc1ccc(C(=O)N2CC(N3CCn4c(C)nnc4C3)C2)s1;O=C(CN1CCn2c(nnc2C2CC2)C1)NCc1cccs1;Cc1n[nH]c(C)c1CC(=O)N1CCCC1c1ccc(Cl)cc1;NC(=O)C1CN(C(=O)c2ccc(C(=O)NC3CC3)cc2)CCO1;COCC1(C(=O)O)CCCN1C(=O)Cc1c[nH]c2ncccc12;O=C(c1cc2n(n1)CCCC2)N1CCc2c(F)ccc(F)c2C1;Cc1c(NC(=O)C2CC(=O)N(c3ccccc3F)C2)nnn1C;Cc1cc(CC(=O)N2CCCC2Cc2ccccc2Cl)n[nH]1;O=C(O)C1CCC(C(=O)N2CCN(c3ccccc3)C(=O)C2)N1;Cn1cncc1C1CCCN(C(=O)Cc2ccccc2Cl)C1;CN(C)c1cc(N2CCN(C(=O)c3cccs3)CC2)cnn1;Cc1cc(C(=O)N2CCCCC2c2[nH]ncc2C(=O)O)c(C)o1;O=C(O)CN1C(=O)NC2(CCN(Cc3ccccc3)CC2)C1=O;Clc1ccc(Cc2noc(CC3CC4CCC(C3)N4)n2)cc1;Cc1nn(C)c(C)c1C(=O)N1CC(Cc2ccccc2Cl)C1;CC(C)N(C(=O)C1CC1c1cnn(C)c1)c1ccc(Cl)cc1;Cc1c(C(=O)NCCc2ccc(OCC(=O)O)cc2)cnn1C
m_6b66aa,Cc1cc(S(=O)(=O)Nc2cc(Cl)ccc2O)ccc1F;Cc1cc(F)ccc1S(=O)(=O)N1CCC(C)CC1C(=O)O;COc1ccc(-c2nsc(NC(=O)c3cnn(C)c3)n2)cc1;COc1ccc(-c2nsc(NC(=O)c3ccoc3C)n2)cc1;Fc1ccc(COc2ccccc2C(=S)N2CCCC2)cc1;O=C(CS(=O)(=O)Cc1cccc(F)c1)NCC1CCCO1;Cc1oncc1-c1nn2c(Cc3ccccc3F)nnc2s1;COc1ccc(F)cc1CN(C)S(=O)(=O)c1cccs1;O=C(CS(=O)(=O)Cc1ccc(F)cc1)NCC1CCCO1;O=C(N1CC(O)C1)C1(Cc2ccc(OC(F)(F)F)cc2)CC1;CCn1nc(C(=O)Nc2nnc(-c3ccc(F)cc3)o2)cc1C;COC(=O)c1ccc(CNC(=O)c2cccc(OC)c2O)cc1;CC1CCCN(S(=O)(=O)Cc2cccc(F)c2)C1C(=O)O;O=C(O)C1CS(=O)(=O)CCN1C(=O)Cc1ccc(F)cc1;O=C(Nc1nnc(Cc2ccc(F)cc2)[nH]1)c1ccncc1F;Cc1cnn(C)c1S(=O)(=O)Nc1cccc(C(C)(F)F)c1;CN1CC(c2nc(-c3ccccc3F)no2)C(C(F)(F)F)C1;Clc1ccc(C2CN(c3ncnc4[nH]ncc34)CCO2)cc1;COc1cc(NC(=O)Cc2cccs2)cc(-n2cnnn2)c1;O=C(CCC1CCOC1)NC(CO)c1ccc(Cl)c(F)c1;Cn1ncc(NC(=O)CCc2ccccc2F)c1C(F)(F)F;CCCCS(=O)(=O)NCc1ccc(OC)c(C(=O)OC)c1;C[Si](Cn1cncn1)(c1ccc(F)cc1)c1ccc(F)cc1;CCc1nnsc1C(=O)N(CC(F)F)c1ccc(F)cc1;CCOc1ccc(OCCSc2nc3ccccc3o2)cc1
m_6d224e,Cc1noc(C2COCCN2C(=O)CNC(=O)c2cccc(Cl)c2)n1;Clc1ccccc1N1CCC(c2nc(-c3cccc4[nH]ccc34)no2)C1;CNS(=O)(=O)c1cc(C(=O)N2CCN(c3cnccc3C)CC2)co1;COc1cc(S(=O)(=O)NCCN2CCOCC2)c(OC)cc1Cl;CC1(C)Cc2c(Br)cccc2C1NC(=O)C1CCC(=O)NC1;O=C1CCN(CC(O)COc2ccccc2Cl)c2ccc(F)cc2N1;CC1(C)CC(NS(=O)(=O)c2ccc(Cl)cc2Cl)CC(C)(C)N1;CN(Cc1cccc(OC(F)(F)F)c1)Cc1nc(-c2ccccn2)no1;CCN1CCN(C(=O)Cc2csc(NC(=O)c3cccs3)n2)CC1;O=C1CCN(CC(=O)N2CCCN(c3ccccc3Cl)CC2)C(=O)N1;O=C(c1ccnc(-c2ccc(Cl)cc2)n1)N(Cc1cccnc1)C1CC1;Cc1cc(CNC(=O)NC2CCN(c3nccs3)CC2)ccc1Cl;NCC(NC(=O)c1c(Cl)cccc1Oc1ccccc1Cl)C1CC1;CC(C)C(C(=O)OCc1cc(=O)n(C)c(=O)n1C)c1ccc(Cl)cc1;O=C(NCCCCNC(=O)c1cccc(Cl)c1)c1cccc(Cl)c1;CCOC(=O)c1c(-c2ccco2)csc1NC(=S)NC1CCCC1;COc1cc(-n2cnnn2)c(Cl)cc1C(=O)N1CCC(NC(C)=O)C1;CC(=O)N1CCN(CC(=O)Nc2ncc(C(F)(F)F)cc2Cl)CC1;CS(=O)(=O)c1ccccc1C(=O)NC1CCN(CC(F)(F)F)CC1;Cc1oc(-c2cccs2)nc1C(=O)NCc1ccc(-n2ccnc2)cc1;CNS(=O)(=O)c1cc(C(=O)N(Cc2ccccc2OC)C2CC2)co1;CC(Sc1nnc(-c2ccccc2Cl)n1C)C(=O)NC1CCCC1;CN(C)C(CNC(=O)c1cccc(S(C)(=O)=O)c1)c1cccc(F)c1;[O-][S+](Cc1noc(C2CCOCC2)n1)c1ccc2c(c1)OCCCO2;CC(C)c1cnc(NC(=O)C2(c3ccc(Cl)cc3)CCOCC2)s1
m_6d3dc0,OC1CC(c2cccc(F)c2)N(Cc2nnc(-c3ccco3)o2)C1;COc1ccc(C)cc1CSCCn1nc2ccccn2c1=O;O=C(Cc1ccc(F)cc1)N1CCSC(c2ccccc2)CC1;O=C(O)C1CCCN(C(=O)CC(c2ccccc2)C(F)(F)F)C1;Cc1csc(CNC(=O)c2cccc(CN3CCCC3=O)c2)n1;CC(CC(=O)N1CCC(C(=O)O)C1)c1ccccc1C(F)(F)F;Cc1ccc(C2CC2C(=O)NCc2cccc(NC(N)=O)c2)s1;CC(Cc1ccc(C(F)(F)F)cc1)C(=O)N1CCCC1C(=O)O;Cc1cccc(-c2cncc(C(=O)Nc3ccc4nncn4c3)c2)c1;Cc1oc(CNC(=O)c2cccc(C3CCOC3)c2)cc1C(=O)O;Cc1ncc(C(=O)NCc2cccc(NC(=O)C3CCC3)c2)s1;CC(CC(=O)N1CCC(C(=O)O)C1)c1cccc(C(F)(F)F)c1;O=C(Nc1cccc2ncccc12)c1ccc2nc(C3CC3)cn2n1;O=C(c1cc(-n2cccc2)ccn1)N1CCn2c1nc1ccccc12;COC1C=C2CCN(C)C2C2c3cc4c(cc3C(=O)OC12)OCO4;CC1CCN(c2nc(-c3ccc4c(c3)NC(=O)CO4)cs2)CC1;CCc1nc(C2CCCN2C(=O)C2Cc3ccccc3S2)no1;Cc1ccc(Cc2sc(NC(=O)C3CCC(=O)N3)nc2C)cc1;CC(=O)Nc1c(C)ccc(NC(=O)c2cnc(C3CC3)s2)c1C;O=C(c1cc(-c2ccccc2)[nH]n1)N1CCC2CCC(C1)[S+]2[O-];C=C(C)C(O)COc1ccc2c(OC)c3ccoc3nc2c1OC;O=C(NC1(Cc2cccc(Cl)c2)CC1)C1CCCc2[nH]ncc21;Cc1nc(C(=O)Nc2cccc(C(=O)N3CCCC3)c2C)cs1;NC(=O)c1ncccc1C(=O)N1CCOC(c2ccccc2F)C1;O=C(c1cc2c(s1)CCC2)N1CCCC1c1noc(C2CC2)n1
m_6d9287,Cc1cncc(C(=O)N(c2cccnc2)C(C)C)c1;Cc1nn(C)c2nc(NCC3CCC3)c(C#N)cc12;OCC(O)C(O)C(O)CNCCc1ccccc1;CCc1ncnc(N2CCOCC2CCO)c1F;CCNc1nc(NC(C)C(C)C)nc(SC)n1;CC1(C)C(C(=O)N2CCOC(C(=O)O)C2)C1(C)C;CC(C)CNc1oc(Cc2ccccc2)nc1C#N;Cc1ccc(NC(=O)c2cccc(C)c2O)c(C)c1;CCn1cc(CC(=O)N2CCc3ccccc32)cn1;CCCC(=O)Nc1cccc(Oc2ccccc2)c1;CCN(C(=O)c1ccc(C)nc1)c1cccnc1C;COc1cc(C)nc(N2CCCC(F)(CO)C2)n1;CCC(NC(=O)Nc1cccnc1)c1ccccc1;CCN(C)c1ccc(C(=O)Nc2cccnc2)cc1;Cn1cnc2c1CCN(c1ncnc3c1CCC3)C2;O=C(CN1CCCC1)Nc1cnc2ccccc2c1;Cn1nccc1NC(=O)CC1CC1c1ccccc1;Cc1ccc(CNC(=O)NCc2cccnc2)cc1;O=C(NC1CCNCC1)c1cccc2cccnc12;CNC(=O)c1cccc(CCNc2ccccn2)c1;Cc1cc(C)cc(CCC(=O)Nc2cnccn2)c1;CCc1cc(NC(=O)c2ccnnc2C)ccc1C;CCNC(=O)c1ccc(NCc2ccncc2)cc1;Cc1noc(C)c1CN(C)C(=O)C1(F)CCNC1;Cc1ccccc1CNC(=O)NCc1cccnc1
m_6e1c94,O=C(Nc1nc(-c2ccc3c(c2)CCC3)cs1)C1CCCOC1;COC1CC(c2nnc(C)o2)N(c2ccnc3cc(F)ccc23)C1;CCCCS(=O)(=O)NCC(=O)NC1CCc2c(F)cccc21;Cc1ccc(C(CNc2ccc(C#N)cn2)N2CCOCC2)s1;CC(O)CNC(=O)c1cccc(OCc2ccc(F)cc2C#N)c1;Cc1cc(NC(=O)N2CCN(c3cncc4ncnn34)CC2)no1;O=C(c1ccncc1C(F)(F)F)N1CCCC(OCC2CC2)C1;O=C(C1CC(O)CN1c1ccncn1)N1Cc2cccc(F)c2C1;CC(O)CNC(=O)c1cccc(OCc2ccc(C#N)c(F)c2)c1;Cc1cccnc1NC(=O)NC1CC(=O)N(c2cccc(F)c2)C1;O=C(O)C1CN(C(=O)c2cccn2CCc2ccccc2)CCO1;COc1ccccc1C(=O)C(CCC(=O)O)c1ccccc1OC;CCN(CC)S(=O)(=O)CC(=O)NC1CC1c1ccccc1F;CC=C(C)C(=O)OC(C)(C)C1Cc2cc3ccc(=O)oc3cc2O1;COc1ccc(C(=O)C=Cc2cc(OC)c(OC)cc2OC)cc1;O=C(c1ccoc1)N1CCC(NCc2cccc3c2OCO3)CC1;N#Cc1ccc(OCC(=O)N2C(C(=O)O)CC3CCCCC32)cc1;Cc1cc(C2CN(c3ncnc4onc(C)c34)CCO2)ccc1F;CC(=O)NC1CCC(NC(CO)c2ccc(Cl)c(F)c2)CC1;COC1CC(CNS(=O)(=O)C2COC2)N(c2ccncn2)C1;CS(=O)(=O)NC1CCN(C(=O)CCc2ccccc2F)CC1;Cc1cc(C(=O)NC2CCN(CCS(C)(=O)=O)CC2)c(C)o1;COc1cc(OC)c(OC)cc1C=CC(=O)c1ccccc1OC;Cc1ccc(C(C)NC(=O)N2CCC(S(C)(=O)=O)C2)cc1F;CCCS(=O)(=O)NC1CCN(C(=O)c2ccoc2CC)CC1
m_6ebcf9,COC1CC(c2nc(C3CC3)n[nH]2)N(Cc2ccc3c(c2)CCO3)C1;Cc1ccc(C)c(C(=O)NCc2nc(C)cc(N3CCOCC3)n2)c1;Cc1nn(C)c(C)c1CNC(=O)NC(C)c1oc2ccccc2c1C;Cc1ccc(C(=O)N2CCN(Cc3noc(C4CC4)n3)CC2)cc1C;CC(C)c1nnc2n1CC(NC(=O)c1ccccc1OC1CC1)CC2;CC(C)C(=O)N(C)Cc1ccc(C(=O)N2CCc3[nH]ncc3C2)cc1;Cc1cc(=O)c(-c2noc(C34CCCCC3NCC4)n2)c2n1CCC2;CNC(=O)c1cccc(NC(=O)c2cnn(C3CCCCC3)c2)c1C;CCN1CCN(S(=O)(=O)c2cc(C(C)C)c(C)cc2OC)CC1;CC(C)CC1CC1c1nc(-c2ccc(N3CCCNC3=O)cc2)no1;Cc1nc(C(=O)NC2C=CC(CO)C2)nn1-c1ccccc1C(C)C;CC(C)c1nnc2n1CCN(C(=O)c1ccc(OCC3CC3)cc1)C2;Cn1cnnc1C1CCN(C(=O)COc2ccc3c(c2)CCC3)CC1;CCOC1CCCN(C(=O)c2ccc(-c3nc(C4CC4)n[nH]3)cc2)C1;Cc1ccc(OCC(=O)N2CCCN(c3ccc(C)nn3)CC2)cc1;COc1cccc(CC(=O)N2CCN(c3ncc(C)c(C)n3)CC2)c1;CC(=O)N1CCC(C(=O)Nc2cc(-c3cc(C)cc(C)c3)n[nH]2)CC1;Cn1c(CNC(=O)C2(c3ccccc3)CCCO2)nnc1C1CCC1;CCc1cc(CNC(=O)C2CCN(C(=O)c3ccccc3)CC2)[nH]n1;Cc1cc(CC(=O)N2CC3OCCN(Cc4ccccc4)C3C2)n[nH]1;CCNc1ncnc2cc(C(=O)N3CCOCC4(CCC4)C3)ccc12;CCc1ccc(O)c(C(=O)N2CCC(c3nncn3C3CC3)CC2)c1;CC1CCCC(C)N1C(=O)Cn1cc(C(N)=O)c(-c2ccccc2)n1;O=C(O)C1CN(Cc2nnc3n2CCCCC3)CC1c1ccccc1;CCc1ccc(CC(=O)NC2CCC(=O)NC2c2cncn2C)cc1
m_6f127a,O=C(c1coc(C2CCC2)n1)N1CC(O)CC1c1cccc(F)c1;COc1ccc(CC(=O)N2CC(O)CC2c2cccc(F)c2)nc1;Cc1ccc(C(=O)NC(C)c2ccc(SC(C)C)cc2)c(=O)[nH]1;O=C(c1coc(C2CCOCC2)n1)N1CCCc2ccc(F)cc21;COc1cc(C(=O)N2CC(O)CC2c2cccc(F)c2)cc(C)n1;O=C(c1coc(CC2CC2)n1)N1CC(O)CC1c1cccc(F)c1;COc1ccccc1CC1CCN(C(=O)c2cnc(C)s2)CC1;O=C(O)CC1(NC(=O)c2ccc(F)c3ccncc23)CCCCC1;Cn1nnc2c(N3CCCC(c4ccc(F)c(F)c4)C3)ncnc21;O=C(Nc1ccccc1C(=O)NC1CC1)c1ccc2ccccc2c1;NC(=O)CC1(O)CCCN(C(=O)c2ccc(F)c3ccccc23)C1;Cc1noc(C2CCCN(c3c(C#N)c(=O)n(C)c(=O)n3C)C2)n1;Cc1nc(C2CCCN(c3c(C#N)c(=O)n(C)c(=O)n3C)C2)no1;O=C(c1c(-n2cccc2)sc2c1CCCC2)N1CCC(O)CC1;Cn1cc(-c2cc(CN3CCN4C(=O)C(=O)NCC4C3)on2)cn1;Cc1nc(CC(C)C)c(C(=O)N2CC(CO)c3ccccc32)s1;Cc1nn(C)c(C)c1C(=O)Nc1ccc(C(=O)NCC(=O)O)cc1;CCc1ccc(S(=O)(=O)NCC2CCN(C(C)C)CC2)s1;CCOc1ccc(C=Cc2ncc(C(=O)O)c(C(C)C)n2)cc1F;CN1C(=O)CCc2cc(NC(=O)c3cccc4ccccc34)ccc21;CCN(C)C(=O)c1cccc(OCC(=O)Nc2cccc(F)c2)c1;CNS(=O)(=O)c1ccc(NCC2(C)CCCCC2O)c(F)c1;CC(C)C(NC(=O)c1cncc(C(=O)O)c1)c1nc(C2CC2)no1;Cc1cc(C)nc(NC(=O)C2c3ccccc3Oc3ccccc32)c1;O=C(COc1ccc(-c2ccccc2)nc1)N1CCc2ccccc21
m_6f3a5c,CC(C)c1ccc(OCC(=O)NC2CN(c3ccccn3)C2)cc1;Cc1ccccc1CCC(=O)NC1(c2ncccn2)CCOCC1;O=C(Cn1cnc2c(c1=O)CCCC2)NCCCc1ccccc1;Cc1n[nH]c(C)c1C1CCCN1C(=O)Cc1ccc2c(c1)CCO2;O=C(Cn1ncc(=O)c2ccccc21)NCCC1CC2CCC1C2;CNC(=O)c1ccc(NC(=O)C(N)CCc2ccccc2)c(C)c1;O=C(Cn1ccc(=O)c2ccccc21)N1CCN2CCCCC2C1;Cc1n[nH]c(C)c1CC(=O)N1CCOC2(CCc3ccccc32)C1;COc1ccc(C(NC(=O)c2ccnc(N(C)C)c2)C2CC2)cc1;O=C(c1n[nH]c2c1CCC2)N1CCCC(COc2ccccc2)C1;CC(NC(=O)NC1CCCOC1)c1ccc(-c2cccnc2)cc1;O=C(c1nccc2ccccc12)N1CCN(C2CCOCC2)CC1;CCC1CN(C)c2ccccc2CN1C(=O)c1c[nH]c(=O)cc1C;Cc1cc(C)n(Cc2ccc(C(=O)N3CC(O)C4(CC4)C3)cc2)n1;CC(Cc1ccc(O)cc1)NC(=O)N1CCCC1c1ccncc1;Cn1cncc1C1CC(NC(=O)c2ccc3c(c2)CCC3)CCO1;CCOc1ccc(C2CC2NC(=O)c2cn(C)nc2C2CC2)cc1;CCC1CN(C)c2ccccc2CN1C(=O)c1ccc(=O)n(C)c1;O=C(Nc1cccc(-c2cn3c(n2)CCCC3)c1)C1CCOCC1;CCCc1ccccc1NC(=O)N1CCC(Oc2cccnc2)C1;CC1(C)C(C(=O)Nc2cccc(Cn3cccnc3=O)c2)C1(C)C;CCC1(CC)CN(C(=O)c2cc(C(N)=O)cn2C)c2ccccc21;CCc1cc(C(=O)N2CCN(c3cccc(C)c3)CC2)cc(=O)[nH]1;CCCNC(=O)c1cccc(C(=O)NCCc2ccc(C)nc2)c1;O=C(NCc1ccc(-c2cccnc2)cc1)NC1(CCO)CCC1
m_6f414f,Cc1cccc(S(=O)(=O)Nc2cccc(-c3ccc(=O)[nH]n3)c2)c1;Cc1ccc(S(=O)(=O)Nc2cccc(-c3ccc(=O)[nH]n3)c2)cc1;O=c1cccc2n1CC1CC2CN(c2nc3ccc(Cl)cc3o2)C1;NS(=O)(=O)c1ccc(C(=O)N2C3CCC2CC(=O)NC3)cc1F;CCS(=O)(=O)c1cc(Cl)cc(CNCc2c(C)n[nH]c2C)c1;CS(=O)(=O)c1ccc(OCCC(=O)N2CCC(C(=O)O)C2)cc1;O=C(CNC(=O)c1ccsc1)Nc1cnn(Cc2ccccn2)c1;CCOC(=O)c1cnc2ccc(Cl)cc2c1NCc1cccnc1;CS(=O)(=O)c1cccc2sc(NCCN3CCOCC3)nc12;Cc1nccn1CC(=O)Nc1ccc(Oc2ccccc2Cl)cc1;CS(=O)(=O)c1ccc2ncnc(Nc3ccc4c(c3)COC4)c2c1;COc1cc(Cl)c(C)cc1NC(=O)c1cccc(-n2cccn2)c1;COC(C)C(=O)N1CCc2c(Br)cnc(N(C)C)c2C1;CC(Oc1ccc(Cl)cc1Cl)C(=O)NCCC1=CCCCC1;COC1CC(CN(C)C(=O)c2ncccc2Br)N(C)C1;CNC(=O)c1ccc(Cl)c(NC(=O)Cc2c[nH]c3ccccc23)c1;COC1CC2CCC(C1)N2C(=O)CCc1ccc(Cl)c(Cl)c1;COc1ccc(-c2nsc(NC(=O)c3cnc(C)nc3C)n2)cc1;O=C(C1CCCO1)N1CC2C(C(F)(F)F)(CCCS2(=O)=O)C1;O=C(c1nc2ccccn2c1-c1ccc(Cl)cc1)N1CCOCC1;C#CCCCC(=O)Nc1ccc(C(=O)Nc2cccnc2)c(Cl)c1;O=C(c1ccsn1)N1CCOCC1c1ncnn1-c1ccccc1;O=S(=O)(NCCc1ccsc1)c1cnn(C2CCOCC2)c1;COC1CC(c2nc(C)n[nH]2)N(Cc2ncc(Cl)cc2Cl)C1;CC(C)OC(=O)CC1CCCN(c2ncc(Br)cn2)C1
m_6f45e5,O=C(NC1CCN(CCc2ccccc2)CC1)N1CCCC(n2cncn2)C1;CCn1ccnc1C1OCCCC1NC1CCN(CCc2ccccc2)CC1;Cc1ccccc1CN1CCOC(c2noc(C(C)c3c(C)noc3C)n2)C1;CCn1cnc2c1CCN(CC(=O)NCc1cccc(C)c1)C21CCOCC1;COCc1ccc(CNC(=O)CN2CC(c3ccccc3)OCC2(C)C)cc1;Cc1ccc(Oc2ccc(NC(=O)N3CCN4CCOCC4C3)cn2)cc1C;CC1CN(c2nnc(C3CCc4ccccc43)n2CC2CCCCO2)CCO1;COc1ccccc1C1(C(=O)NCc2nnc3n2CCCCC3)CCCCC1;CC(C)N1CCCC(CNC(=O)N2CCn3c(nnc3-c3ccccc3)C2)C1;CC(=O)NC1CCCN(C(=O)CN2CCC(c3c[nH]c4ccccc34)CC2)C1;Cc1c(C2C(CNCc3cccc4c3OC(C)(C)C4)CC(=O)N2C)cnn1C;CCn1cc(C2NC(=O)CCC2NCc2cccc(OC3CCCC3)c2)cn1;CCC(NC(=O)N1Cc2ccc(OC)cc2C2(CC2)C1)c1c(C)nn(C)c1C;CC(C)N1CCN(CC#CCOC2CCN(c3nccnc3C#N)CC2)CC1;CCCC[N+]12C(O)C(CC)C3CC1C1N(C)c4ccccc4C14CC2C3C4O;CCN(CC)C(=O)CCC(=O)N1CCCCC1c1nc(-c2ccccc2)c[nH]1;O=C(C1CCC2CCCCC2C1)N1CCC(N2CCS(=O)(=O)CC2)CC1;Cc1ccc(OC2CCN(c3cc(N4CCCC(CO)C4)ncn3)CC2)cc1;CCN(C)CC1CCN(C(=O)Nc2ccc(OCCc3ccccc3)nc2)C1;CCCCCCC(=O)OC1CCC2C3CCC4=CC(=O)CCC4=C3C=CC12C;OCC1CCCCN1c1cc(N(Cc2ccccc2)CC2(CO)CC2)ncn1;CN(C)c1cccc(CCC(=O)N2CCc3c(ncn3C)C23CCOCC3)c1;O=C(CN1CCN(Cc2cc(-c3ccccc3)on2)CC1)N1CCCCCC1;CN(C)CC1(CNC(=O)N2CCn3c(nnc3-c3ccccc3)C2)CCCC1;Cc1ncc(C(CCCCCCc2ccc3c(n2)NCCC3)CC(=O)O)cn1
m_70464b,Cc1occc1C(=O)N1CCS(=O)(=O)C(C)C1C;Cc1occc1C(=O)N1CCS(=O)(=O)C(C)(C)C1;Cc1cc(C(=O)Nc2ccccc2OCC2CC2)co1;O=C(NCc1ccc(F)cc1)c1cncnc1C1CC1;CSCCC(CO)NC(=O)c1occc1C(C)C;Fc1ccc(CNc2ncnc3ccc(F)cc23)cc1;Cc1ccoc1C(=O)NCc1ccc2[nH]c(=O)[nH]c2c1;CCOc1ccc(OCC(=O)Nc2ccccc2)cc1;CCc1ccc(C(C)NS(=O)(=O)CCOC)cc1;Cc1noc(-c2cc(S(=O)(=O)N(C)C)oc2C)n1;O=c1c2c([nH]n1-c1nc3ccccc3s1)CCCC2;CC(C)c1ccc(C(=O)O)cc1S(=O)(=O)N(C)C;Cc1c(NCc2ncc[nH]2)cnn1-c1ccccc1F;Cc1noc2ncnc(N3CCCC3c3ncn[nH]3)c12;Fc1cccc(OC(F)F)c1CNCc1cc[nH]n1;O=C(NCC1(O)CCC(F)(F)CC1)c1cnccn1;CS(=O)(=O)CCC(N)c1nc(-c2ccco2)no1;COC1C(O)C(CO)OC1n1cc(C)c(N)nc1=O;COC1C(O)C(CO)OC1n1cc(C)c(=N)nc1O;Cc1ncoc1CNS(=O)(=O)N1CC2CCC1C2;O=C(Nc1cccnc1)NC1(c2ccccc2F)CC1;O=C(c1ccn2nnnc2c1)N1CCC1C(F)(F)F;O=C(NCC1(O)CCOCC1)c1cc(F)ccc1F;O=C(c1cnccn1)N1CCCSc2ccccc21;COc1ccc(C(=O)N2CC(F)CC2CO)c(F)c1
m_70fe91,Cn1ccnc(NC2CCN(c3ccc(Br)cc3)C2)c1=O;Cc1nc(C2CCN(C(=O)c3ccc(Br)cc3)CC2)n[nH]1;O=C(NC1CCN(C(=O)c2cccc(Cl)c2)CC1)c1ccsc1;Cc1cnn(C2CN(C(C(N)=O)c3ccc(Br)cc3)C2)c1;O=C(NC1CC2CCC(C1)N2)c1cc2cc(Br)ccc2o1;CCN(CC(=O)Nc1c(Cl)cccc1Cl)c1ccc(C#N)nc1;CNS(=O)(=O)Cc1ccccc1CNc1ncnc2ccsc12;O=C(NC1CCCOc2cc(Cl)ccc21)c1scnc1C1CC1;O=C(Cn1ccnn1)N1CCC(c2cccc(Br)c2)CC1;CN(Cc1cccc(CS(N)(=O)=O)c1)c1ncnc2ccsc12;COc1cccc(CS(=O)(=O)c2nnc(-c3ccccc3F)[nH]2)n1;Cc1cc(NC(=O)CSCc2cc(-c3cccs3)on2)n(C)n1;COc1c(C)cnc(CNC(=O)c2ccccc2Br)c1C;CC1CC1C(=O)Nc1ccc(Cl)c(C(=O)NCc2cccs2)c1;CN(C)C(=O)C1CCCN(S(=O)(=O)c2cccc(Cl)c2F)C1;O=C(CNS(=O)(=O)c1ccc(F)c(Cl)c1)N1CCCCCC1;O=C(Nc1cccnc1-c1ccc(Cl)s1)C1CCOC1C1CC1;O=C(Nc1cccc(-c2cnco2)c1)c1ccc(OC(F)(F)F)cc1;CNS(=O)(=O)Cc1ccc(CNc2ncnc3ccsc23)cc1;CC(C)(C)N1CC(NS(=O)(=O)c2cc(F)ccc2Cl)CC1=O;Cc1cc(NC(=O)C2CC2)sc1C(=O)NCc1ccccc1Cl;CN1CCC(CNc2ccnc3cc(Br)cnc23)CC1=O;N#Cc1ccccc1S(=O)(=O)N1CCN(Cc2nccs2)CC1;CCS(=O)(=O)c1ccc(Cl)c(C(=O)NC2CCNCC2F)c1;Cn1cnc(C(=O)N2CCCC2Cc2ccc(Br)cc2)n1
m_70ff2a,CCOCC1CN(C(=O)c2cccnc2C)CC1c1cnn(C)c1;Cc1n[nH]cc1CNc1ccc(C(=O)N2CC(C)OC(C)C2)cc1;Cc1cc(C(=O)NCc2ccnn2C)ccc1NC(=O)CC(C)C;Cc1ccccc1CNC(=O)NC1CCCOC1c1cnn(C)c1;CC1CN(C(=O)NCc2cccc(-c3cnn(C)c3)c2)CC1CO;Cc1cc2ncc(C(=O)N3CCOCC4(CCCC4)C3)c(C)n2n1;CC(C)CC1CN(C)CCN1C(=O)c1cc(-c2ccccn2)no1;Cc1nnc2n1CCN(C(=O)COc1ccccc1C(C)(C)C)C2;CCCNC(=O)C1CCCN(C(=O)Cc2ccc3cn[nH]c3c2)C1;Cc1n[nH]c(C)c1CNC(=O)N1CCOC(C)(c2ccccc2)C1;CCn1cc(C2CN(C(=O)c3ccc(N(C)C)cc3)CCO2)cn1;Cc1cc(C(=O)NCc2ccc(NC(N)=O)cc2)c(C)n1C(C)C;CC(=O)N1CCc2cc(NC(C)c3nc(C(C)(C)C)no3)ccc21;COCc1ccccc1C(=O)N1CCn2c(C(C)C)nnc2C1C;CCOc1ccccc1CCNC(=O)NC1CCc2cn[nH]c2C1;Cc1ccoc1C(=O)N(Cc1nccn1C)C1CC12CCNCC2;CC(C)N(C)C(=O)C1CCN(C(=O)c2cccc3[nH]ncc23)CC1;CCC1CN(C)CCCN1S(=O)(=O)c1cn(CC(C)C)cn1;O=C(CN1CCC2CCCCC2C1)Nc1ccc2[nH]c(=O)[nH]c2c1;CCn1ccnc1N1CCN(C(=O)C(C)Oc2ccccc2)CC1;CCn1nc(C)c(C(=O)N2CCC(c3cccnc3OC)C2)c1C;CC(=O)NC(C(=O)NC(C)c1ccc(-n2ccnc2)cc1)C(C)C;CCCc1nc(C(=O)N(Cc2ccccn2)C2CCNCC2)co1;COc1cccc(C2CN(Cc3nnc4n3CCCC4)CCO2)c1;CC1CCN(c2cccc(Nc3cc(=O)n(C)c(=O)n3C)c2)CC1
m_7108be,Nc1ccc(N2CCN(C3CC4CCC3C4)CC2)cc1;CCCCCC=CC=CCNC(CCS)C(=O)O;CCCCCCCCCCCCC(=O)NCC(=O)O;CC(C)C(CO)C(NC(=O)C1CCCOC1)C(C)C;CC(CNC1C2CCOC2C12CCCC2)[S+](C)[O-];CC1CCC(CCC(=O)N2CCOC(C(=O)O)C2)O1;CCCCCCCC(=O)C(C)NC(=O)CCC(=O)O;CCc1ccc(CCNC(=O)c2cc(C)n(C)n2)cc1;Cc1nc2cc(NC(=O)CCC3CCCC3)ccc2[nH]1;CC(C)=CCCC(C)CNC(CCC(=O)O)C(=O)O;O=C(c1ccnc(NC2CCCC2)c1)N1CC2CC1C2;CCCCCCCCCc1cc(=O)c2ccccc2[nH]1;Cc1[nH]c2ccccc2c1C(=O)N1CCN(C)CC1C;CN1CCN(c2nc(N(C)C)c3ccccc3n2)CC1;CCCCCC(O)C=CCNC(C(=O)O)C(C)CC;Cc1nn(-c2ccccc2)c(C)c1CC(=O)NC(C)C;CC(=O)Nc1cc(C(C)(C)C)nn1-c1cccc(C)c1;CCCCCCCC(=O)C(C)N=C(O)CCC(=O)O;Cc1nnc(CN2CCCc3cc(C(C)C)ccc32)o1;CC(C)c1ccc2ncnc(NC3CC(C)(O)C3)c2c1;COc1ccccc1CC1CCCN1Cc1ccn[nH]1;CC(C)N(C(=O)c1ccnn1-c1ccccc1)C(C)C;CC(C)c1ccc2ncnc(NC3CC(CO)C3)c2c1;Cc1cn2c(n1)CCC(NC(C)c1cccc(O)c1)C2;Cc1cccc2c(N3CCOC(C)(C)C3C)ncnc12
m_7125ae,COc1cc(C(=O)NC(C)(CO)C2CCCCC2)on1;Cc1nscc1C(=O)NCC1CCOC1C(C)(C)C;COc1cc(C(=O)NCC2CCOC2C(C)(C)C)on1;Cc1nc(C)c(CNCC2CCOC2C(C)(C)C)s1;CC(C)(C)CCN(C1CC1)S(=O)(=O)c1cccnc1;O=S(=O)(NCC1CCCCCCC1)c1cccnc1;CCC(C(=O)O)N1CCCC(c2nc(C)c(C)s2)C1;Cc1ncsc1CCC(=O)N(C)C1CCC(O)CC1;COC1CCCC(NC(=O)N(C)Cc2nc(C)no2)C1;CCOC1CC(C(=O)NCCc2sc(C)nc2C)C1;CC1COCCN(c2cccc(-n3cccn3)c2C#N)C1;CCc1ccccc1S(=O)(=O)N1CC(CN(C)C)C1;COCc1noc(C(C)NC2CCCCC2C(N)=O)n1;CN(C)C1CCCCC1NS(=O)(=O)c1ccccc1;C=CCCC(=O)NCC1(N2CCSCC2)CCCC1;CCc1nc(NC(=O)N2CCCC2CNC)sc1C;CN(CC(F)(F)F)C(=O)CN1CCCC(CCO)C1;CC1CC1C(=O)NCC1(N2CCSCC2)CCCC1;CCc1ccccc1S(=O)(=O)NC1CCNCC1C;Cc1ccccc1CS(=O)(=O)NC1(CN)CCCC1;COCC1CN(C(=O)c2cncc(F)c2)CC(C)(C)O1;CN(C)c1cccc(C(=O)Nc2nccnc2C2CC2)c1;CC1(C)CC2C(O)C3=C(CC(C)(O)C2C1)C(=O)OC3O;CCC1OCCCC1C(=O)NCc1nc(N(C)C)no1;CC(C)(C)c1cc(C=C(C#N)C#N)cc(C(C)(C)C)c1O
m_741f2c,O=C(NCc1ccc(Br)cn1)C1NCC12CCCC2;O=C(Nc1ccc(F)c(S(=O)(=O)NC2CC2)c1)c1ccc[nH]1;CCOc1ccccc1-c1nn2c(-c3ccncc3)nnc2s1;COc1ccc(Cc2nn3c(-c4cccnc4)nnc3s2)cc1;O=C(O)c1ccc(-n2[nH]c3c(cnc4c(F)cccc43)c2=O)cc1;CSc1nc(N(C)CC(=O)O)c2c3c(sc2n1)CCCC3;Cc1nsc(N2CCC(S(=O)(=O)c3ccccc3)CC2)n1;Cc1ccc2nc(NC(=O)c3cc4nc(C)ccc4o3)sc2c1;O=c1c(=Cc2cccc(F)c2)sc2nc(-c3ccccc3)nn12;CN1CC2CCCN(C(=O)c3ncccc3Br)C2C1;Cc1ccc(Br)c(C(=O)N2CC3CCCC3(N)C2)n1;Cc1ccc(Br)c(C(=O)NC23CCCC2NCC3)n1;Cc1ccc(Br)c(C(=O)N2CC(N)C3(CCC3)C2)n1;Cc1cc(C)c2c(n1)sc1c(=O)n(-c3ccccc3)c(=O)[nH]c12;CS(=O)(=O)N1CCN(Cc2cncs2)Cc2ccccc21;O=C(Nc1nnc(C(F)(F)F)[nH]1)c1cc(-c2ccccc2)on1;O=C(Nc1ccccc1OC(F)F)c1cc2c(s1)CCCC2;NC1CC2CC(C(=O)NCc3ccc(Br)cn3)CC12;CC1C(=O)NCCN1S(=O)(=O)c1ccc(C(F)(F)F)nc1;O=C(Nc1cccnc1)c1cccc(NC(=O)c2cccs2)c1;Cn1nccc1CN1CCC(n2cc(Br)cn2)CC1;Cc1nc(C)c(S(=O)(=O)N2CCC(c3ccccn3)C2)s1;CCCCn1cc(CNc2ncc(Br)cn2)c(C)n1;CCOc1ccc(-c2nn3c(-c4cccnc4)nnc3s2)cc1;COc1ncc(Cl)c(N2CC(O)CC2c2ccc(F)cc2)n1
m_75100f,O=C(NCCN1CCN(c2ccc(F)cc2)CC1)NC1COc2ccccc21;CC(C)Cn1nnc2c1CC(c1nc(CC(=O)Nc3ccn(C)n3)no1)CC2;Cc1nn(C)c(C)c1C(=O)Nc1cccc(C(=O)N2CCCCC2C(=O)O)c1;Cc1cnc(-c2ccccc2C(C)C)nc1NCc1ccc(-n2ccnn2)cc1;O=C(CNC(=O)c1ccc(-c2ccccc2)cc1)NC1CCCc2ccccc21;CCOc1ccc(C(=O)NCC(c2ccccc2)c2c[nH]c3ccccc23)cc1;Cn1cc(CCC(=O)Nc2cccc(C(=O)N3CCCCC3C(=O)O)c2)cn1;O=C(O)c1cnc(N2CCCC(c3n[nH]cc3NC(=O)C3CCCC3)C2)cn1;O=C(NCC1(C(O)c2ccccc2)CC1)c1cc(F)ccc1N1CCOCC1;CCOc1ccccc1C(=O)NCC(c1ccccc1)c1c[nH]c2ccccc12;CC(=O)N1CCCc2cc(NC(=O)Cc3ccc(-c4ccccc4)cc3)ccc21;O=C(NCC1(c2cccc(C(F)(F)F)c2)CCCC1)N1CCCC(CO)C1;Cc1ccc(OCC(=O)NCC(c2ccccc2)c2c[nH]c3ccccc23)cc1;O=C(NCC1CC(O)CN1Cc1ccccc1)C1CCCCC1C(F)(F)F;CC(c1ccc(-n2cnc3ccccc32)cc1)N(C)C(=O)NCc1ccccc1;COC1(CNC(=O)NC2CCCc3cc(OC(F)F)ccc32)CCOCC1;O=C(Nc1ccccc1)NC1CCN(Cc2cnc(C3CCCC3)s2)CC1;COC(=O)c1cccc(NC(=O)CCNC(=O)C23CC4CC(CC(C4)C2)C3)c1;CCNC(=O)c1ccc(C)c(NC(=O)c2ccc(OC)cc2OCC(C)C)c1;COc1ccc(OC)c(CCC(=O)N2CCC(c3n[nH]c(C4CC4)n3)CC2)c1;O=C(NCC1(c2cccc(C(F)(F)F)c2)CCCC1)NC1CCC(O)CC1;O=C(NCCc1noc2ccccc12)NC1CCC(C(=O)N2CCCCC2)C1;CCCCC(=O)N1CCCC(c2n[nH]cc2NC(=O)c2ccc(OC)cc2)C1;CCN1CCN(c2cc(CNC(=O)c3ccc(OC)cc3OC)ccn2)CC1;CCC(C)NC(=O)CN1CCN(C(=O)c2c(O)nc3ccccc3c2C)CC1
m_75dece,Cn1c(=O)[nH]c2ccc(NC(=O)CCC3CCCC3)cc21;Cc1cc(C(=O)N2CCNC(C)(C)C2)c2cnn(C)c2n1;Cc1cn2ccc(C(=O)NC3CCC(CO)CC3)cc2n1;CC(=O)N1CCC(C)C(N(C)c2ncnc3[nH]ccc23)C1;CS(=O)(=O)CC(=O)N1CCCC1CC1CCCCC1;O=C(O)C1CC(c2ccccc2)CN(C(=O)C2CCC2)C1;Cc1nc2ccc(C(=O)N3CCOCCC3C)cc2n1C;Cc1cc(C)cc(C(=O)OCC2CC(=O)N(C3CC3)C2)c1;Cc1cc(C)cc(C(C)NC(=O)NCc2cc(C)no2)c1;CCCNc1ccc(CNC(=O)c2oc(C)nc2C)cc1;CCC1(CO)CCN(C(=O)c2ccc3cc[nH]c3n2)CC1;CN1CCC(NC(=O)Nc2cnn(CC(F)F)c2)CC1;COc1ccc2nc(N3CCCC(O)CC3)c(C)nc2c1;Cc1ncc(C(=O)N2CCC(O)(C3CC3)C2)c(C2CC2)n1;CCN(Cc1ccc(C(=O)Nc2nnc[nH]2)cc1)C(C)C;Cc1cc(NC2CCN(c3ncccc3F)C2)nc(C)n1;CC1CN(c2nc3ccccc3[nH]2)CC2(CCCOC2)O1;CC(CNc1nc2ccccc2c(=O)n1CCO)C1CC1;Cc1ccc2ncnc(N(C)CC3(O)CCOCC3)c2c1;CCn1ccnc(N(C)CC2CCc3nccn3C2)c1=O;CCN1CCC(N(CC)C(=O)c2cncc3nc[nH]c23)C1;Cc1nc(C)c(F)c(N2CCC(c3ccncn3)CC2)n1;O=C(NCC1CC=CCC1)c1ccc2c(c1)OCCCO2;COCC1(O)CN(Cc2ccccc2-c2ccnn2C)C1;CN1CCC(=C2c3ccccc3C=Cc3ccccc32)CC1
m_762dcf,Cc1cccc(C(NC(=O)c2ccnn2C)C(=O)O)c1C;Cc1cc(C(=O)Nc2cccc(C(C)C(=O)O)c2)n(C)n1;O=C(Cn1c(=O)[nH]c2ccccc21)N1CCOCC12CC2;NC(=O)C1CCN(C(=O)c2ccc3c(c2)CCC(=O)N3)C1;CC1(CNC(=O)c2nc(-c3cnccn3)no2)CCCC1;Cn1cnc2cc(C(=O)OCC(=O)N3CCCC3)ccc21;NC12CCC1CN(C(=O)c1ccc(Cn3ccnn3)o1)C2;NC(=O)N1CCCC1COC(=O)c1cc2ccccc2[nH]1;Cn1c(C(=O)N2CCN(c3ccncc3)CC2)c[nH]c1=O;C#CC(C)(CC)NC(=O)c1nc2ncc(CCO)cn2n1;CNC(=O)NC(=O)CN(Cc1ccco1)c1ccccc1;COc1cccc(C2CC(O)CN2C(=O)c2ccoc2)c1;CC1CCC(C(=O)Nc2cccc(Cc3nn[nH]n3)c2)O1;COc1ccc(C(=O)NCC2CCc3nccn3C2)nn1;Cn1cnn(CC(=O)N2CCCC2c2cccnc2)c1=O;O=C(Nc1ccccc1O)c1cn(C2CCNCC2)nn1;O=C(C1CCCN1S(=O)(=O)C1CC1)N1CCNCC1;COc1ccn2c(C(=O)N3CCOCC34CC4)cnc2c1;COc1ccc(C(=O)N2CCCC(c3ncc[nH]3)C2)nn1;CN1CCC(NC(=O)c2cc(-c3ccn(C)c3)[nH]n2)C1=O;Cc1noc2ncc(NC(=O)CC3CC4CCC3O4)cc12;Cn1ccc(-c2cc(C(=O)NC3CC4(C3)CC4N)no2)n1;CC(C)Oc1ccc(-c2[nH]nc3ncnc(N)c23)cc1F;OCC(O)C(O)C(O)CNCCc1ccc(O)c(O)c1;O=C(c1ccncc1F)N1CCn2c(nnc2C2CC2)C1
m_76b47b,CCOc1ccccc1N1CCN(C(=O)Nc2cnc(C3CC3)nc2)CC1;CCOc1ccccc1NC(=O)C(c1ccccc1)N1CC(C)(C(N)=O)C1;CCOc1ccnc(N2CCN(CCCc3nc4ccccc4o3)CC2)n1;Cc1cccc(C)c1OCC(O)Cn1cnc2c(N3CCCC3)ncnc21;Cc1nc(C#N)c(N2CCN(C(=O)CN(c3ccccc3)C(C)C)CC2)o1;Cc1ccc(NC(=O)CN(C)C(=O)C2CCN(c3cnccn3)CC2)cc1;Cc1ccc(CC(=O)N2CCOC(c3ccnc(N4CCCC4)n3)C2)cn1;COc1cc(CN(C(=O)c2cc(N3CCCC3)ccn2)C2CC2)ccc1O;CC(C(=O)Nc1cccc(NC(=O)CCCn2cncn2)c1)n1cccn1;CC(C)(C(=O)NC1CCCOc2ccccc21)c1ccc2c(c1)OCCO2;COCc1cc(N(C)C2CC(Oc3ccccc3)C2(C)C)n2ncnc2n1;CC(=O)N1CCC(NCc2ccccc2S(=O)(=O)NC(C)(C)C)CC1;COc1cc(C)nc(N2CCN(C3CCN(c4ccccc4)C3=O)CC2)n1;NC(=O)COc1cccc(CNC(=O)N2CCCC2Cc2ccccc2)c1;CN(C)C(=O)c1cccc(CN2CCCCC2CCNS(C)(=O)=O)c1;COC(=O)c1ccccc1NC(=O)COc1ccc(C2CCCCC2)cc1;COc1ccc(CNC(=O)C(C)NC(=O)C2Cc3ccccc3CN2)cc1;O=C(NCc1ccc(N2CCCC2)nc1)N1CCC(Oc2cccnc2)C1;O=C(NC1CC1)C1CCCN1C(=O)NCc1cnn(Cc2ccccc2)c1;CC1(C)Cc2c(cnn2-c2ccccc2F)CN(c2cc(CO)ncn2)C1;CN(C)C(=O)COc1cccc(CNC(=O)C2CCCc3cccnc32)c1;CCOc1ccccc1NC(=O)C(C)Nc1cccc(N2CCCC2=O)c1;Cc1cnccc1NC(=O)N1CCC(Oc2cccnc2N2CCCC2)C1;COC(=O)C1(C(=O)N2CC(C)(C)C2c2nccn2Cc2ccccc2)CC1;CC1(C)Cc2c(cnn2-c2ccccc2F)CN(CCOCC(F)F)C1
m_76ffc5,COc1ccc2c(c1)CCN2C(=O)c1ccn(-c2cccc(Br)c2)n1;Cn1cc(CNS(=O)(=O)CCc2ccc3c(c2)CCO3)c(-c2ccccc2)n1;CC(=O)N1CCN(Cc2ccccc2NCc2cn3cc(Cl)ccc3n2)CC1;CC(O)(C#Cc1ccc2c(c1)N(c1nc(N)ncc1Cl)CC2)c1nccs1;Cc1sc(CCNC(=O)c2cnc(C(F)(F)F)s2)nc1-c1ccccc1;O=C(Cc1ccc(Br)cc1)Nc1cccc(-c2noc(C3CC3)n2)c1;COc1ccc(-c2nc(CSc3nc4c(O)nc(C)nc4n3C)c(C)o2)cc1;COCc1cccc(S(=O)(=O)N2CCN(c3cncc4ccccc34)CC2)c1;CCOc1cn(-c2ccccc2)nc1C(=O)N1CCN(c2nc(C)cs2)CC1;COc1ccccc1-c1nc(CSc2nc3c(O)nc(C)nc3n2C)c(C)o1;COc1oc(C2CC(=CC(C)=Cc3ccc([N+](=O)[O-])cc3)CO2)c(C)c(=O)c1C;O=C(CO)N1CCC(c2[nH]nc(-c3ccc(Cl)cc3)c2-c2ccncn2)CC1;CSc1nnnn1-c1cccc(NS(=O)(=O)c2cccc(Cl)c2O)c1;Cc1ccccc1-n1c(Cn2ncc3c(N)ncnc32)nc2cccc(C)c2c1=O;Cn1cc(CCNC(=O)C2CCN(c3cnccn3)CC2)c2ccc(Cl)cc21;Cn1cc(CCC(=O)NC2(c3cccc(OC(F)(F)F)c3)CCOCC2)cn1;CC(C(=O)NCC1CC(=O)N(C2CC2)C1c1ccncc1)c1ccccc1Cl;O=S1(=O)c2cccc3cccc(c23)N1Cc1nc(-c2cccc(Cl)c2)no1;O=S1(=O)c2cccc3cccc(c23)N1Cc1nc(-c2ccc(Cl)cc2)no1;O=C(NCc1cccc(N2CCOCC2)n1)c1cnn(-c2ccccc2Cl)c1;O=P(O)(O)COc1ccc(CCNCC(O)COc2ccc(O)cc2)cc1;COc1ccnc(N2CCN(C(=O)c3ccn(-c4ccccc4Cl)n3)CC2)c1;CC(=O)NC(Cc1c[nH]c2ccc(Br)cc12)C(=O)NC(CO)CO;Cc1nc(-c2cccc(CNC(=O)C3CCCN3C(=O)C(F)(F)F)c2)cs1;COc1ccc(C)cc1S(=O)(=O)N1CCN(c2cncc3ccccc23)CC1
m_773a95,Fc1ccc(CCc2nc(-c3cnccn3)no2)cc1;CCC(CC#N)NS(=O)(=O)c1c(C)cccc1F;Cn1nccc1C(=O)Nc1cc(C(F)(F)F)ccn1;CCC(CC#N)NS(=O)(=O)c1ccc(C)c(F)c1;Fc1ccc(COc2cccc(-c3nnco3)c2)cc1;CCN(CCC#N)S(=O)(=O)c1ccc(C)c(F)c1;COCc1cccc(S(=O)(=O)N2CCC(N)C2)c1;O=C(c1ocnc1-c1ccccc1)N1C2COCC1C2;COCc1ccc(C(=O)NCc2ccc(C#N)cc2)o1;COc1ccc2c(c1)OC1c3ccc(O)cc3OCC21;Clc1cccc(CNc2ccc3nccnc3n2)c1;CCCCNC(=O)NS(=O)(=O)c1ccc(C)cc1;CC(C)(C)OC(=O)Nc1cccc(S(C)(=N)=O)c1;O=C(NCc1ncccc1F)c1coc2ccccc12;COc1ccncc1S(=O)(=O)N1CCCC1(C)C;COc1ccc2oc(=O)c(-c3ccc(F)cc3)cc2c1;O=C1CCc2cc(-c3csc(C4CC4)n3)ccc2N1;Cc1cccc(C)c1NC(=O)CN(C)S(C)(=O)=O;CC(C)C(Sc1ccccc1F)C(=O)NC(N)=O;Cc1nc2ccc(NC(=O)c3ccc(F)cc3)cc2o1;O=C(Nc1ccc2c(c1)COC2)c1ncoc1C1CC1;CC(C)(C)NC(=O)Nc1cc(C(=O)O)ccc1Cl;CCCCN=C(O)NS(=O)(=O)c1ccc(C)cc1;Clc1ccc(Cn2ccnc2-c2cnccn2)cc1;Cc1ccc(S(=O)(=O)NC2CC(C(=O)O)C2)cn1
m_77b2b0,CC1(C)CC(NC(=O)c2n[nH]c(=O)c3ccccc23)c2ccccc21;Cc1ccc2c(c1)C(NC(=O)c1n[nH]c(=O)c3ccccc13)CCC2;O=C(NCC(=O)N1CCCc2ccccc21)c1cc2ccccn2c1;CC1CCCN(C(=O)c2n[nH]c(=O)c3ccccc23)c2ccccc21;N#Cc1ccc(C(=O)NCC(=O)N2CCCC2c2ccccc2)cc1;O=S(=O)(Cc1ccccc1)N1CCC(NCc2cc[nH]c2)CC1;CCN1C(=O)CCc2cc(NC(=O)c3cccc4cc[nH]c34)ccc21;O=C(c1cc(-c2ccccc2)no1)N(c1ccccn1)C1CCCC1;CCN(C(=O)c1ccc(C#N)cc1)C1CCN(c2ccccc2)C1=O;Cc1cccc2c(=O)n(CC(=O)N3CCc4ccccc4C3)cnc12;Cc1nc(C(=O)NCc2ccc(OC(C)C)c(F)c2)c(=O)[nH]c1C;CCOc1ccccc1C=NNC(=O)c1cc2ccccc2nc1C;CCc1cc(N2CCC(Nc3ncnc(N)c3Cl)CC2)ncn1;COc1ccc(CN(C)C(=O)Cn2cc3c(n2)CCOC3)cc1F;N#Cc1ccc(NC(=O)C(c2ccccc2)N2CCCCC2=O)cc1;O=C(c1n[nH]c(=O)c2ccccc12)N1CCCCCc2ccccc21;CCn1nc(C)c(C(=O)Nc2cc(C(=O)OC)cc(F)c2C)c1C;Cc1cnn(-c2ccccc2)c1NC(=O)C1CCOc2ccccc21;COc1ccc2c(NC3CCOC4(CCOC4)C3)ncnc2c1F;Cc1nn(C(C)C)cc1C(=O)NCC(C(=O)O)c1ccc(F)cc1;COc1cc(C(=O)NC2CCC(Cc3nnc(C)o3)C2)ccc1F;NC(=O)C1CCOC1C1CCN(c2nc3cc(F)ccc3o2)CC1;Cc1ccc(OCCCC(=O)Nc2nnc(C(C)C)s2)c(C)c1;O=C(c1coc(-c2ccccc2)n1)N(c1ccccn1)C1CCCC1;N#CCc1ccc(NC(=O)C(=O)NC2(c3ccccc3)CCC2)cc1
m_7874d0,CC(C)c1csc(C2CCCN(C(=O)c3ccc4n[nH]c(=O)n4c3)C2)n1;CCC(=O)Nc1ccc(NC2CCCN(c3ccccc3Cl)C2=O)cc1;COCC1(C)CCN(C(=O)c2ccc3c(c2)[nH]c(=O)n3CC(F)(F)F)C1;Cc1csc(NC2CCN(C(=O)c3ccc4[nH]c(=O)n(C)c4c3)CC2)n1;Cc1nc(C)c(C(=O)Nc2cccc(C(=O)N3CCCCC3C(=O)O)c2)o1;CCc1nnc2ccc(NCC3(c4cccc(Cl)c4)CCOCC3)nn12;COc1ccc(S(=O)(=O)N2CCN(C)CC2)cc1NC(=O)C(C)OC;Cc1cc(Oc2ncccn2)ccc1NC(=O)c1ccn(-c2ccccc2)n1;CCOC(=O)c1ccc(OCC(=O)Nc2ccc3c(c2)OCCCO3)cc1;CC1Cc2ccccc2CN1C(=O)Cc1ccc(S(=O)(=O)C(C)C)cc1;COC(=O)Cc1ccc(OCC(=O)Nc2ccc3c(c2)OCCCO3)cc1;Cc1cccc(S(=O)(=O)N2CCC(n3ncc4c3CNC4)CC2)c1C#N;Cc1nc(-n2cccc2)sc1C(=O)Nc1cnn(CC2CCCCO2)c1;CC(=O)Nc1ccc(NC2CCCN(c3ccccc3Cl)C2=O)cc1C;Cn1cc(-c2nc(C(=O)NC3CCN(c4nccn4C)CC3)cs2)cn1;CC(C)C(NC(=O)NCc1cc(=O)[nH]c2ccccc12)C(O)C(F)(F)F;CC1CN(S(=O)(=O)c2cccc(-c3cn4ccccc4n3)c2)CC(C)O1;N#Cc1ccc(C(F)(F)F)nc1N1CCC(c2nc3ccccc3[nH]2)CC1;CCc1nc2n(n1)CCCC2NS(=O)(=O)Cc1cccc2cccnc12;N#Cc1cc(N2CCC(c3nnc4ccccn34)CC2)ccc1C(F)(F)F;O=C(c1ccc(N2CCCS2(=O)=O)cc1)N1CCCC1c1ccncc1;COc1cc(C(=O)N2CCOC(C(=O)O)C2)ccc1OCc1ccccc1;O=C(NCc1ccc(Cl)s1)NC1CCN(C2CCCCC2O)CC1;CC(=O)N(CC(=O)O)CC1CN(C(=O)c2ccc3ncccc3c2)CCO1;CCNS(=O)(=O)C1CCN(C(=O)NCC2(C(F)(F)F)CCCC2)C1
m_78c402,CCn1cc(S(=O)(=O)NC(CN)C2CC2)nc1C;CCn1cc(S(=O)(=O)N2CC(N(C)C)C2)nc1C;Cc1noc(C)c1CC(C)NS(=O)(=O)C1CCC1;Cc1nc(C)c(C(=O)N2c3ccccc3OCC2C)o1;CCc1nc2n(n1)CC(NCCS(C)(=O)=O)CC2;Cc1cnn(C(C)C(C)Nc2ccc3nnnn3n2)c1;Cc1nc(C)c(C(=O)N2CC(C)Oc3ccccc32)o1;Cc1ccc(NCc2ccco2)cc1N1CCOC1=O;CN(C)S(=O)(=O)C1CCCN(Cc2ncc[nH]2)C1;CC1CCCN(S(=O)(=O)c2cnn(C)c2)C1CN;c1cncc(C2CCCN2c2nc(C3CC3)ns2)c1;CN1C(=O)COc2cc(NC(=O)C3CC=CC3)ccc21;O=C(NC1CC2(C1)CC2(F)F)C12CNCC1COC2;CCCS(=O)(=O)N1CCCC(Cn2cncn2)C1;CNCC1CCCN(S(=O)(=O)c2cnn(C)c2)C1;CN(CC(=O)NCc1cccc(O)c1)c1cnccn1;CCOc1cccc(NC(=O)c2ccn(C)c(=O)c2)c1;CCOc1cccc(COc2ccc(C(N)=O)cc2)n1;CCN1CCCN(S(=O)(=O)c2ccc(C)o2)CC1;CC1CN(C(=O)COc2cccnc2)Cc2c[nH]nc21;Cc1cc(S(=O)(=O)NCC2CCCCN2)c(C)o1;CC(N)C1CCCCN1S(=O)(=O)c1cnn(C)c1;NC(=O)C1CCN(c2cncc(-n3cccn3)n2)CC1;COCCc1nsc(N2CCN(C)C(CO)C2)n1;O=C(Nc1cc(-c2ccccc2)on1)C1CCCOC1
m_78cd05,O=C(NC1CC(C(=O)O)C2CC12)c1ccccn1;O=C(c1ccc(O)cc1)c1ccc(O)c(O)c1O;COCCn1ccc(NC(=O)c2cccnc2)n1;CCN(CCO)Cc1ncn(-c2ccccc2)n1;CC(NCc1noc2c1CCCC2)C1CC12CC2;Cc1cccc(CNC2(C(N)=O)CCCCC2)c1;CN(C)C(=O)CCc1nc(-c2ccccn2)no1;C=CC1OCCC1NC(=O)c1cc(CC)ccn1;O=C(C(C1CC1)C1CC1)N1CCn2ncnc2C1;Cc1cc(C)cc(C(=O)N2CCC(CN)CC2)c1;CCC(NC(=O)c1cnc2ccccn12)C(N)=O;CN(C)c1ncncc1NC(=O)C1CC=CCC1;CNC(=O)N(CC1CCC1)C(C)c1ccccc1;CC(C)C(O)C1(CNc2cnc(C#N)cn2)CC1;CN(CC(=O)NC1CCCCC1)c1ccccc1;Cc1ccc(C)c(OCC(O)Cn2cccn2)c1;CC(C(=O)NC1CCCCC1N)c1ccccc1;Cc1nc(C(C)(C)NC(=O)c2cccnc2)no1;CCc1cccnc1C(=O)N1CC(O)C2(CC2)C1;COc1ccc(OCc2nnnn2C2CC2)cc1;CCc1cccc(CN2CC(C)C(C(N)=O)C2)c1;CC(C)=CCOc1cc2oc(=O)ccc2cc1O;Cc1cccc(CC(=O)NC2CNCCC2C)c1;CC1CCCN(C(=O)CC(N)c2ccccc2)C1;O=C(O)C1CCCN(c2nc3ccccc3o2)C1
m_79cf07,COC(=O)C1CC1C(=O)Nc1cc(C2CCCC2)[nH]n1;CCOc1cc(C)ccc1CNC(=O)C1CC1C(=O)O;COC(=O)c1ccc(N2CC(C)OC(C3CC3)C2)nn1;Cn1cc(CCC(=O)NC2CC(C(=O)O)C3CC23)cn1;Cn1cc(CNc2nnc(CC3CCCC3)s2)cn1;Cc1noc(C)c1CNC(=O)N(C)Cc1cnn(C)c1;CCn1cc(C(=O)NC(C(C)(C)C)C(F)(F)F)cn1;COC1CCN(c2nc(-c3ccc(F)cc3)no2)CC1;Cc1ccc(C)c(OCC(=O)NC2CC(C(=O)O)C2)c1;Cc1ccc(-n2cnc(N)c2C(=O)c2ccccc2)cc1;Cn1cc(C2OCCC2CNc2ncc(F)cn2)cn1;CCOC(=O)COc1cccc(NC(=O)C2CCC2)c1;COc1cc(C(=O)N2CCC(C)(C(=O)O)C2)ccc1C;O=C(O)Cn1ccc(NC(=O)CC2CC3CCC2C3)n1;COC1(C(=O)Nc2cc(C(=O)O)c(C)cc2C)CCC1;Cc1cc(C)c(C(=O)O)cc1NC(=O)C1CCCCO1;COc1ccccc1C1(CNC(=O)C(C)C(=O)O)CC1;CC(C)CC1(N=C(O)c2ccccc2)COCOC1=O;CCc1nc(Cn2cc(NC(=O)C(C)(C)C)cn2)no1;COc1ccccc1CC(CNC(=O)C1CC1)C(=O)O;O=C(C1CCCO1)N1CCOC(c2cccc(O)c2)C1;CC(C)c1ncncc1C(=O)N1CCC(C(=O)O)CC1;CC(NC(=O)c1cnc(C(=O)O)cn1)C1CCCCC1;COc1ccc(C)cc1CCNC(=O)C1CC1C(=O)O;O=C(Nc1nc(C2CC2)cs1)C1CC12CCNCC2
m_7b993b,CCc1ccc(C(=O)NC(C)CNC(=O)C2CCCC(=O)N2C)cc1;O=C(NCCOC1CCCC1)N1CC2CC(C1)c1cccc(=O)n1C2;CC(CC1CCCCC1)NC(=O)N1CCC(CS(N)(=O)=O)CC1;CCOC1CCN(C(=O)NC2CC(=O)N(Cc3ccccc3)C2)CC1;CCN(CC)S(=O)(=O)N1CCN(C(=O)CCC2CCCC2)CC1;CCNC(=O)CCCC(=O)Nc1ccc(C(=O)NC2CCCC2)cc1;CN(CC1CC(O)C1)C(=O)c1cccc2[nH]c(=O)n(CC(C)(C)C)c12;CC1(C)CCC(CNC(=O)N2CCC(CS(N)(=O)=O)CC2)CC1;CC1CN(S(C)(=O)=O)CCC1NC(=O)NC1CCCCCCC1;NC(=O)C1CCCN1C1CCN(C(=O)COCc2ccccc2)CC1;CN1CCOC2CN(C(=O)c3ccnc(OC4CCCCC4)c3)CC21;NC(=O)N1CCCC1C(=O)Nc1ccc(OCC2CCCCC2)cc1;Cc1nnc2n1CC(CNCc1csc(C3CCCCC3)n1)CC2;NC(=O)CC1(O)CCCN(C(=O)c2cccc(CN3CCCC3)c2)C1;Cc1ccc(C)c(C2CN(C(=O)CN3CCNCC3=O)C(C)CO2)c1;CC(NC(=O)CC1(CN)CCCCC1)c1ccc2c(c1)NC(=O)CO2;CCOc1ccc(OCC)c(NC(=O)c2cnn(C(C)(C)C)c2C)c1;COC(=O)C(C)(CNC(=O)N1CCN2CCC1CC2)c1ccccc1;COc1ccc2c(c1)CCCC2CNC(=O)N1CCCNC(=O)C1C;COCC(=O)Nc1cccc(CNC(=O)N2CCCC3CCCC32)c1;CN(CC1CCCO1)C(=O)NCc1cccc(C(=O)N2CCCC2)c1;CC(C)(C)c1ccc(C(=O)NCC(=O)NC2CCNC(=O)CC2)cc1;O=C(NCc1ccc(N2CCCCC2=O)cc1)NC1CCCCC1O;CC(C)NC(=O)Nc1cccc(C(=O)NC2(C)CCOC2C2CC2)c1;CCC1CCCCC1CNC(=O)NC1CCCN(S(C)(=O)=O)C1
m_7d4c58,O=C(Nc1cnn(CC2CC2)c1)N1CC(O)C2(CC2)C1;CCC1(C(=O)NCC23CNCC2(C(F)(F)F)C3)CC1;Cc1noc(CC2(O)CCCN(Cc3cc[nH]c3)C2)n1;CC(C1CC1)n1cc(NC(=O)NC2C3COCC32)cn1;CCn1cc(NC(=O)Nc2ccnn2CC(C)C)cn1;O=C(c1ccncc1)N1CCOCC2(CCOCC2)C1;COC1CN(CCn2cccn2)CC1c1cn(C)nn1;CCC(C)Oc1cc(CNc2ncc(F)cn2)ccn1;Cc1ccc(F)cc1C(=O)NC(C)(C)c1cn(C)nn1;CC(C)c1noc(CN2CCC(c3ncco3)CC2)n1;CC(CC(=O)NCCS(N)(=O)=O)C1CCCCC1;COCC1(CNc2cc(C)nc3ncnn23)CCCN1;Cc1cc(=O)[nH]cc1C(=O)N1CCOC2(CCCC2)C1;Cc1nc(C)c(C#N)c(SCC2CCCN(C)C2)n1;Cc1noc(C)c1CNc1nnc(C2CCCCC2)o1;CCc1nc(CN2CCCC(Cn3cncn3)C2)no1;CC(C)c1cc(=O)n(Cc2nc(C(C)(C)C)no2)cn1;Cc1nnc(C2CN(CC3(C#N)CCC3)CC(C)O2)o1;COC(=O)C1(CNC(=O)c2ccncc2)CCCCC1;CN(C)CC1(O)CCCN(c2ncnc3[nH]ncc23)C1;Cc1nccc(N2CCN(C(=O)C3CCCO3)CC2)n1;CCc1ncc(NC(=O)C23CNCC2CCOC3)cn1;Cc1nc(N2CC3CCN(C)CC3C2)ccc1[N+](=O)[O-];O=C(NCc1cncc(O)c1)C1CC1C1CCOCC1;O=C(NCC1CCCO1)NC1CCOc2ccccc21
m_7e912f,O=C(CCc1ccccc1)N1CCC(NC(=O)N2CCC3(COC3)C2)CC1;Cc1ccn2c(C(=O)NC3CCC(CNC(=O)CCN(C)C)C3)cnc2c1;O=C(CCC1CCCC1)N1CCN(S(=O)(=O)N2CCCCCC2)CC1;COc1ccc(CN(C(=O)c2ccnc(N(C)C)c2)C(CO)C(C)C)cc1;O=C(NCC1(c2ccc3c(c2)OCCO3)CCCC1)N1CC2CCC1CN2;O=C(NCCc1c[nH]c2ccccc12)N1CCC(OCC2CCCO2)CC1;COc1cc(CNC(=O)NC2CCCCC2C#N)ccc1OC1CCCC1;O=C(NCc1ccco1)N1CCN(C(=O)C23CC4CC(CC(C4)C2)C3)CC1;CCn1ccnc1C1OCCCC1NCc1cc(OC)cc2c1OC(C)C2;Cc1nn(C)c(C)c1C(C)NC(=O)c1ccc(N2CC(C)OC(C)C2)nc1;COc1cccc2[nH]cc(CC(=O)NC3CCN(CC4CCOC4)CC3)c12;COc1ccccc1N1CC(C(=O)NC2CCN(CC3CC3)CC2)CC1=O;Cc1nc(C(=O)N2CC=CCC23CCOCC3)nc(N2CCC(N)C2)c1C;CCOc1ccc(C2(CNC(=O)c3cn(C)nc3CC)CCOCC2)cc1;O=C(NCc1nnc2n1CCCC2)C1CCCCN1Cc1ccc(F)cc1;O=C(CC1CC2CCC1C2)NCC1(c2ccc3c(c2)OCO3)CCOCC1;CCN1CCN(C2CCN(C(=O)c3cccc(C4CCOC4)c3)CC2)C1=O;COc1ccc(NC(=O)C2CCN(C3CC3)CC2)cc1N1CCCCC1=O;CC1C(=O)Nc2cc(C(=O)N3CCC(C4CCCCO4)CC3)ccc2N1C;CC(=O)NCC(=O)N1CCCC2CN(C(=O)c3cccc(C)c3C)CCC21;CCCN1CCC(NC(=O)NC(C)c2ccc(-n3c(C)c[nH]c3=O)cc2)C1;CC(C)N1CCN(C(=O)C(=O)N2CCC(c3ccccc3)C2(C)C)CC1=O;CC(C)(C)CN1CCCC(N2CCC(N3CCCS3(=O)=O)CC2)C1=O;CCS(=O)(=O)N(C)C1CCN(C(=O)NCC2(C3CCC3)CCC2)CC1;Cc1noc(C)c1C(C)C(=O)N1CCN(c2ccccc2OC(C)C)CC1
m_7ee70f,CCS(=O)(=O)c1ccc(NC2CCCNC2C)cc1;Cc1ccc(S(=O)(=O)N2CCC(CN)CC2)c(C)c1;NC(=O)C1(O)CCCN(CCOc2ccccc2F)C1;CCn1cc(C(=O)Nc2ccc(-n3ccnn3)cc2)cn1;O=C(NCc1cnc2ccccc2c1)C1CC2CCC1O2;O=C(O)c1ccc(N2CCC(Cc3ccccc3)C2)nc1;Cc1cccc(-c2cncc(C(=O)NC3CCOC3)c2)c1;O=C(c1ccc(O)nc1)N1CCC(c2ccccc2)CC1;CCS(=O)(=O)Nc1cccc(N2CCCCCC2)c1;CCC1(NC(=O)c2cnc(C(C)C)s2)CCOCC1;COCc1nsc(NCc2nnc(C(C)C)n2C)n1;O=C(c1ncccc1O)N1CCCC1Cc1ccccc1;Cc1ccc(O)c(C(=O)N2CCC(c3ccccc3)C2)n1;O=C(O)c1ccc(CN2CCCC2c2ccncc2)cc1;CC(C)(CO)N1CCN(S(=O)(=O)CCCF)CC1;O=C(NCc1ccncc1)c1ccc2c(c1O)CCCC2;O=C(NC1(c2ccccc2)COC1)c1[nH]ccc1C1CC1;O=C(NCc1cccnc1)c1ccc2c(c1O)CCCC2;CC(c1ccc(S(C)(=O)=O)cc1)N1CCC(N)CC1;Cc1nc(SCC(=O)NC2CCC(C)CC2)oc1C;Cc1cccc(N(C)C(=O)C2CCOc3ccccc32)n1;Cc1cc(C(=O)N2CCN(CC(C)O)CC2)c(C)s1;Cc1cc(CSC(C)C(=O)NC2CCCCC2)on1;CCc1cccc2c1N(C(=O)c1c[nH]c(C)cc1=O)CC2;CCc1ccccc1S(=O)(=O)NC1CCNCC1C
m_80401f,CCC1C(=O)NCCN1C(=O)CCOCC(F)(F)F;CC(C)(N)C(=O)N1CCOC(c2ccccc2Cl)C1;CCC(N)C(=O)N1CCOC(c2ccccc2Cl)C1;O=C1CC2(CCSC2)C(=O)N1CCN1CCCCC1;COC1CCCCCC1NCc1cc(C(N)=O)cs1;O=C(O)CC1(NC(=O)c2cncc(F)c2)CCOCC1;CCC1(NC(=O)c2cnc(C(C)C)s2)CCOCC1;CC(C)c1ncsc1C(=O)N1CC(C)(C)OCC1C;NC1CCN(C(=O)c2ccccc2Oc2ccccc2)C1;CC(=O)NC(C)C(=O)N1CC(OCc2nc(C)no2)C1;CC1C(=O)NCCCN1C(=O)CCOCC(F)(F)F;COc1ccc(F)cc1C(C)NC(=O)C1CC(O)CN1;COCc1cc(CNC(=O)C2COCCN2)ccc1F;CC(CN=Cc1ccccc1O)N=Cc1ccccc1O;C=CCC(C)NC(=O)c1cccc(CS(N)(=O)=O)c1;CSCc1cc(C(=O)N2CCC(CN)C2)ccc1F;O=C(c1cc[nH]c(=O)c1)N1CCCC1Cc1ccccc1;Cc1ccc(-c2ncco2)cc1NC(=O)c1cnn(C)c1;CCN1CN(C(=O)NCCc2ncc(C)s2)CC1=O;Cc1cc(C(=O)Nc2cc(-c3cccnc3)n[nH]2)c(C)o1;COc1ccc(CCNC(=O)C2CC(O)CN2)cc1F;CC1CN(C(=O)C(C)Oc2ccccc2Cl)CCN1;Cc1ccc(C(=O)N2CCC(N)C2)cc1S(C)(=O)=O;CSCc1cc(F)ccc1CNC(=O)C1CCNC1;COc1ccc(NC(=O)C(c2ccccc2)C2CC2)cn1
m_8071e1,Cc1cnc(N(C)CC2CCN(C(=O)OC(C)(C)C)CC2)nc1;CC(C)c1cc(C(=O)N2CCN(C3CCCN(C)C3)CC2)no1;CN1CCC(OCC(=O)N2CCCC(c3cnn(C)c3)C2)CC1;CCn1c(CN2CCN(CCOC)CC2)nc2cc(F)ccc21;CN1CCN(CC2CCN(C(=O)NCc3ccoc3)CC2)CC1;CC(C)(C)C(O)CN1CCN(CC(=O)Nc2cccnc2)CC1;CCN(CC(=O)N1CC(OC)CC1c1nc(C)c(C)[nH]1)C1CC1;COC1CCN(C2CCCC2N(C)C(=O)CCn2cccn2)C1;COC1CC(C(=O)N2CCCC2)N(Cc2ccnn2C(C)C)C1;CC1CN(C(=O)NCc2c(C3CCC3)cnn2C)CC1(C)CO;CC(C)(C)CNC(=O)CN1CCc2nc[nH]c2C12CCOCC2;COCCN1CCC(CNC(=O)COc2cccc(C)c2)CC1;CCN1CC2(CC(O)C(NC(=O)Cc3ccn[nH]3)C2)C1C(C)C;C1CCN(Cc2n[nH]c3c2COCC3)C(CN2CCOCC2)C1;COCc1noc(CN2CCN(CC34CCC(CC3)C4)CC2)n1;CC1CN(C(=O)Cc2ccn(C(C)C)n2)CC1N1CCOCC1;CCCN1CCC(NC(=O)NCc2ccnc(OCC)c2)CC1;COc1ccc(CCC(C)NC(=O)NC2CCC(O)CC2)cc1;CC(C)(C(=O)N1CCCC(Cn2cncn2)C1)C1CCOCC1;CC(C1CC1)n1cc(NC(=O)N2CC(C)(C)OC(C)(C)C2)cn1;O=C(Nc1ccn(C2CCCCC2)n1)N1CCCC(CO)CC1;CC1Cc2c(C(=O)N3CCCN(C(C)C)CC3)n[nH]c2C(C)O1;COc1ccc(CCC2CCCCN2C(=O)CCN)cc1OC;CC(C)n1cc(CN2CCCN(C(=O)C3CCOC3)CC2)cn1;COc1ccnc(N2CCC(CCCN3CCOCC3)CC2)n1
m_808712,COC1CC(C(N)=O)N(Cc2ccc(Cl)c3cccnc23)C1;CNC1CCCN(C(=O)c2cnc(-c3ccccc3F)s2)C1;O=C(CCc1cccc(F)c1F)N1CCc2nc[nH]c(=O)c2C1;O=C(c1cc2ccncc2c(=O)[nH]1)N1CCC2(CC1)CC2(F)F;O=C(CNC(=O)c1ncoc1C(F)(F)F)NC1CCCCC1;CC(C)c1cc(C(=O)N2CC(C(=O)O)C(C(F)(F)F)C2)n[nH]1;O=C(c1ccc(OC(F)F)nc1)N1CCCC1c1ccncc1;COc1cc(C(=O)N2CCCCC2c2cn[nH]c2)ccc1Cl;CC1CN(c2c(C#N)cnc3ccc(OC(F)F)cc23)CCO1;CCn1cc(S(=O)(=O)Nc2ccc3[nH]c(C)nc3c2)nc1C;Cn1nc2c(cc1=O)CN(C(=O)Cc1cccc(F)c1F)CC2;O=C(CCc1cc(F)ccc1F)N1CCc2nc[nH]c(=O)c2C1;Cc1c(C(=O)N2CCOCC2C)cnn1-c1ccc(Cl)cc1;CC(=O)Nc1nc(CN2CCc3nn(C)c(=O)cc3C2)cs1;Cc1noc2nc(C3CC3)cc(-c3nc(-c4ccccn4)no3)c12;NC1CCN(C(=O)Cc2csc(Cc3ccc(F)cc3)n2)C1;N#Cc1c(N2CCC(CS(N)(=O)=O)CC2)nc2ccccn12;Cc1cc(NC(=O)C2CCCCO2)n(-c2ccc(Cl)cc2)n1;Cc1nnc(CC(=O)N2CCCCC2c2cccc(Cl)c2)o1;O=C(COc1ccccc1Cl)N1CCCC(c2ccn[nH]2)C1;COc1ccc(Cl)c(Cn2cnc3c(c2=O)CCNCC3)c1;O=C(NC1CCN(Cc2cscn2)CC1)c1ccc(F)cc1;CC1OCCN(Cc2cc(Cl)cc3cccnc23)C1C(N)=O;FC(F)(F)c1cccc2c1CN(c1ncnc3[nH]ncc13)CC2;NCC1CCN(C(=O)c2csc(Cc3ccccc3F)n2)C1
m_80b537,CCN1CCN(C(=O)c2ccc(OC)c(-c3ccccn3)c2)C(C)(C)C1=O;O=C(c1cccc(OCc2cccnc2)c1)N1CCC(N2CCOCC2)C1;CN(C)C(=O)N1CCN(C(=O)c2ccc(COc3ccccc3)cc2)CC1;CCN(CC)S(=O)(=O)c1ccc(CNC(=O)N2CCCCCC2)cc1;CCS(=O)(=O)NCc1ccc(C(=O)NC2CN(C(C)C)CC2C)cc1;CN(C(=O)c1cccc(COc2ccccc2C(N)=O)c1)C1CCNCC1;Cc1ccc(CN2C(=O)CCC2C(=O)NCc2nnc3n2CCCC3)cc1;CCCN(C(=O)c1cc(C)c(C)c(S(=O)(=O)N(C)C)c1)C1CCNC1;CC(C)c1cc(C(=O)NC2CCCN(Cc3ccccc3)C2=O)cc(O)n1;CNC1CCN(C(=O)c2cccc(COc3ccccc3C(N)=O)c2)CC1;O=C(Nc1ccc2c(c1)OCCCO2)c1ccc(N2CCCCCC2)nc1;CCOC(=O)c1cnn(-c2ccc(C(=O)N3CCCC4(CC4)C3)cc2)c1C;CC(C)(C)c1ccc2cc(C(=O)N3CCOC(Cn4ccnn4)C3)[nH]c2c1;Cc1cc(C(=O)Nc2ccc3c(c2)NC(=O)CO3)c(C)n1C1CCCCC1;CN(Cc1cc(=O)[nH]c(N)n1)C1CCN(C(=O)c2cccc3c2CCC3)C1;CCOc1ccccc1NC(=O)C(C)Nc1cccc(N2CCCC2=O)c1;COCCS(=O)(=O)c1ccc(C(=O)N(C)C2CCC(C)(C)CC2)cc1;O=C(CCC1CCCCO1)Nc1ccc(C(=O)NCc2ccncc2)cc1;Cc1ccnc(-c2noc(C3CCc4nnn(C5CCOCC5)c4C3)n2)n1;CC(CC(=O)NCc1ccc(S(=O)(=O)CCO)cc1)C1CCCCC1;CC(C)C(=O)Nc1cc(C(=O)Nc2cccnc2N2CCCCC2)ccn1;CCCn1cc(NC(=O)C2CC(=O)N(CCc3ccccc3)C2)ccc1=O;Cc1ccc(CN2CCC(NC(=O)NC3CCc4[nH]ncc4C3)C2=O)cc1;Cc1ccccc1-n1ncc(C(=O)OCC(=O)N2CCCCC2)c1C1CC1;Cn1cnnc1-c1ccc(NC(=O)C2CC(=O)N(C3CCCCC3)C2)cc1
m_8114e3,COc1ccc2[nH]cc(CC(=O)N3CCS(=O)(=O)CCC3C)c2c1;Cc1onc(-c2ccccc2)c1C(=O)N1c2ccc(F)cc2CCC1C;CC(C)NS(=O)(=O)N1CCN(C(=O)c2ccc3[nH]ccc3c2)CC1;COc1ccc2[nH]cc(CC(=O)N3CCC(CS(C)(=O)=O)C3)c2c1;CC(C)Oc1ccc(Cl)cc1C(=O)N1CC(NC(=O)C2CCC2)C1;COC(=O)C(Cc1ccccc1)NC(=O)C(CC(=O)O)NC(C)C=O;FC(F)(F)C1CCC(Cc2nc(-c3ccnc4[nH]ccc34)no2)CC1;C=C(C)C1OCCC1CNC(=O)NC1CS(=O)(=O)c2ccccc21;O=C(NC1CCC(c2ccc(F)cc2)C1)c1cc2ccccc2c(=O)[nH]1;CCOc1ccccc1NC(=O)C1CC(=O)n2c(nc3ccccc32)N1;CCNC(=O)c1cccc(CNC(=O)c2cc3ccccc3c(=O)o2)c1;CC1(C)C(=O)Nc2ccc(C(=O)N3CCCC(S(C)(=O)=O)C3)cc21;O=C(Cc1cccnc1)N1CC(O)CC1c1cccc(C(F)(F)F)c1;O=C(Cc1cccnc1)N1CC(O)CC1c1ccccc1C(F)(F)F;CC(=O)N1CC(O)CC1C(=O)NC1(c2cccc(Cl)c2)CCCC1;CC(C)OC(=O)c1ccc(NC(=O)c2ccc(-n3cncn3)cc2)cc1;c1cc(-c2nnc(Sc3ncnc4c3CCCC4)n2C2CC2)ccn1;CCNC(=O)c1ccc(C)c(NC(=O)c2ccc(-n3cncn3)nc2)c1;CC(C)n1ncc2cc(NC(=O)C3Cc4ccccc4C(=O)O3)cnc21;Cc1noc(C)c1CC(=O)Nc1cccc(C(=O)Nc2cccnc2)c1;CCOC(=O)COc1ccccc1C(=O)c1cnn(-c2ccccc2)c1;Cc1nc(C(=O)N2CCC(NC(=O)C3CCCSC3)C2)cc(=O)[nH]1;CC(NC(=O)c1ccccc1C(F)(F)F)C(=O)NCc1ccccc1;CC[S+]([O-])C1CCCC(NC(=O)c2ccc3c(c2)OCC(=O)N3)C1;NS(=O)(=O)c1ccc(N2CCCC3(CC=CCC3)C2)c(C(=O)O)c1
m_82f2e2,Cc1nc(C2CC2)ccc1C(=O)NCC1CCC2(CCCCC2)O1;Cc1nn(C)c2ncc(CN3CCCC(N4CCNC4=O)C3)cc12;CN(C)C(=O)C1CCN(C(=O)c2cccc(C3CCCC3)c2)CC1;CCC1CCC(C)N(C(=O)c2ccc(CN3CCCC3=O)cc2)C1;CC(C)(C)c1ccc(C(C)(C)CNC(=O)CCc2nnc[nH]2)cc1;CN1CCC(Oc2ccc(CNC(=O)CC3C=CCC3)cc2)CC1;CN1CC23CCCCC2(C1)CN(C(=O)c1cc(C2(C)CC2)n[nH]1)C3;CCC(CC)C(NC(C)=O)C1C(NC(=N)N)CC(C(=O)O)C1O;NC1CCOC(C2CCN(C(=O)c3ccc4c(c3)CCC4)CC2)C1;O=C(Cc1ccc(C2CCC2)cc1)N1CCOC2(CCNCC2)C1;CC12CCC3C(CCC4Cc5n[nH]c(O)c5CC43C)C1CCC2=O;CC(C)(C)C1COC(c2cccc(C3=NC(C(C)(C)C)CO3)c2)=N1;CCC1CC(C)CN1C(=O)C1CCN(C(=O)c2ccccc2)CC1;O=C(Nc1ccc(NC(=O)C2CCCCC2)cc1)C1CCCCC1;CC1CCC(C)(CNC(=O)Nc2cnn(C)c2C(F)F)C1(C)C;CCCc1cc(C(=O)N2CCC(Nc3ccc(C)nn3)CC2)[nH]n1;O=C(C1CCCCC1)N1CCC(N(c2ccncn2)C2CC2)CC1;CN(C)c1ccnc(N2CCN(c3nccc(N(C)C)n3)CC2)n1;CCn1c(Cc2ccccc2C)nnc1N1CCCC(C)(OC)C1;Cn1cc(C(=O)NCc2nnc3n2CCCCC3)c(C2CCC2)n1;Cc1n[nH]c(C)c1C(C)C(=O)N1CCC(N(C)CC(F)F)CC1;Cc1c(CC(=O)N2CCCC2c2ccc(N(C)C)nn2)cnn1C;CCN(C)C(=O)c1cccc(C(=O)N2CCCC2C2CCCC2)c1;COCCC(=O)N1CCCCC1c1nncn1Cc1ccccc1;O=C(NCC1CCCCC1c1ccccc1)N1CC2COCC2C1
m_83ac87,CS(=O)(=O)N1CCCC1C(=O)N1CCOC(C(=O)O)C1;O=C(Cc1c[nH]c2ccc(Cl)cc12)NC1CC(C(=O)O)C1;CCCn1c(O)nnc1S(=O)(=O)Cc1ccccc1C#N;C1=C(c2ccccc2)Sc2nnc(-c3ccccc3)n2NC1;CC(=O)N1CCCn2c(SCc3ccc(F)cc3)nnc21;Cc1cc(C)n(-c2ncnc3sc(-c4ccccc4)cc23)n1;Cc1ccc(C(=O)NC2CC(=O)N(CC(F)(F)F)C2)s1;O=C(c1c(O)cccc1F)N1CCC(c2nccs2)CC1;Fc1ccc2ncnc(Oc3ccc(-n4cccn4)cc3)c2c1;CC1CC(=O)c2c(ccc3c2C(=O)c2cccc(O)c2C3=O)C1;CCn1cc(S(=O)(=O)NCc2nnc3ccccn23)cn1;Cc1cc(O)c2c(ccc3c(O)c4c(O)cccc4c(O)c32)c1;COc1ccc(NC(=O)Cc2cc(Cl)ccc2OC)cn1;O=C(Oc1ccc2c3c(c(=O)oc2c1)CCC3)c1ccccc1;COC(=O)c1ccc(S(=O)(=O)Nc2ccncc2)c(C)c1;Nc1nnc(C2CCCN(C(=O)c3cccc(Cl)c3)C2)o1;Cc1nccc(N2CCN(C(=O)c3ccoc3Cl)CC2)n1;CC1CN(C(=O)CCn2ccnn2)c2cccc(Cl)c2O1;Fc1ccc2nc(-c3ccc(Oc4cnccn4)cc3)[nH]c2c1;COc1cc(C)c(S(=O)(=O)Cc2ccccc2)cc1OC;Cc1ocnc1C(=O)N1CCN(c2ccncc2Cl)CC1;c1ccc(CCc2nc3nccc(-c4ccsc4)n3n2)cc1;O=C(NCc1nc(-c2ccccc2F)cs1)C1CCOC1;Cc1nc(-n2cnc3ccccc32)c2c3c(sc2n1)CCC3;Cc1cccc(-c2nc3n(n2)N=C(c2ccccc2)CS3)c1
m_83e861,CCn1ccnc1C1OCCCC1Nc1nc2cc(F)ccc2o1;Cc1nnc2n1CC(NC(=O)c1cc3c(s1)CCCCC3)CC2;Cn1c(CNC(=O)C2Cc3cccc(F)c3O2)nnc1C1CCC1;Cc1csc(C2(NC(=O)C3CCc4[nH]cnc4C3)CCCC2)n1;CC1(C)C(O)CC1NC(=O)NC(Cc1ccccc1)C(F)(F)F;CC(NC(=O)NC1CCC(O)CC1)c1ccc(C(F)(F)F)cc1;COc1cccc(CNC2CCC(C(F)(F)F)N(C(C)=O)C2)c1;CC1CN(CC(F)(F)F)CCN(C(=O)Cc2cccc(O)c2)C1;CC(Cc1ccccc1C(F)(F)F)NC(=O)NC1CCCOC1;Cc1ccc(CN2CCSCC2)cc1NC(=O)c1cnn(C)c1;O=C(Cc1noc(C23CCC2CNC3)n1)NCc1ccccc1F;Cc1cc(C(F)(F)F)ccc1CNC(=O)NC1CCC(O)CC1;O=C(CC1CCCN1)Nc1ccc2nc(N3CCCC3)sc2c1;CCC(Nc1ccc2c(c1)CCCC(=O)N2)c1cc(F)ccc1F;NC(=O)C1CC(F)CN1C(=O)CCc1cnn(-c2ccccc2)c1;O=C(c1cc2nccnc2cc1F)N1CCC(N2CCOCC2)C1;Cn1cc(-c2cc(CN3CCN4C(=O)C(=O)NCC4C3)on2)cn1;CN1CC2C(CCCN2C(=O)NCc2ccc(C#N)c(F)c2)C1=O;CC(=O)NCC1CCN(c2cc(C)nc(-c3cccs3)n2)CC1;Cn1nnc2c1CC(C(=O)N1CCC(c3ccsc3)CC1)CC2;Cc1cc(C(=O)NC2CC(=O)N(C)C2c2ccc(F)cc2)n(C)n1;CCC(=O)N1CCCC1C1CCCN1c1ncnc2ccsc12;CC(C(=O)O)N1CCCN(Cc2ccc(C(F)(F)F)cc2)CC1;Cc1cc(C)cc(-c2nnc(NC(=O)CCC3CCNC3)s2)c1;Cc1ccc(NC2CCN(C(=O)Cc3ccc(C)s3)CC2)nn1
m_83fdb3,CC(C(=O)NCc1cccs1)N1CC(O)CC1CO;N#Cc1ccc(N2CCN(Cc3cccs3)CC2)nc1;CC(C)(C)c1ncc(C(=O)NC2CC(O)C(O)C2)s1;NC(=O)c1ccc(NC(=O)C2CCc3nccn3C2)cc1;CNCC1CCN(S(=O)(=O)c2ccccc2OC)C1;C=CCCS(=O)(=O)NCc1nnc(C2CCC2)n1C;Cn1ccnc1-c1cccc(NC(=O)C2CNC(=O)C2)c1;CCS(=O)(=O)N1CCN(c2cc(C)nc(C)n2)CC1;NC(=O)c1ccc(C(=O)N2CCCC2c2cn[nH]c2)cc1;O=C(NC1(c2ncccn2)CCOCC1)c1ccncc1;COc1ccc(S(=O)(=O)N2CCCC2CN)c(C)c1;N#CCc1ccccc1C(=O)N1CCN2C(=O)NCC2C1;NC(=O)c1ccc(CN2C(=O)C3CC=CCC3C2=O)cc1;O=C(O)C1CCCCN1C(=O)c1cccc2ccncc12;Cn1ccc(C(=O)N2CCOc3ccccc3C2)cc1=O;O=C(OC1(C2CC2)CC1)c1cn(Cc2cccnc2)nn1;CCc1cc(Nc2ccc3c(c2)NC(=O)C(C)O3)ncn1;COc1c[nH]c(C=Cc2ccc3c(c2)CC(C)O3)nc1=O;COc1ccccc1S(=O)(=O)NCCC1CCNC1;CC1(C)CN(c2ccc(C#N)c(C(F)(F)F)c2)CCO1;CCn1nc(C)c2c1C(=O)NCC(c1ccc(O)cc1)=N2;CCCNc1ccccc1NC(=O)C(C)S(C)(=O)=O;CN(CC1COc2ccccc2O1)C(=O)c1ccncc1;CC(=O)c1cc(Nc2cc(C)nc(N)n2)cc(C(C)=O)c1;Cc1cc(N2CCC(CS(N)(=O)=O)CC2)nc(C)n1
m_847112,O=S(=O)(c1cccs1)N1CCCC1c1nc(CCC(F)(F)F)no1;O=C(O)c1ccc(S(=O)(=O)NCC2CCCS(=O)(=O)C2)c(Cl)c1;CC(=O)CCN(CCNC(=O)OC(C)(C)C)c1nc2cc(Cl)ccc2o1;COc1ccc(-c2c(C)noc2NC(C)=O)cc1S(=O)(=O)NC(C)(C)C;COc1ccc(-c2c(Cl)ncn2-c2ccc(S(N)(=O)=O)cc2)cc1F;CN(C)c1ccc(C=NNC(=O)c2ccn(Cc3ccc(Cl)cc3)n2)cc1;COC(=O)C1CN(C(=O)C2CCCO2)CC1c1ccc(Br)cc1;O=S(=O)(c1csc2ccc(Cl)cc12)N1CCCCC1c1ncc[nH]1;COC(=O)C1C(=N)Oc2c(oc(CO)cc2=O)C1c1c(F)cccc1Cl;COC(=O)C1=C(N)Oc2c(oc(CO)cc2=O)C1c1c(F)cccc1Cl;Cn1cnnc1CNC(=O)C1CCCN1C(=O)c1cc(Cl)ccc1Cl;O=C(O)C1CC1C(=O)NCC1(c2ccc(Br)cc2)CCOCC1;CN(CC(=O)NCC(=O)Nc1ccc(F)c(F)c1)Cc1ccccc1Cl;NS(=O)(=O)c1cccnc1NCC1(c2ccc(Cl)cc2)CCOCC1;CC(=O)Nc1nc(C)c(S(=O)(=O)N2CCc3cccc(C(=O)O)c32)s1;NS(=O)(=O)c1cccnc1NCC1(c2cccc(Cl)c2)CCOCC1;O=C(O)C1CCCN(C(=O)c2ccc(Cn3cc(Br)cn3)o2)C1;CCn1cnc2c(c1=O)CCN(C(=O)COc1cc(Cl)cc(Cl)c1)C2;Cn1c(C(=O)NCc2ccc(Cl)cc2)nnc1N1CCOC(CCF)C1;O=C(CN1CCN(C(=O)c2cccs2)CC1)Nc1cc(Cl)ccc1F;O=C(O)CC(NC(=O)C1CC12CCOCC2)c1ccc(Br)cc1;CC(NC(=O)c1cccs1)c1cc2c(cc1Br)OCCCO2;O=C(NCc1csc(-c2ccccc2)n1)c1ccc(N2CCOCC2)nn1;COc1cccc(-c2nsc(NC(=O)c3cc(F)c(F)cc3Cl)n2)c1;CC1(C)OB(O)c2cc(NC(=O)c3ccc(-n4cccn4)cc3Cl)ccc21
m_875d74,Cc1cnccc1NS(=O)(=O)c1ccc2c(c1)CCC2;CCSc1ccc(NC(=O)NCc2ccncc2)cn1;CC(C)c1ocnc1C(=O)NCc1ccc(C(=O)O)cc1;COc1cc(Cl)cc(CNc2cnc3[nH]ncc3c2)c1;COc1cc(CNc2cnc3[nH]ncc3c2)ccc1Cl;C=Cc1ccc(S(=O)(=O)NC(C)c2cccnc2)cc1;Cc1cnccc1CC(=O)NC(C)c1ccccc1Cl;COc1ccc(CNc2cnc3[nH]ncc3c2)cc1Cl;COc1ccc(OC)c(-c2cc(C(=O)NC3CC3)no2)c1;NC(=O)Cc1ccccc1NC(=O)CCc1ccsc1;CNc1ccccc1C(=O)Nc1ccc(F)c(C(=O)O)c1;Cc1cc(=O)[nH]cc1C(=O)N1CCOc2cc(F)ccc21;CN(Cc1ccccc1Cl)C(=O)C(N)c1ccccc1;CN(CC(=O)Nc1nncs1)C1CCc2ccccc21;O=C(CN1Cc2ccccc2C1=O)NC1CC(C(=O)O)C1;Cc1ccc2oc(C(=O)N3CCCCC3C(=O)O)cc2n1;COc1ccccc1-n1nccc1C1OCCC1C(=O)O;O=C(Nc1cnc2ccccc2c1)c1ccc2nccn2c1;Cc1ccc2oc(C(=O)N3CCCC(C(=O)O)C3)cc2n1;CCc1ocnc1C(=O)Nc1cccc(CCC(=O)O)c1;O=C(NCC1CCCOC1)c1ccc(C(F)(F)F)nc1;Cc1nc(CCC(=O)NCC(=O)O)oc1-c1ccccc1;N#CC1(C(=O)NCc2cccc(C(=O)O)c2)CCOCC1;Cc1cccc2nc(N3CC4COCC4(C(=O)O)C3)oc12;Cc1noc(C)c1CCNC(=O)c1cccc(C(=O)O)c1
m_88505f,Cc1noc(C2CN(Cc3cc(Br)c[nH]3)CCN2C)n1;Cc1cc(Br)ccc1CC(=O)NC1CCN(C(N)=O)C1;CC(=O)NCCNC(=O)NC1CC1c1ccccc1Br;CC(C)c1n[nH]c(C(=O)N(C)C(C)c2ccco2)c1Br;CC(C(=O)NC1CCN(C(N)=O)C1)c1ccc(Br)cc1;CCc1ccc(Br)cc1C(=O)N1CC(NC(=O)NC)C1;O=C(O)C1CN(S(=O)(=O)c2ccc3ccccc3c2F)CCO1;O=C(Nc1cccc(Cl)c1Cl)N1CCCC(n2ccnn2)C1;Cc1cc(C)cc(CC(NS(=O)(=O)c2ccsc2)C(=O)O)c1;Cc1ccc(S(=O)(=O)N2CC(c3cc(C(=O)O)[nH]n3)C2)cc1F;COc1cc(NS(=O)(=O)c2cc(F)ccc2C)ccc1C(=O)O;O=S(=O)(NCC1CCCOC1)c1cc(O)cc(C(F)(F)F)c1;CCN(c1cccc(O)c1)S(=O)(=O)c1cc(F)cc(C(=O)O)c1;CCOc1cc(S(=O)(=O)Nc2cccc(C(=O)O)c2)ccc1F;NC(=O)C1CCN(CC(=O)Nc2ccc(Br)cc2)CC1;Cc1ccc(F)c(NS(=O)(=O)c2ccc(OCC(=O)O)cc2)c1;Cc1cc(S(=O)(=O)NC(Cc2ccccc2)C(=O)O)c(C)s1;CCOc1cccc(S(=O)(=O)Nc2ccc(C(=O)O)cc2F)c1;O=S(=O)(c1ccccc1NCC1(O)CCOCC1)C(F)(F)F;CC(NC(=O)N1CCNC(=O)CC1)c1ccccc1Br;Cc1oc(C(=O)O)cc1S(=O)(=O)N1CCC1c1ccc(F)cc1;Cc1ccc(C(CNC(=O)c2ccc(Cl)s2)OCCO)cc1;O=C(O)c1ccc(F)c(S(=O)(=O)N2CCC(n3cccn3)C2)c1;O=S(=O)(NCC1CCOc2ccccc21)c1cc(F)ccc1F;CCOc1cc(S(=O)(=O)Nc2ccc(C(=O)O)cc2)ccc1F
m_88a263,CN1C(=O)COC(C(=O)N2CCOC3CC32)C1c1cccnc1;Cc1occc1C(=O)N1CCC(CO)(Cc2ccc(F)cc2)C1;CC(NC(=O)NC1CCSc2ccccc21)c1nncn1C;Cc1cc(CC(=O)N2CCCC2Cc2ccccc2Cl)n[nH]1;CCC1CN(C(=O)Cn2nc(-c3ccccc3)oc2=O)CCO1;Cc1cc(C(=O)N2CCCCC2c2[nH]ncc2C(=O)O)c(C)o1;Cc1ccc(OCC(=O)NC2COCC2Oc2cn[nH]c2)cc1;O=C(O)CN1C(=O)NC2(CCN(Cc3ccccc3)CC2)C1=O;O=C(c1cc2n(n1)CCCC2)N1CCc2c(F)ccc(F)c2C1;O=C(O)COCC1CCN(C(=O)c2cc3cccnc3[nH]2)CC1;NC(=O)C1CN(C(=O)c2ccc(C(=O)NC3CC3)cc2)CCO1;Cc1c(C(=O)NCCc2ccc(OCC(=O)O)cc2)cnn1C;Cc1ncnc(N2C3CCC2CC(n2cc(Cl)cn2)C3)c1C;CC(=O)N1CC(C(=O)NC(C)c2ccc3c(c2)NC(=O)CO3)C1;CC(C)N(C(=O)C1CC1c1cnn(C)c1)c1ccc(Cl)cc1;Fc1ccccc1N1CCN(Cc2csc(C3CC3)n2)CC1;O=C(CN1CCn2c(nnc2C2CC2)C1)NCc1cccs1;CC(=O)Nc1ccc(O)c(C(=O)N2C3CCC2CC(=O)NC3)c1;O=C(c1n[nH]c2c1CCC2)N1CCCC1c1ccc(F)c(F)c1;NC(=O)c1cc(NC(=O)CC2CCC(C(F)(F)F)CC2)c[nH]1;O=C(NC1CCCN(S(=O)(=O)C2CC2)C1)N1CCOCC1;O=C(O)C1CCC(C(=O)N2CCN(c3ccccc3)C(=O)C2)N1;Cc1cccc(C=NNc2nnc3c4ccccc4n(C)c3n2)n1;COc1cc(NC(=O)c2cn(C(C)C)nc2C)ccc1C(=O)O;COCC1(C(=O)O)CCCN1C(=O)Cc1c[nH]c2ncccc12
m_895051,Cc1nccc(CCC(=O)N2CCNC(=O)CC2c2ccccc2)n1;COc1ccc(COCc2cccc(NCc3ncnn3C)c2)cc1;CC(NS(=O)(=O)CC12CC3CC(CC(C3)C1)C2)c1nncn1C;CN1CCC2(CC1)CCN(C(=O)Cc1ccccc1OC(F)F)C2;CN(c1cccnn1)C1CCN(C(=O)C2Cc3ccccc3O2)CC1;Cc1ccc(N2CC(C(=O)NC3CCc4nccn4C3)CC2=O)cc1;CN1C(=O)CCC(C(=O)N2Cc3ccccc3C2)C1c1cnn(C)c1;CCCn1cc(C(=O)N2CCCC2c2noc(C)n2)c2ccccc21;CC1(C)C(=O)Nc2ccc(C(=O)N3CCC(n4ccnc4)CC3)cc21;Cc1nnc(CNC(=O)C2CC23CCOc2ccccc23)n1C1CC1;CN(C)Cc1nc(C(C)(C)NC(=O)c2ccc3ccccc3c2)no1;COCC1CN(c2cc(N3CCSCC3)ncn2)CC(C)(C)O1;COc1cc(C#N)ccc1Cn1nc(C)c(C2CCCC(=O)N2)c1C;O=C(c1cccc(-c2noc(C3CC3)n2)c1)N1CCN(C2CC2)CC1;CCC(C)NC(=O)c1ccc(NC(=O)c2ccnc(C3CC3)n2)cc1;Cc1nc(C2CCCN(C(=O)Cc3cn(C)c4ccccc34)C2)no1;CN(C)Cc1nc(C(C)(C)NC(=O)c2cccc3ccccc23)no1;O=C(N1CCN(c2ncccn2)CC1)C1(O)CCc2ccccc2C1;Cc1nccc(C(=O)Nc2ccc(C(=O)N3CCCCCC3)cc2)n1;O=C(O)CCCc1nc2ccccc2c2nc(C3CCCCC3)nn12;Cc1nc(N2CCOCC2)ccc1NC(=O)C1CC1c1cccnc1;CC(=O)N1c2ccccc2CC1C(=O)N1CCCC1c1cnn(C)c1;O=C(NCc1nnc(C2CC2)n1C1CC1)C1OCCc2ccccc21;O=C(O)C1c2ccccc2CCN1Cc1nnc(C2CC2)n1C1CC1;NC12CCC(CNC(=O)c3cnnc(-c4ccccc4)c3)(CC1)OC2
m_89a6f2,CC(C(=O)Nc1ccnn1C(C)C)N1CCN(c2cnccn2)CC1;CCc1[nH]ccc1C(=O)N1CC(c2nc(COC)n[nH]2)C(C2CC2)C1;Cc1ccnc(N2CCC(C3OCCCC3c3nc(C)no3)CC2)n1;CNc1cc(N2CCCC2CNC(=O)c2cc(C(C)C)[nH]n2)ncn1;Cc1ccc(C(=O)NCC2CC(c3nnc(N(C)C)[nH]3)CC2O)cc1;C#CC(NC(=O)NCc1ccc(OC2CCN(C)CC2)cc1)C(C)C;Cc1nc2cc(NC(=O)C3CCCN3C(=O)NC(C)C)ccc2n1C;Cc1nc(=O)[nH]c(C)c1CCC(=O)NCC1C2CC3CC(C2)CC1C3;CCn1cnnc1CNC(=O)NCc1ccc(OC2CCCC2)cc1;CC(C)C(NC(=O)NCCOc1ccccc1)c1nnc2n1CCC2;CN1CCCC(CNC(=O)c2cc(C3CC3)no2)C1c1cncn1C;CC1(C)CN(C(=O)c2ccc3c(c2)C(CN)CCC3)CC2(CNC2)O1;Cc1cccc(C(=O)N2CCCC(CNC(=O)C3CCCN3)C2)c1C;O=C(Nc1cnc2c(c1)CCCC2)N1CCC(O)C(C2CCCC2)C1;Cc1cc(NC(=O)CNc2ccc(C(=O)NC(C)(C)C)cc2)n(C)n1;CN(C)c1ccnc(C(=O)NC(c2nccn2C)C2CCOCC2)c1;Cc1c(C2CN(C(=O)c3cc[nH]c3C(C)C)CC2C(N)=O)cnn1C;Cn1cnnc1C1CC(O)C(CNC(=O)c2cc[nH]c2C2CCC2)C1;CC(C)C(=O)N1CCN(C(=O)NC2CC(C)(c3ccccc3)C2)CC1;COC1CC(c2nncn2C)N(C(=O)c2cccn2C2CCCC2)C1;Cc1nccc(N2CCC(C3OCCCC3c3nc(C)no3)CC2)n1;Cc1nn(C)c2ncc(NC(=O)N3CCCC3C3CCOCC3)cc12;CNC(=O)c1nc(C)c(C)c(N2CCC(NCc3ccn(C)n3)C2)n1;CCn1cnc2c1CCN(C(=O)c1nn(C)c3c1CC(C)OC3C)C2;CC(C)(C(=O)Nc1cccc(C2CCCC(=O)N2)c1)N1CCCCC1
m_89b9d2,COC1(C(C)NC(=O)c2cc(F)c(O)c(Cl)c2)CCC1;CNC(=O)CNC(=O)c1nc(C(F)(F)F)n2ccncc12;O=C(Nc1ccc(-n2cnnn2)cc1)c1ccc(F)cc1F;O=C(O)CCNC(=O)C1CC1c1cccc(C(F)(F)F)c1;Cc1oc(CNC(=O)c2ccc3c(c2)CCO3)cc1C(=O)O;CC(C)CC(=O)Nc1cccc(-c2nn3cnnc3s2)c1;Cc1nc(Nc2ccc(OC(F)F)cc2)cc(C(F)F)n1;O=C(O)C1CCN(C(=O)c2sccc2-c2ccccc2)C1;CC(O)(CNC(=O)c1cc2ccccc2s1)c1ccco1;CC1(C(=O)O)CCN(C(=O)c2ccccc2C(F)(F)F)C1;COc1ccc(S(=O)(=O)N(CC(=O)O)CC(C)C)cc1;O=C(Nc1ccc(C2CC2C(=O)O)cc1)c1coc(CO)c1;O=C(Nc1cnc(-c2cccc(Cl)c2)nc1)C1CCCC1;Cc1nc(-n2cccc2)sc1C(=O)NCCn1cccn1;O=C(O)c1cc(NC(=O)C2CCC(F)(F)CC2)ccc1F;CC(NC(=O)NCc1ccc(Cl)cc1F)C(=O)N(C)C;O=C(O)c1ccc(F)c(NC(=O)C2CCC(F)(F)CC2)c1;O=C(O)CCCN1CCOC(c2ccc(F)c(Cl)c2)C1;O=C(CCC(F)(F)F)Nc1ccc(-n2nn[nH]c2=O)cc1;Fc1ccc(OCCNc2cc(C(F)(F)F)ncn2)cc1;Cc1ccc(OCCSc2nc3c(N)ncnc3[nH]2)cc1;Cc1ccc(F)cc1S(=O)(=O)N(CC(=O)O)CC1CC1;Cc1ccc(OCCn2c(S)nc3c(N)ncnc32)cc1;O=C(Nc1ccccc1-c1nn[nH]n1)c1cc(F)ccc1F;COc1cc2c(c(O)c1OC)c(=O)c1cccc(O)c1n2C
m_8b6b8e,Cc1nn(C)c(C)c1CC(=O)Nc1ncccc1O;Cc1nn(C)c(C)c1CC(=O)Nc1cccnc1O;N#Cc1cnc(NC2CC(O)C23CCOCC3)cn1;Cc1cc(CNC(=O)c2cc(C3CC3)n(C)n2)on1;COc1cc(C)ccc1OCc1nnnn1C1CC1;CCCCc1cc(NC(=O)c2cncc(O)c2)[nH]n1;COC1CC(c2nc(C)n[nH]2)N(c2cnccn2)C1;COc1ccc(-n2ncc(C(=O)O)c2C(C)C)cc1;Nc1nccnc1C(=O)NCCc1cccc(F)c1;CC(C)(C)c1cc(NC(=O)c2nccnc2N)[nH]n1;CC(C)CC1C(=O)NCCN1C(=O)C1CC1(F)F;O=C(O)C1CCC(=O)N(C2CC2)C1c1ccncc1;O=C(NCc1ccc(N2CCOC2=O)cc1)C1CC1;CC(C)c1cc(C(=O)Nc2ccnn2C)cc(O)n1;CCCC(O)C1OCC2=C1C(O)C(O)C(O)C2O;CC(C)c1cc(C(=O)Nc2ccnn2C)cc(=O)[nH]1;Cc1ccc2oc(N3CCCC(C(=O)O)C3)nc2c1;CCCCc1cc(NC(=O)c2ccc(O)nc2)[nH]n1;CCCNC(=O)COc1cccc(-n2cncn2)c1;O=C(NCC1CNCCO1)c1ccc2nccn2c1;Cn1nccc1C1CCCCN1C(=O)c1c[nH]nn1;Cc1c(C(=O)N(C)CCC(N)=O)ccc2cncn12;CN(C)c1ccnc(-c2noc(C3CC(O)C3)n2)c1;Cc1cnc(NCC2CCOC2c2ncn[nH]2)nc1;CCc1cc2c(NCC(C)(C)C#N)ncnc2s1
m_8bb047,Cc1ncccc1NC(=O)Cc1c[nH]c2ncccc12;Nc1ncnc2c1ccn2C1OC(CO)C(O)C1O;Nc1nccc2c1ncn2C1OC(CO)C(O)C1O;COc1ccc(-c2nc(Cc3ccccc3)no2)cc1;Cc1ccc(C(=O)N2CCOCC2CC(=O)O)n1C;Cc1ccc(NC(=O)c2ccc3nncn3c2)c(C)c1;COCC1CC(O)CN1c1nc2c(F)cccc2o1;CC1CN(c2nc3c(F)cccc3o2)CC(CO)O1;O=C1Cc2cc(-c3cccc4c3OCCC4)cnc2N1;CC(C)(C)n1cnc(C(=O)NCC2(C(=O)O)CC2)n1;CC=C(C(=CC)c1ccc(O)cc1)c1ccc(O)cc1;CN(C(=O)CCc1ccccc1Cl)C1CCNC1;CCOCC(O)Cn1cnc2cccc(F)c2c1=O;Cc1ncoc1C(=O)NCc1ccc2ccccc2c1;O=C(Cc1cc2ccccc2o1)NCc1ccncc1;CN(C)C(=O)C1CCCN(C(=O)CC(F)(F)F)C1;CCc1ncc(NC(=O)NC2(CO)CCOC2)cn1;c1ccc(C2CC2Cc2nc(-c3ncc[nH]3)no2)cc1;Cc1cc(CNc2cnccn2)ccc1-n1cncn1;C[N+](C)(C)CCOC(=O)C=Cc1ccc(O)c(O)c1;O=C(NCCc1cc2ccccc2o1)c1ccncc1;N#Cc1c(F)cccc1NCC1(O)CCSCC1;CCc1n[nH]c(NC(=O)Cc2cccc(F)c2F)n1;Cc1ccccc1COc1cccc(-c2nnco2)c1;CC1CC(=O)NC(C(=O)Nc2cccc(F)c2O)C1
m_8c72d4,O=C(NCC1CCN(CC(F)(F)F)CC1)c1nc(N2CCCC2)ncc1Cl;O=C(c1cc(C(=O)N(Cc2ccc(C(F)(F)F)cc2)C2CC2)c[nH]1)N1CCCC1;CCN(CC)S(=O)(=O)c1ccc2nc(O)cc(C(=O)N3CCCCCC3)c2c1;COc1ccc(-c2c(C#N)c(N)nc3c2CCCCC3)cc1COCC(F)(F)F;O=C(CCc1nc2ccccc2c(=O)[nH]1)N1CCCC1c1ccc2c(c1)OCCO2;C=CCN(C(=O)c1nn(-c2ccccc2C(F)(F)F)c(C)cc1=O)C1CCCC1;Cc1nc(-c2ccc(CNC(=O)C3CCCN3C(=O)c3ccccc3)cc2)cs1;C#CC(NC(=O)c1cccc(S(=O)(=O)N2CCNC(=O)C2)c1)C1CCOCC1;Cc1ccc(-c2nn(CCC#N)cc2C(=O)Nc2ccc(F)c(C(N)=O)c2)cc1C;COc1cc(C(=O)N2CC(OCc3cccc4ccccc34)C2)cc2c1OCCO2;Cc1nn(-c2ccccc2F)c(C)c1C1COCCN1C(=O)c1ccc(C#N)cn1;Cc1ccc(F)c(S(=O)(=O)N2CCC(Oc3cccnc3N3CCCC3)C2)c1;CC(C)N(CC(=O)N1c2ccc(S(N)(=O)=O)cc2CC1C)c1ccc(F)cc1;Cc1scc(C(=O)NCCN2CCN(C(=O)c3csc(C)c3C)CC2)c1C;CCOc1ccc(CNS(=O)(=O)c2cc(C(=O)N3CCCC3)n(C)c2C)cc1;O=C(NC1CCN(C(=O)c2csc(Cc3ccccc3)n2)CC1)c1ccccc1;Cc1ccc(S(=O)(=O)N(CCN2CCOCC2)c2ccccc2)cc1[N+](=O)[O-];Cc1ccc(Sc2ncccc2C(=O)N2CCN(c3ncccn3)CC2)cc1C;O=c1ccc(-n2cccn2)nn1CC1CCN(c2nccc(C(F)(F)F)n2)CC1;Cc1cccc(NC(=O)COC(=O)C2C3CCC(C3)C2C(=O)c2ccccc2)c1C;Cc1cc(C(=O)N2CCCC(c3nc(-c4cccc(F)c4)no3)C2)c2[nH]ncc2c1;COc1ccc(CNCCC(=O)N2CCN(c3ccc(F)cc3)CC2)cc1Cl;CCCCNC(C(=O)NC1C(=O)N2C1SC(C)(C)C2C(=O)O)c1ccccc1;O=[N+]([O-])c1ccc(CCN2CC3CCCC3(c3nc(-c4cccnc4)no3)C2)cc1;COc1ccc(OCC(=O)Nc2c(C#N)c(C)c(C)n2-c2ccc(OC)cc2)cc1
m_8d19fa,Cc1ccc(CC(C)NC(=O)CN(C)S(C)(=O)=O)c(C)c1;Cc1ccccc1CCNC(=O)COc1ccc(C(N)=O)cc1;Cc1ccc(C)c(CN(C)C(=O)c2ccc(C(=O)O)c(C)n2)c1;CC(NC(=O)CC(C)(C)C)c1ccccc1NS(C)(=O)=O;CCc1ccc(CS(=O)(=O)NCC2CN(C)CCO2)cc1;CCCS(=O)(=O)Nc1cc(CN2CCOCC2)ccc1C;COc1ccccc1CC(=O)NC1CCOC1c1cccnc1;COc1cc(CNc2cccc(C(N)=O)c2)c2c(c1)CC(C)O2;O=C(NCCN(CCO)C(=O)c1ccccc1)c1ccccc1;COc1ccc(C(C)C)cc1S(=O)(=O)N1CCN(C)CC1;CC(C)C(=O)N1CCCc2ccc(NC(=O)c3ccco3)cc21;CCOc1ccc(S(=O)(=O)N2CCN(C)CC2)c(C)c1C;COc1ccc(S(=O)(=O)N2CCCCC2C(C)N)c(C)c1;Cc1cc(C)cc(CNCCS(=O)(=O)N2CCOCC2)c1;CC1(C)C2OCCC2C1OC(=O)c1ccc(-n2ccnc2)cc1;COc1cccc(Cc2noc(C34CC3COC43CCC3)n2)c1;Cc1ccc(CNCCS(=O)(=O)N2CCOCC2)cc1C;Cc1cc(C)c(S(=O)(=O)NCCN2CCOCC2)cc1C;CC(C)C(C(=O)Nc1ccc(C(=O)NO)cc1)c1ccccc1;CCN(CC)S(=O)(=O)CC(=O)NCCCc1ccccc1;CCc1ccccc1NC(=O)CCOc1ccccc1C(N)=O;CN(C(=O)c1ccoc1C1CC1)C1CCOC1c1cccnc1;Cc1ccc2c(c1)CN(C(=O)C(C)Oc1cccnc1)CCO2;Cc1occc1C(=O)NC(Cc1ccccc1)C(=O)NC1CC1;CN(C)c1cccc(C(=O)NC(Cc2ccccc2)C(=O)O)c1
m_8d374f,Cc1nc(Nc2ccccc2)cc(N2CCS(=O)(=O)CC(C)C2)n1;Cc1cc(C(=O)N2CCC(Cc3ccc(F)c(F)c3)CC2)cc(O)n1;CC(Oc1ccccc1C#N)C(=O)N(CCC(=O)O)CC1CCCO1;COc1ccc(-c2ccc(C(=O)N3CCC(CN)C3)c(F)c2)c(F)c1;O=C(O)CCN(C(=O)C1CNC(=O)c2ccccc21)C1CCOCC1;COc1ccc(C(NC(=O)N2CCCC(CO)C2)C(F)(F)F)cc1;C[S+]([O-])c1ccc(C(=O)NCCc2nnc3n2CCCCC3)cc1;CC(=O)N1CCCC(O)(C(=O)Nc2cnn(-c3ccccc3F)c2)C1;c1cnc2[nH]cc(Cc3nc(-c4ccnc(N5CCCC5)c4)no3)c2c1;O=C(c1cc(OCC(F)F)ccn1)N1CCC(Cc2ccccc2)C1;CCNC(=O)c1ccc(NCc2csc(CC(=O)NC)n2)c(C)c1;CCc1ccccc1N1CC(C(=O)N2CCOCC2C(=O)O)CC1=O;Cc1cc(C)cc(-c2nnc(NC(=O)NCC3CCC(O)C3)s2)c1;Cn1nc(C2CCCO2)cc1NC(=O)N1CCCC1c1cccs1;COC1CNC(C(=O)NCc2ccc(C)cc2OCC(F)(F)F)C1;CC(C)(C(=O)O)C(=O)N1CCn2c(Cc3ccccc3F)nnc2C1;COC(=O)c1ccc2c(c1)CCC(NC(=O)C1CCCCO1)C(=O)N2;Cc1c(C2C(C(=O)N(C)Cc3cccs3)CC(=O)N2C)cnn1C;Cc1cc(C(=O)N2CCC(n3cc(C(=O)O)nn3)CC2)cc(C)c1F;CCn1nnc2cc(C(=O)Nc3cccc(Cn4ccnc4)c3)ccc21;O=C(O)CC1CN(C(=O)C2CC(=O)N(Cc3ccccc3)C2)CCO1;Cc1[nH]c(=O)c(C#N)c(C)c1CCC(=O)Nc1cccc2cccnc12;Cc1ccc(F)c(-n2cc(O)c(C(=O)NC3CCC(=O)N(C)C3)n2)c1;CC1(C)CCN(c2cc(Nc3ccccc3)ncn2)CCS1(=O)=O;c1ccc2sc(SN(C3CCCCC3)C3CCCCC3)nc2c1
m_8d75c7,Cc1nc(C2CCCN2C(=O)c2nn(C)cc2Br)cs1;Cc1oc(Br)cc1C(=O)N1CCCCC1c1nc(=O)[nH][nH]1;Cc1cc(Br)oc1C(=O)N1CC(N)CCC1C(F)(F)F;Cc1cnc(C(NC(=O)Cc2ccc(-n3cnnn3)cc2)C2CC2)s1;Cc1ccc(Cc2noc(C3CC(=O)N(Cc4ccccn4)C3)n2)s1;CC(=O)N(CC(=O)O)CC1CN(C(=O)Cc2ccc(C)s2)CCO1;O=C1OC(C(O)C(O)O)C(O)=C1OC1OC(CO)C(O)C(O)C1O;OCC1OC(Oc2c(O)oc(C(O)C(O)O)c2O)C(O)C(O)C1O;CNC(=O)C1(C(=O)NC2CC2c2ccc(Br)c(F)c2)CC1;NC1CCC(C(F)(F)F)N(C(=O)COc2ccc(F)cc2Cl)C1;CC1CC(NC(=O)NCC2=CCCCC2)c2ccsc2S1(=O)=O;CCc1nc2n(n1)CC(NS(=O)(=O)c1ccc(F)c(OC)c1)CC2;O=C(CCC(NCC(O)C(O)CO)C(=O)O)NC(CS)C(=O)O;O=C(CNC(=O)c1ccccc1OC(F)F)NCCc1cccs1;NC(=O)C1CCOC1C1CCN(c2ncc(Br)cn2)CC1;O=S1(=O)OC(c2ccc(O)cc2)(c2ccc(O)cc2)c2ccccc21;COC(=O)CNC(=O)CNS(=O)(=O)c1cccc(Cl)c1Cl;CC(Nc1ccc(C#N)n(C)c1=O)c1cc2cc(Cl)ccc2[nH]c1=O;Cc1noc2ncnc(NC(CO)c3ccccc3OC(F)(F)F)c12;Cc1ccc(S(=O)(=O)Nc2c(C)ccnc2C)c(Br)c1;Cn1cc(-c2csc(CNc3ccc(N4CCCC4=O)cn3)n2)cn1;COCC1(C(N)=O)CCCN1C(=O)c1cccc(C)c1Br;Cc1cc(C(=O)O)cc(S(=O)(=O)Nc2ccsc2C(N)=O)c1C;Cc1noc(C)c1C(C)C(=O)NC(C(=O)O)c1ccc(Cl)c(F)c1;N#Cc1ccc(NC(=O)CN2CCN(c3ccccc3)CC2)cc1Cl
m_8db7e3,Cn1ncc(NC(=O)NC2CCNCC(C)(C)C2)c1C(F)F;Cc1n[nH]c(C)c1C(C)CC(=O)NCC(O)Cc1ccccc1;CC1CC(N)CCN1C(=O)Cc1ccc(N2CCCC2=O)cc1;CN1CC(NC(=O)NCc2ccc(C3CCC3)cc2)CCC1=O;Cc1ccc2c(CCNC(=O)NC3CCOCC3)cn(C)c2c1;Cc1ccc(N2CCC(C(=O)N(C)C3CCNC3)C2=O)cc1C;O=C(NCC(CO)CC1CCCCC1)c1ccc2[nH]cnc2c1;O=C1CN(C(=O)NCCC2CC2Cc2ccccc2)CCCN1;NC(=O)c1cccc(C(=O)N2CCCN(CC3CCC3)CC2)c1;O=C(O)C1CCC(C(=O)N2CCC(Cc3ccccc3)C2)CC1;CN(c1ccccc1)C1CCN(C(=O)C2CCNC(=O)C2)CC1;CC(C)CC1CCOCCN1C(=O)c1ccc2c(c1)ncn2C;COc1ccccc1N1CCN(C2CCN(C3CC3)C2=O)CC1;NC1CC(CC(=O)N2CCCN(C(=O)c3ccccc3)CC2)C1;CCC1CN(C)c2ccccc2CN1C(=O)C1CCNC(=O)C1;CC(C)CN1CC(C(=O)N2CCC(c3ccccn3)C2)CC1=O;Cc1cc(CNC(=O)NCC(Cc2ccccc2)C(C)C)on1;COCCC1CCCCN(C(=O)c2ccc3c(c2)ncn3C)C1;COc1ccc(CC(C)(C)NC(=O)Cc2c(C)n[nH]c2C)cc1;CC1(C)Cc2[nH]ncc2CN(C(=O)c2nc3n(n2)CCCN3)C1;Cc1ccc(N2CCCCC2)cc1NC(=O)C1CCCC(=O)N1;CC1CCN(C(=O)CN2CC(C)C(=O)Nc3ccccc32)CC1;CC(=O)Nc1ccc(CCNC(=O)NC(C2CC2)C2CC2)cc1;CC(C)CC(NC(=O)C1COC(C)C1)c1nc2ccccc2[nH]1;Cc1n[nH]c(C)c1CC(C)C(=O)NCC(O)Cc1ccccc1
m_8e45f7,Cc1ncsc1C(=O)N(C)Cc1nccn1CC(F)(F)F;Cc1cccc(Cl)c1S(=O)(=O)NC1(CN)CCOCC1;CN(Cc1ccncc1)C(=O)CNC(=O)c1ccc(Cl)cn1;Cc1nccn1CC1CN(c2nc3ccc(Cl)cc3s2)C1;Cc1ccc(Cl)c(S(=O)(=O)NC2(CN)CCOCC2)c1;O=C(NCc1nnc2n1CCC2)C1Cc2cc(Cl)ccc2O1;CN(C)c1oc(-c2ccco2)nc1S(=O)(=O)c1ccccc1;CSc1nc2c(c(=O)n1-c1cc(C)cc(C)c1)SC(C)C2;CN(c1ccccc1)S(=O)(=O)c1ccc2c(c1)oc(=O)n2C;Cc1cnn(CC2CN(c3nc4c(Cl)cccc4s3)C2)c1;COc1ccc(-c2ccc(CNc3n[nH]c(C)n3)o2)cc1Cl;O=C(O)c1ccc(C(=O)N2CCN(c3ncccn3)CC2)s1;N#Cc1ccc(S(=O)(=O)NC2CCc3nnnn3CC2)cc1;Cc1ccc(Cl)c2sc(N3CC(Cn4ccnc4)C3)nc12;COC(=O)c1ccc(S(=O)(=O)NC2CCCNC2C)s1;CCC1=C(C(=O)OC)C(c2ccccc2Cl)N2NC=NC2=N1;O=S(=O)(Nc1cnc2c(c1)CCC2)c1cccc2c1OCO2;O=C1CN(Cc2nc3ccc(Cl)cc3c(=O)[nH]2)CC2(CC2)N1;CC(C)N(C(=O)CS(=O)(=O)c1ncccc1Cl)C(C)C;Cn1cc(NC(=O)C(=O)N2CCc3ccc(Cl)cc3C2)cn1;Cn1cc(N2CCC(NC(=O)c3cccc(Cl)c3)C2=O)cn1;Cc1cccc(C(=O)OCCNC(=O)c2ccncc2)c1Cl;CC1CN(C(=O)c2ccn(C)c(=O)c2)c2cccc(Cl)c2O1;CCn1ncc2c(=O)n(Cc3cccc(OC)c3Cl)cnc21;COc1ccc(S(=O)(=O)NCC2CCCNC2)cc1Cl
m_8eaf01,Cc1ncc(C(=O)N2CCC(NCC3CC3)CC2)c(N)n1;Cc1ccc(CC(=O)N2CCN(CC(N)=O)CC2)cc1C;COc1cccc(CNC(C)Cn2cc(C)cn2)c1OC;COc1ccc(N2CCN(C(=O)C(C)C3CC3)CC2)nc1;CC(C)(C)c1nnc2ccc(NC3CCOC3(C)C)nn12;CCOc1cccc(CC(=O)NC2CC(N)C23CCC3)n1;COc1cnccc1C(C)NC(=O)NCC1(C2CC2)CC1;CCc1cc(NC2CC(C)(C)OC2(C)C)n2ncnc2n1;COc1ccc(N2CCN(C(=O)C3CCCC3)CC2)nc1;Cc1ccc(CC(=O)N2CCC(N3CCOCC3)C2)cn1;CN1CCCC1C(=O)N1CCC(Nc2cccnn2)CC1;c1ccc2c(c1)CCc1cccc3c1C2CN1CCCCC31;Cc1cc(NC(=O)N2CCC(N3CC=CC3)CC2)nn1C;CCCCN1CCCCC1CNc1ccc2nnnn2n1;CCc1ncnc(N2CCCC(n3cc(C)cn3)C2)c1F;COc1cc2c(cc1OC)C(=O)C(CC1CCNCC1)C2;CC(C)Nc1ccc(C(=O)NC2CCOC2C2CC2)cn1;O=C(c1c[nH]nc1C1CC1)N1CCCC(OCC2CC2)C1;Cc1cccc(CCNC(=O)N2CCC(C(N)=O)CC2)c1;CCn1cncc1CNCC1CCCOC1c1cn[nH]c1;NC(=O)c1ncn(C2CCCN(CC3CC=CCC3)C2)n1;Cc1ccc(CC(=O)N2CCCCC2CC(=O)O)cc1C;COC(=O)c1cnc(N2CCCC2C2CCCCC2)nc1;CC(C)(C)c1ccc(CCCN2CCCC2C(=O)O)cc1;CC(C)N(C(=O)c1ccnc(C2CC2)n1)C1CCOCC1
m_9068e1,Cc1ccccc1C1CC(C)N(C(=O)c2ccn(C)c(=O)c2)C1;CSCCC(N)C(=O)N1CC(c2ccc(F)cc2)CC1C;Fc1ccc2c(c1)C(NCCc1nnc3ccccn13)CCC2;Cc1ccccc1C1(CNC(=O)c2cccnc2)CCOCC1;CN1CCC(NCc2ccc(C(=O)O)cc2)C1c1ccccc1;Cc1ccc(C2OCCCC2CNC(=O)c2ccncc2)cc1;CC(C)NC(=O)c1ccc(NCC2Cc3ccccc3O2)cc1;CCC(CC)CS(=O)(=O)N1CC(C)(C)C1c1ccncc1;CN(CC(=O)O)C1CCN(CCOc2ccccc2F)CC1;O=C(NCCOc1ccc(F)cc1F)N1CC(CC2CC2)C1;NC(C(=O)N1CCOC(Cc2ccccc2)C1)c1ccccc1;Cc1ccc(C)c(S(=O)(=O)N(C)CC2(N(C)C)CCC2)c1;COc1cc(C)c(CN(C)C(=O)C2(F)CCNC2)cc1OC;O=C(NCc1ccccc1CN1CCOCC1)c1ccccc1;Cc1ccc(=O)n(CC2CN(c3ncnc4cc(C)[nH]c34)C2)n1;COc1cccc(F)c1C(C)NC(=O)NC1CCCCC1O;Cn1ccnc(N2CCC(Nc3ncccc3C#N)CC2)c1=O;Cn1ccnc(N2CCC(Nc3ccc(C#N)cn3)CC2)c1=O;Cc1cc(CNC(=O)C2(C(=O)OC(C)(C)C)CCCO2)no1;OCCCc1nc2ccccc2n1CCCOc1ccccc1;CC1COC(CNc2ccc3nnc(-c4ccncc4)n3n2)C1;COc1ccc(C(C)NC(=O)NCC2(OC)CCC2)cc1F;COc1ccc(CC2CCN(C(=O)c3ccncc3)CC2)cc1;CN(C)C1(CNC(=O)COc2ccccc2F)CCOCC1;Cc1cc(C)n(CCNC(=O)c2cc(-c3ccccn3)n[nH]2)n1
m_907412,Cc1oc(C(=O)N(C)c2ccc(F)cc2)cc1S(N)(=O)=O;COc1ccc(Cl)c2sc(N3CCCC(CO)C3)nc12;Cc1ccc2c(N)c(C(=O)c3ccc4c(c3)OCO4)sc2n1;Cc1nc2ccccc2n(CC(=O)c2ccc(Cl)cc2)c1=O;CCCc1nn2c(-c3cccc(C(F)(F)F)c3)nnc2s1;O=C(NCc1ccc(-c2ccco2)nc1)c1ccccc1Cl;Cn1cnnc1C1CCN(S(=O)(=O)c2cccs2)CC1;CS(=O)(=O)c1cccc2sc(N3CCCC(O)C3)nc12;Fc1cccc(Cl)c1CN1CCN(c2cnsn2)CC1;CCOc1ccc2cc(-c3csc(CC#N)n3)c(=O)oc2c1;O=C1NCCCC1N1CC(Cn2cc(Br)cn2)C1;Cc1nc(-c2ccc(C(=O)Nc3ccccc3F)cc2)cs1;CCOc1cccc(-c2nn3c(-c4ccco4)nnc3s2)c1;COC(=O)c1ccc(C)c(S(=O)(=O)N2CC(=O)N(C)C2)c1;Cc1nc2ccccn2c1C(=O)NN=Cc1ccccc1Cl;CS(=O)(=O)N1CCCN(c2ncnc3sccc23)CC1;CC1CNCCN1C(=O)COc1cccc(Br)c1;COC1(C(C)NC(=O)c2cncc(Br)c2)CCC1;COC(=O)c1ccc(C(=O)Nc2ccc3scnc3c2)cc1;Cn1c(CSCc2ccc(F)c(F)c2)cc(=O)n(C)c1=O;COc1cc2c(c3oc(=O)c4c(c13)CCC4=O)C1C=COC1O2;Cn1ccc(C(=O)Nc2nc3c(s2)COc2ccccc2-3)n1;CCn1ncc(C#N)c1NS(=O)(=O)c1c(F)cccc1F;Cc1ncc(Br)cc1NC(=O)NC1CCCNC1;COc1ncc(Br)cc1CN1CC2C(CO)C2C1
m_90baa7,CC(=O)Oc1cc(OC(C)CCCc2ccccc2)cc2c1C1CC(O)CCC1C(C)N2;COc1cc(C)[nH]c(=O)c1CNC(=O)c1c(C)n(C(C)C2CCOCC2)c2ccccc12;CCN1CC2(COC)CCC(O)C34C5CC6C(OC)CC(O)(C5C6O)C(C(OC)C23)C14;Cc1cccc(N2CCN(c3ncc(S(=O)(=O)c4ccc(C)c(C)c4)c(N)n3)CC2)c1;O=C(CC(NC(=O)OCC1c2ccccc2-c2ccccc21)C(=O)O)OC1CCCCC1;Cc1c(OC(C)C(=O)NCC2CCC(C(=O)O)CC2)ccc2c1oc(=O)c1ccccc12;CCC=CCC=CCC=CCC=CCC=CCCCC(=O)NCCc1ccc(O)c(O)c1;COc1cccc(CNC(=O)COc2cc3c(c4oc(=O)cc(C)c24)CCC(C)(C)O3)c1;COc1ccccc1CNC(=O)COc1cc2c(c3oc(=O)cc(C)c13)CCC(C)(C)O2;COC(Cc1ccc(OCCc2nc(-c3ccccc3)oc2C)c2ccsc12)C(=O)O;Nc1cccc(Nc2nc(N3CCCCC3)nc(N(c3ccccc3)c3ccccc3)n2)c1;Cc1cccc(S(=O)(=O)N2CCCC2c2nc(-c3cccc(C(F)(F)F)c3)no2)c1;COc1ccc(CNC(=O)COc2cc3c(c4oc(=O)cc(C)c24)CCC(C)(C)O3)cc1;CN(C)S(=O)(=O)c1ccc(NC(=O)N2CCC(Nc3ccc(Cl)cc3)CC2)nc1;CN(C)S(=O)(=O)c1cccc(C(=O)Nc2ccc(S(=O)(=O)N3CCCC3)cc2)c1;O=P(O)(O)OCC1OC(n2cnc3c(NCc4ccccc4)ncnc32)C(O)C1O;CC(NC(C(=O)NC1C(=O)N2C1SC(C)(C)C2C(=O)O)c1ccc(O)cc1)C(=O)O;CCC=CCC=CCC=CCC=CCC=CCCCCCC(=O)NCCS(=O)(=O)O;O=C1CCC23C=CC(O)=NCCCCNCCCN=C(O)C=Cc4ccc(c2c4)OC3C1;CCn1c(Cc2ccccc2)nnc1SCC(=O)Nc1ccccc1N1CCOCC1;Cc1c(Cc2ccccc2)c(=O)oc2cc(OCC(=O)NC(CC(C)C)C(=O)O)ccc12;O=C1CCC23C=CC(=O)NCCCCNCCCNC(=O)C=Cc4ccc(c2c4)OC3C1;O=C(Cc1cccs1)NC1C(=O)N2C(C(=O)O)=C(CSc3ncn[nH]3)CSC12;O=C(O)CCC(NC(CCC(=O)NC(CS)C(=O)NCC(=O)O)C(=O)O)C(=O)O;CC(NCCc1ccc(O)cc1)C1CCC2C3CCC4CC(=O)CCC4(C)C3CCC12C
m_91512a,CC1CN(CC(F)(F)F)CCN(c2cnc(C#N)cn2)C1;Cc1ccccc1-n1ncc(C(=O)NC2(C(=O)O)CC2)c1C;Cc1ncc(CN(C)C(=O)NCC2CCC(CO)O2)s1;O=C(Nc1cccc(Oc2ccccc2)n1)NC1CC(O)C1;O=C(O)C1CCCN(C(=O)c2cc(-c3ccccc3)[nH]n2)C1;COC1CC(CN(C)S(=O)(=O)c2cccnc2)N(C)C1;Cc1ncncc1C(=O)N(C)C(Cc1ccccc1)C(=O)O;Cc1cc(C(=O)NCC(Cc2ccccc2)C(=O)O)ncn1;COCc1nsc(N2CC(C)OC3(CCCOC3)C2)n1;O=C(O)Cn1cc(NC(=O)Cc2ccc3c(c2)CCC3)cn1;Cc1ncc(C(=O)Nc2ccc(C(C)C(=O)O)cc2)c(C)n1;C=C(C)CN(CC)C(=O)c1cc(S(=O)(=O)N(C)C)c[nH]1;Cn1ccc(CN2CCCN(S(C)(=O)=O)CC2)cc1=O;Cc1nc2ccc(C(=O)N3CCCC3C(=O)O)cc2nc1C;COCC1CCC1NC(=O)Cc1ccc(OC(F)F)cc1;Cc1cnn(-c2ccc(C(=O)N3CCCC3C(=O)O)cc2)c1;O=C(NC1CC2OCCCC12)c1ccc(F)c2ccccc12;Fc1ccc(N2CCN(c3ccc4nncn4n3)CC2)nc1;CCn1nccc1C1CCN(S(=O)(=O)C2COC2)CC1;CC(NC(=O)c1cnc(-c2ccccc2)nc1)C(C)C(=O)O;O=C(c1coc(C2CCOCC2)n1)N1CCc2ccncc21;O=C1CCCN1C1CCN(c2cc(C(F)(F)F)ccn2)C1;O=C(COc1cccnc1)NC1CCOC1c1cccnc1;CC1CC(CO)CCN1C(=O)c1cccc(OC(F)F)c1;COc1ccnc(CNC(=O)N2CC(O)CC2CO)c1F
m_916daf,COCC1CN(C(=O)c2ccc3[nH]cnc3c2)CC1c1cnn(C)c1;Cc1nnc(C2CC(O)C(CNC(=O)c3cc4ccccn4c3)C2)[nH]1;Cc1nc(C2CN(S(=O)(=O)N3CCCCC3)CC2C2CC2)n[nH]1;COc1cccc2c(NC3CC(Cn4ccnc4)CC3O)ncnc12;CCOc1cccc(CNc2nn[nH]n2)c1OCc1ccc(C)cc1;O=C(Nc1cc(C23CC4CC(CC(C4)C2)C3)[nH]n1)c1ccc(=O)[nH]n1;Cn1cc(C(=O)NCC2CC(c3nnc[nH]3)CC2O)c2ccccc21;Cc1ccccc1-c1cc(NCc2cccc(C)c2F)n(CCO)n1;O=C(Cc1ccc2cn[nH]c2c1)NC1CC(Cn2cccn2)CC1O;Cc1ccc2ncc(-c3noc(C4(CC(C)C)CCNC4=O)n3)n2c1;O=C(NC1CCCN(c2cccnc2)C1=O)c1[nH]nc2c1CCCC2;O=C(CNC(=O)C1CC2CCC1C2)Nc1ccc(-n2cncn2)cc1;O=C(Nc1cc(C(=O)N2CCC(n3ccnc3)CC2)ccn1)C1CC1;Cc1ccc(-c2nc(CCNC(=O)NCCn3ccnc3)co2)cc1;CC(CNC(=O)Nc1nc2c(s1)COCC2)N1CCN(C)CC1;COCC(NC(=O)NCC1(C)CCNCC1)c1ccc(Cl)cc1;O=C(NC1CCCC(F)(F)C1)N1CCN(c2cccc(O)c2)CC1;Cc1cnccc1CNC(=O)N1CCN(C(=O)c2ccccn2)CC1;CC(C)n1cc(S(=O)(=O)Nc2cc(CC(C)(C)C)nn2C)cn1;CCOc1cc(CNc2nnnn2C)ccc1OCc1ccccc1;CCN1C(=O)CC(CNc2nc3ccccc3o2)C1c1nccn1C;O=C(NC1CC(Cn2ccnc2)CC1O)C1CC2(C1)CC(F)(F)C2;Cc1nnc(C2OCCC2CNC(=O)c2cc3ccccc3n2C)[nH]1;CC1(NC(=O)NC2CCN(c3ccccc3OC(F)F)C2)CCC1;CC(=O)NC1(c2nc(C)no2)CCN(Cc2cccc3[nH]ccc23)C1
m_921c43,CC1CN(C(=O)CNC2CC2)CC(c2ccc(F)cc2)O1;CCNC(=O)N1CCN(C(=O)c2ccn(C)c(=O)c2)CC1;CNC1CCCN(C(=O)CCOc2ccccc2OC)C1;CC(C)N1CCC(NC(=O)c2nc3n(n2)CCCN3)C1=O;CC(=O)NC(CCCCNCCc1ccccc1)C(=O)O;CC(C)N1C2CCC1CN(c1nc(C3CC3)ns1)CC2;Cc1occc1C(=O)NCC(=O)N1CC2(CCOCC2)C1;CC(C)N(Cc1ccc(F)cc1)C(=O)C1CCCC(=O)N1;N=C(N)NCCCCC(NCC(O)C(O)CO)C(=O)O;Cc1c(C(=O)NC2CC(=O)NC2=O)cnn1CCC(C)C;O=C(NC1CCCC1)N1CCOC(c2ccc(F)cc2)C1;CN1CCN(C2=Nc3ccccc3Nc3ccccc32)CC1;O=C(C1CNCCO1)N1CCCC1Cc1cccc(F)c1;COC(C)(CNC(=O)c1cc(O)nc(C(C)C)c1)C1CC1;Cc1ccc(CC(=O)N2Cc3ccccc3C3(CC3)C2)cn1;CCC1(CO)CCN(C(=O)Nc2cccc(OC)c2)CC1;NC1CC(C(=O)N2CCC(Oc3cccc(F)c3)CC2)C1;COc1nccc(NC(=O)NC2CCOC(C3CC3)C2)n1;COCC1CC(OC)CN1c1nc(N)c2cnn(C)c2n1;O=C(CN1CCCCC(O)C1=O)N1CCn2ccnc2C1;COC(=O)c1ccc(C)c(NCC(=O)N2CCOCC2)c1;O=C(CC=Cc1ccc(F)cc1)N1CCN(CCO)CC1;COc1ccccc1N1CCC(NC(=O)C(C)OC)CC1;Cc1cc(C(=O)N2CCC(OC(C)(C)C)CC2)cc(O)n1;S=C(NC1CCCCC1)N1CCC(c2cnc[nH]2)CC1
m_930a3b,Cc1[nH]ncc1C(=O)N1CCN(Cc2ccc(C(N)=O)cc2)CC1;CN(CC(=O)NCc1cccnc1)C(c1ccc(F)cc1)C1CC1;Cn1cc(C2CC2C(=O)NC2(c3ccc(F)cc3)CCCC2)cn1;Cc1ccc(C(=O)N2CCC(NC(=O)c3cnn(C)c3)CC2)cn1;O=C(c1nc(C2CC2)no1)N1CCN(CCc2ccncc2)CC1;Cc1c(C(=O)NC2CCC(F)(F)CC2)cnn1C1CCOCC1;Cc1cc(C(=O)Nc2ccc(NC(=O)C3CC3)nc2)nn1C(C)C;CC(C)C(=O)N1CCC(NC(=O)c2cccc(-n3ccnn3)c2)C1;COc1ccc(C(=O)N2CCC(c3nnc4n3CCC4)CC2)cn1;Cc1c(C(=O)N2CCOc3ccccc32)nnn1C1CCNCC1;CN(C(=O)C1CCCc2[nH]ncc21)C(c1ccc(F)cc1)C1CC1;CC(=O)Nc1ccc(CN2CCN(c3cnn(C)c3)C(=O)C2)cc1;Cn1cc(CC2CCN(C(=O)C3CC3c3ccc(F)cc3)C2)cn1;Cc1n[nH]c2ncc(NC(=O)C3CC(=O)N(C4CCCC4)C3)cc12;O=C(Cn1nnnc1-c1ccccc1)N1CCCC(O)(C2CC2)C1;O=C(C1CCc2cncn2C1)N(Cc1ccccc1F)C1CCC1;Cc1cc(C)n2nc(C(=O)Nc3cc(CC(C)(C)C)n[nH]3)nc2n1;Cc1cc(C(=O)N2CCC(N(C)Cc3ncccn3)C2)cc(O)n1;Cc1ccccc1CCC(=O)N1Cc2nnc(C)n2CC1C(N)=O;CC1(CNC(=O)C2=CCCC2)CCN(c2ccc3nnnn3n2)C1;Cn1cc(CC2CCN(C(=O)c3cc(=O)[nH]c(C4CC4)n3)C2)cn1;CCc1cc(NCC(O)COc2cccc(C)c2)n2ncnc2n1;Cc1ccn2cc(C(=O)N3CCC(N4CCNC4=O)CC3)nc2c1;CNC(=O)NCC(=O)Nc1ccc(-c2ncc3n2CCCC3)cc1;O=C(CCC1CC(F)(F)C1)NC1CC(Cn2ccnc2)CC1O
m_935b22,Cc1ccc(CNC2CCN(c3ncccn3)CC2)c(C)c1;Cc1ccc(CNC2CCCN(c3cccnn3)C2)c(C)c1;Cc1cccc(CNC2CCN(c3ncccn3)CC2)c1C;CCNS(=O)(=O)C1CCN(Cc2cccc(C)c2C)C1;Cc1ccc(CNC2CCN(c3ncccn3)CC2)cc1C;Cc1cccc(CNC2CCCN(c3cccnn3)C2)c1C;Cc1ccc(CCNc2cc(C(=O)N(C)C)ccc2C)cc1;CCN(C)S(=O)(=O)NCC1(Cc2ccccc2)CCC1;CC(C)(C)c1ccccc1S(=O)(=O)N1CCC(N)CC1;CN1CCC(CC(=O)NC(c2ccccc2)C(F)F)CC1;CC(=O)Nc1ccc(CCNCc2c(C)cccc2C)cc1;COC(=O)CCC1NC(=O)C(CC2CCCC2)CNC1=O;Cc1ccccc1C(=O)NC1CCN(c2cnccn2)CC1;CCn1c(CNC2CCc3ncnn3C2)nc2ccccc21;CCCCCC=CC=CC(O)CCCCCCCC(=O)O;CCCS(=O)(=O)NCC(C)N1CCc2ccccc2C1;C=CC1(C)CC(O)C(C(=C)C(=O)OC)C(O)C1C(=C)CO;CC(=O)CCCC=CC1CC(O)CC1C(O)C=CC(=O)O;CC=C1CN2CCC34c5ccccc5NC3C(CO)C1CC24;C=C1CC2C(CCC3(C)C(=O)CCC23)C2(C)C=CC(=O)C=C12;COc1cccc(F)c1C(C)NC(=O)N1CCCC1CO;O=C1CC(C2CCCCN2CCOC2CCCCO2)CN1;CC1(C)C(NC2CCc3ncnn3C2)CC1c1ccccc1;COC(=O)C1=CC(O)C23OC1CC2(C)CCC(C(C)C)O3;O=C(NC1CCc2ncnn2C1)C(c1ccccc1)C1CC1
m_93b6a1,CCN(CC)C(=O)CN(C)c1nn2cc(C)nc2s1;Cc1n[nH]c(C)c1CC(=O)N1CCOC(CC(=O)O)C1;CCCN1CCC(c2cccc(S(C)(=O)=O)c2)CC1;O=c1oc2c3c4c(cc2c2c1CCC2)CCCN4CCC3;Cc1cc(C#N)nc(N2CCn3c(nnc3C3CC3)C2)n1;Cc1noc(COC2CN(C(=O)CC3CCCO3)C2)n1;CCN(CCO)c1ncnc2c1ncn2CC(O)CO;CC(C)c1cc(N2CC(CC(F)F)C2)n2ncnc2n1;O=C(O)C1CN(Cc2ccccc2)CC1c1ccccc1;Cc1cc(C)c(NC(=O)c2cnc3[nH]nnc3c2)c(C)c1;O=C(O)C(c1ccccc1)(c1ccccc1)C1CCNC1;COC(C(=O)N1CC(OCc2nnc(C)o2)C1)C1CC1;Cc1cccc(OCCN2CCC(CF)(C(=O)O)C2)c1;CCCN1CCCC(c2cccc(S(C)(=O)=O)c2)C1;CCN(Cc1ccc(C(=O)O)cc1F)CC1CCOC1;N#Cc1cccnc1N1CCC(c2nc(C3CC3)no2)C1;O=C(O)c1ccc(CN2CCCCCC2CO)c(F)c1;Cc1cccc2[nH]c(CNC(=O)c3cccc(O)c3)nc12;O=C(c1ccccc1Cc1ccccc1)N1CC(CO)C1;O=C(Nc1ccc(NC(=O)C2CC2)cn1)c1ccccc1;Cc1ccc2c(c1)N(C(=O)Cc1ccc(O)cc1)CCC2;CC1CC(=O)NC(C(=O)Nc2ncc(C(C)C)s2)C1;CN(C(=O)c1ccccc1O)C1CCc2ccccc2C1;O=C(c1ccccc1O)N1CCCC1Cc1ccccc1;COc1cccc(NC(=O)C2CCCc3ccccc32)c1
m_94a765,O=C(NCCN1CCc2ccccc2C1)NCc1cc[nH]n1;Cc1ccccc1CCC(=O)NC1CNCC1n1ccnn1;CNc1cc(N2CCCC2CNc2ccnc(C)n2)ncn1;CCc1nc(CN2CCN(C(=O)c3ccccc3)CC2)n[nH]1;CNc1cc(N2CCCC2CNc2ncncc2C)ncn1;NC(=O)C1CCN(c2ccccc2NCc2ccco2)CC1;COCCN(Cc1ccco1)Cc1cnc2cc(C)ccn12;O=C(c1cn2c(n1)CCCC2)N1CCC(c2ccn[nH]2)CC1;Cc1cc(N2CCCC(c3n[nH]c(C4CC4)n3)C2)nc(N)n1;Cc1nc(-c2cccc(C(=O)N3CCCCCCC3)c2)no1;O=C(NCc1ccc(N2CCCCCC2)nc1)c1ccoc1;CCN(Cc1ccccn1)c1ccnc(N2CCOCC2)n1;Cn1ncnc1NC(=O)N1CC(C)(C)CC1c1ccccc1;Cc1cnccc1NC(=O)N1CCC(C)CC1c1ccco1;c1cc2nnnn2nc1N1CCN(C2CC3CCC2C3)CC1;COC1(Cc2nc(-c3nccc4c3CCCC4)no2)CCC1;c1nc(N2CCCC2)cc(N2CCC(n3cncn3)CC2)n1;Cc1cc(N(C)C)nc(N2CCn3c(nnc3C3CC3)C2)n1;Cc1cccc2c(N3CCCCC3CNC(N)=O)ncnc12;CC(C)n1cccc1C(=O)Nc1cncnc1N1CCCC1;COc1ccc(CN2CCC(Nc3cccnn3)CC2)cn1;CCc1nc(CN2c3ccccc3C(C(N)=O)CC2C)n[nH]1;OCC1CN(Cc2ccc(-c3ccccn3)nc2)CCC1O;COc1ccccc1N1CCCC(NCc2cc[nH]c2)C1=O;CN(CC1CCCCC1)C(=O)c1nc2ccccc2c(=O)[nH]1
m_95e8da,CC(N)C1CCCN(C(=O)C2CC2c2cc(F)ccc2F)C1;CN(Cc1ccc(F)cc1F)C(=O)C1CCCNC1C1CC1;C#CC1(O)CCC2C3CCC4=CC(=O)CCC4=C3C=CC21CC;C#CC1(O)CCC2C3=C(C=CC21CC)C1=C(CC3)CC(=O)CC1;COc1ccc(CC2CCN(c3cnc(C#N)cn3)CC2)cc1;CN(CC1CCn2ccnc2C1)C(=O)c1cc2ccccc2[nH]1;Cc1cc(C)c2ncc(C#N)c(N3CCC(CC(N)=O)C3)c2c1;CC1(C(=O)NC2CCCN(Cc3c(F)cccc3F)C2)CC1;Cn1nccc1C1CCN(c2ccnc3c(O)cccc23)CC1;CC(=O)N1CCCC1C1CCCN1CCOCC(F)(F)F;O=C(NCC(F)(F)F)C1CCCN(CCC2CCCO2)C1;NC(=O)C1CCCC(NC2CCN(c3nccs3)CC2)C1;C=C(C)CN1CCC(NC(=O)Nc2sc(C)nc2C)CC1;c1ccc2cc(OCCNC3CCc4ncnn4C3)ccc2c1;CC(=O)N1CC(NC2CCCOCC2)CCC1C(F)(F)F;CN(CC1CCc2nccn2C1)C(=O)c1cc2ccccc2[nH]1;O=C(O)c1c(O)cccc1CCCCCCCCc1ccccc1;CCc1cnc(N2CCN(CC(=O)N3CCCC3)CC2)s1;Cn1cc(CC2CCN(C(=O)c3cccc4[nH]ccc34)C2)cn1;O=C(CC1CCCO1)NCC1CCN(CC(F)(F)F)CC1;Cc1nc(C)c(C)c(NCc2nnc(-c3ccccc3)n2C)n1;Cc1cccc(N(C(=O)OC(C)(C)C)C(=O)OC(C)(C)C)n1;Cc1cccc(N2CCN(c3nccn4cnnc34)CC2)c1C;O=C(NCC1(N2CCCCC2)CCCCC1)c1cnns1;CC1CN(c2ccc3nnc(-c4ccccc4)n3n2)CC(C)N1
m_966da0,CC(C(=O)NCCN1CCN(C(=O)C(C)C2CC2)CC1)C1CC1;Cc1noc(CN2CCN(C(=O)N3C(C)CCCC3C)CC2)n1;CCOc1ccc(OCC(O)CN2CCOC3(CCC3)C2)cc1;NC(=O)C1(N2CCCCC2)CCN(C(=O)C2CCCCC2)CC1;CC(C)Cn1ncc(NC(=O)NC2CC(=O)N(C)C2)c1C(C)C;CC(C)C1CCN(C(=O)NCC(c2cnn(C)c2)N(C)C)CC1;CCCCCCCCC=CCNC(Cc1cncn1C)C(=O)O;CC1CCN(CC(O)CN2CCCC(Cn3cncn3)C2)CC1;CCCC1(C(=O)OCC)CCCN1C(=O)CCc1cnn(C)c1;Cc1cc(C(=O)N2CCCCC2CCC(=O)O)nn1C(C)(C)C;CC(C)(C)n1ncnc1CN1CCCC(CN2CCOCC2)C1;CC(C)N1CCCC(N2CCCC(n3cc(CO)nn3)C2)C1=O;CCn1nnc(C)c1CN1CCC(O)(CN2CCCCC2)CC1;CCc1nc(C)c(CN2CCCCC2C(=O)N2CCOCC2)o1;CC(C)c1nn(C)cc1NC(=O)NC1CCN(C(C)(C)C)CC1;Cc1cc(O)nc(C(C)N2CCN(CC(=O)NC(C)C)CC2)n1;CCn1nc(C)c(CNC(=O)N2CCC(N3CCNCC3)C2)n1;CC(C)(C)c1cnc(CN2CCC(CN3CCOCC3)CC2)o1;CC(C)N1CCOC(CN2CCN(Cc3nccn3C)CC2)C1;CC(C)(C)C(O)CN1CCN(C(=O)COc2cccnc2)CC1;Cc1ccccc1OCC(O)CN1CCOC2(CCOCC2)C1;Cc1cc(C)n(CC(C)CNC(=O)N2CCC(C(N)=O)CC2)n1;CCN1CCCC1CNCc1ccc(OCC(N)=O)c(OC)c1;COc1ccccc1OCCN1CCOCC1C1CCCC1O;CCN1CCN(C(=O)NCCC2CCCO2)CC1c1ncc[nH]1
m_97693a,COC(=O)C1CCCN1C(=O)c1cccc(S(=O)(=O)N(C)c2ccccc2)c1;Cc1c(NS(=O)(=O)c2ccc3c(c2)OCCCO3)cccc1-n1cn[nH]c1=O;CN(Cc1cccc(F)c1)C(=O)c1cccc(CN2C(=O)c3ccccc3C2=O)c1;COc1ccccc1S(=O)(=O)NC1CCc2nnc(-c3ccc(F)cc3)n2C1;N#Cc1ccc(C(=O)N2CCC(c3nc(-c4ccccn4)no3)(C(F)(F)F)C2)[nH]1;CN1CCN(c2ccc(C=Cc3nc(O)nc(O)c3[N+](=O)[O-])cc2[N+](=O)[O-])CC1;Cc1nn(-c2ccc(C(F)(F)F)cn2)c(C)c1CC(=O)NCC(C)[S+](C)[O-];Cc1sc2ncn(CC(=O)N(C)CC(=O)Nc3ccc(F)cc3)c(=O)c2c1C;CCOC(=O)c1ccc(NC(=O)c2cccc(S(=O)(=O)N3CCCC3)c2)cc1;FC(F)(F)C1(c2nc(-c3ccccc3)no2)CCN(c2nccn3nnnc23)C1;O=C(O)c1ccc(CCNC(=O)c2cccc(S(=O)(=O)N3CCCC3)c2)cc1;COc1ccc(-c2cc(=O)c3c(OC)c(OC)c(OC)c(OC)c3o2)cc1OC;CN1C(=O)NC2(CCN(C(=O)Cc3coc(-c4ccc(Cl)cc4)n3)CC2)C1=O;COc1ccc(CCNC(=O)C2CC(=O)N(c3cc(Cl)ccc3OC)C2)cc1;O=C(NCC1(c2ccccn2)CCC1)c1cccc(-c2noc(C(F)(F)F)n2)c1;FC(F)(F)c1cc(N2CCN(Cc3nc4ccccc4[nH]3)CC2)n2ncnc2n1;CC(C)N1CCN(c2ccc(C(=O)Nc3cncc(Br)c3)cc2)CC1;COc1cc(-c2coc3cc(OC)c(OC)c(OC)c3c2=O)cc(OC)c1OC;Cc1c[nH]c2nccc(Oc3c(F)cc(Nc4cc(Cl)nc(N)n4)cc3F)c12;CCn1cc(S(=O)(=O)N(C)c2nc3c(s2)CC(c2ccccc2)CC3)cn1;COc1cccc2cc(C(=O)N3CC(n4nc(-c5ccncc5)ccc4=O)C3)oc12;O=C(Nc1cnn(Cc2ccccc2)c1)N1CCS(=O)(=O)C2(CCCCC2)C1;CC(Nc1ccc2c(c1)CCC(=O)N2)c1nc(-c2cccc(C(F)(F)F)c2)no1;O=c1c2[nH]c3ccccc3c2nc(SCc2ccccn2)n1-c1ccccc1F;CC1(N2CCOCC2)CCN(S(=O)(=O)c2cccc(S(C)(=O)=O)c2)CC1
m_97cca9,CCN(C(=O)Cc1nnc(C2CCOCC2)[nH]1)c1ccccc1;CC(C)Cn1cc(NC(=O)C2NCCOc3ccccc32)cn1;Cc1nc2ccc(C(=O)NC(C)CN3CCCC3=O)cc2n1C;CCc1cnccc1CNC(=O)C1CCCOC1c1cn[nH]c1;Cc1cc(NC(=O)c2cc(C)on2)cc(N2CCN(C)CC2)c1;CCCNC(=O)C1CCN(C(=O)c2cccc3[nH]ncc23)CC1;CCC(C)n1cnc(S(=O)(=O)NC2CCCCC2CN)c1;CC(NC(=O)N1CCCC1CO)c1cccc(-n2ccnc2)c1;CN1CCOC(C(=O)Nc2ccc3c(c2)nc(C2CC2)n3C)C1;CN(C)c1cc(C#N)cc(C(=O)N2CCC(CC(N)=O)CC2)c1;COc1cccc(C2CN(c3ccnc(N(C)C)n3)CCO2)c1;Cc1ccc(Nc2cc(=O)n(C)c(=O)n2C)cc1N1CCCC1;CC(C)c1ccc(C(=O)N2CCC(c3nnc(N)o3)CC2)cc1;CCOC1CCN(C(=O)c2cn(C)nc2-c2cccnc2)CC1;COc1cc(CNC2CCN(c3cnn(C)c3)C2=O)ccc1C;COC1CC(c2nncn2C)N(Cc2ccc3c(c2)CCO3)C1;CC(C)c1nnc(CNC(=O)C2OCCc3ccccc32)n1C;Cc1ccc(OCCCC(=O)N2CCn3c(C)nnc3C2)cc1;CC(=O)N1CCc2cc(NC(C)c3nc(C(C)C)no3)ccc21;CC(C)n1cncc1CN1CCCC(S(=O)(=O)N(C)C)C1;CC(C)(C)NC(=O)c1ccc(NCc2nnc(C3CC3)o2)cc1;CC1(CNC(=O)c2cnn(-c3ccccc3)n2)CCCCC1O;Cc1noc(C2CCN(CC(=O)NCc3ccccc3C)C2)n1;O=C1N(CC(=O)N2CCCC2c2cccnc2)CCN1C1CC1;O=C(C(O)Cc1ccccc1)N1CCCC(Cn2cncn2)C1
m_982aac,Cc1cc(C(=O)N2CCC(C3OCCC3C(N)=O)CC2)ccc1Cl;CCN(C)S(=O)(=O)c1c(C)nn(Cc2ccc(C(N)=O)cc2)c1C;Cc1ccc(OC2CCN(S(=O)(=O)c3cn(C(C)C)cn3)C2)cn1;O=C(c1ccc2c(c1)C(=O)N(Cc1ccccc1)C2=O)N1CCOCC1;Cn1c(=O)[nH]c2ncc(-c3cccc(C(=O)NC4C5COCC54)c3)cc21;CCNC(=O)c1cccc(CNC(=O)c2cc3ccccc3c(=O)o2)c1;COc1ccc(S(=O)(=O)NCc2nnc(C3CCC3)n2C)c(C)c1;Cc1cccc(C(=O)N2CCC(C3OCCC3C(N)=O)CC2)c1Cl;Cc1cc(C)n(-c2ccc(NC(=O)C3CC3c3ccc(F)cc3)cn2)n1;O=C1CCCCC(CC(=O)NC2CCS(=O)(=O)c3ccccc32)N1;Cn1cc(N2CCN(C(=O)c3ccc(-c4cn[nH]c4)cc3)CC2=O)cn1;O=C(O)C1CCC(c2cc3cccnc3c(-c3cccc(F)c3)n2)CC1;O=C1CN(C(=O)c2ccc(NC(=O)NC3CC3)cc2)c2ccccc2N1;O=C(c1ccc(S(=O)(=O)NC2CC2)cc1)N1CCOCC1C1CC1;O=C(NCC1(c2ccccc2)CCC1)c1cnc2[nH]c(=O)[nH]c(=O)c2c1;Cc1nsc(N2CCCC(c3n[nH]c(-c4ccccc4)n3)C2)c1C#N;Cc1c(Cl)cccc1C(=O)N1CCC(C2OCCC2C(N)=O)CC1;O=C(O)CC(NC(=O)C1CC(=O)N(C2CCCC2)C1)c1cccs1;Cc1ccc(Cl)cc1C(=O)N1CCC(C2OCCC2C(N)=O)CC1;O=C(c1[nH]nc2c1CNCC2)N1CCc2cc(C(F)(F)F)ccc2C1;O=C1CCCC(C(=O)NCC2(c3ccc(Cl)cc3)CCOCC2)N1;CN(CC(=O)O)C1CCN(C(=O)C2(c3ccc(Cl)cc3)CC2)CC1;c1cc(-c2nnc(Sc3ncnc4c3CCCC4)n2C2CC2)ccn1;CN1C(=O)CCC1C(=O)NCC1(c2cccc(Cl)c2)CCOCC1;Cc1cc(Cl)cc(C(=O)N2CCC(C3OCCC3C(N)=O)CC2)c1
m_987cff,COCC1CCN(C(=O)c2cc(O)nc(CC(C)C)c2)CC1;Cn1cnnc1C1CC(O)C(CNC(=O)C2CCCCC2)C1;Cn1c(CN2CC(C)(C)OC3(CCOC3)C2)nnc1C1CC1;CC(C)COc1cccc(C(=O)N2CC(O)C(N(C)C)C2)c1;CCCc1ncc(CNC(=O)N2CCC3(CCN(C)C3)C2)o1;CC(C(=O)NC1CCN(C(=O)c2cn[nH]c2)CC1)C(C)(C)C;CCC(Nc1ccc(C)c(NC(=O)C(C)(C)C)c1)C(=O)OC;CC(C)(C)c1ccc(OCCNC(=O)C2CC(O)CN2)cc1;CC(C)c1nnc2n1CCN(C(=O)COC1CCCCC1)C2;Cn1cncc1CNCC1CC(F)CN1Cc1ccnn1C;CC(C)N1C(=O)CN(Cc2cnc3n2CCOC3)CC1(C)C;Cc1nc(C(=O)N2CCC(C(=O)NC(C)C(C)C)CC2)c[nH]1;CC(C)CC(NC(=O)C1CCCCC1)C(=O)Nc1cc[nH]n1;CCC1C(=O)N(CC)CCN1C(=O)C(C)c1c(C)n[nH]c1C;COCCn1ccc(C(=O)N2CCC3(CCN(C)CC3)C2)n1;CC(C)OC1CC(NC2CCC(=O)NC2c2ccnn2C)C1;CN(CC1CCCO1)c1nccnc1N(C)CC1CCCO1;CC1CCCCC1OCC(=O)Nc1ccn(C2CCNC2)n1;COc1cc2c(cc1OC)CCN(CC1CNCCO1)CC2;COCC1CCC(NC(=O)NC2CCCc3cn[nH]c32)CC1;COC1CC(CN(C)C(=O)c2cncnc2C(C)C)N(C)C1;COCC1CCC(NC(=O)NC2CCc3cn[nH]c3C2)CC1;CC(=O)Nc1ccc(OCC(O)CN2CCC(C)CC2)cc1;COCc1nc(C)cc(N2CCN(CC(O)C3CC3)CC2)n1;COCCC(=O)Nc1cccc(CN2CC(C)OC(C)C2)c1
m_9910fd,COc1ccc(CN(C(=O)c2cc(-c3cccnc3)on2)C2CC2)cc1;CCS(=O)(=O)c1ccccc1N1CCOC(Cn2cc(C)cn2)C1;CC1CN(C(=O)CC(c2ccccc2)C(F)(F)F)Cc2cncnc21;Cc1cc(S(=O)(=O)NC2CCN(Cc3ccccn3)CC2)c(C)o1;Cc1cc(S(=O)(=O)NC2CCN(Cc3ccncc3)CC2)c(C)o1;COc1ccc(CC(=O)Nc2ccc(-c3nc(C)cc(=O)[nH]3)cc2)cc1;COc1cccc(CS(=O)(=O)N(C)C2CCCc3c2cnn3C)c1;O=C(Nc1ccccc1)C1CCCN1C(=O)Cc1noc2ccccc12;Cn1nc(C(=O)NCc2ccc(OCc3ccccc3)cc2)ccc1=O;CCc1ccccc1S(=O)(=O)N1CCOC(c2cnn(CC)c2)C1;O=C(NCc1cccc(O)c1)Nc1ccc(OCc2ccccc2)nc1;O=C(COc1cccc(-c2nnco2)c1)NC(c1ccccc1)C1CC1;O=C(COc1ccccc1-c1nnco1)NC(c1ccccc1)C1CC1;CNS(=O)(=O)CCNC(=O)N1C2C=C(c3ccccc3)CC1CC2;O=C(c1cc(-c2ccncc2)on1)N1CCC(CO)(c2ccccc2)C1;O=C(c1cc(OCc2ccccc2)ccc1O)N1CCc2[nH]ncc2C1;CCC(C(=O)Nc1cnn(CCS(=O)(=O)CC)c1)c1ccccc1;CCOc1cccnc1C(=O)N1CCN(CC(F)(F)C(F)F)CC1;O=C(Cn1cnc2ccccc2c1=O)N1CCOC(c2ccccc2)C1;COc1ccc(C)cc1S(=O)(=O)N1CCCCC1c1ccnn1C;Cc1nn(CC(F)(F)F)c(C)c1C(C)C(=O)N1CCCSCC1;O=C(Cc1ccccc1)Nc1ccc(OCc2noc(C3CC3)n2)cc1;CCOc1ccc(C2CCCN2S(=O)(=O)c2c(C)cnn2C)cc1;CNC(=O)c1cccc(CNC(=O)c2ccc(-c3ccco3)nc2C)c1;Cc1ccc(Oc2ccc(NC(=O)C(C)Oc3ccccc3)cc2)nn1
m_997dbc,CCOC(=O)C1CCN(S(=O)(=O)c2cc(Br)ccc2OC)CC1;CCOC(=O)C1CCCN(S(=O)(=O)c2ccc(Br)c(OC)c2)C1;Cc1nc(-c2nc3c(s2)CN(C(=O)COc2ccc(Cl)cc2)CC3)cs1;O=C(NC(CO)c1ccc(Cl)cc1C(F)(F)F)c1cc2c(s1)CCOC2;COc1ccc(S(=O)(=O)N2CCC(C(C)(C)C)C(O)C2)cc1Br;Cn1nc(C2CC2)nc1CNC(=O)c1cc(Br)cc2c1NC(=O)CO2;COc1ccc(S(=O)(=O)c2csc3c2NC(=O)CC3c2ccsc2)cc1;O=C(NCC1(c2ccc(Cl)cc2)CC1)c1ccc(NC(=O)c2ccncc2)cc1;O=C(O)C1CCCN1c1nc(-c2ccc(Cl)c(Cl)c2)cc(C(F)(F)F)n1;COc1cccc(CCNC(=O)C2CCOC2c2cnn(Cc3ccccc3)c2)c1;COc1ccc(Cc2sc(=NN=Cc3ccco3)n(-c3ccccc3)c2O)cc1;COC(=O)C1CCN(C(=O)COc2ccc3ccccc3c2Br)CC1;N#Cc1ccc(Cn2cncc2CN2CCN(c3cccc(Cl)c3)C(=O)C2)cc1;Cc1cc(C)n(-c2cccc(NC(=O)c3ccc(S(=O)(=O)C(F)F)cc3)c2)n1;O=C(NC1CCN(C(=O)c2csc(Cc3ccccc3)n2)CC1)c1ccccc1;Cn1ccnc1C1(CNC(=O)c2ccc(OC3CC3(F)F)cc2)NC(=O)NC1=O;Cc1sc2ncnc(N3CCN(c4ccccn4)CC3)c2c1-c1ccc(F)cc1;COCc1ccccc1CNC(=O)C1CCOC1c1cnn(Cc2ccccc2)c1;CN1CCN(CC#CCOC2CCN(C(=O)c3cccc4ccccc34)CC2)CC1;COc1ccc(OCC(=O)Nc2c(C#N)c(C)c(C)n2-c2ccc(OC)cc2)cc1;CCOc1ccc(CNS(=O)(=O)c2cc(C(=O)N3CCCC3)n(C)c2C)cc1;COCC1CN(C(=O)c2cc(-c3cccc(C(F)(F)F)c3)nc3onc(C)c23)C1;NC(=O)CSCCC(=O)Nc1ccc(Cl)c(S(=O)(=O)N2CCCC2)c1;Cn1c(NCCN(CCO)CCCc2ccc([N+](=O)[O-])cc2)cc(=O)n(C)c1=O;CCOc1cc(CNC2c3ccccc3CC2O)cc(Br)c1OCC
m_99e777,CC(SCc1ccccc1)C(=O)NCCC(=O)N(C)C;Cc1noc2ncnc(NCC3CCCc4ccccc43)c12;CCNC(=O)Nc1c(C)cnn1Cc1cc(F)ccc1F;Cc1ccn(Cc2nc(C3(c4ccccc4)CCC3)no2)n1;CC(NC(=O)NC1CCCC2OCCC12)c1cccs1;Cc1ccc(CNc2ccc3[nH]nc(C(N)=O)c3c2)c(C)c1;CCOC(=O)C(F)(F)C1(O)CCN(C(=O)N(C)C)CC1;Oc1cccc(CNC(Cn2cncn2)c2ccccc2)c1;O=C(NCc1cccc(OC2CC2)c1F)NC1CCOC1;O=C(O)C(Cc1c[nH]c2ccccc12)NCc1ccccc1;CN(C)CC1(c2nc(-c3cccc4ncccc34)no2)CC1;CC(CNC(=O)CSc1ccccc1)N1CCOCC1;c1ccc2c(c1)oc1c(N3CCN4CCCC4C3)ncnc12;CSc1ccc(OCCN2CCC(C(N)=O)CC2)cc1;COc1ccc(C2CCN(c3ncnc4[nH]ccc34)C2)cc1;Cc1ncsc1CCC(=O)N1CCC(O)C12CCCC2;CC(C)c1csc(C2CCCN(C3CCOC3=O)C2)n1;CC(C)SCc1cccc(NC(=O)C2COCCN2)c1;CCN(Cc1cccnc1)Cc1nc2ccccc2c(=O)[nH]1;CN(CC1CCn2ccnc2C1)C(=O)c1cccc(C#N)c1;Cc1cccc(N(C)C(=O)c2cc(C)nc3n[nH]c(C)c23)c1;CCCCCCCCC(=O)c1c(OC)oc(C=O)cc1=O;CC(C)N1CC(C(=O)Nc2ccn(CC(=O)O)n2)CC1=O;CCc1noc(COC2CN(C(=O)C3CCC(=O)N3)C2)n1;Cc1ccc2oc(N3CCC(c4ncccn4)CC3)nc2c1
m_9b41d0,O=C1CN(C(=O)CNc2ccccc2)c2ccccc2N1;CC(C(=O)O)c1ccc(N2Cc3ccccc3C2=O)cc1;N#Cc1ccc(OCC(=O)NCCc2ccccn2)cc1;COc1cc(C(=O)N2CC(F)CC2C(N)=O)cc(C)n1;COc1cc(C(=O)NC(C)(C(=O)O)C2CC2)ccc1F;CC1CC(C#N)(C(=O)Nc2ccc3cc[nH]c(=O)c3c2)C1;CCCc1cc(C(=O)Nc2ccc(C(F)F)nc2)no1;CCc1cccnc1-c1noc(-c2ccccc2OC)n1;Cc1c(Cl)cccc1C(=O)N(C)C1CCC(O)CC1;O=C(Nc1ccc(NC(=O)C2CC2)cn1)c1ccccc1;CCN(Cc1cnn(C)c1)c1nc(OC)ncc1Cl;CCc1cccnc1-c1noc(-c2ccc(OC)cc2)n1;COC(=O)CCNC(=O)c1csc2c1CCC(C)C2;CCCNC(=O)c1ccc(N2CC[S+]([O-])CC2)nc1;N#Cc1cccnc1NCc1ccc2c(c1)OCCCO2;Cc1ccc(NC(=O)C2Cc3ccccc32)cc1C(=O)O;Cc1cccc2[nH]c(CNC(=O)c3cccc(O)c3)nc12;CC(=O)OCC(NCC(O)C(O)C(O)CO)C(=O)O;CC(NS(=O)(=O)C1CC1)C1Oc2ccccc2C1C;CC(c1ccc(F)c(F)c1)n1cc(CNC(N)=O)nn1;COc1ccc2cc(C(=O)NCc3cccnc3)[nH]c2c1;OCc1ccncc1NCc1ccc(-c2cccnc2)o1;CCc1ccsc1C(=O)NC1CCC(C(=O)O)CC1;O=C(c1ccc2nccn2c1)N1CCOC(C(F)F)C1;N#Cc1ccc(NCCc2nnc3ccccn23)c(F)c1
m_9b8030,COC1CCCN(C(=O)C2CCCN(Cc3cccc(F)c3)C2)CC1;CC(CC(=O)N1CCC(N2CCOCC2)CC1)Cc1cccc(F)c1;COc1ccc(C(C)NC(=O)CN2CCCCCCC2=O)cc1OC;CC(C)N1CCC(NC(=O)N2CCn3c(nnc3C(C)(C)C)C2)C1=O;Cc1cccc(OC(C)C(=O)N2CCCC(N(C)CC(=O)O)CC2)c1;CCCOc1ccc(C(=O)NC2CCC(C(N)=O)CC2)cc1OCC;Cc1cc(C)c(CC(=O)N2CCOC(CN(C)CC(=O)O)C2)c(C)c1;O=C(C(O)C1CCOCC1)N1CCC(c2nnc3n2CCCC3)CC1;CC(C)N(C)c1cnn(C2CCCN(C(=O)C3(C)COC3)C2)c(=O)c1;Cn1nc(C(=O)N2CCC(C)(C)C2)c(O)c1C(=O)N1CCC(C)(C)C1;CN(CC(=O)O)CC1CN(C(=O)c2ccccc2C(C)(C)C)CCO1;COc1ccccc1C1(CNC(=O)N2CCOCC2C)CCOCC1;Cc1ccc2ncnc(N3CCCC3c3nnc4n3CCCCC4)c2c1;C=C(c1ccc(C(=O)O)cc1)c1cc2c(cc1C)C(C)(C)CCC2(C)C;CN(C)c1nc(CNC(=O)C2CCCCC2)nc(N2CCOCC2)n1;Cc1nccn1-c1cc(N2CCN(CCc3ccccc3)CC2)ncn1;CC(C)n1c(N2CC3CN(c4ccncn4)CC3C2)nc2ccccc21;CC(C)n1cnnc1C1CCN(c2ccnc(-c3ccccc3)n2)CC1;Cn1cc(NC(=O)NCC2CC3CC2C(O)C3O)c(C2CCCC2)n1;CCn1cc(C(=O)N2CCC(CC3OCCC3C(N)=O)CC2)c(C)n1;Cc1nc(CN2CCN(c3nc(C(C)(C)C)nc(C)c3F)CC2)no1;CCCCC1CCN(CCCN2C(=O)COc3cc(F)ccc32)CC1;CC(C)N(C)c1cnn(C2CCCN(C(=O)C3(O)CCC3)C2)c(=O)c1;COCC1(C(N)=O)CCCN1C(=O)c1cc(C2CC2)n(C(C)(C)C)n1;O=C(Nc1cnc(N2CCNCC2)nc1)N1CCCC(CCO)CC1
m_9b95d4,Cn1c(=O)c2cc(C(=O)NC3CCN(c4ccc(F)cc4F)C3)cnc2n(C)c1=O;O=C(Cc1c[nH]c2ccc(F)cc12)NC1CCCN(Cc2ccc(F)cc2F)C1=O;O=C(CN1CCc2ccccc2C1)Nc1ccc(S(=O)(=O)N2CCOCC2)cc1;Cc1c(C(=O)Nc2cccc(C(=O)Nc3ccncc3)c2)cnn1-c1ccc(=O)[nH]n1;O=C(Nc1ccc2[nH]c(C3CCCO3)nc2c1)C1CC1c1ccc(C(F)(F)F)cc1;COc1ccc(C(=O)Nc2ccc(-n3nc(C)c4ccccc4c3=O)cc2)cc1OC;CNC(=O)CN1CCC(NC(=O)C(Oc2ccc(Cl)cc2)c2ccccc2)CC1;CCOc1ccc(NC(=O)Cc2nnc3ccc(C(=O)Nc4ccccc4)cn23)cc1;CC(=O)Nc1ccc(S(=O)(=O)N2CCN(c3cnn4c(C)nnc4c3)CC2)cc1;CC1Cc2ccccc2N1C(=O)C1CCN(C(=O)c2cc(-c3ccncc3)n[nH]2)CC1;Cc1cncc(CN2CCC(=C3c4ccc(Cl)cc4CCc4cccnc43)CC2)c1;CCC(Nc1ncnc2nc[nH]c12)c1oc2ccccc2c(=O)c1-c1cccc(F)c1;CCC(Nc1ncnc2[nH]cnc12)c1nc2cccc(F)c2c(=O)n1-c1ccccc1;CNC(=O)c1ccc(NC(=O)c2cccc(S(=O)(=O)N3CCCCCC3)c2)cc1;COCCN1C(=O)CC(CNc2nc3cc(F)ccc3o2)C1c1cnn(C(C)C)c1;COCC1(CO)CCN(C(=O)c2cccnc2SCc2ccc(C(N)=O)cc2)C1;CC(Oc1ccccc1Cl)C(=O)NC1CCN(CC(=O)Nc2ccccc2)CC1;CNC(=O)c1cc(OC)c(OC)cc1NC(=O)c1sc(-c2ccc(C)o2)nc1C;Cc1cc(C)c(S(=O)(=O)N2CCC(C(=O)NCc3ccc(C)nc3)CC2)c(C)c1;CC(C)Oc1ccc(F)cc1S(=O)(=O)Nc1cc(C2CC2)nn1-c1ccccc1;O=C1c2cc(-c3ccc(OC(F)(F)F)cc3)ccc2OCCN1Cc1ncccn1;COc1cc2c(cc1-c1c(C)noc1C)ncc1nc(O)n(C(C)c3ccccn3)c12;COCc1cc2nn(CC(=O)N3CCc4ccccc43)c(=O)n2c(-c2ccccc2)n1;COc1ccc(N2CC(NC(=O)N(Cc3ccccc3)c3ccccc3)CC2=O)cc1;CC1(C)CC(NC(=O)c2c(F)ccc(S(=O)(=O)C3CCCC3)c2F)C(C)(C)O1
m_9c4788,Cn1ccc2c(C(=O)Nc3cn[nH]c3-c3nccs3)cccc21;CCn1cc(C2CS(=O)(=O)CCN2C(=O)c2ccco2)cn1;COc1ccc(S(=O)(=O)Nc2ccc(C)c(O)c2)cc1OC;O=C(O)COc1ccc(NC(=O)c2ccnnc2)c2ccccc12;CS(=O)(=O)N(CC(=O)Nc1cccnc1)c1cccc(F)c1;O=C(NC1(C(=O)O)CCSC1)c1ccc2c(c1)OCCCO2;CCOC(=O)c1cn(C2CC2)c2c(OC)c(F)c(F)cc2c1=O;CCc1nnsc1C(=O)NC(CC(=O)O)c1ccc(F)cc1;CC1Cc2cc(S(=O)(=O)NC3C=CC(C(=O)O)C3)ccc2O1;Cc1ccoc1C(=O)N1CCS(=O)(=O)CC1c1cnn(C)c1;N#Cc1cc(N2CC(Cn3cc(Cl)cn3)C2)nc2ccccc12;Cc1cn2c(n1)CCC(NC(=O)CCc1ccc(Cl)s1)C2;CCS(=O)(=O)c1ccccc1N1CCC(O)(C(F)(F)F)C1;Cc1cc2nnc(SCc3ccccc3F)n2c2ccccc12;COc1ncc(Cl)c(N2CC(O)CC2c2ccc(F)cc2)n1;CN(Cc1cccc(OC(F)(F)F)c1)C(=O)c1cc(C#N)c[nH]1;COc1ccc2c(c1O)Oc1c(OC)ccc3ccnc(c13)C2=O;O=C1CC(c2ccc(NS(=O)(=O)N3CCC3)cc2)CC(=O)N1;O=C(NC1(c2cccc(F)c2)CCOCC1)c1ccoc1Cl;CC1CC(=O)N(CCc2cc(Cl)c3c(c2)OCCCO3)C1=O;O=S(=O)(NCC1CCc2nc(C(F)(F)F)cn2C1)C1CC1;CS(=O)(=O)N1CCCN(c2ccc(C(F)(F)F)cn2)CC1;CCc1ccc2occ(C(=O)NC3CS(=O)(=O)CC3O)c2c1;CCOC(=O)c1cc(NS(=O)(=O)c2cc(C)ccc2C)[nH]n1;Cc1ccc(-c2nc3sc(=Cc4ccc(C)o4)c(=O)n3n2)cc1
m_9dc5c4,O=C1CC(C(=O)NCc2ccc(C(F)(F)F)cc2)c2ccccc2N1;Cc1cnn(CC(=O)Nc2nc(-c3ccc4ccccc4c3)cs2)c1;Cc1nn(C)c2ncc(S(=O)(=O)NC(C)c3ccc(F)cc3)cc12;CN1C(=O)Cc2cc(S(=O)(=O)NCCc3ccc(F)cc3)ccc21;FC(F)(F)c1ccccc1C1CN(c2ncnc3[nH]ccc23)CCO1;COc1ccc(NC(=O)c2cccc(C)c2)cc1S(=O)(=O)N(C)C;O=C(c1ccc(Cl)cc1F)N1CCC(c2nncn2C2CC2)CC1;CN1CC2(CCN(C(=O)c3c[nH]nc3-c3ccc(F)c(Cl)c3)C2)C1;Cc1cc(S(N)(=O)=O)cc(C(=O)N2CCCC2c2ccco2)c1C;CC(O)CNS(=O)(=O)c1ccc(C(=O)N2CC(F)C(F)C2)cc1;CNS(=O)(=O)c1cccc(C(C)NC(=O)c2ccc(C)c(O)c2)c1;CCOc1ccc(S(=O)(=O)NC2CC(=O)N(C)C2)c2ccccc12;Cc1nc(C)c(C(=O)N2CCCCC(c3ccc(Cl)cc3)C2)s1;Cc1ccccc1-c1c2nccc(-c3ccc(F)cc3F)c2cc[n+]1[O-];CCC1(O)C(=O)OCc2c1cc1n(c2=O)Cc2cc3ccccc3nc2-1;O=S(=O)(C1CC1)N1CCN(Cc2cccc(C(F)(F)F)c2)CC1;Cc1cc(CNC(=O)c2ccc(F)cc2Cl)nc(N2CCCC2)n1;CN1C(=O)CCc2cc(NC(=O)c3ccc(C(F)(F)F)cc3)ccc21;Cc1cc(C(=O)NC(=O)CC(NC(=O)c2ccco2)C(=O)O)nn1C;CC(C)c1ccc(C[S+]([O-])Cc2cc(F)cc3c2OCOC3)cc1;CC(C)CS(=O)(=O)Nc1ccc2c(c1)N(C(=O)c1ccco1)CC2;O=C(CC1(C(=O)O)CCSC1)Nc1cccc(N2CCCC2=O)c1;Cc1ccc(S(=O)(=O)n2ccc(C(=O)N3CCC(CO)C3)c2)cc1;CCN(Cc1ccoc1)C(=O)c1cc2c(c(S(N)(=O)=O)c1)CCC2;CC(C)CCSc1nnc(Cn2c(=O)sc3ccccc32)n1C
m_9e99f7,Cn1cc(S(=O)(=O)NCC(=O)NC2CCN(CC3CCCC3)CC2)cn1;Cc1c(C)n2c3c(=O)n(CCC(C)C)c(=O)n(C)c3nc2n1Cc1ccco1;CC(c1ccccc1)N(C)C(=O)CN1CCC(C(=O)NCc2ccco2)CC1;CCC(O)CN1CCN(CC(=O)Nc2ccccc2Oc2ccccc2)CC1;CCN(CC)Cc1ccc(C(=O)N2CCCNC(=O)C2Cc2ccccc2)o1;Cc1ccccc1C(=O)NCC(=O)N1CCC(NC(=O)c2ccoc2C)CC1;NC(=O)C1(CNC2CCN(Cc3c(F)cccc3Cl)CC2)CCOCC1;CC(C)(C(=O)N1CCC(Cc2ccccc2C(=O)O)CC1)c1ccc(F)cc1;Cc1nc2ccccc2n1CC1CCCN1C(=O)CCc1cc(F)ccc1F;Cc1nc(N2CCN(C(C(N)=O)c3ccc(F)cc3)CC2)c2cnn(C)c2n1;CCn1nc(C)cc1C(=O)Nc1ccccc1C(=O)N1CCC(C(N)=O)CC1;CC(Oc1ccc(C(=O)Nc2c(C(C)C)cccc2C(C)C)cc1)C(=O)NN;COCCN1CCN(C(=O)NC2CCCc3cc(OC(F)F)ccc32)CC1;CCNC(=O)c1ccc(CNC(=O)C2CCCCN2C(=O)c2ccco2)cc1;Cc1cc2ncc(C(=O)NCC(C)(C)NCC(=O)N3CCCC3C#N)cn2n1;COCC1(CNC(=O)CC(NC(C)=O)c2c(F)cccc2F)CCNCC1;CC1CCCC(NC(=O)NCCOc2ccc(NS(C)(=O)=O)cc2)CC1;O=C(CCc1nc2ccccc2c(=O)[nH]1)N1CCC(OC2CCCCC2)CC1;Cc1ccc2oc(N3CCC(C(C)NC(=O)CCn4cnnn4)CC3)nc2c1;Cc1nc(C(=O)N(C)C)nc(N2CCC(Nc3ncc(C#N)cc3F)C2)c1C;Cc1cccc(C)c1NC(=O)CN1CCC(c2nc3c(s2)CCCC3)CC1;OC(CNCCc1c[nH]c2ccccc12)Cn1c2ccccc2c2ccccc21;Cc1cccc(Oc2cc(CNC(=O)N3CCC(C)OC(C)C3)ccn2)c1C;CC1CCCN(C(=O)C(Cc2cn(-c3cncc(C(=O)O)c3)nn2)C2CC2)C1;CC(CO)(NCc1nnnn1-c1ccc(C(F)(F)F)cc1)C1CCCCC1
m_9f1fb6,CC(C)CCN1CCC(CNC(=O)NCCO)CC1;CCCCCCCCCCC=CCNCCSC;CCNC(=O)N1CCC(CN(CCO)C(C)C)CC1;CCC=CCCCNC(CCCNC(N)=O)C(=O)O;CC(C)=CCCC(C)CNC(CCC(=O)O)C(=O)O;CN1CCN(C(=O)c2ccncc2)CC1c1ncc[nH]1;CCCCCCNC(=O)CCCCCCCCCO;CCCCCC=CCCCNC(CC(=O)O)C(=O)O;CCC1(C(=O)Nc2ccc3[nH]c(C)cc3c2)CCCN1;CCCCCCCCCCCCCCNCCCO;CCCCCCCCCCCCNCCCC(=O)O;CCCCCCCCCCNCCCCCC(=O)O;CCCCCCCCCCCC=CC(O)C(N)CO;CCCCCCCCCCCCCCNCC(=O)O;CCCCCCCCC(C)NCCCCCC(=O)O;CCCCCCCC(=O)NCCCNCCCCN;CCOC1CC(NCC(O)C(C)C)C12CCOCC2;C=CCSCC(NCC=CCCCCC)C(=O)O;CC(C)COC1CC(NCC2(O)CCOC2)C1(C)C;CCCCCCCCCCCCNC(C)(C)C(=O)O;CCCCCCCCC(C)NC(C(=O)O)C(C)CC;N#Cc1ccc(N2CCC(N3CCCCC3)C2)nc1N;CCCCCCCCCCCCCNC(C)C(=O)O;CCOC1CC(NCC(O)COC)C12CCCCC2;CC(C(N)=O)N1CCC(c2c[nH]c3ccccc23)CC1
m_9fcc62,O=C(Nc1cncnc1N1CCCC1)C1CC=CC1;Cc1nc(CC2CCCN(c3ccccn3)C2)no1;CCN(C(=O)c1cc(C)no1)c1cc(C)cc(C)c1;CCn1c(-c2ccn[nH]2)nnc1N1CC2CCC2C1;Cn1nccc1C1CCCN(c2cc(N)ncn2)C1;Cc1cnc(NC2CCc3nnc(C)n3C2)nc1C;Cc1cccc(N2CCC(c3nc(C)no3)CC2)n1;CC(C)CCC(=O)Nc1cc(-c2ccncc2)n[nH]1;COc1cccc2c(N3CCCC(O)C3)nccc12;Cc1cc(C)nc(NC2CCc3nc(C)nn3C2)n1;CCOc1cc(N(CC)Cc2ccccn2)ncn1;CCc1nc(CN2CCCC2c2ncccn2)n[nH]1;Cc1nc(C2CN(c3cc(C(C)C)ncn3)C2)n[nH]1;CN(CC1CCc2nccn2C1)C(=O)c1cc[nH]c1;Cn1cc(C2CCN(Cc3ncccc3O)C2)cn1;COc1ccc(CNc2cccnc2C)cc1OC;O=C(Cn1cc(-n2cccc2)cn1)NCC1CCC1;c1cncc(CNc2nnc(CC3CCCC3)o2)c1;CN(C)CC1CN(C(=O)c2cnc3cc[nH]c3c2)C1;Cc1ccc(NC(=O)CCn2nc(C)nc2C)cc1;NC1CC(C(=O)N2CCCC(F)(F)CC2)C2CC12;Cn1cc(CNC(=O)C(CN)c2ccccc2)cn1;Cc1ccc2[nH]nc(C(=O)NC(CN)C3CC3)c2c1;CNc1cc(N2CCC(c3cn[nH]c3)CC2)ncn1;CC(=O)N1CCCN(c2nc3ccccc3[nH]2)CC1
m_a06450,Cc1cc(NC(=O)N2CCC3(CCN(C)C3=O)CC2)nn1-c1cccc(F)c1;CCC=CCC=CCC=CCC=CCC=CCC=CCCC(=O)NCC(=O)O;COCc1noc(CN2Cc3cnn(-c4ccccc4F)c3CC(C)(C)C2)n1;COCc1noc(CN2Cc3cnn(-c4ccc(F)cc4)c3CC(C)(C)C2)n1;CC(NC(=O)NC(CO)CC(O)C(C)(C)C)c1ccc(-c2ccncc2)cc1;O=C(O)c1cccc2c1CN(C(=O)C1CCCN(C(=O)N3CCCC3)C1)CC2;CC1CN(C(=O)CN2CCN(Cc3cccc(C(F)(F)F)c3)CC2)CCO1;Cn1c(=O)oc2cc(NC(=O)C3CCC(NC(=O)C4CCCC4)CC3)ccc21;CC(C)(C)C(=O)N1CCCC(C(=O)N2CCNC(=O)CC2c2ccccc2)C1;Cc1cc(C)cc(C2(C(=O)N3CCN(C(=O)CN4CCOCC4)CC3)CC2)c1;CCCCCC=CCC=CCC=CCCCCC(=O)NCCS(=O)(=O)O;COc1cc2c(cc1OC)CN(C(=O)c1nnn(C3CCNCC3)c1C)CC2;CC1=CC2C3C(CC(=O)C24C(=O)NC(CC(C)C)C4C1C)C1CCCC3(C)O1;O=C(CN1CCCC(CC2CCOC2)C1)Nc1cccc(C(=O)NC2CC2)c1;CCC(=O)N1CCCC(C(=O)Nc2cnn(Cc3nnc4n3CCCC4)c2)C1;CC(C)=CC1C(C(=O)NCC2(c3ccc4c(c3)OCO4)CCOCC2)C1(C)C;COCCn1cc(C(=O)N2CCC(CN3CCOCC3)CC2)c2ccccc21;CCN(CC)C(=O)CCC1CCN(Cc2ncc(-c3ccccc3)s2)CC1;CC1Cc2c(C(=O)N3CCN(c4ccnc(N(C)C)n4)CC3)n[nH]c2C(C)O1;O=C1CCCCCN1CC(=O)N1CCn2c(Cc3cccc(F)c3)nnc2C1;Cc1cc(C(=O)N2CCCN(Cc3noc(C4CC4)n3)CC2)c(C)n1C(C)C;COc1cc2nc(NC3CC3)nc(NC3CCN(C(C)C)CC3)c2cc1OC;COc1ccc2[nH]c(=O)c(CCC(=O)NCCCN3CCCC(C)C3)cc2c1;Cc1nn(C)c2[nH]c(=O)c(CCC(=O)N3CCC(CN4CCCC4)C3)c(C)c12;CC(=O)N1CC(O)CC1C(=O)N1CCC2(CCN(Cc3ccccc3)CC2)C1
m_a0edff,CC(C)C(=O)Nc1ccc(NC(=O)CNCC2CCCO2)cc1;CNC(=O)COc1ccc(CNC(=O)N2CCCCCC2)cc1;Cc1nnc2n1CC(C(=O)NCC1(N3CCOCC3)CC1)CC2;CCn1cc(C2OCCCC2C(=O)N2CC(O)(C3CC3)C2)cn1;CC1CCC(NC(=O)N2CCN(c3cnn(C)c3)C(=O)C2)CC1;CC1CCCN(C(=O)C2CCN(C(=O)Cn3ccnn3)CC2)C1;CCCCCn1c(N2CCCCC2)nc2c1c(=O)[nH]c(=O)n2C;O=C(CCCc1nc(C2CC2)no1)NC1CCCC2OCCC12;COCC1CN(C(=O)c2cnc(C)nc2C2CC2)CC(C)(C)O1;CN(Cc1nnc(C2CC2)n1C)C(=O)C12CNCC1CCOC2;CC(C)(C)C1NC(=O)CCC1NC(=O)c1noc2c1CCCC2;Cn1ccc(C(=O)N2CCC(CN3CCOCC3)CC2)cc1=O;CCCNC(=O)c1cccc(C(=O)N2CCCOC(CN)C2)c1;COc1ccccc1CN1CCN(C(=O)C2COCCN2)CC1;CCNC(=O)CN1CCCN(C(=O)c2n[nH]c3c2CCC3)CC1;CCc1ncnc(NC2CCOC2c2ccnn2C(C)C)c1F;Cc1noc(CNC(=O)NC2C3CCCC2CN(C2CC2)C3)n1;Cc1c(C(=O)N2CCC(CC(N)=O)C2)nnn1CC1CCCC1;CC(=O)N1CC(C(=O)N2CCCCC2c2n[nH]c(C(C)C)n2)C1;CC(C)NC(=O)Nc1ccc(C(=O)N2CCOCC2(C)C)cc1;O=C(c1cccc(CO)c1)N1CCC(OCC2CCCO2)CC1;Cc1cc(CCNC(=O)N2CC(=O)N(C)C(C)C2)cc(C)c1O;CCN(CCC#N)C(=O)CN1CCOCC1c1c(C)n[nH]c1C;COc1ccnc(CN2CCC(C(O)C(=O)NC3CC3)CC2)c1;O=C(c1cn[nH]c1C1CCNC1)N1CCN(C2CCOC2)CC1
m_a12514,Cc1cccc(CC(=O)N(CCC#N)C2CCOCC2)c1;CC12CCC3c4ccc(O)cc4CCC3C1CC(O)C2=O;CCN(C(=O)c1ncn(C(C)(C)C)n1)c1ccccc1C;CN(Cc1cccc2c1OC(C)(C)C2)Cc1nncn1C;O=C1CC2(CCN(c3ncnc4c3CCCCC4)C2)CN1;CN(Cc1cc2ccccc2o1)C(=O)C1(CN)CCCC1;COCCC(NC(=O)C1CC(=O)N(C(C)C)C1)C(=O)O;COC1CN(c2ccnc(C3CC3)n2)CC1c1c[nH]nn1;CN1CCN(C(=O)NC2C3CNCC32)Cc2ccccc21;CC1c2nncn2CCN1C(=O)c1cc(C2CC2)nn1C;Cc1ccc(C2CCCN2C(=O)C2CCCC(=O)N2)cc1;CC1CN(C2CCN(c3ccc(C#N)nc3)CC2)CCO1;O=C(NC1CC1)C1CCN(c2ncnc3[nH]ncc23)CC1;CC1(CNC(=O)c2cccc3c2CCCC3)CCC(=O)N1;CN(C)c1nc(NC2CCCOCC2)nc2ccccc12;CN(C)C(=O)Cc1ccc(NC(=O)C2C3CCCC32)cc1;CC(NC(=O)C1CC(=O)N(C)C1)c1ccc2c(c1)CCC2;CN1CC(C(=O)N2CCC(Cc3ccccc3)C2)CC1=O;c1cnc(NCC2CCC(c3nc(C4CC4)n[nH]3)O2)cn1;CN1CCC2CCC(C1)N2c1ncnc2cccc(F)c12;CCCNC(=O)c1cccc(C(=O)NC2CC=CCC2)c1;c1cnc(NCC2CCC(c3nc(C4CC4)n[nH]3)O2)nc1;CCNC(=O)C1CN(c2nc(C3CC3)nc3c2CCC3)C1;CCN(CC)C(=O)c1cnn2c1NC(C)CC2C(F)F;CC1(C)CC(NC(=O)Cn2ccc3ccccc32)CCO1
m_a3c949,N#Cc1cc(F)ccc1CN1CCCC(c2noc(C3CC3)n2)C1;O=C(NCc1ccccc1F)c1ccc(N2CCCCC2=O)cc1;CCOc1cc(C(=O)N2CCC(c3ccc(OC)cc3)C2)ccn1;COc1ccc2ccccc2c1CCNC(=O)C1CCCC(=O)N1;O=C(Cc1c[nH]c2cc(F)ccc12)NCc1[nH]nc2c1CCCC2;O=C(NC1CC(Cn2ccnc2)CC1O)c1ccn2ccnc2n1;COc1ccc(CC2CCN(C(=O)c3ccc(O)nc3)CC2)cc1;CC(C)(C(=O)O)C1CCCN(C(=O)c2cccc3cnccc23)C1;CC(C)C(NC(=O)c1cn(C)cn1)c1nc(-c2cccnc2)no1;Cc1ccc(CC(C)NC(=O)NCC2(CO)CCOCC2)s1;NC1CCN(C(=O)c2ccccc2OCCOc2ccccc2)C1;CCc1ccc(C2CN(C(=O)c3ccn(C)c(=O)c3)CCO2)cc1;COc1cc(CNC(=O)C2CC(C)CC(=O)N2)cc2ccccc12;CNCC1CCN(C(=O)C2CC2c2cccc(C(F)(F)F)c2)C1;COc1ccccc1C1CCCN1C(=O)c1oc(C2CC2)nc1C;CCC(CC)CN(CC)C(=O)Cc1ccc(S(N)(=O)=O)cc1;Cn1ccc(C(=O)NCC2(c3ccccc3)CCOCC2)cc1=O;Cc1c(C2C(C(=O)N3CCC(F)(F)C3)CC(=O)N2C)cnn1C;O=C(c1cccc2ncccc12)N1CCC(O)C2(CCOCC2)C1;CCN1CC(c2noc(Cn3ncc4cc(C)cnc43)n2)CC1=O;Fc1cccc(CNc2cnn(Cc3nnc4n3CCCC4)c2)c1;COc1ccc2c(c1)CC(C)N(C(=O)c1cc(C)nc(O)c1)C2C;Cc1n[nH]c(C)c1C1COCCN1C(=O)c1ccc2[nH]nnc2c1;CCc1c[nH]c2ncnc(N3CCOC(c4ccccc4F)C3)c12;COc1cccc(C2CC(O)CN2C(=O)Cc2ccc(C)nc2)c1
m_a5509a,CCn1nccc1C1OCCC1CNC(=O)c1ncoc1C;CCc1nnc(C2CCCN(C(=O)c3ncoc3C)C2C)o1;FC(F)(F)CN1CCCN(Cc2noc(C3CC3)n2)CC1;CCc1nnc(CC2CCC(NC(=O)c3ncoc3C)C2)o1;CCc1nnc(CC2CCC(NC(=O)c3ocnc3C)C2)o1;Cc1c(C(=O)NC(C)C(F)(F)F)nnn1CC1CCCC1;OCC12CCCCC1(CO)CN(c1nccn3nnnc13)C2;CN1CCN(C(=O)Nc2ccncc2F)CC1c1ncc[nH]1;CCn1cc(OC2CCCC2NC(=O)c2ocnc2C)cn1;CCNc1cc(C)nc(N2CCN(c3nccs3)CC2)n1;COc1cccc(CN(C)C(=O)Cn2nc(C)n(C)c2=O)c1;Cc1cc(NC(=O)C(C)NC2CCc3nc(C)nn3C2)on1;CCc1nc2n(n1)CC(NCC(=O)Nc1cc(C)no1)CC2;Cc1cc(CNC(=O)c2c3c(nn2C)C(C)OC(C)C3)on1;Cn1cc(CC(=O)NC2CCN(CC(F)(F)F)CC2)cn1;CC(C(=O)NC1CCN(CC(F)(F)F)CC1)n1cccn1;Cc1n[nH]c(C)c1CC(=O)NC1CCN(CC(F)(F)F)C1;COC1CC(c2nc(C)c(C)[nH]2)N(C(=O)c2ocnc2C)C1;COCc1noc(C2(c3ccc(OC)cc3)CCOCC2)n1;Cc1noc(C)c1NC(=O)C1CCCOC1c1cnn(C)c1;CN(C)S(=O)(=O)N1CCN(C(=O)N2CCCCC2)CC1;Cc1ccc(O)c(CN2CC(C)OC(c3nc(C)no3)C2)n1;COC1CC(CN(C)c2nccc(C(F)(F)F)n2)N(C)C1;Cn1cc(OC2CCCC2NC(=O)Cc2cnnn2C)cn1;COc1ccc(OC)c(CCC(=O)NCc2ncnn2C)c1
m_a5bb0e,Cn1cc(CC(=O)N2CCOC(c3nnn[nH]3)C2)c2ccccc21;Cn1c(=O)[nH]c(=O)c2nc(NCC3(c4ccccn4)CCC3)[nH]c21;O=c1nc(C2CCCCN2Cc2cc(=O)n3ccccc3n2)[nH][nH]1;CN(CC1OCCC1c1ncn[nH]1)C(=O)c1cnc2ccccn12;CC(C)(CC(=O)NC1CCN(c2ccc(F)cc2F)C1)C(=O)O;COc1ncccc1CNC(=O)Nc1cnc2c(c1)c(C)nn2C;CSCc1cc(F)ccc1CNC(=O)NCC1CCC(O)C1;CCCCCCCCC(CCC)c1ccc(S(=O)(=O)O)cc1;[N-]=[N+]=NCCCNC(=O)CCCCC1SCC2NC(=O)NC21;Cn1cc(CC2CCN(C(=O)c3cnc4[nH]c(=O)[nH]c4c3)C2)cn1;O=C(NCCc1c[nH]c2ccc(F)cc12)C1CCc2cn[nH]c2C1;CC(C)NC(=O)Cc1nnc2cc(-c3nc(C4CC4)no3)ccn12;O=C(NCCCn1cnc2ccccc21)NCc1ccc(F)cc1;O=C(CN1CCCC1)NC1CC(Cn2cc(Cl)cn2)CC1O;COC1CN(C(=O)c2cc(C)cc3c[nH]nc23)CC1c1c[nH]nn1;CC(C)=CCc1c(O)ccc(C(=O)CCc2ccc(O)cc2)c1O;Cc1ncncc1C(=O)N1CCN(c2ncccc2C(N)=O)CC1;CC(C)=CCc1c(O)ccc2c1OCC(c1ccc(O)cc1O)C2;CCC(C)n1ncc2c(C(=O)O)cc(C=Cc3cn(C)nn3)nc21;CNC(=O)C1(COC)CCCN1C(=O)c1cc(C)c(F)cc1F;CN(C)CCN(CC(=O)O)C(=O)C1CC1c1cccc(F)c1F;CC=Cc1cc(OC)c2c(c1)C(C)C(c1ccc(O)c(OC)c1)O2;CC(C)c1nnc2n1CC(Nc1nccc(C(F)(F)F)n1)CC2;CCN(Cc1ccc2[nH]ccc2c1)C(=O)c1cc(F)ccc1OC;CN(C)c1ncccc1C(=O)NCCc1nnc(-c2ccco2)[nH]1
m_a5d8e5,CCc1nnc(C23CCCC2CN(Cc2c(C)cc(OC)nc2C)C3)o1;Cc1nc(C)c(C(=O)NCC2CCCN(C)C2c2ccnn2C)nc1C;CN(C)c1ccnc(C(=O)NCC2CCCN(C)C2c2cncn2C)c1;CCCOc1cccc(CCNC(=O)N2CCC(c3nccn3C)C2)c1;COc1cccc(CC(=O)NCC2CCCN(C)C2c2cncn2C)c1;CCN1CCCC(CN(C)C(=O)c2cnc(C)cn2)C1c1cnn(C)c1;Cc1noc(CCCNC(=O)N2CCCCC2c2cccc(C)c2C)n1;O=C(C(C1CC1)C1CC1)N1CCOC(c2ccnc(N3CCCC3)n2)C1;CC(NCC1CCC(=O)N(C)C1c1cnn(C)c1)c1cccc(CO)c1;CN1CCCC(CNC(=O)c2cnn(C)c2C2CC2)C1c1cncn1C;CC(CCn1cccn1)NC1CCC(=O)N(C2CC2)C1c1nccn1C;CCNC(=O)c1ccc(NCC2CCCN(C)C2c2ccnn2C)nc1;c1cc(CNCC2CCC(c3nc(C4CC4)n[nH]3)O2)n(CC2CCC2)n1;Cc1cccc(OCCNC2CC(=O)N(C)C2c2c(C)nn(C)c2C)c1;COc1ccccc1CC(=O)NCC1CCCN(C)C1c1cncn1C;CCN1C(=O)CC(CNCc2cnccc2N(C)C)C1c1nccn1C;Cn1ccnc1C1C(NC(=O)C=C2CCCCC2)CCC(=O)N1C1CC1;CCOc1ccccc1CNCC1CCC(=O)N(C)C1c1nccn1C;COC(=O)C(CO)C(O)CCCCC(C)C=C(C)C=C(C)CC(=O)O;CCc1nc(C)cc(N2CCC3(NC(=O)C4C5COCC54)CCCC23)n1;CN1CCCC(CNCc2ccc3c(c2)OCCO3)C1c1cncn1C;O=C(C1CN(C(=O)C2CCCCC2)C1)N1CCC(c2ccncn2)CC1;CN1C(=O)CCC(NCc2ccnn2C2CCCC2)C1c1nccn1C;CC(C)n1c(C2CCCN(C(=O)C3CC(O)CN3)C2)nc2ccccc21;Cc1n[nH]cc1C1CCN(c2cc(N3CCCCC3CO)ncn2)CC1
m_a87b11,COc1ccccc1Cn1cc(CNC(=O)N(C)C)nn1;COc1cccc(Cn2nnnc2N2CCCOCC2)c1;Cc1c(NC(=O)C2OCC3CCCC32)cccc1C(=O)O;C[N+](C)(C)CC(CC(=O)[O-])OC(=O)CCCCC(=O)O;Cc1cnn(C2CN(CCC(=O)Nc3cc(C)on3)C2)c1;O=c1onc(-c2ncccn2)n1CCCN1CCCCC1;COc1ccccc1CN1CCOCC1c1nc(C)no1;COCCn1cc(CNC(=O)NCc2ccncc2)cn1;COCc1cc(NCc2cn(C)nc2C)cc(C(=O)O)c1;CC1COC(c2ccccc2)CN1C(=O)C1CC1C(=O)O;CCn1c(SC2CCC(C)C2)nnc1-c1cnccn1;COc1cccc(CC(=O)N2CCN(C3CC3)C(=O)C2)n1;O=C(O)C1(C(=O)N2CCC(Oc3ccccc3)CC2)CC1;Cn1nccc1C1OCCCC1CNC(=O)c1cn[nH]c1;Cc1ccn(C)c1C(=O)N1CCC(O)(Cn2ccnn2)C1;CCc1ccc(C(=O)NC(C)(COC)c2nn[nH]n2)cc1;COC(=O)C1CCc2nnc(-c3cc(C)oc3C)n2CC1;CN(Cc1cnn(-c2ccccc2)c1)c1ccc(C#N)cn1;COC1C(C)C(NC(=O)C2(S(C)(=O)=O)CC2)C1(C)C;COc1cncc(CN2CC(OC)C(c3c[nH]nn3)C2)c1;COC(=O)C1C(O)CCCN1Cc1coc2ccccc12;CCc1ccc(C(=O)Nc2c(C)nn(C)c2OC)c(O)c1;COc1cc(C(=O)NCCc2cc[nH]n2)cc(OC)c1C;COCc1nc(O)cc(N2CCC(c3cnn(C)c3)C2)n1;CCn1cc(OCC(=O)Nc2cc(C)ccc2OC)cn1
m_a94f72,CC(CC(=O)O)NC(=O)c1ccnn1CC1CCC1;CC(CNC(=O)c1ccnn1C1CCCC1)C(=O)O;O=C(CC1(O)CCCCC1)NCc1ccc(F)cc1;O=C(c1cc[nH]n1)N1CCSC2(CCCCC2)C1;Cn1cc(C(=O)NCCN2CCOCC2)ccc1=O;CCCNC(=O)CCNC(=O)c1ccc(OC)nc1;CC1CCN(Cc2ccc(F)cc2C(=O)O)C(C)C1;CCNC(=O)N1CCC(Nc2ccccc2F)CC1;Cc1cc(C)n(CCCNC(=O)C2(C(=O)O)CC2)n1;CC1CC(C(=O)O)CCN1C(=O)CCn1cccn1;CNC(=O)c1ccc(NC(=O)C(N)COC)c(C)c1;CCc1nc(C(=O)NC2CCC(=O)NC2C)c(C)o1;COc1cc(N2CC(C)OC3(CCOC3)C2)ncn1;Cc1cc(C(=O)N2CC3CCN(C)CC3C2)ns1;Cc1cc(NC(=O)CN(C)C(=O)C2CCCC2)no1;CC1CC(N2CCOC(Cn3cccn3)C2)C(=O)O1;O=C(NCc1nccs1)C12CCCN(CCC1)C2;CCCC1C(=O)NCCN1C(=O)c1cncc(F)c1;CCCOc1cc(C2(C)CNC(=O)O2)ccc1OC;Cc1cc(C(=O)NCC23CCCN2CCC3)ns1;O=C(c1cc(=O)[nH]c(C2CC2)n1)N1CCCC1CF;CCCCN(CC(N)=O)C(=O)c1ccc(C)[nH]c1=O;COc1ccnc(N2CCCN(CC(N)=O)CC2)n1;CC(C)(C)c1nn(C2CCN(C3CC3)C2=O)c(=O)o1;CCc1ncnc(N(CC2CCOC2)C2CC2)c1F
m_a98076,CN(CC1(O)CCN(Cc2ccccc2)C1)C(=O)c1c[nH]c(C#N)c1;CN(CC1(O)CCN(Cc2ccccc2)C1)C(=O)c1cc(C#N)c[nH]1;O=C1CCC(NC(=O)c2cccc(Cn3ccnc3)c2)C(C2CC2)N1;CC(c1ccccn1)N(CC(=O)N1CCNC1=O)Cc1ccccc1;Cc1ccc(N2CCCN(C(=O)C3Cc4ccccc4O3)CC2)nn1;Cc1noc(C)c1C(C)(C)C(=O)Nc1cnn(Cc2ccccc2)c1;Cn1ccnc1C(NC(=O)Cc1ccc(C#N)cc1)C1CCOCC1;Cc1nccc(CNC(=O)C2CCC(=O)N(C)C2c2ccccc2)n1;Cc1nccc(CNC(=O)C2CC(=O)N(C(C)c3ccccc3)C2)n1;Cc1ccc(CCC(=O)NCCCn2nc3ccccn3c2=O)cc1;Cc1nc2cc(=O)[nH]n2c(C)c1CNC(=O)C(C)Cc1ccccc1;Cc1ccc(C2CC2)c(C(=O)N2CCC(c3cc(O)nc(N)n3)C2)c1;O=C(O)c1cccc2c1CCCN2Cc1nnc(C2CC2)n1C1CC1;CC1CC(CO)CN(C(=O)NC2CCCc3c(F)cc(F)cc32)C1;CN1C(=O)CCc2cc(C(=O)Nc3cc(C4CCCC4)[nH]n3)ccc21;Cc1nc2ccc(NC(=O)CC3(n4cccc4)CCOCC3)cc2[nH]1;Cc1nc2cc(O)nn2c(C)c1CCC(=O)NC(C)c1ccccc1;Cc1cnc(C(NC(=O)NCCN2CCCOCC2)C2CC2)s1;CCC(NC(=O)NCc1ccc2ncccc2c1)c1c(C)noc1C;CC=CC=CC(=O)OC1CCC=CC(O)C(O)C(CCC)OC1=O;CN(C)C(=O)c1cc(NC(=O)NCc2ccc(C3CC3)cc2)ccn1;O=C(NCc1ccc(F)cc1F)C1CCOC1CC1CCNCC1;NC(=O)Nc1cccc(C(=O)N2CCC(Cc3cccnc3)CC2)c1;Cc1ccc(NC2CCN(C(=O)C3Cc4ccccc4O3)CC2)nn1;N#CCCN(C(=O)c1ccc2c(c1)[nH]c(=O)n2C1CCCC1)C1CC1
m_aa5754,C=C(C)CN(C)C(=O)NCc1cc(C(=O)OC)c(C)o1;CCc1sc(C(=O)NC2CCNC(=O)CC2)cc1C;NC1CCCN(C(=O)C2CC2c2cc(F)ccc2F)C1;CC(NC(=O)Cn1cncn1)c1ccc2ccccc2c1;O=C(NCCOc1ccccc1)N1CCOC(CO)C1;CC(C)Oc1ccc(C(=O)NC2CCSCC2)cn1;O=C(O)C(=O)N1CCN(C(=O)CC2=CCCCC2)CC1;CCN1CCN(CCOc2ccc(F)cc2)C(=O)C1=O;COCC1CN(Cc2nc3ccc(F)cc3o2)CCO1;O=C(Nc1ccccc1-c1ccccc1)C1CCCNC1;CNC(=O)C1CCN(C(=O)CCc2cccs2)CC1;COc1cccc(C(=O)N2CCOC(CN)C2)c1OC;COC(=O)c1cn(CC(=O)N2C(C)CCCC2C)nn1;CC(C)C(NC(=O)CNCc1ccccc1O)C(=O)O;COCC(=O)NC1CCOCC1Nc1ccnc(C)n1;CC(=O)Nc1ccc2c(c1)Cc1cc(NC(C)=O)ccc1-2;CCN1CCN(CCOc2ccccc2F)C(=O)C1=O;N#Cc1cnc2ccccc2c1N1CCC(C(N)=O)CC1;CSc1ccc(C)c(C(=O)NC(C(N)=O)C(C)C)c1;N#Cc1ccc(-c2cnc(N3CCCC(O)C3)nc2)cc1;NC(=O)C1CC(O)CN1C(=O)CCc1ccc(F)cc1;NC(Cc1c[nH]cn1)C(=O)Nc1ccc2ccccc2c1;CC1CN(C(=O)CCOc2ccc(F)cc2)CC(C)N1;CC(C)CCn1cc(C(=O)N2CCCC2C(=O)O)nn1;CC(c1ccccc1Cl)N(C)C(=O)C1CCCNC1
m_ab3260,O=C(Cc1cccc(C(F)(F)F)c1)NCC1COc2ccccc2O1;O=C(Nc1cccc(OCC(F)(F)F)c1)c1ccc(NC2CC2)nc1;CN(C)c1nc2cc(C(=O)NCC3CCCS(=O)(=O)C3)ccc2o1;CCN(CC)S(=O)(=O)c1ccc2nc(O)cc(C(=O)N(C)C)c2c1;CC(Cc1ccc(NS(=O)(=O)c2cn(C(C)C)cn2)cc1)C(=O)O;COC(=O)c1cc(C(C)C)nc2c1c(C)nn2C1CCS(=O)(=O)C1;O=C(O)C1CN(C(=O)Cc2cccc3ccccc23)CC1C(F)(F)F;CCN(CC)c1nc(SC)nc(Cl)c1Cc1ccc(OC)cc1;CCn1cc(S(=O)(=O)N(C)c2ccc(C(N)=O)cc2)cc1C(=O)O;Cc1cnc(F)c(-c2nc(-c3cccc(-n4c(C)c[nH]c4=O)c3)no2)c1;Cc1cnc(F)cc1-c1nc(-c2cccc(-n3c(C)c[nH]c3=O)c2)no1;CC(C)c1nnc(COc2ccc(S(=O)(=O)NCC3CC3)cc2)o1;O=C(O)CCN(CC1CCCO1)C(=O)c1cnn2cccc(Cl)c12;Cc1sc2nc(CSC(C)C(=O)N3CCCC3)[nH]c(=O)c2c1C;O=S(=O)(NCC1CCOC2(CCC2)C1)c1csc2ccccc12;CC(C)n1cc(S(=O)(=O)N(C)c2cccc(CCC(=O)O)c2)cn1;COc1ccc2cc3n(c(=O)c2c1OC)CCc1cc2c(cc1-3)OCO2;Cn1cc(C2CS(=O)(=O)CCCN2C(=O)c2cccc(F)c2)cn1;O=S(=O)(c1cncc(F)c1)N1CCCC(c2nncn2C2CC2)C1;CCC(=O)Nc1ccc(Cl)c(NC(=O)CCN2C(=O)CCC2=O)c1;COc1ccc(NC(=O)COc2cccc(Oc3ccccn3)c2)cn1;Cc1cc(NS(=O)(=O)c2ccsc2)cnc1N1CCCCC1C;COc1ccc2c(c1)C(=O)c1nccc3c(OC)c(OC)c(OC)c-2c13;O=C(NCC1(c2cccc(OC(F)(F)F)c2)CCC1)c1cccnn1;CCc1nnc(C)cc1C(=O)N1CCOc2ccc(C(F)(F)F)cc21
m_ab91a8,COCC(=O)NC1CCC(c2ccccc2)CC1;Cc1ccc(CCNC(=O)C2CC2C(=O)O)cc1;CC(C)c1ccc(N2CCC(C(=O)O)C2=O)cc1;O=C(O)CCCN1CCCC1Cc1ccccc1;Cc1ccc(N2CC(C(=O)O)CCC2=O)cc1C;Cc1ccc(CN2CCC(C(=O)O)CC2)cc1C;Cc1ccccc1C(=O)NC1CCC(C(=O)O)C1;Cc1cccc(C(=O)N2CCCCC2C(=O)O)c1;CCc1cccc(CN2CCC(C(=O)O)CC2)c1;CCc1cc(NC(=O)CC2CCOC2)ccc1C;Cc1ccc(C(=O)N2CCCCC2C(=O)O)cc1;Cc1cccc(C2CCCCCN2CC(=O)O)c1;Cc1cccc(C2CCCCN2CC(=O)O)c1C;Cc1ccc(C(=O)NC2CCC(C(=O)O)C2)cc1;CN(CC(=O)O)C(=O)c1ccc2c(c1)CCCC2;CC(C(=O)O)N1CCCC(C)(c2ccccc2)C1;CN(C)Cc1cccc(C(=O)N2CCC(N)C2)c1;CC(=O)NCC1(c2ccccc2C)CCOCC1;COc1cc2c(cc1OC)C(CC(C)C)=NCC2;CC1(C)C2CCC1(C)C(NC(=O)c1ccoc1)C2;NC(=O)NCc1ccc(NC2CCCCC2)cc1;Cc1cccc(C(=O)NC2CCC(C(=O)O)C2)c1;Cc1ccc(C(N)=O)cc1OCCC1CCCC1;CCC(c1ccccc1)C1CCCN1CC(=O)O;CCn1nc(C)c(Nc2nccc(OC)n2)c1C
m_abbd02,CCN1CCC2OCCN(Cc3nnnn3CC(F)(F)F)C2C1;CCN1CCOC(CNC(=O)c2nonc2C)C1c1nccn1C;CCN1CCOC(CNC(=O)c2nonc2C)C1c1cncn1C;Cn1ncc(C(=O)NCC2(Cc3ccccc3)CC2)c1-n1cccc1;Cc1ccccc1CCC(=O)NCc1ccc(-c2cnn(C)c2)nc1;CCC(C(=O)NCc1cc(-c2ccccn2)nn1C)c1ccccc1;Cc1ccc(CNc2nnc(N3CCOCC3)c3ccccc23)cc1;Cc1cnc(OCC2CCCN(c3ccnc4ccccc34)C2)nc1;Cn1cncc1C1CCN(C(=O)c2ccc(-n3cccc3)cc2)CC1;CCC(C(=O)N1CCc2c(cnc3cc(C)nn23)C1)c1ccccc1;CCN(C(=O)Cc1ccc(NCc2ncc[nH]2)cc1)c1ccccc1;N#Cc1ccccc1-c1ccc(CN2CCCN(C(N)=O)CC2)cc1;Cn1nnc2ccc(C(=O)N3CCCC(Cc4ccccc4)C3)cc21;CCc1c(C)c(C#N)c2nc3ccccc3n2c1NCC1CCCO1;Cc1ccc(CN2CCSCC2)cc1NC(=O)CC1CCCO1;Cc1cc(C)n(-c2cccc(NC(=O)CC(C)c3ccncc3)c2)n1;O=C(NCCc1c[nH]c2ccccc12)c1ccc(NCC2CC2)nc1;CCc1ccc(F)cc1C(=O)NC1CCC(=O)NC1C1CCCO1;Cc1ccc2nc(C)cc(C(=O)N3CCCC(n4ccnc4)C3)c2c1;CCCN(C(=O)c1ccc2nncn2c1)C1CCc2ccccc2C1;Cc1nnc2n1CCN(Cc1ccc(OCc3ccccc3)cc1)C2;CCn1c(C2CCCN2C(=O)c2ccc(C)nc2)nc2ccccc21;CCCC1SCCN1C(=O)c1ccc(N2CCC(O)CC2)cc1;CC(C)C(c1cccnc1)N(C)C(=O)c1cccc(-n2cccn2)c1;CCC(C)n1ncc(C(=O)Nc2ccc3ncccc3c2)c1C1CC1
m_acdfec,CC1CN(c2ccc(NC(=O)c3cc(C4CC4)[nH]n3)cn2)CC(C)O1;CCCOc1ccc(CN2CCN(C(=O)c3cnccn3)CC2)cn1;CCc1nc2n(n1)CC(NCC(O)COc1ccc(C#N)cc1)CC2;CCOC(=O)c1ccc(N2CCCN(c3ccc(C)nn3)CC2)nc1;CCn1nc(C(=O)N2CCc3ncncc3C2)c2c1C(C)OC(C)C2;CN(Cc1cccc(C(N)=O)c1)C1CCCN(c2cnn(C)c2)C1=O;Cc1nc(N2CCOCC2)ccc1NC(=O)C1CC1c1cnn(C)c1;CNC(=O)Cc1ccc(NC2CCCN(c3cnn(C)c3)C2=O)cc1;Cc1cccc(OCC(O)CNc2cc(C(C)C)nc3ncnn23)c1;CCOC(=O)c1ccc(N2CCCN(c3nccc(C)n3)CC2)nc1;COc1nc(C)cc(N2CCCC(C(=O)Nc3cccc(C)n3)C2)n1;CCn1nc(C(=O)N2CCCC2CNc2cccc(C)n2)ccc1=O;CCn1ccnc1C1CCCCN1C(=O)C1CC1c1ccc(F)cc1;Cc1nc(C2CCCN(C(=O)c3cc(=O)[nH]c(C4CC4)n3)C2)[nH]c1C;CCCOc1ccc(CNC(=O)c2ccnc(N3CCCC3)n2)cn1;CN(C)c1nc(N2CCCC2)ncc1NC(=O)COc1ccccc1;O=C(Nc1cnn(CC2CCCO2)c1)c1ccc(N2CCCC2)nc1;CC(C)Cc1cc(C(=O)N2CCN(c3ncccn3)CC2)cc(O)n1;COCc1n[nH]c(C2CN(C(=O)c3ccnc(C)c3)CC2C2CC2)n1;CCc1cnccc1C(=O)N1CCC(c2cc(O)nc(N(C)C)n2)C1;CN1CCC(Nc2ccccc2NC(=O)Cc2ccc(F)cc2)CC1;O=C1CCCN1CCc1nc(-c2ccc(N3CCCCC3)nc2)no1;O=C(NC1CCCC2OCCC12)C(Cc1ccccc1)n1cnnn1;CCOc1nc(C)ccc1C(=O)N1CCN(c2ccnc(C)n2)CC1;CCC1CN(C(=O)CCc2c(C)nc3c(C#N)cnn3c2C)CCO1
m_ace790,C=CCNC(=O)CNc1ccc(C(F)(F)F)c(C#N)c1;COc1cc(CNC(CCC(=O)O)C(=O)O)ccc1O;CCOC(=O)c1sc(NC(=O)NCC2CC2)nc1C;CN1C(=O)c2ccccc2NC1c1ccc([N+](=O)[O-])cc1;Cn1nccc1C(=O)NCc1ccc(C(F)(F)F)cc1;Cc1ccc(C(=O)NCC2(C(=O)O)CCOCC2)s1;Cc1scc(C(=O)N2CCOCC2CC(=O)O)c1C;O=C(O)c1cccc(C(=O)NC2COc3ccccc32)c1;O=C(O)CCCNC(=O)C1CC1c1cccc(F)c1F;O=C(O)CC1CCCCN1S(=O)(=O)c1ccccc1;O=C(O)C1CCN(C(=O)CCOCC(F)(F)F)CC1;O=C(NC1CCCC1C(=O)O)c1ccc(C(F)F)cc1;O=C(O)c1cccc(S(=O)(=O)N2CCCCCC2)c1;O=C(O)CNC(=O)Cc1cc2c(ccc3ccccc32)o1;CC(Cc1cccs1)C(=O)N1CCOCC1C(=O)O;CC(C)(C(=O)N1CCOC(C(=O)O)C1)c1cccs1;CC(C(=O)N1CCOC(CC(=O)O)C1)c1cccs1;CCC1CC(C(=O)Nc2cc(Cl)ccc2O)CCO1;O=C(O)C1CCN(S(=O)(=O)Cc2ccccc2)CC1;CCC(C)(CC(=O)O)NC(=O)Cc1cccc(Cl)c1;CCN(CC(=O)O)C(=O)C1CC1c1ccc(F)c(F)c1;N#Cc1ccc(N2CCC(C(N)=O)C2)cc1C(F)(F)F;Cc1scc(C(=O)N2CCC(O)(C(=O)O)CC2)c1C;O=C(O)C1CCCCN1C(=O)Cc1cccc(F)c1F;Cc1cc(C(=O)N2CCOCC2CC(=O)O)c(C)s1
m_acfc1e,Cc1[nH]ncc1CCCNC(=O)N1CCC(CC(N)=O)CC1;COc1cc(CN2CCCCC(CO)C2)cc2c1OCCO2;COc1cccc(C[n+]2cn(Cc3ccccc3)c(C)c2C)c1;CCn1nc2c(c1C(=O)NCC1CC(O)C1)CC(C)OC2C;COCC1CN(C(=O)Cc2ccccc2OC)CC(C)(C)O1;O=C(O)C1(O)CCN(C(=O)C23CC4CC(CC(C4)C2)C3)CC1;CC(C(=O)N1CCCCC1Cc1nn[nH]n1)C1CCOCC1;CC(C)CCC1CCCC1NC(=O)c1cc(C(=O)O)nn1C;CCc1nc(CNC(=O)N2CC(COC)(C3CCC3)C2)n[nH]1;CCc1nn(C)c(CC)c1CC(=O)N1CC(C)C(C(=O)O)C1;CCC(CC)(CNC(=O)C1CCc2cnc(C)n2C1)C(=O)O;CC(C)CC(CNC(=O)C1CC1c1cncn1C)CC(=O)O;COc1ccc(CCC2CCCCN2CC(=O)O)cc1OC;CC1CCN(C(=O)CC(C)(C)CC(=O)O)CC1n1ccnc1;Cc1nn(C)c(C)c1C(C)C(=O)N(CC(C)C(=O)O)C1CC1;COc1cccc(C2CN(CCC(C)(C)C(=O)O)CCO2)c1;Cc1nc2n(n1)CC(NC(=O)NCC1CC(C)(C)CO1)CC2;Nc1cc(CN2CCC(c3nc4ccccc4[nH]3)CC2)ccn1;CC(C)(C)n1cc(C(=O)NC2(C(=O)O)CCCCCC2)cn1;CN(CC(N)=O)CC1CN(Cc2ccc(CO)cc2)CCO1;CCNC(=O)N1CCC(NC(=O)c2cc(C(C)C)nn2C)C1;CC(C)(C)CN(CC(=O)O)C(=O)Cc1cnn2c1CCCC2;Cn1cc2c(NC3CCCC(c4ccccc4)C3)ncnc2n1;CC(C)CC(=O)N1CCC(NC(=O)Nc2ccnn2C)CC1;Cc1occc1C(=O)N1CCOC(CN2CCN(C)CC2)C1
m_aec773,NC(=O)C1(CNC(=O)c2cc(F)cc(Br)c2)CCCC1;Cc1cccc(S(=O)(=O)NC2(C#N)CC2(C)C)c1Br;O=C(NCC1(C(=O)O)CCOCC1)c1ccc(Br)cn1;Cc1ccc(Br)c2[nH]c(C(=O)NCC[S+](C)[O-])cc12;O=C(NCC1CCCOC1)c1cc2cc(Br)sc2[nH]1;CN(C)CC(=O)Nc1cnc(N2CCOCC2)c(Br)c1;COc1ccc(C(C)NC(=O)C2CC(O)CN2)cc1Br;Cc1ccc(OC(C)C(=O)NCCCC(N)=O)c(Br)c1;CN1CC(C(=O)NCCc2ccc(F)c(Br)c2)CC1=O;COc1ccc(Br)cc1CC(=O)NC(C(N)=O)C(C)C;COC(C)C(=O)Nc1nc(-c2ccc(Br)cc2F)n[nH]1;Cn1cc(Br)c(C(=O)NC2CCC(CO)CC2)cc1=O;CC(C)NC(=O)CNC(=O)CCOc1cccc(Br)c1;Cc1c(Br)cc(F)cc1C(=O)NC1(CC(N)=O)CCC1;Brc1cc2ncnc(NCCN3CCOCC3)c2s1;Cn1cnc(CNc2c(C#N)cnc3c(Br)cccc23)n1;CC(C)C(NC(=O)c1cc(Br)cc(C(=O)O)c1)C(N)=O;Cc1cc2cc(CNC(=O)c3ccc(Br)cc3)ccc2[nH]1;CNS(=O)(=O)c1ccc(C(=O)NC(C)c2ccc(Cl)cc2)o1;Cc1c(Cl)cc(S(=O)(=O)N2CCCC(C#N)C2)cc1C(=O)O;O=C(C=Cc1ccc(Cl)c(Cl)c1)c1ccc2ccccc2c1O;O=C(C=Cc1c(Cl)cccc1Cl)c1ccc2ccccc2c1O;O=C(C1CCNCC1)N(Cc1csc(Br)c1)C1CC1;NC(=O)Cn1cc(NS(=O)(=O)c2cc(F)cc(C(=O)O)c2)cn1;O=C(O)CCC(F)(F)C(F)(F)C(F)(F)C(F)(F)C(F)(F)F
m_aef2b4,Cc1ccc2cc(S(=O)(=O)N3CCOCC3)ccc2c1;CNC(=O)C(C)NC(=O)c1c[nH]cc1-c1ccc(C)s1;Cc1cc(=O)c(C(=O)NCc2csc(C(C)C)n2)c[nH]1;CC=CC(O)C1OC(=O)CC1Nc1ccc(C(=O)O)cc1;Cc1cc(CS(=O)(=O)Cc2ccc3c(c2)CCC3)no1;COCc1noc(C2CC(=O)N(c3ccccc3F)C2)n1;COc1ccc(C)cc1CCNC(=O)c1snnc1C;COC(=O)c1ccc(NC(=O)c2cc(C)nn2C)cc1F;O=C(NN=Cc1c(O)ccc2ccccc12)c1ccncc1;O=C(NC1(C(=O)O)CCc2ccccc21)C1COCCO1;Cc1cc(C)c2c(c1)CN(S(=O)(=O)c1ccco1)CC2;O=c1sc2c(n1Cc1nc(C3CC3)no1)CCCCC2;Cc1cc(CO)c(O)c(C(=O)CC2CC(=O)NC(=O)C2)c1;Cc1nc(-c2cnn(C)c2)sc1C(=O)OCC1CC1C;COCc1nsc(N2CCOC(c3ccccc3)C2)n1;CCC(C)c1ccc(S(=O)(=O)Nc2cnccn2)cc1;O=S(=O)(Nc1cnc2ccccc2c1)N1CCCCC1;Cc1noc(C)c1CCC(=O)Nc1nc2c(s1)CCC2;Cc1n[nH]c(C)c1S(=O)(=O)Nc1ccc2c(c1)CCC2;O=C(O)C1c2ccccc2CCN1C(=O)C1COCCO1;O=S(=O)(Nc1cccc2cccnc12)N1CCCCC1;CCN(Cc1cccc(-c2ccncc2)c1)S(N)(=O)=O;O=C(NCC1(O)CCCC(C(F)(F)F)C1)c1ccco1;O=C(O)C1(C(=O)NCCc2ccc3c(c2)OCCO3)CC1;CCC(O)COc1ccc(C(=O)NCC(F)(F)F)cc1
m_b047da,COC(=O)C1CCc2nnc(Cc3ccccc3F)n2CC1;Fc1ccc(Cc2noc(NC3CCOC3C3CC3)n2)cc1;Cn1cc(C2CC2C(=O)NCc2ccc(CO)c(F)c2)cn1;Cn1nc(C2CC2)cc1C(=O)NCc1ccc(CO)c(F)c1;Fc1ccc(C2CN(Cc3noc(C4CC4)n3)CCO2)cc1;COCc1nc(O)cc(N2CCCC2c2ccc(F)cc2)n1;CC1CC(O)CCN1C(=O)c1cnn(-c2ccccc2F)c1;CC(=O)N1CCOC2CCN(c3ccc(F)cc3C#N)CC21;Cc1c(C(=O)N2CCOC(c3ccc(F)cc3)C2)cnn1C;CCNC(=O)c1ccc(NCc2csc(CC)n2)c(C)c1;Cc1cccc(Cc2noc(C3(C)CCC(=O)NC3)n2)c1F;CC(C)(C)C(NCc1ccon1)c1nc(-c2nnc[nH]2)no1;CSc1ccc(CNC(=O)c2c(C)n[nH]c2C(C)C)cc1;Cc1cc(C)n(-c2ccc(NC(=O)C3CCCO3)cc2F)n1;CC(C(=O)N1CCOC(c2ccc(F)cc2)C1)n1ccnc1;CNCC1CC(F)CN1C(=O)c1cc2ccccc2c(=O)[nH]1;CC1(C)CN(c2cc(-c3cccs3)ncn2)C(C)(C)C1O;CSCC(=O)N1CCCC(c2nc3cc(C)ccc3[nH]2)C1;Cn1c(=O)ccn(CC(=O)NC2CCc3nccn3C2)c1=O;CCOc1cc(N2CC(O)CC2c2cccc(F)c2)ncn1;COc1ccnc(N2CCN(C(=O)Cn3cncn3)CC2)n1;Cn1ccnc1C1OCCC1NC(=O)Cc1ccc(F)cc1;COc1ccccc1SCc1nnc2n1CC(C)(C)CC2;O=C(Cc1c[nH]c2ncccc12)NC1C2Cc3ccccc3C21;Cc1cc(NC(=O)C2CCOCC2)n(-c2ccccc2F)n1
m_b084eb,O=C(c1cccc(Oc2cnccn2)c1)N1CCCC2CCCCC21;O=C(NCC1(c2ccccc2)CC1)c1c[nH]c(C(=O)N2CCCC2)c1;Cc1cc(C)cc(C(=O)N2CCC(NC(=O)c3cccnc3)CC2)c1;O=C(c1cc(=O)[nH]c2c1CCCC2)N1CCCC(c2ccccn2)C1;Cc1cccc(N2CCN(C(=O)c3ccc(C(N)=O)cc3)CC2)c1C;O=C(c1cnc(OCC2CC2)cn1)N1CCCC1Cc1ccccc1;COCC1CC(OC)CN1Cc1nc2c(=O)n(C)c(=O)n(C)c2[nH]1;Cc1ccc(C(=O)N(C)C)cc1NC1CCN(c2ccccc2)C1=O;Cc1ccc(C(C)(C)NC(=O)c2ccc3c(c2)C(C)(C)C(=O)N3)cn1;Cc1cc(NC2CCN(c3ccccc3)C2=O)ccc1C(=O)N(C)C;CC(C)(C)c1ncc(C(=O)N2CCN(C3CCCC3O)CC2)s1;CN(CC1(c2ccccc2)CC1)C(=O)NCc1cccc(C(N)=O)c1;Cc1cc2occ(CC(=O)N3CCCC3c3cnn(C)c3)c2cc1C;C=CCN1CCC(Nc2ccc(S(=O)(=O)C(C)(C)C)nc2)CC1;O=C(Cc1cccc2ccccc12)N1CCC(N2CCNC2=O)CC1;Cc1ccc2nc3c(c(C(=O)NC4CCCNC4=O)c2c1)CCCC3;CCC(CO)N1CCN(C(=O)c2cc(NC(C)=O)ccc2F)CC1;Cc1ccccc1C1C(=O)NCCN1C(=O)c1ccc(N(C)C)cc1;CCC(=O)Nc1ccc(C(C)NC(=O)N2Cc3ccccc3C2)cc1;CCOC(=O)c1cnc2cc(-c3ccc(C(C)(C)C)cc3)nn2c1C;CNC(=O)c1cccc(C(=O)N2CCCC(Nc3ccccc3)C2)c1;O=C(C1NCCOc2ccccc21)N1CCC(c2ccncc2)CC1;CCNC(=O)c1cc(NC(=O)N2CCC(C(C)C)CC2)c(C)s1;CCc1ccccc1N1CC(C(=O)N(C)Cc2ccccn2)CC1=O;Cc1cnn(C2CC3CCC(C2)N3CC2CCS(=O)(=O)CC2)c1
m_b0ce2a,CCN(Cc1nc(C(C)(C)C)no1)c1cccc(F)c1;Cc1nc(CNc2nc(C3CCCC3)ns2)[nH]c1C;Cc1ccc(NC(=O)CN2CCCCC(O)C2=O)cn1;CNc1ccc(C(=O)N2CCCC3CNCC32)cc1F;Cc1cccc(NC(=O)C(=O)N(C)C(C)CC#N)c1F;Fc1ccc(Cc2noc(NCC3CCCO3)n2)cc1;Cn1c(N2CCCC(C(=O)O)C2)nc2c(F)cccc21;CCCc1nnnn1CC(=O)Nc1ccc(C)c(F)c1;CCc1nc(Cn2cc(NC(=O)C(C)(C)C)cn2)no1;CN(C)c1ccc(C(=O)NCc2nncn2C)cc1F;COc1cc(=O)[nH]cc1C(=O)NC12CCCC1NCC2;CCc1occc1C(=O)N1CCC2C(C1)NC(=O)N2C;O=C(NC1CCC(CO)CC1)c1ccc2c(c1)OCO2;CCOc1ncnc2c1CN(C(C(=O)O)C1CC1)CC2;CC(=O)N1CCCN(S(=O)(=O)N(C)C(C)C)CC1;CCOc1ccc(CC(=O)N2CCC(C(=O)O)C2)cc1;Cc1nc(-c2cccc(NCc3ccccc3)c2)[nH]c1C;Cc1nnc(NC(=O)C2(C)CCC(=O)NC2)n1C1CC1;CCOc1cccc(C(=O)N2CCC(C)(C(=O)O)C2)c1;O=C1CCC(C(=O)Nc2ccc3c(c2F)CCNC3)N1;CC1(C)COCCN1C(=O)c1cccc(NC(N)=O)c1;Cc1cccc(C)c1OCC(=O)N1CCC(C(=O)O)C1;CC(C(=O)O)N(C)C(=O)c1ccc(N2CCCC2)nc1;COCCN1CCN(c2cccc(F)c2C#N)CC1C;CC(C)OC1CCCN(c2ncnc3sccc23)C1
m_b11a90,COC(=O)c1cnccc1NC(=O)c1cnn(-c2ccccn2)c1C;CCOC(=O)c1sc(NC(=O)NCCCc2nc[nH]n2)cc1C;CC(C)(C)S(=O)(=O)CCNC(=O)c1cccc(-n2cnnn2)c1;Cn1c(CCc2ccccc2)nnc1SCC(=O)c1ccccc1;CN(C)S(=O)(=O)N1CCN(C(=O)c2ccc3[nH]cnc3c2)CC1;Cc1nc2ccc(NC(=O)C3CC3)cc2c(=O)n1-c1ccc(F)cc1;Cc1cc(CN2CCN(C(=O)c3c(F)ccc(O)c3F)CC2)on1;Cc1ccccc1CC(=O)NC(C)c1nc(-c2cccnc2)cs1;CN1CCC(C(=O)NCCNC(=O)c2ccccc2Cl)CC1=O;Cc1noc(C2CN(CCOc3cccc(Cl)c3)CC(C)O2)n1;COC(=O)C1CCc2nnc(-c3cccc(OC(F)F)c3)n2CC1;O=C(NC1c2ccccc2CC1O)c1c[nH]nc1-c1ccccc1F;CC(C)N1CC(C(=O)Nc2ccc(C(N)=O)c(Cl)c2)CCC1=O;Cc1nnc(-c2cccc(C(=O)NC3CCc4ccc(F)cc43)c2)o1;CN(C)c1cccc(C(=O)NCc2cccnc2-c2cccs2)c1;Cc1onc(N)c1S(=O)(=O)N1CCN(Cc2ccncc2)CC1;O=C(C1=C(N2CCCC2)CCc2ccccc21)c1ccccc1Cl;NC(=O)c1cc(NC(=O)c2cccn2Cc2ccccc2)ccc1F;Cn1ncnc1COc1ccc(S(=O)(=O)N2CCNCC2)cc1;O=C(c1cc(C2CC2)no1)N(Cc1cccnc1)c1ccc(F)cc1;Cn1nccc1C1OCCC1NCc1cccc2c1OC(F)(F)O2;Cc1ncccc1C(=O)Nc1cccn(Cc2ccc(F)cc2)c1=O;FC(F)(F)CN1CCC(c2nc(-c3nccc4[nH]ccc34)no2)C1;COC1CN(c2ccc(C#N)c(C(F)(F)F)c2)CC1c1c[nH]nn1;CN1C(=O)N(C)C2(CCN(C(=O)c3c(F)cccc3F)CC2)C1=O
m_b4039c,CCC1CN(C)CCN1C(=O)c1cnc2c(cnn2C)c1OC;CCc1nn(C)cc1C(=O)NC1CCCOC1c1cnn(C)c1;O=C(CC1CCCC(=O)N1)NCc1nnc(C2CC2)n1C1CC1;CNC(=O)NCC(=O)Nc1ccc2ccn(CCN(C)C)c2c1;CCc1nc(CN2CCN(C(=O)c3ccc(C)n3C)CC2)no1;Cc1nnc(C2CCCN(C(=O)c3ccnn3C(C)C)C2C)o1;CCc1nnc(C)cc1C(=O)Nc1c(C)nn(CCOC)c1C;Cc1noc(C2CCN(C(=O)c3cn(C)nc3C(C)(C)C)C2)n1;CN1CCN(c2cc(N3CCOC4(CCC4)C3)ncn2)CC1=O;COC1CC(CNC(=O)C=C2CCC2)N(c2cc(N)ncn2)C1;CCN(C(=O)c1ccc(OC)c(-n2cnnn2)c1)C(C)C(C)C;CC(C)(C)CCC(CO)NC(=O)c1cncc(-n2ccnn2)c1;CCc1n[nH]c(=O)c(CNC(=O)NCCn2cccc2)c1CC;Cc1cc(CNC(=O)C2CCCOC2c2ccnn2C)n(C)n1;CCc1cc(N2CC(N3CC(C(=O)N(C)C)CC3=O)C2)ncn1;Cc1nn(C)cc1CC(=O)NC1CCCC1Oc1cnn(C)c1;CCc1nc(CNC(=O)c2nn(C)c3c2CC(C)OC3C)c[nH]1;CC(O)CN1CCN(Cc2cc(F)cc3cccnc23)CC1C;CC(C)C(NC(=O)C(C)(C)n1cccn1)c1nc(C2CC2)no1;Cc1c(CNC(=O)Nc2ccc(OCC(C)C)nc2)cnn1C;CCC1CN(c2nccc3c(=O)[nH]cnc23)CCN1CCOC;Cc1nn(C)cc1CNC(=O)C1CCCOC1c1ccnn1C;Cc1[nH]nc(C(=O)NCC2CCCOC2c2cnn(C)c2)c1C;Cc1ncc(CNC(=O)c2nn(C)c3c2CC(C)OC3C)n1C;CCn1ccnc1C(NC(=O)c1cn[nH]c1C)C1CCOCC1
m_b43690,Cc1ccccc1C1CC(C)N(C(=O)c2cn[nH]c2C)C1;CCC(CO)(CO)NC(=O)c1cnn(C(C)(C)C)c1C;CC(C)C1CCN1C(=O)c1cccc(Cn2ccnc2)c1;O=C(O)CCN(C(=O)CC1CCCC1)C1CCOCC1;O=C(CC1CCCCCC1)N1CCC(O)(C(=O)O)CC1;Cc1[nH]ncc1C(=O)N1CCCC(c2ccccc2)CC1;Cc1n[nH]c(C)c1CC(=O)N(C)C1Cc2ccccc2C1;Cc1n[nH]c(C)c1CC(=O)N(C)C1CCc2ccccc21;CC(CN(C(=O)C1C(C)OC(C)C1C)C1CC1)C(=O)O;CCC(C(=O)NC1CCc2cn[nH]c2C1)c1ccccc1;Cc1ccnc(N2CCOC3(CC4CCC3C4)C2)c1C#N;c1ccc2nc(N3CCC(N4CCNCC4)C3)cnc2c1;Cc1[nH]ncc1CN(C)c1nc(C2CC2)nc2c1CCC2;Cc1cc2ccccc2nc1N1CCCC(CC(N)=O)C1;CCC(=O)N1CCC(Nc2ccnc3c(C)cccc23)C1;Cc1cnn(C)c1C(=O)N1c2ccccc2C(C)(C)C1C;O=C(O)CCC1CCCN(C(=O)CC2CCCCO2)C1;Cn1c(C2CC2)nc2cc(CNC(=O)CC3CC3)ccc21;Cc1n[nH]c(C)c1C(C)CC(=O)N1CCc2ccccc21;CCn1cnc2c(NC(C)c3nccc(C)n3)ncnc21;CN1CCC2CCN(C(=O)c3cccc(CC#N)c3)C2C1;Cc1cnc(N2CCC(c3ccccc3)C(CO)C2)nc1;Cc1cc(C)n(Cc2cccc(C(=O)NCC3CC3)c2)n1;CCc1ccc(NC(=O)c2cnc(C)nc2C)cc1CC;Cc1cc(N2CC(C)OC(c3ccccc3)C2)nc(C)n1
m_b51204,CCC(CC)c1cc(C(=O)N2CCCCC2C(=O)O)on1;CCC(C)C(N)C(=O)NC(Cc1ccc(O)cc1)C(=O)O;O=C(NCCCc1cccc(F)c1)NCC1CCCC1O;Cc1noc(C)c1CC(C)C(=O)NC1(C(=O)O)CCCC1;CC(C)CN1CC(C(=O)N(C)CCc2ncon2)CC1=O;CC(C)N1C(=O)CN(Cc2cc(=O)c(O)co2)CC1(C)C;Cc1noc(C)c1C(C)CC(=O)N1CCCC(C(=O)O)C1;Cc1cc(C)c(NC(=O)C2CC2c2ccccc2C)c(C)n1;NCCCCC(=O)N1CCc2cc(-c3ccccc3)ccc21;CC=C1CN2C3CC1C(CO)C2Cc1c3[nH]c2ccccc12;CCC12CCCN3CCc4c(n(c5ccccc45)C(=O)C1)C32;COc1ccc(F)cc1C(C)NC1CCN(C(C)=O)CC1;N#Cc1ccc(N2CCCC(c3nncn3C3CC3)C2)cn1;CC(=O)NCCCCNCC(O)C(O)C(O)C(O)CO;CC1OCCNC1C(=O)NCC(C)(C)c1ccccc1F;COc1cc(F)cc(CNC(=O)NC2CCCC(C)C2)c1;c1ccn2cc(CN3CCn4c(nnc4C4CC4)C3)nc2c1;Cc1[nH]c(C(=O)N2CCOCC2)c(C)c1C(=O)OC(C)C;CC(C)CCC(=O)NC1CC(C(=O)O)CC1n1ccnn1;OCC1CCCN(c2cc(NC3COCC3O)ncn2)C1;CC=C1CN(C)CC2Cc3c([nH]c4ccccc34)C(=O)CC12;c1ccc(N2CCC(CNc3ncnc4nc[nH]c34)C2)cc1;Cc1noc(C)c1CC(C)C(=O)NC(C)(C(=O)O)C1CC1;O=C(NCC(CO)CC1CCCCC1)c1cncc(F)c1;COc1ccnc(CN2CCOCC23CCOC3)c1OC
m_b53b6e,Cc1nnc2n1CC(C(=O)O)N(C(=O)c1sccc1Br)C2;CNC(=O)CC1CN(C(=O)c2c(Br)cccc2OC)CC1O;NC(=O)NC1CCN(C(=O)c2cc3cc(Br)sc3[nH]2)CC1;CC(Oc1ccc(Br)cc1)C(=O)NCc1nc(CO)cs1;CC(=O)N1CCCC(C(=O)NCCc2ccc(F)c(Br)c2)C1;O=C(O)CCC1CCCCN1C(=O)Cn1cc(Br)ccc1=O;O=C(NCc1ccc(Br)s1)NC1C2CCOC2C12CCC2;CC(NC(=O)NC1CC12CCOCC2)c1ccc(Br)cc1F;O=C(CCN1C(=O)CCC1=O)NCCc1ccc(F)c(Br)c1;O=S(=O)(Nc1nc2ccc(Br)cn2n1)c1cccc(F)c1;CCOc1ccc(C(=O)N2CCC(NC(=O)c3cnn(C)c3)CC2)cc1C;Cn1cnc2ncn(Cc3nc(CCc4ccc(Cl)cc4)no3)c(=O)c21;Cc1c(S(=O)(=O)NC2CCN(CC(=O)O)CC2)oc2ccc(F)cc12;CCC(C)(C)NC(=O)c1c[nH]c2c(Cl)cc(Br)cc2c1=O;COc1ccc(OC)c2[nH]c(C(=O)NC(C(=O)O)c3ccc(O)cc3)cc12;CC(CCc1ccc(Br)cc1)NC(=O)N1CC(O)CC1CO;Cc1cc(N2CCCC(NS(=O)(=O)CCC3CCCO3)C2=O)n(C)n1;Cc1occc1C(=O)NNC(=O)c1ccccc1I;COc1cccc2c1OCC(NC(=O)Nc1cnn(CC(F)(F)F)c1)C2;Cc1cc(F)ccc1-n1cc(C(=O)NC2CCOc3c(F)cccc32)nn1;O=C(NC1CCC(C(=O)NS(=O)(=O)CC2CCC2)CC1)C1CCCC1;COc1ccc(C(=O)CCNc2ccc3c(c2)OC(C)C(=O)N3)cc1OC;CC1(C)CN(C(=O)c2csc(-c3ccc(Cl)c(Cl)c3)n2)CCO1;Cc1cc(F)ccc1-n1cc(C(=O)NC2CCOc3ccc(F)cc32)nn1;O=C(NC1CCOC(c2ccc(F)cc2)C1)C1CCOC1c1cccnc1
m_b6b7fe,O=C(NCc1nc2cccnc2[nH]1)C1CCCCN1Cc1ccccc1;OCC1(c2ccccc2)CCCN(c2ncnc3c2ncn3C2CC2)C1;CC1CN(Cc2ccccc2)CCCN1C(=O)c1cncc2nc[nH]c12;CN(C)CCc1ccc(CNC(=O)c2cnn(-c3ccccc3)n2)cc1;CCN(C(=O)Cc1ccc(NCc2ncnn2C)cc1)c1ccccc1;CN1CCN(c2ncccc2CNC(=O)N(C)C2CCSC2)CC1;O=C(CCn1cccn1)N1CCCCC1c1nc(-c2ccccc2)c[nH]1;Cc1cc(C(=O)N(C)Cc2ccc(N(C)C)nc2)nn1-c1ccccc1;CN(C)C(=O)N1CCN(C(=O)CC2CCC(C(F)(F)F)CC2)CC1;Cc1n[nH]c(C)c1CC(=O)Nc1ccc(-c2ncc3n2CCCC3)cc1;Cc1cc(C)n(-c2ccc(C(=O)N3CCCC(c4cn[nH]c4)C3)cc2)n1;Cc1ccn(C)c1C(=O)Nc1ccc(-c2nnc3n2CCCCC3)cc1;CCN1C(=O)CC(CNc2nc(C)cc(C)c2C#N)C1c1cccnc1;Cc1cc(C(=O)N2CCC(OC3CCC(C)CC3)CC2)oc1C(=O)O;N#Cc1cnn(-c2ccc(C(=O)N(C3CCCCC3)C3CC3)cc2)c1N;Cc1ccc2[nH]c(C(=O)N3CCC(c4nnc5n4CCC5)CC3)cc2c1;CC(C)c1nnc2ccc(NC(=O)N(C)C3CCc4ccccc43)cn12;O=C(NC1CCN(c2ncccn2)CC1)c1cccc(N2CC=CC2)c1;O=C(CCn1ccnc1)N1CCCCC1c1nc(-c2ccccc2)c[nH]1;Cc1cc(C)n(-c2ccc(N3CC(C)OC(c4ccccc4)C3)nn2)n1;CC(C)c1c(NC(=O)c2ccnn2C2CCC2)cnn1-c1ccccc1;CC1CN(C)CCN1C(=O)c1ccc(Cn2nnc3ccccc32)cc1;Cc1cccc(-c2noc(CC3CCN(Cc4ccccn4)CC3)n2)n1;CC(C)c1ccc(C(=O)N2CCN(c3cccc4nncn34)CC2)cc1;Cn1cc(C2CCCN2C(=O)Cn2c(C3CC3)nc3ccccc32)cn1
m_b70863,CCc1cncc(C(=O)N2CC(N3CC(C(=O)NC)CC3=O)C2)c1;CNC(=O)C1CC(=O)N(C2CN(C(=O)Cc3cccnc3C)C2)C1;CNC(=O)C1CC(=O)N(C2CN(C(=O)Cc3ccc(C)nc3)C2)C1;CCn1cc(OC2COCC2NC(=O)Cc2cccnc2C)cn1;COC1CN(Cc2cccc3c2OCCCO3)CC1c1c[nH]nn1;CCc1noc(-c2ccc(CCNC(=O)N3CCOCC3)cc2)n1;C1CCC(c2nsc(N3CCn4c(nnc4C4CC4)C3)n2)CC1;CN1C(=O)CCC(C(=O)NCCc2ccco2)C1c1nccn1C;CNc1ccccc1C(=O)N1CCOC(c2nnc(C(C)C)o2)C1;CC(NC(=O)Cn1cc(C2(O)CCOCC2)nn1)c1ccccc1;CC(C)(C)C(=O)N1CCC(Nc2cc(C(F)(F)F)ncn2)CC1;Cc1ccc(C)c(NC(=O)CN2CCCC(c3n[nH]c(=O)o3)C2)c1;Cc1nc(NC2CCN(C3CCOCC3)C2)cc(C(F)(F)F)n1;O=C(NCc1nnc2n1CCC(C(F)(F)F)C2)C1CCCCC1;O=C(CN1CCCCC(O)C1=O)NCCc1nc2ccccc2[nH]1;CCC(C(=O)Nc1ccc(Cc2ccncc2)cc1)c1ccccc1;O=C(CCC1NC(=O)NC1=O)NCCN1CCc2ccccc2C1;COCCn1cc(CNC(=O)NC2COc3ccccc3C2)cn1;CC(CC(=O)O)N1CCN(C(=O)Cc2cnn3ccccc23)CC1;Cn1cnnc1C1CC(O)C(CNC(=O)COc2ccccc2)C1;COc1cccc2c1OCC(NC(=O)NCCc1ccnn1C)C2;COc1cc(NC(=O)NC(c2ccccc2)C(C)(C)CO)ncn1;Cc1ccc(C(C)C)c(OCC(=O)NNC(=O)c2cc(C)[nH]n2)c1;Cc1noc(C)c1CCC(=O)NCC1(c2ccc(F)cc2)CCC1;Cc1ccc(OCC(=O)N2CCOC(Cn3ccnn3)C2)cc1C
m_b7be8a,O=C(NCc1ccc(Cl)cc1Cl)C1CC(O)CN1;O=C(NCc1c(Cl)cccc1Cl)C1CC(O)CN1;O=C(Cc1c(Cl)cccc1Cl)NC1CNCC1O;COC1=CC(=O)c2c(cc3c(c2O)C(=O)OC(C)C3)C1=O;COc1cc(O)c2c(=O)c3c(O)c(OC)ccc3oc2c1;COc1cc(O)c2c(=O)c3c(O)cc(OC)cc3oc2c1;O=C(Nc1ccc2[nH]c(=O)[nH]c2c1)c1ccncc1Cl;CC(C)c1ncc(C(=O)N2CC(S(C)(=O)=O)C2)s1;CN1CC(NS(=O)(=O)c2ccccc2Cl)CC1=O;O=C1CCC(CNS(=O)(=O)c2ccccc2Cl)N1;COc1cc(O)c2c(=O)oc3cc(O)c(O)c(C)c3c2c1;COC1=C(O)c2c(O)cc(C)c3c(O)cc(O)c(c23)C1=O;COc1cc2oc(=O)ccc2cc1C1OC(=O)C2(C)OC12;O=C1c2cc(O)cc(O)c2OCC1c1ccc(O)c(O)c1;O=C1CN=C(c2ccccc2F)c2cc(Cl)ccc2N1;O=C(C=Cc1ccc(O)c(O)c1)c1ccc(O)c(O)c1O;O=C(C=Cc1ccc(O)c(O)c1)c1c(O)cc(O)cc1O;CC(=O)COc1c2occc2c(O)c2c(=O)cc(C)oc12;O=C(NC1CC=CC1)c1cccnc1SC(F)(F)F;NC(=O)C1(O)CCN(S(=O)(=O)c2ccccc2F)C1;Cc1nc(C)c(C(=O)N2CCCS(=O)(=O)CC2)s1;CCN(C(=O)c1sc(S(N)(=O)=O)cc1C)C1CC1;O=C1C(O)c2ccc(O)cc2OC1c1ccc(O)c(O)c1;O=C1c2ccc(O)cc2OC(c2ccc(O)c(O)c2)C1O;N#Cc1cc(Cl)ccc1CN1C(=O)CC2(CCC2)C1=O
m_b7d932,CCc1cccc(S(=O)(=O)N2CCC(Cc3nncn3C)CC2)c1;CC(C)c1nc(C=Cc2cnn(Cc3ccccc3)c2)ncc1C(=O)O;Cc1ccc(NC(=O)N2CC(c3nc(Cc4ccccc4)no3)C2)cc1;Cc1ccc(S(=O)(=O)N2CCN(CCCn3ccnc3)CC2)cc1;COC(=O)c1ccc(C(=O)N2CC(C)(C)OC3(CCCOC3)C2)nc1;CCc1nn(C)c(CC)c1S(=O)(=O)Nc1ccc2c(c1)CN(C)C2;COc1ccc(CN2CCCN(c3nc(C)ns3)CC2)c(OC)c1;CC(C)(C)c1ccc(S(=O)(=O)NCc2cn(C3CCC3)nn2)cc1;COc1cccc(C2(C(=O)Nc3ccn(Cc4ccncc4)n3)CC2)c1;O=C(CC1CC1)N1CCC(C2OCCC2NC(=O)C(F)(F)F)CC1;Cc1noc(C2CC(=O)N(C3CN(C(=O)C(F)=C4CCCC4)C3)C2)n1;C=C(C)C(=O)OC1CC2(C)OC2CC(O)C(C)=CC2OC(=O)C(=C)C21;O=C(C1CC12CCOCC2)N1CCN(Cc2ccc(Cl)cc2)CC1;CCCc1ccc(S(=O)(=O)N2CCC(c3nncn3C)CC2)cc1;COC(=O)CN1CCCN(Cc2c(C3CC3)nc3sccn23)CC1;COc1cc(C(=O)ON=C2CC3CCC(C2)N3C)cc(OC)c1OC;Cc1cccc(-c2noc(CC3CCN(C(=O)OCCF)CC3)n2)n1;CN(C)C(=O)c1ccc(NC(=O)c2cnn(Cc3ccccc3)c2)cc1;CC1CC1C(=O)N1CCC(C2OCCC2NC(=O)C(F)(F)F)CC1;CCc1noc(CCCC(=O)N2CCCCC2c2nc(C)cs2)n1;COc1ccccc1N1CCC(Nc2cnn(-c3ccccc3)c2)C1=O;CCNC(=O)c1cccc(CNC(=O)c2cncn2-c2ccccc2)c1;CC(CN1CCN(C)CC1)NS(=O)(=O)c1cccc2cnccc12;CN1CCN(C(=O)C(=O)Nc2ccc(CC#N)cc2)Cc2ccccc21;CON1CCC(N(C)C(=O)c2nn(-c3ccc(F)cc3)cc2O)CC1
m_b81b9d,COc1ccncc1NC(=O)c1ccc2ccccc2n1;CC(C)c1nnc(NC(=O)c2occc2C(C)C)s1;O=C(O)c1ccc(NC(=O)C2CC3CCC2O3)c(F)c1;CCOc1ccccc1OCC(=O)NC1(C(=O)O)CC1;Cc1ccc(S(=O)(=O)N(C)C2CCCC2C#N)cn1;CCC(NC(=O)c1cnc(C)s1)c1c(C)noc1C;CCC(CC)(CNc1ncnc2ccsc12)C(=O)O;CC(Oc1ccccc1)C(=O)N1CCOCC1C(=O)O;Cc1cc(C)n(CCNS(=O)(=O)c2ccccc2)n1;O=C(O)C1COCCN1C(=O)CCOc1ccccc1;Cc1cc(C)c(C(=O)O)cc1NC(=O)C1COCCO1;CCCc1noc(CNC(C)c2ccccc2Cl)n1;COc1ccc(CSc2nc(C)cc(N)n2)cc1F;O=C(O)c1ccc(OCCNC(=O)C2CC(O)C2)cc1;COC(C(=O)N1CCOC(C(=O)O)C1)c1ccccc1;CC(Oc1ccccc1)C(=O)N1CCOC(C(=O)O)C1;Cc1cc(NS(=O)(=O)CCc2ccccc2)n(C)n1;Cc1cc(C)cc(-n2ncc3c(=O)n(CC#N)cnc32)c1;COc1ccc(C=C2C(=O)ON=C2c2ccccc2)cc1;O=C(Nc1nnc2ccccn12)N1Cc2ccccc2C1;Cc1cc(Cl)ccc1Cn1cc(CNC(N)=O)nn1;Cc1sc2nc(CN3CCOCC3)[nH]c(=O)c2c1C;Cc1ccc(OCC(=O)N2CCOC(C(=O)O)C2)cc1;CCc1nsc(NC(CO)Cc2ccc(O)cc2)n1;CC1CN(CC(=O)Nc2sccc2C#N)C(C)CO1
m_b8415b,O=C(NCCNc1cnccn1)C1CC1c1ccc(Br)cc1;O=C(CSc1ccccc1)Nc1cc(N2CCCC2=O)ccc1Cl;CN(CC(=O)O)CC1CN(C(=O)c2cc(Cl)ccc2Cl)CCO1;CS(=O)(=O)c1ccc(F)c(C(=O)Nc2cccc(-c3nnc[nH]3)c2)c1;Cc1oc(CN(C)C(=O)c2ccc3c(c2)NC(=O)CS3)cc1C(=O)O;CN1CCC(c2nc(-c3ccc(OCC(F)F)cn3)no2)S1(=O)=O;O=C1CC2CCN(C(=O)c3csc(-c4ccc(Cl)cc4)c3)CC2N1;CC(=O)N1CCN(C(=O)CCNC(=O)c2snc(O)c2Cl)CC1;CC(C(=O)O)N1CCN(C(=O)COc2ccc(Cl)cc2Cl)CC1;COCC(NS(=O)(=O)c1cccc(C)c1C#N)c1cccc(OC)c1;O=C(N1CCC(n2cncn2)C1)C1(c2ccccc2Br)CC1;CC=C(C)c1cc(O)c(C)c2c1Oc1cc(O)c(Cl)c(C)c1C(=O)O2;O=C(N1CCC(n2cncn2)C1)C1(c2ccc(Br)cc2)CC1;COc1ccc(-c2csc(NC(=O)c3cc(C)nc(O)n3)n2)cc1F;COC(=O)C1CC(O)CN(CC(=O)Nc2cc(Cl)ccc2Cl)C1;O=S1(=O)CCCC(Cc2nc(-c3cccc(C(F)(F)F)c3)no2)C1;O=C(c1cncc(Br)c1)N1CCC(CO)(c2ccccc2)C1;CSc1ccc(Cl)c(C(=O)Nc2cccc(NC(=O)C3CC3)c2)c1;Cc1c(Cl)cc(C(=O)O)cc1S(=O)(=O)N1CCCC(C(N)=O)C1;Cc1c(C(=O)O)cc(Cl)cc1S(=O)(=O)N1CCC(C(N)=O)CC1;Cc1cnc2c(S(=O)(=O)Nc3ccc(F)c(C(=O)O)c3)cccc2c1;O=C(O)c1ccc(S(=O)(=O)NCC(=O)N2CCCCC2)cc1Cl;Cc1cccc(S(=O)(=O)NC2(CC(N)=O)CCC2)c1Br;NC(=O)c1cc(Cl)cc(S(=O)(=O)N2CCCC(CC(=O)O)C2)c1;O=C(O)CCNC(=O)c1nc(-c2cccs2)n(-c2ccc(F)cc2)n1
m_b8a6f4,CC1CN(Cc2ccccc2NC(=O)c2cccnc2O)CC(C)O1;Cc1nn(-c2ccc(C(=O)NC3CC3C)cc2)c(C)c1CCC(=O)O;Cc1nn(-c2ccccc2)c(C)c1CC(=O)N1CCC(C)(C(=O)O)C1;CN(Cc1cnn(-c2ccccc2)c1)C(=O)C1CCCC(C(=O)O)C1;CC1(C)CCC(C(=O)N2CCC3(C2)NC(=O)NC3=O)c2ccccc21;CC1CN(C(=O)Nc2ccnc(OCc3ccccc3)c2)CCCO1;CC(O)C1CCN(C(=O)Nc2ccnc(OCc3ccccc3)c2)C1;Cc1ccc(-n2ncc(C(=O)N3CCC(C(=O)O)C3)c2C(C)C)cc1;CNC(=O)c1cccc(NC(=O)CC2(n3cccc3)CCOCC2)c1;COCC(=O)N1CCN(C(=O)c2c[nH]cc2Cc2ccccc2)CC1;COc1cc(C(=O)N2CCN(C(=O)c3ccn(C)c3)CC2)ccc1C;CCCC(=O)N1CCCC(C(=O)Nc2cccc3c(=O)[nH]ccc23)C1;Cc1cccc(OCC(=O)NCCCNC(=O)c2ccc(C)nc2)c1;Cc1ccc(C(C)C)c(OCC(=O)NNC(=O)Nc2ccccc2)c1;Cc1nn(-c2ccccc2)c(C)c1CC(=O)N1CCC(C(=O)O)CC1;Cc1ccc(C(CN2CCOCC2)NC(=O)c2cccnc2O)cc1;CCC(NC(=O)C(C)C1CCOCC1)c1ccc(OC(F)F)cc1;Cc1cc(C)n(-c2cccc(NC(=O)C3CCC(C(=O)O)CC3)c2)n1;CN(CC1OCCN(C)C1c1ccccc1)C(=O)c1cncc(O)c1;Cc1cc(C)n(C(C)CC(=O)NC2CC(C(=O)O)c3ccccc32)n1;O=C(NCc1coc(-c2ccccc2)n1)NC1C2CCC(C2)C1CO;CC12CC3CC(C1)CC(C(=O)N1CCN(S(N)(=O)=O)CC1)(C3)C2;Cc1noc(C2CC2)c1NC(=O)NC(c1ccccc1)C1CCCO1;CC(C)(C)CC(=O)NCC(=O)Nc1cccc(Oc2ccncc2)c1;O=C(NCCNC(=O)N1CCCC1Cc1ccccc1)c1ccco1
m_b8f328,Cc1cc(NC(=O)c2cccc(F)c2)sc1C(=O)NCCc1cccs1;COc1ccccc1NC(=O)C(C)Sc1nncn1CCc1cccs1;O=C(NCCc1nc(-c2ccc3c(c2)OCO3)n[nH]1)c1ccc(F)c(Cl)c1;O=C(CN1CCC(c2nnc(C(F)(F)F)o2)CC1)Nc1cccc(Cl)c1;O=C(O)C1CN(C(=O)CCc2nc3cc(C(F)(F)F)ccc3s2)CCO1;Cc1c(Cl)cc(C(=O)O)cc1S(=O)(=O)N1CCCC(CC(N)=O)CC1;CS(=O)(=O)N1CCC(N(CC(=O)O)C(=O)COc2ccccc2F)CC1;Cn1c(=O)c2c(nc(S(C)(=O)=O)n2C)n(CC#Cc2cccc(O)c2)c1=O;CC1Sc2ccc(C(=O)NC(CC(=O)O)c3ccc(F)cc3)cc2NC1=O;CS(=O)(=O)N1CCC(N(CC(=O)O)C(=O)COc2ccc(F)cc2)CC1;COc1cc(C)c2c(c1C)Oc1c(c(CO)c(O)c3c1C(O)OC3=O)OC2=O;O=C(O)CC1(O)CC(CCCCCCc2ccc(Cl)cc2Cl)OC1=O;COc1ccc(S(N)(=O)=O)cc1C(=O)OCc1ncc(-c2ccccc2)o1;Cc1c(C(=O)O)cc(Cl)cc1S(=O)(=O)N1CCCC(CC(N)=O)CC1;COc1cc(C)c2c(c1CO)Oc1c(c(C)c(O)c3c1C(O)OC3=O)OC2=O;Cc1[nH]c2c(C)ccc(F)c2c1CCNC(=O)c1ccc(Br)cc1;CC(=O)Nc1ccc(NC(=O)CN(C)c2nc3c(Cl)cccc3s2)cc1;Cc1c(C(=O)O)cc(Cl)cc1S(=O)(=O)N1CCC2OCCN(C)C2C1;COCc1c(O)c(C(=O)O)c(C)c2c1OC(=O)c1c(C)cc(O)c(C=O)c1O2;COc1cc(C(=O)O)c2c(c1C)OC(=O)c1c(C)c(OC)c(O)c(C=O)c1O2;N#Cc1cc(C(=O)Nc2cccc(CN3CCCC3=O)c2)cnc1C(F)(F)F;O=C(COc1ccc(Cl)cc1)N1CCN(Cc2ccc3c(c2)OCO3)CC1;Oc1ccc(-c2csc(=Nc3ccccc3)n2CCc2ccccc2)c(O)c1;CC=Cc1occ(C(=O)c2c(OC)cc(OC)cc2C(=O)OC)c(=O)c1OC;COC(=O)C(O)CNC(=O)Cc1csc(-c2cccc(C(F)(F)F)c2)n1
m_b9f2b4,CCC(CC)c1cc(C(=O)NC2CCN(CC3(O)CCCCC3)CC2)on1;O=C(C1CCCN1C(=O)C1CC1)N1CCC(c2cccc3cnccc23)CC1;COc1ccc(C(=O)Nc2c(C)c(C3CC3)nn2-c2ccccc2)c(OC)c1;COc1cccc(C(=O)Nc2c(C)c(C3CC3)nn2-c2ccccc2)c1OC;O=C(NCc1nnc2n1CCC2)N1CC(OCc2cccc3ccccc23)C1;O=C(NCC1CCN(C2CCOCC2)CC1)N1CCC2(CCCCC2)CC1;COC1CC(c2nnc(C)o2)N(C(=O)C(c2ccccc2)c2ccccc2)C1;CCN1CC2(C)CCC(O)C34C5CC6C(OC)CC(O)(C(CC23)C14)C5C6O;O=C(CCCN1CCN(c2cc3ccccc3cn2)CC1)c1ccc(F)cc1;CCn1c(CN2CCCC2CCc2ccccc2)nc2cc(C(=O)O)ccc21;COC(CN1CCN(S(=O)(=O)c2ccccc2C#N)CC1)C1CCCC1;COc1ccc(C(CNC(=O)C2CCN(C)C2)c2c[nH]c3ccccc23)cc1;Cc1cccc(Oc2ccc(NC(=O)CN3CCC(n4cncn4)C3)cc2)c1;CC(Oc1cccc(F)c1)C(=O)N1CCC(N2CCN(C(C)C)CC2)CC1;CC(C)c1c(CN(C)C(C)Cc2ccccc2)n(C)n(-c2ccccc2)c1=O;O=C(Nc1cccnc1OCC(F)F)N1CCC(Oc2ccccc2)CC1;CCN1CCC(NC(=O)Cn2cc(-c3ccc(Cl)c(OC)c3)nn2)CC1;CC(OCC1CC1)C(=O)N1CCC(N(C)Cc2cc(=O)[nH]c(N(C)C)n2)C1;O=C(CCCCC1SCC2NC(=O)NC21)NC12CC3CC(CC(C3)C1)C2;Cc1nnc(N2CCC(OCC#CCN3CCN(C(C)C)CC3)CC2)s1;CCCCCCCCCCCCC(=O)NC(Cc1ccc(O)cc1)C(=O)O;CC1(C(=O)Nc2ccc3c(c2)NC(=O)CC3)CCN(Cc2ccccc2)CC1;CC(C(=O)NCc1nc2cccnc2[nH]1)N1CCC(Cc2ccccc2)CC1;CC1(C)OC2CN(Cc3ccccc3)C(CO[Si](C)(C)C(C)(C)C)C2O1;COc1cc(C(=O)O)ccc1CCNC(=O)C1CCN(C(=O)N(C)C)CC1
m_baccbd,c1nc(N2CCCC(c3nnc4n3CCCCC4)C2)c2[nH]cnc2n1;CC(C)c1nnc2n1CCN(C(=O)Cn1ncc3ccccc31)C2C;Cc1ncc2c(n1)CCCC2NC(=O)N(C)Cc1c(C)cccc1C;CCC(C)(C)c1ccccc1C(=O)N1CCn2c(nnc2C2CC2)C1;Cc1ccc(-n2nc(C(=O)NC3CC3C3CCNCC3)cc2C)cc1;CC1c2nnc(C3CCCC3)n2CCN1C(=O)c1cc(C#N)cn1C;Cc1c(C(=O)Nc2cccc(-c3nncn3C)c2)cnn1C(C)(C)C;Cc1cc(C)n(Cc2cccc(C(=O)N3CCN(C4CC4)CC3)c2)n1;CC(C)(C)c1ccc(N2CCN(c3ncnc4[nH]ncc34)CC2)nn1;Cc1ccnc(NCC2CCC(=O)N(C)C2c2cnn(C)c2)c1C#N;Cc1cc(C(=O)Nc2cccc(-c3ncn(C)n3)c2)nn1C(C)(C)C;Cc1c(C(=O)Nc2cccc(-c3nncn3C)c2)cnn1CC(C)C;Cn1nnc2c1CC(C(=O)N1CCc3cc(C(C)(C)C)ccc31)CC2;CC1CN(C(=O)Cc2cccc3ccccc23)CC1N1CCOCC1;CN(C)c1nc2cc(C(=O)N3CCCCC3c3cc[nH]n3)ccc2[nH]1;Cn1nnc2ccc(C(=O)Nc3cc(CC4CCCCC4)n[nH]3)cc21;Cc1ccccc1C1CC(NC2CCC(=O)NC2c2ccnn2C)C1;CC(Cc1cccnc1)NC(=O)c1cc(C(C)(C)C)n2ncnc2n1;Cc1nnc2n1CC(C(=O)NCCc1ccc3[nH]ccc3c1)N(C)C2;O=C(Cc1cc2ccccc2c(=O)[nH]1)NC1CCCCC12CCCC2;Cc1ccccc1-c1cc(NC(=O)NCCCn2ccnc2)n(C)n1;CC1(C)CCc2ccccc2C(NC(=O)CCc2ccc(=O)[nH]c2)C1;COc1ccc(-c2nnc3n2CCN(Cc2cn(C)nc2C)C3)cc1;CCC(C(=O)NCc1cc(C)nc(N2CCCC2)n1)c1ccccc1;CCC(C(=O)NCc1nccc(N2CCCCC2)n1)c1ccccc1
m_bb75e4,COc1ncc(NCc2ccc(Cl)s2)cc1C(N)=O;COc1ncc(NCc2sccc2Cl)cc1C(N)=O;O=C(CSc1nncs1)NCCc1ccccc1F;COC1CC(c2ncn[nH]2)N(c2ncc(Cl)cc2F)C1;CC(CO)(Cc1ccc(Cl)cc1)NCc1nncs1;COC1CN(c2ncc(Cl)cc2F)CC1c1c[nH]nn1;O=C(O)CCNS(=O)(=O)c1ccccc1C(F)(F)F;CC(Nc1ncnc2ccsc12)C1(S(C)(=O)=O)CC1;Cn1cc(S(=O)(=O)N2CCc3c(Cl)cccc32)cn1;COc1cc(CNS(=O)(=O)c2c(C)noc2C)ccn1;N#CC(=Cc1ccc(O)c(O)c1)C(=O)c1ccc(O)c(O)c1;O=C(O)CCNS(=O)(=O)c1cccc(C(F)(F)F)c1;Fc1ccc(-c2nc3n(c2-c2ccncc2)CCS3)cc1;COc1cccc(NS(=O)(=O)c2cccc(Cl)c2)c1;Cc1nc(N2CC(S(C)(=O)=O)C2)c2c(C)csc2n1;Cc1cccc(NS(=O)(=O)c2ccsc2)c1C(=O)O;Nc1nc(=O)n(-c2cccc(-c3ccccc3)c2)cc1Cl;CCn1cc(OCC(=O)Nc2ccc(F)cc2Cl)cn1;O=C(NC1(C(=O)O)CCC1)c1cc(Cl)c2c(c1)OCO2;COc1ncccc1C(=O)Nc1cc(C(F)(F)F)ccn1;COCc1nc(C)c(C(=O)NC2CCC(=O)NC2=O)s1;CSCc1ccccc1NS(=O)(=O)c1cnn(C)c1;COc1cccc(Nc2nnc(SCC(=O)O)s2)c1;COc1ccc(C(=O)O)c(NS(=O)(=O)c2ccoc2)c1;COC(=O)CSc1nncn1-c1ccc(C)c(Cl)c1
m_bbb21f,O=C(NCc1ccc(C2CC2)cc1)C1CCCN1C(=O)C1CC1;COc1ccccc1CN1CCCC(COc2ccncc2)C1;CNC(=O)Cn1cc(NC2CCC(Cc3ccccc3)C2)cn1;CC1(C)CCN(C(=O)NCc2cc[nH]n2)CC1c1ccccc1;COc1ccc(C2CCCCN(C(=O)Cn3cccc3)C2)cc1;CC(=Cc1ccccc1)CN1CCN(C)C(c2nc(C)no2)C1;CCc1noc(CC)c1CNC(=O)C1CCc2ccccc2C1;N#Cc1cccc(CNC(=O)NC2CCN(C3CCCC3)C2)c1;Cc1ccc(C=CCC(=O)NCC2CC(=O)N(C3CC3)C2)cc1;Cc1noc(C2CN(CC3CC3c3ccccc3)CCN2C)n1;CN(CC1(c2ccccc2)CC1)C(=O)NCCc1ccnn1C;OCCCN1CCN(c2ccnc(Cc3ccccc3)n2)CC1;OC1(Cn2ccnn2)CCCN(Cc2ccc3c(c2)CCC3)C1;CC(CCn1cncn1)NC1CC2(CCC2)Oc2ccccc21;CCC(Cc1ccccc1)N(CC)C(=O)c1c[nH]c(C)cc1=O;CC(=O)OC1CCC2C3CCC4=CC(=O)CCC4=C3C=CC12C;CNC(=O)c1ccc(CN(C)C(CCO)c2ccccc2)cc1;CCSC1CCC(NC(=O)NC2CCOC(C3CC3)C2)C1;CCc1cc(NCC(c2ccccc2)N2CCOCC2)ncn1;CCN(CC)C(=O)c1cccc(NCc2ccccc2OC)c1;Cc1ccc(C)c(N2CCN(c3nc(=O)c(C)c(C)[nH]3)CC2)c1;CN(C)CCc1ccc(NC(=O)C(CO)c2ccccc2)cc1;O=C(CSC1CCCC1)NC1CCN(C2CCOCC2)C1;NC(=O)C1CCOC1CC1CCN(C(=O)C2(F)CCC2)CC1;Cc1cc(NC(=O)N2CCC(c3ccccc3)C2(C)C)n(C)n1
m_bbc0aa,CNC(=O)CC1(O)CCCN(CCC=Cc2ccccc2)C1;O=C(C1CCCc2nccn21)N1CCN(C2CCCC2)CC1;CN1CCCC2C1CCN2C(=O)c1cnn(C2CCCC2)c1;Cn1nc(CNC(=O)C23CCCCC2NCC3)cc1C1CC1;c1nc(NC2CCN(C3CCOCC3)C2)cc(C2CCC2)n1;Cc1cc(NC2CCN(C3CCOCC3)C2)nc(C2CC2)n1;C=CC(C)(C)C(=O)NC1CCN(c2cc(CC)ncn2)CC1;CN(C(=O)NC1CCC(O)CC1)C1CCc2ccccc2C1;CCC1C(=O)N(CC)CCN1c1ccnc(C2CCCC2)n1;O=C(NCCCn1ccnc1)N1CC2CC3CC(C2)CC1C3;Cc1cc(N2CCCC2CN2CCOCC2)nc(C2CC2)n1;Cc1n[nH]c(C)c1C1CCCCCN1C(=O)NC1CC=CC1;CC(C)CC(=O)N1CCC2(CC1)CNCc1ccccc1O2;CC(C)N1CCN(c2ccc(C(=O)N3CCCC3)cn2)CC1;O=C(C1CCc2cn[nH]c2C1)N1CCC(CN2CCCC2)C1;CC1CCCC(c2ccccc2)N1CCCN1CCOC1=O;CC(c1cccnc1)N1CCN(C(=O)C2CCC(N)C2)CC1;CCOCCn1c(N2CCCN(C)CC2)nc2ccccc21;COCC1(C(=O)N2CCC(c3ccncc3)CC2)CCCC1;CC(C)(C#N)c1ccccc1CN(CCO)C1CCOCC1;CN(C)c1cccc(CNC(=O)C2CC2C2CCNCC2)n1;C1CCc2c(CNC3C4CCOC4C34CCCC4)noc2C1;c1nc2c(c(NC3CCN(C4CCOCC4)C3)n1)CCCC2;O=C(NC1CCC(c2ccccc2)C1)N1CCCC(CO)C1;Cc1cc(C(=O)Nc2cnn(CC(C)C)c2)c(C)n1C(C)C
m_bcb981,CCN1CCOC(CNC(=O)c2cn[nH]c2C)C1c1ccccc1;Cc1cc(C(=O)N(C)CC2OCCN(C)C2c2ccccc2)[nH]n1;Cc1ccoc1C(=O)N1CC(c2nc(C(C)C)n[nH]2)C(C2CC2)C1;COc1ccccc1CC1CCN(C(=O)C(C)n2cncn2)CC1;Fc1ccccc1COc1ccccc1CNCC1CCNCC1;Cc1c(C(=O)N(C)C2CCOC2c2cccnc2)cnn1C(C)C;OC1CCN(Cc2ccc(CNCc3ccccc3F)cc2)CC1;CC(C)COc1cccc(NC2CCN(c3cnn(C)c3)C2=O)c1;Cc1cccc(C(=O)NCC2OCCN(C)C2c2cncn2C)c1;COc1ccc(C#N)cc1CN1CCC2C(C1)NC(=O)N2C(C)C;COc1cccc2c1CCN(C(=O)Nc1cnn(CC(C)C)c1)C2;Cc1n[nH]cc1CNc1ccc(C(=O)N2CC(C)OC(C)C2)cc1;O=C(CN1CCC2CCCCC2C1)Nc1ccc2[nH]c(=O)[nH]c2c1;Cc1cc2ncc(C(=O)N3CCOCC4(CCCC4)C3)c(C)n2n1;CCn1nc(C)c(C(=O)N2CCC(c3cccnc3OC)C2)c1C;CC(C)CC1CN(C)CCN1C(=O)c1cc(-c2ccccn2)no1;CCC1CN(C)CCCN1S(=O)(=O)c1cn(CC(C)C)cn1;CCCNC(=O)C1CCCN(C(=O)Cc2ccc3cn[nH]c3c2)C1;Cc1nnc2n1CCN(C(=O)COc1ccccc1C(C)(C)C)C2;Cc1c(NC(=O)c2cccc(OC(C)C)n2)cnn1C1CCCC1;Cc1ccc(C(=O)NCC2CC(c3nncn3C)CC2O)c(C)c1;COC1CNC(C(=O)Nc2cnn(-c3cc(C)ccc3C)c2C)C1;COc1cccc2c1CCC2(N)C(=O)NCc1c(C)nn(C)c1C;CCn1cc(C2CN(C(=O)c3ccc(N(C)C)cc3)CCO2)cn1;CC(C)N(C)C(=O)C1CCN(C(=O)c2cccc3[nH]ncc23)CC1
m_bcd97d,CC(NC(=O)c1ccco1)c1ccc(F)cc1F;CCN(CC(=O)O)C(C)Cc1ccc(OC)cc1;Cc1oc(CN(C)C(=O)C2CC2C)cc1C(=O)O;COc1ccc(CNCC2(O)CCOCC2)cc1;CC(C)(C)C1OCCC1CNC(=O)c1ccco1;COC(=O)C1CCN(C(=O)c2ccoc2)CC1C;CCc1ncnc(N2CCOCC2C2CC2)c1F;Cc1nonc1NC(=O)COc1ccc(F)cc1;CN(C)C(=O)N1CCN(C(=O)c2ccco2)CC1;CC(C)n1ccc(C(=O)NCC2(C(=O)O)CC2)n1;COc1ncc(NCC2(C)COC2)cc1C(N)=O;O=C(O)CCC1CCN(C(=O)c2cn[nH]c2)CC1;CC(C)C(O)CC(=O)NC(CO)c1ccccc1;O=C(O)C1CCCCN1C(=O)c1ccc(F)cc1;Cc1cn(CC(O)COc2ccc(F)cc2)nn1;CC(C)Nc1ncccc1C(=O)NC(C)C(=O)O;OCCOc1cncc(N2CC(O)C3(CC3)C2)n1;CCn1cc(C(=O)N(C2CC2)C(C)C(=O)O)cn1;CCc1onc(-c2ccccc2Cl)c1C(=O)O;O=C(CCOc1ccc(F)cc1)NC1CCCC1;Oc1ccccc1C1=NC2c3ccccc3CC2O1;COc1cc(C)nc(N2CCCC(C(=O)O)C2)n1;CCCOC(=O)c1ccc(C(=O)OCCC)nc1;Cc1cc(C(=O)N2CCCCC2C(=O)O)n(C)n1;NCC(NC(=O)c1ccncc1F)C1CCCC1
m_bcdd81,Cc1cnn(C(C)(CC2CCOCC2)C(=O)O)c1;CC1CC(CNC(=O)NCc2ccco2)CCO1;CCOCC1CCN(C(=O)NCc2ccoc2)C1;CCn1cc(CN2CC(OC)CC2C(N)=O)cn1;CC(Cn1cccn1)NC(=O)NCC1CCOC1;CC1C(=O)NCCN1Cc1nnc(C(C)(C)C)o1;CC1(C(=O)NCc2nnc(N)o2)CCCCCC1;COc1c(C)ncnc1N1CCN(CCO)CC1;O=C(NCCCc1nc(=O)[nH][nH]1)C1CCCCC1;Cc1nn(C)c(C)c1OCC(=O)N1CCNCC1;CC1CN(Cc2cn(C3COC3)nn2)CC(C)O1;O=C(NCC1CCCCCCC1)c1nc(=O)[nH][nH]1;Cc1nn(C)c(C)c1OCC(=O)N1CCC(N)C1;CCc1cc(C)c(C(=O)NC2CNCC2OC)o1;Cc1ccnc(NCC2(CO)COCCN2C)n1;CC(C)CCNC(=O)C1CCn2c(n[nH]c2=O)C1;CC(C)c1noc(N2CCC(C(=O)N(C)C)C2)n1;CCOC1CC(NC2COCC2n2ccnn2)C1;Cc1cnc(NCC2(CO)COCCN2C)nc1;CC(C)N(C)CC(=O)NCc1nc(C2CC2)no1;CCOc1cc(N(C)CC(=O)NC(C)C)ncn1;Cc1noc(C)c1NC(=O)NC1CCN(C)CC1;CCn1ccnc(N2CCN(CCO)CC2)c1=O;CN(C)CC(C)(C)CNc1ncc(C(=O)O)cn1;COCCn1cc(CNC(=O)N2CCCC2)cn1
m_bd0de9,O=C(Cn1cc(F)ccc1=O)Nc1ccccc1C(F)(F)F;Cc1nc(CCNC(=O)c2ccc(C(F)(F)F)cc2)cs1;Cc1nc(CNS(=O)(=O)c2c(C)nn(C)c2C)sc1C;COC(=O)c1cccc(Oc2ncnc3sc(C)c(C)c23)c1;O=C1CCN(C(=O)CCc2ccc(Cl)cc2Cl)CCN1;O=C(Nc1ccc(F)cc1OCC(F)F)c1ccncc1F;Cc1cc(Cl)cc(C)c1NC(=O)COc1ccc(C#N)cc1;COC(=O)c1ccc(Oc2ncnc3sc(C)c(C)c23)cc1;Cc1cc(C)n2nc(SCc3ccccc3C(=O)O)nc2n1;NC(=O)C1(CNC(=O)c2cc(F)cc(Cl)c2)CCOCC1;O=C(NCc1nccnc1-c1cccs1)c1ccncc1F;CC(C)(C)Nc1nnc(SCC(=O)N2CCCC2=O)s1;CC(NC(=O)c1ccsc1)C(=O)Nc1nc2ccccc2[nH]1;CC(=O)OC1C(=O)c2c(O)cc(O)cc2OC1c1ccccc1;Cc1nc2sc(C)c(C)n2c(=O)c1NC(=O)c1ccccn1;O=C(NCc1nccnc1-c1ccsc1)c1cncc(F)c1;CCC1(C)CN(S(=O)(=O)c2cc3oc(=O)[nH]c3cc2F)C1;O=C(Nc1nnc(C=Cc2ccco2)s1)c1cncc(O)c1;CN(C(=O)CSc1ccc(C#N)c(C(F)(F)F)c1)C1CC1;COC(=O)c1ccc(Cn2cnc3ccc(C)cc3c2=O)s1;COC(=O)c1ccc(Cn2cnc3c(C)cccc3c2=O)s1;Cc1cc(Cl)ccc1C(=O)Nc1ccc2c(c1)NC(=O)CC2;Fc1cncnc1N1CC(Oc2ccnc(C(F)(F)F)c2)C1;C[n+]1ccn(CC2(C)C(C(=O)[O-])N3C(=O)CC3S2(=O)=O)n1;Cc1noc(C)c1C(C)NC(=O)c1cc(F)c(F)c(O)c1F
m_bd907b,CC1CCNCCC1NCc1nncn1-c1ccccc1;CN(CCS(C)(=O)=O)CC12CC3CC(CC(C3)C1)C2;CC(C)C(O)(C(=O)OCC1CCN2CCCC12)C(C)O;OC(CNC1CCCC1)COc1cccc2ccccc12;Cc1nc(N2CCC3(CCCN(C)C3)C2)c2cc[nH]c2n1;Cc1cccc(OCCN2CCCC(c3ccn[nH]3)C2)c1;CCCCCC=CCCCNC(CCC(=O)O)C(=O)O;CC(c1cccc(O)c1)N(C)C(=O)NCc1cccnc1;Cc1nc(N2CCC3C(CCCN3C)C2)c2cc[nH]c2n1;OC(COc1ccc2ccccc2c1)CN1CCCCC1;Cc1ccccc1C1(CNCc2ncc[nH]2)CCOCC1;CC1CC(NCc2nncn2-c2ccccc2)CCN1C;C#CCNC(=O)c1ccc(N2CCN(C(C)C)CC2)cc1;Cc1ccccc1CC(C)NC(=O)CCc1cnn(C)c1;CCC1CC(CC(=O)N2CC(OC)CC2CO)CCO1;CC1CC(C)CC(c2noc(C(C)c3cccnc3)n2)C1;CC1CN(Cc2ccccc2C(C)(C)C#N)CC1C(N)=O;COCC1(C)CCCN2CCc3c(oc4ccccc34)C21;CC(NCC1CCC(C(N)=O)CC1)c1cccc(C#N)c1;CC(=O)OC(C)C(NCC(C)CCC=C(C)C)C(=O)O;Cc1ncc(CN(C)CC2CCOC2)n1-c1ccccc1;Cc1cc(NC2CCCCC2)nc(-n2nc(C)cc2C)n1;Cn1ccnc1CN1CCN(CCc2ccccn2)CC1;Cc1cc(CN2CCN(Cc3ccccc3C)CC2)no1;CC(C)C1CC(N2CCCC2)CN1c1cnc(C#N)cn1
m_bda18e,COCc1nc(C(=O)Nc2c(C)c(C)nn2C)cs1;CC(C)(C)c1nnc(NCc2cc(C(N)=O)cs2)o1;CN(Cc1cccc(O)c1)C(=O)c1cccc2[nH]ccc12;CC1CC(=O)NN=C1c1ccc(NN=C(C#N)C#N)cc1;O=C1NCCc2ccc(S(=O)(=O)N3CCCC3)cc21;Cc1csc(NC(=O)N(C)Cc2nnc(C)n2C)n1;Cc1cccc2c(Oc3cncc(C(N)=O)c3)ncnc12;CC(=O)Nc1cc(Cl)ccc1C(=O)N1CCCCC1;CCc1n[nH]c(NS(=O)(=O)c2cc(C)ccc2C)n1;Cc1nn(C)c2nc(N3CCC(O)CC3)cc(Cl)c12;CC(C)(C)c1ccccc1S(=O)(=O)Nc1ccon1;COc1ccc2nc(SCC3COCOC3)[nH]c2c1;COCc1nc(C(=O)Nc2c(C)nn(C)c2C)cs1;Cc1noc(-c2cccnc2NC2CCC(F)(F)C2)n1;Nc1nccnc1C(=O)NC1(CC(=O)O)CCOCC1;Cn1c(CO)cnc1S(=O)(=O)CCc1ccccc1;Cc1ccc(F)c(NC(=O)c2ccc3ncccc3c2)c1;CN(C)c1cc(CNS(N)(=O)=O)c2ccccc2n1;O=C(NC1CCC(F)(F)CC1)c1ccc2nc[nH]c2n1;CCCc1nc(CSc2nc(C)cc(N)n2)cs1;COC1CN(c2ncc(Cl)cn2)CC1c1c[nH]nn1;O=C1CC(C(=O)N2CC(CO)C2)CN1CC(F)(F)F;CCc1noc(C)c1C(=O)NCC(C)(O)C(F)(F)F;O=C(O)c1csc(CCNC(=O)C2CC=CCC2)n1;CCCS(=O)(=O)Nc1[nH]nc(-c2ccncc2)c1C
m_bf639c,COc1ccc(F)cc1C(C)NC(=O)N1CCCC1C1CCCN1C;COCc1cccc(CNC(=O)N2CCN(CC(C)(C)O)C(C)C2)c1;CC1CC1C(=O)N(C)C1CCCN(C(=O)C2CCC(=O)N2C(C)C)C1;Cc1c(C)n(CCc2ccccc2)c2ncnc(N3CCN(C)CC3)c12;CC(=O)NC(CC1CCC1)C(=O)NC1CCN(C(=O)CC2CCC2)C1;CC(=O)NCC(=O)NCC1CCC(CNC(=O)C2CC23CCC3)CC1;CC(C)n1c(C2CCCN(Cc3ccnc(N)c3)C2)nc2ccccc21;c1cncc(-c2nc3c(c(NCC4CCN4C4CCCC4)n2)CCC3)c1;COCCN1CCCN(C(=O)NC2CC3CC2C2CCCC32)CC1=O;Cc1nc(CN2CCN(C(=O)C3CCCOC3C(C)C)CC2)oc1C;CCN1CCN(c2ccc(F)cc2C(C)NC(=O)C2CCCO2)CC1;Cc1cn2c(n1)CCC(NC1CCN(Cc3ccc(C#N)cc3)CC1)C2;CC(C)n1cc(C2CN(CC(=O)N3CCNC(=O)C3)CC2CO)cn1;CN1CCC(CNc2nc(C3CC3)nc3c2CCC3)C1c1cccnc1;CCN1CCC(NC(=O)CN2CCC(C(F)(F)F)C(C)(C)C2)CC1;COc1cccc(CC(C)NC(=O)NCC(C)(C)N2CCOCC2)c1;NC1CN(CC(=O)NC2(c3ccccc3)CCC2)CC1c1ccccc1;Cc1cc(CN2CC(F)CC2CN(C)Cc2nccn2C(C)C)on1;C=CCN1CCC(NC(=O)N(C)Cc2cc(C(=O)OC)c(C)o2)CC1;CC(NC1CCN(CCC(F)(F)F)CC1)C(=O)N1CCCCC1C;Cc1nc(-c2ccccc2)ccc1C(=O)NC1C2CCCC1CC(N)C2;CC1(C)CC(NCCc2nnc3ccccn23)CN1Cc1ccccc1;CCc1c(C(=O)N2CCC(C(=O)OC)C2C(C)C)cnn1CC(C)C;Cc1occc1C(=O)NC1CCN(CC(=O)NCC2CCCO2)CC1;Cc1ccccc1CN1CCC(NC(=O)c2cccnc2C2CC2)CC1
m_bf6cfe,O=C(NCc1ccc2c(c1)OCCO2)Nc1ccncc1;O=C(NCc1cccc2c1OCCO2)Nc1ccncc1;Cn1ccnc1CNc1ccc(F)cc1OCC(F)F;CNC(=O)CNC(=O)c1ccnc(Oc2ccccc2)c1;COC(=O)c1ccc(C)c(NC(=O)Cc2cncnc2)c1;COC(=O)c1cccc2[nH]c(NC(=O)C3=CCCC3)nc12;O=C(c1ccccc1O)N1CCC(c2cccc(F)c2)C1;Cn1ccc(CN2CCN(S(C)(=O)=O)CC2)cc1=O;CC1(O)CCCN(c2ncccc2S(N)(=O)=O)CC1;CC(C)N(C)C(=O)c1ccc(CNS(N)(=O)=O)cc1;CC1(C(=O)O)CCN(C(=O)c2ccc3nccnc3c2)C1;CC(O)(CN1CCC(c2c(F)cccc2F)C1)C(=O)O;COc1cnc(-c2noc(C3(C#N)CCCCC3)n2)cn1;CCn1nc(C)c(Nc2nccc(C(F)(F)F)n2)c1C;O=C1CN(C(=O)c2cn[nH]c2-c2ccncc2)CCCN1;COc1cc(C)nc(N2CCS(=O)(=O)CC(C)C2)n1;CNc1ccc(C(=O)Nc2cccc3c2OCCO3)cn1;COc1cc(Nc2ncnc3c2cnn3C)cc(OC)c1;Cc1c(C(=O)NC2CNC(=O)C2)c2ccccc2[nH]c1=O;CCN1CCC(c2cc(F)cc(S(C)(=O)=O)c2)CC1;Cc1sc(=O)n(CC(=O)NCCC(=O)N(C)C)c1C;Cc1nc(C)c(F)c(Oc2ccc(-n3cncn3)cc2)n1;Cn1ncc2c(N3CCCC3c3ccsc3)ncnc21;CCN1CCC(c2cccc(S(C)(=O)=O)c2F)CC1;CCc1ccc(C(=O)N2CCc3cc(C(=O)O)ccc32)o1
m_c1b10a,CC(c1ccc(-c2ccccc2)c(F)c1)c1cc(N=C(N)N2CCOCC2)on1;NC(=O)c1cccnc1N1CCN(C(=O)C2(c3ccccc3)CCOCC2)CC1;Cc1ncc(C(=O)NCC2(CO)COCC(C)N2Cc2ccccc2)cc1C#N;O=C(c1ccccc1OCCOc1ccccc1)N1CCN(C(=O)C2CC2)CC1;O=C(CN1CCOC2(CCOCC2)C1)NC(Cc1ccccc1)c1ccccc1;O=C(Nc1ccc(OCCc2ccccc2)nc1)N1CCC(CN2CCCC2)C1;COc1ccc(C(Cc2ccccc2)NC(=O)N2CCC(O)(C3CC3)CC2)cc1;C#Cc1ccc(C(=O)NCCCCCNC(=O)c2cc(OC)ccc2OC)cc1;c1ccc(-c2ccc(CNCCNCc3ccc(-c4ccccn4)cc3)cc2)nc1;CC12C=CC(=O)C=C1CCC1C3CC(O)C(O)(C(=O)CO)C3(C)CC(O)C12F;COc1cc2c(cc1OC)CCN(C(=O)c1cccc(C(=O)NC3CC3)c1)CC2;COC(=O)C1CC2(C(C)OC(C)=O)C=CCN3CCC4(C1=Nc1ccccc14)C32;COC(=O)C1=C2Nc3ccccc3C23CCN2CC=CC(C(C)OC(C)=O)(C1)C23;CC(C)c1cnn2c(NCc3ccccc3)cc(NCC3CCNCC3O)nc12;CC=C1CN2CCC34C(=Nc5ccccc53)C2CC1C4(COC(C)=O)C(=O)OC;COC(=O)C=CC(C)=CC=CC(C)=CC=CC=C(C)C=CC=C(C)C=CC(=O)O;CCOc1ccc(C(CNC(=O)CC(C)C)c2c[nH]c3ccccc23)cc1OC;O=C(c1c[nH]nc1C1CCCN(C2CCCc3ccccc32)C1)N1CCOCC1;CC=C(C)C(=O)OC1CC2(C)OC2C(OC(C)=O)C2(C)CCC(O)(C(C)C)C12;COCc1cccc(CC(=O)N2CCCC(S(=O)(=O)NC3CCCC3)C2)c1;CCCCCCCCCCCCCC=CC=CC(=O)NC(CC(N)=O)C(=O)O;CCN(CC)Cc1ccccc1NCC(=O)N1c2ccccc2NC(=O)CC1C;CN1C(=O)CCC(C(=O)N2CCC(Cc3ccccc3)CC2)C1c1cnn(C)c1;CCc1cc(N2CCC(NC(=O)c3ccc(-c4ccccc4F)o3)CC2)ncn1;CN(C)CCN1CCC(CNC(=O)c2nc(N3CCCC3)ncc2Cl)CC1
m_c1ec62,COC1CC(c2nc(C)c(C)[nH]2)N(Cc2ccncc2F)C1;CC(=O)NC1CCN(Cc2ccc3c(c2)OCCCCO3)C1;CCC(NC(=O)C1CCCNC1)c1ccc2c(c1)OCCO2;CCN1CCC2OCCN(C(=O)c3cccc(CO)c3)C2C1;COc1ccc(C)cc1CCNC(=O)C1CC(C)CC(=O)N1;CC(C)(C)NC(=O)c1ccc(NC(=O)C2CCOCC2)cc1;NCC1CCCN1C(=O)CCc1ccc2c(c1)OCCCO2;CC(C)CNC(=O)c1cccc(CN2CCCC2C(=O)O)c1;CC(O)C1CCN(C(=O)NCc2cccc3c2CCOC3)C1;O=C(CC1CCCO1)N1CCC(O)(Cc2ccncc2)CC1;CC=Cc1ccc(OCC(=O)N2CCNCC2C)c(OC)c1;CC1(C)CN(C(=O)C2CC(=O)N(Cc3ccco3)C2)C1(C)C;CC1(C)C2CC(O)C(C)(OC(=O)c3ccc(N)c(N)c3)C1C2;CC(C)N1CCC(CNC(=O)c2ccc3c(c2)OCO3)CC1;COCCC1CCCCN(C(=O)c2cccc(C(N)=O)c2)C1;COCC1CN(CCOc2cccc(C#N)c2)CC(C)(C)O1;NC1CC2CC(C(=O)NCC3(C(F)(F)F)CCCC3)CC12;CC1CCCN(C(=O)COc2ccc(CC(N)=O)cc2)CC1;CCC(OC1CCCC1)C(=O)Nc1cc(C(N)=O)ccc1C;COCC1CN(CCOc2ccccc2C#N)CC(C)(C)O1;COc1nccc(CN2CC(OC)C(c3cn(C)nn3)C2)n1;COc1ccccc1N1CCN(CC2(CC(=O)O)CC2)CC1;COCC1CN(CCOc2ccc(C#N)cc2)CC(C)(C)O1;CC(C)CN1CCC(C(=O)NC(C(=O)O)c2ccccc2)C1;CC(C)Oc1cccc(CC(=O)N2CCNC(=O)CC2C)c1
m_c2176f,Cc1cnc(C(=O)N2CCCC(c3nc(C(F)(F)F)cn3C)C2)cn1;Cc1ccccc1C1(F)CCN(C(=O)c2ccc3[nH]c(=O)n(C)c3c2)C1;CN(CC1CCc2nc(C(F)(F)F)cn2C1)C(=O)Nc1cccnc1;CCc1n[nH]c(=O)c(-c2nc(C3CCC(F)(F)CC3)cs2)c1CC;CCNC(=O)N1CCC(NS(=O)(=O)c2ccc3c(c2)CCCO3)C1;NC(=O)c1cn(CC(=O)N2CCOCC2c2ccco2)c2ccccc12;CNC(=O)C1Cn2c(C)nnc2CN1C(=O)c1cc2cc(C)ccc2o1;O=c1c(NCC2CCc3nc(C(F)(F)F)cn3C2)nccn1C1CC1;COC1CN(C(=O)c2cc(O)nc3ccccc23)CC1c1cn(C)nn1;Cc1nnccc1C(=O)N1CCCC(c2nc(C(F)(F)F)cn2C)C1;Cc1cc(CC(=O)N2CC(O)CC2c2ccccc2C(F)(F)F)n[nH]1;O=C(NCCc1ccccc1)c1cc(-c2cccnc2)nc2ccccc12;CCc1cc(C(=O)NC2C3CC2N(CCS(C)(=O)=O)C3)cc(=O)[nH]1;CC(NC(=O)C1CC(=O)N(c2ccc3c(c2)OCO3)C1)c1ccccn1;O=C(O)c1ccc(C(=O)N2CC(c3ccccc3)C3CCCC32)c(F)c1;Cc1cncc(NC(=O)NCC2CCc3nc(C(F)(F)F)cn3C2)c1;COC1(CO)CCCN(C(=O)c2ccc3c(c2)nc(C(F)F)n3C)C1;Cc1c(C(=O)NCC2(O)CCOC2)nnn1-c1cccc2cccnc12;CN(C)c1nccc(C2CN(c3ccnc(C(F)(F)F)c3)CCO2)n1;COCc1nc(C2COCCN2C(=O)c2cccc3ccccc23)no1;Cn1cc(CC(=O)N2CC(O)CC2c2cccc(C(F)(F)F)c2)cn1;Cc1cc(C(=O)N2CC(O)CC2c2ccccc2C(F)(F)F)n(C)n1;Cc1nn(C(F)F)c(C)c1CC(=O)N1CCOc2cccc(F)c2C1;CN(Cc1ccc2c(c1)OCO2)C(=O)c1cn(C)nc1-c1cnn(C)c1;Cc1nn(C(F)F)c(C)c1CC(=O)N1CC(C)Oc2cc(F)ccc21
m_c2313f,CC(=O)NCC(=O)N1CCC(=Cc2cc(Cl)ccc2Cl)CC1;CC(Sc1nnc(N2CCCC2)s1)C(=O)NCC(F)(F)F;CC(C)N(Cc1ccc(Cl)c(Cl)c1)C(=O)CCn1cncn1;Cc1noc(Cl)c1CCC(=O)NC1CC1c1c(F)cccc1F;CN(CC(=O)NC1CCS(=O)(=O)C1)c1ncnc2ccsc12;O=C(c1ccnc2cc(Cl)ccc12)N1CCC(O)(C(F)F)CC1;CC(C)(NC(=O)CCCn1cncn1)c1c(Cl)cccc1Cl;CCCOc1cc(C)c(Cl)cc1S(=O)(=O)Nc1ccccn1;COC1CC(C(=O)NCc2cc(Br)ccc2C)N(C)C1;O=C(Nc1ccc(Cl)cc1Nc1ccccc1)c1ccc(=O)[nH]n1;N#Cc1cnc(N2CCCN(S(=O)(=O)C3CC3)CC2)c(Cl)c1;CC1CN(S(=O)(=O)c2cnn(CC(F)(F)F)c2)CC1C(N)=O;Cc1ccc(OC(C)C(=O)N2CCC(CN)C2)c(Br)c1;O=C(NCCc1cscn1)C1CC1c1cccc(C(F)(F)F)c1;Cc1ncsc1CNC(=O)C1CC1c1cccc(C(F)(F)F)c1;Cc1csc(C2(NS(=O)(=O)Cc3ccccc3F)CCC2)n1;CC(C)CC(=O)OC(Cn1ccnc1)c1ccc(Cl)cc1Cl;CN(CC(=O)NC1CCS(=O)(=O)C1)c1ncnc2sccc12;COc1cc(C=CC(=O)OC(CC(=O)O)C(=O)O)cc(OC)c1O;Cc1nc2sc(C(=O)c3ccc4c(c3)OCO4)c(N)c2c(C)c1C;Cc1cnc(C(NS(=O)(=O)c2c(C)cccc2F)C2CC2)s1;CNCC1CCN(C(=O)C(C)Oc2ccc(Br)cc2)C1;OC1(Cn2ccnn2)CCN(CCc2cc(Cl)cc(Cl)c2)C1;O=C(Nc1nnc(-c2ccccn2)s1)C1CC1c1ccc(F)cc1;O=S(=O)(Cc1ccno1)NC(c1ccc(Cl)cc1)C1CCC1
m_c30e40,Cn1c(C(=O)N2Cc3cnn(-c4ccc(F)cc4)c3CC(C)(C)C2)cccc1=O;O=C(c1cnc2[nH]c(=O)[nH]c(=O)c2c1)N1CCC2(CC1)C1CC3CC(C1)CC2C3;CCNc1cnc(-c2noc(C3CC(=O)N(c4ccccc4OCC)C3)n2)cn1;CCn1nccc1N1CCCC(NS(=O)(=O)c2cn(CC(C)C)cn2)C1=O;COc1ccc(CN2CCN(C)CC2)cc1NC(=O)c1ccnc2c1ncn2C;O=C(c1ccc(F)cc1)N1CCCN(CCc2nc3ccccc3c(=O)[nH]2)CC1;CCNS(=O)(=O)c1ccc(CC(=O)N2CCC(C3CCCOC3)CC2)cc1;COC(=O)C1CCC2CN(C(=O)c3ccc(Oc4cccnc4)cc3)CCC2C1;Cc1nnc(-c2cccc(C(=O)N3CCN(C(C)c4cccc(F)c4)CC3)c2)o1;COc1ccc(-c2noc(CN3CCN(C(=O)c4cnc(C)cn4)CC3)n2)cc1;CC1CN(C(=O)c2ccc(S(=O)(=O)N(C)C3CCCCC3)cc2)CCCO1;COc1cc2c(cc1OC)C13CCN4CC5=CCOC6CC(=O)N2C1C6C5CC43;CCOC1CC2(CCN(C(=O)c3cc(C)c(C)c(S(=O)(=O)N(C)C)c3)C2)C1;CCCCC(NS(=O)(=O)c1ccc(C(=O)N2CCOCC2)cc1)C1CCC1;CCOc1cc(CN(C)C(=O)NC2CCc3[nH]ncc3C2)ccc1OC(F)F;Cc1nnc2n1CC(NC(=O)c1nn(-c3cccc(F)c3)c3c1CCCC3)CC2;CC(=O)N1Cc2ccccc2CC1c1nc(-c2ccc(F)c(CN(C)C)c2)no1;Cc1ccccc1CN1CCN(C(=O)c2nn(-c3ccc(F)cc3)cc2O)CC1;CC1(C)Cc2cc(S(=O)(=O)N3CCCCC3C3CC(N)CCO3)ccc2O1;N#Cc1ccc(OC2CCN(C(=O)NCC3(c4ccccc4F)CCC3)C2)nc1;COC(=O)C(Cc1ccccc1)NC(=O)c1cc(C(C)C)nc2c1c(C)nn2C;CC(=O)NC12CC3CC(C1)CC(C(=O)NCc1cccc(C(F)(F)F)c1)(C3)C2;CC(C)(C)S(=O)(=O)c1ccc(N2CCN(C3CCNC(=O)CC3)CC2)cn1;c1coc(-c2noc(CN3CCC4(CC3)CC4c3nnc4n3CCCCC4)n2)c1;Cc1ccc(-n2cc(C(=O)N3CCC(O)(Cc4ccc(F)cc4)CC3)nn2)cc1
m_c3e52e,O=C(NCC1CCCO1)Nc1cccnc1N1CCCC1;CN(CC(=O)NC(C)(C)C)C1CCCC1S(C)(=O)=O;COC1CCN(C(=O)Nc2cccnc2N2CCCC2)C1;COCCC1CNCCN1c1nc(C)nc2c1cnn2C;COCCN1CCN(c2ncnc3c2cnn3C)CC1C;O=C(Nc1cccnc1N1CCCC1)N1CCCC1CO;NC(=O)CNC(=O)c1cccc(OCC2CCCCC2)c1;CC1CC(=O)NC(C(=O)NCc2[nH]nc3c2CCCC3)C1;Cc1nnc2ccc(NCC3(N(C)C)CCOCC3)nn12;COCc1cccc(CNC(=O)C2CC3OCCC3N2)c1;CC(=O)Nc1ccc(O)c(C(=O)N2CCCCCCC2)c1;CC(C)(C)c1ccnc(N2CCC3OCC(=O)NC3C2)n1;CCNC(=O)c1ccc(NC2CCCC3OCCC23)nn1;CC(C)(C)c1ncc(C(=O)N2CC(=O)NCC2(C)C)cn1;COCC1CC(OC)CN1CCOc1cccc(C#N)c1;CC(=O)NCC(=O)Nc1cnc(N2CCCCC2)c(C)c1;CCOc1cccc(CN2C(=O)CC(CC)(CC)C2=O)n1;Cc1cc(CNC(=O)C2CC2C2CCNCC2)ccc1F;CC(C)NC(=O)c1ccc(C(=O)N2CCCC2CO)cc1;O=C(CCC1CCNCC1)NC1CC1c1cccc(F)c1;CCOc1cc(C)nc(N2CCN(C(=O)C3CC3)CC2)n1;COCC1(CNc2nccn3c(C)nnc23)CCNCC1;O=C1OCCN1CCCN1CCCC1c1ccc(O)cc1;Cc1cc(N2CCC(N3CCN(C)C3=O)CC2)nc(N)n1;CC1(C)NC(=O)CCC1NC1CC(c2cccc(F)c2)C1
m_c50497,COc1ccc(Cl)cc1S(=O)(=O)Nc1cc(Cl)ccc1O;COCC(COC)S(=O)(=O)NCc1noc(-c2cccs2)n1;Cn1ccc(NC(=O)Cc2csc(NC(=O)c3cccs3)n2)n1;COc1cc(Cl)ccc1S(=O)(=O)N1CCCC1CCC(=O)O;COCC(CS(=O)(=O)NCc1noc(-c2cccs2)n1)OC;O=C(Nc1cccnc1)C1CSCN1C(=O)c1ccc(Cl)cc1;O=C(O)C1CN(C(=O)CCOc2cccc(Cl)c2Cl)CCO1;O=C(Nc1ccncc1)C1CSCN1C(=O)c1ccc(Cl)cc1;O=C(O)C1C2CCC(O2)C1C(=O)Nc1ccc(F)c(C(F)(F)F)c1;COc1ccc(Cl)cc1C(=O)Nc1cc2c(=O)[nH]cnc2cc1F;Cc1nn(-c2ccc(Cl)cc2)cc1C(=O)NC(CO)C(F)(F)F;COc1ccc(S(=O)(=O)NCC2(C(=O)O)CCCC2)cc1Cl;C=CCn1c(SCc2cc(C)on2)nc2cc(Cl)ccc2c1=O;Cc1c(Cl)cc(C(=O)O)cc1S(=O)(=O)N1CCC(C)C1CO;CCCN(CC(F)F)C(=O)c1sccc1S(=O)(=O)C(F)F;COc1ccc(C(=O)O)cc1NS(=O)(=O)c1ccc(Cl)s1;Cc1cc(Cl)cc(NS(=O)(=O)c2csc(C(=O)O)c2)c1O;O=C(NCCN1CCCS1(=O)=O)c1cncc(Br)c1;O=C(NN=Cc1ccc2c(c1)OCO2)c1cncc(Br)c1;COc1cc(S(=O)(=O)Nc2ccsc2)c(Cl)cc1C(=O)O;O=C(O)CC1(NC(=O)COc2ccc(Cl)cc2Cl)CCOC1;Cc1ccc(-n2nccc2NC(=O)c2ccc(Cl)cc2Cl)nn1;Nc1nc(COC(=O)c2cccc(Cl)c2Cl)nc2ccccc12;Cc1ccc(Cl)cc1S(=O)(=O)NCC1(C(=O)O)CCOCC1;O=C(O)C1(CNS(=O)(=O)c2ccc(Br)cc2)CCC1
m_c567df,Cc1ccc2oc(C(=O)N(Cc3cccc(F)c3)C3CCS(=O)(=O)C3)c(C)c2c1;COC(=O)CCS(=O)(=O)NCC(c1ccco1)S(=O)(=O)c1ccc(C)cc1;COCc1cc2nn(CC(=O)N3CCc4ccccc43)c(=O)n2c(-c2ccccc2)n1;COc1cccc(-c2cc3c(=O)n(Cc4ccccc4OC(F)(F)F)ccn3n2)c1;O=C(c1cc2ccccc2[nH]1)N1CCN(C(=O)C2CC23CCS(=O)(=O)CC3)CC1;Cc1cc(Nc2ccc(S(F)(F)(F)(F)F)cc2)n2nc(C(C)(F)F)nc2n1;CN(c1c2c(c(O)c3ncccc13)C(=O)N(Cc1ccc(F)cc1)C2)S(C)(=O)=O;CCOC(=O)C(Cc1c[nH]c2ccccc12)N=C(O)c1ccc([N+](=O)[O-])cc1Cl;CCOc1ccccc1NS(=O)(=O)c1cc(OC)c(Br)cc1OC;CC(=NNC(=O)C1CC1c1ccccc1)c1cccc(NC(=O)c2ccccc2F)c1;CCNC(=O)N1CCCC(c2cccc(C(=O)N3CCC(C(=O)OCC)CC3)c2)C1;Cc1ccc(NC(=O)C2(NC(=O)c3ccccn3)CCCCC2)cc1Br;COc1ccc(NC(=O)CSC2=NC(C)(C)N=C2c2cccc(F)c2)cc1OC;COc1ccc(-n2ccnc(SCC(=O)NCc3ccccc3Cl)c2=O)cc1;O=C(Nc1ccccc1C(=O)O)c1cc(S(=O)(=O)c2ccccc2)ccc1Cl;O=C(NC1CCCN(c2ccc(Cl)cc2Cl)C1)c1cc2ccccc2c(=O)[nH]1;O=C(NC1CC1c1cccc(F)c1)N1CCCN(C(=O)c2ccc(Cl)cc2)CC1;CC(NC(=O)CN1CCN(S(C)(=O)=O)CC1)c1nc2ccccc2n1C(F)F;COc1cc(C2C(C(=O)c3ccccc3)C(=O)C(=O)N2c2cccc(C)c2)ccc1O;COc1cc(C2C(C(=O)c3ccccc3)=C(O)C(=O)N2c2cccc(C)c2)ccc1O;CC1=C(C(=O)Nc2ccccc2)C(c2cccc(O)c2)n2nc(C(F)(F)F)nc2N1;Cc1ccc2c(C)c(C(=O)N(Cc3ccc(F)cc3)C3CCS(=O)(=O)C3)oc2c1;O=C(CSc1nnnn1C1CCCCC1)NCc1ccccc1OC(F)(F)F;O=C(N1CCC(c2nc(-c3cccc(F)c3)no2)(C(F)(F)F)C1)C1(CO)COC1;O=C(Nc1ccc(-n2cccn2)c(F)c1)c1cnn(-c2ccccc2)c1C(F)(F)F
m_c57b9d,COC1CC(c2nc(C3CC3)n[nH]2)N(Cc2cccc3c2OCCO3)C1;COC1CC(c2nc(C3CC3)n[nH]2)N(Cc2ccc3c(c2)OCCO3)C1;CCOc1ccc(C(=O)NCC2CC(=O)N(C)C2c2nccn2C)cc1;COC1CC(CNC(=O)c2c3c(nn2C)CCC3)N(c2ccncn2)C1;COC1CC(COc2cccnc2)N(C(=O)c2ccc(N(C)C)nc2)C1;CCOc1ccccc1C(=O)N1CCCC(n2ccc(C(=O)NC)n2)C1;CN(C)c1ccncc1C(=O)N1CCN(C)C(c2nc(C3CC3)no2)C1;CCOc1ccccc1C(=O)N1CCCC1C(=O)NCc1ccnn1C;COc1cc(C(=O)NCC2CC(=O)N(C)C2c2nccn2C)ccc1C;CN1C(=O)CC(CNCc2ccc3c(c2)OCCO3)C1c1nccn1C;CN1CC(NC(=O)C2(Cc3ccccc3F)CC2)C(c2cncn2C)C1;CC1(C)CN(C(=O)CCCc2ccc3c(c2)CC(=O)N3)C2CCCC2O1;O=C(c1ccncc1)N1CCC(N2C(=O)NC3(CCCCCC3)C2=O)C1;COCC1(C2CCC2)CN(C(=O)NCCc2c(C)oc3ccccc23)C1;CCOc1ccc(C(=O)Nc2cc(CN(C)C)ccc2C)cc1OCC;CC1N(C(=O)c2ccc(CN3CCCC3=O)cc2)CCC12CCOCC2;NC(=O)C1CCOC1CC1CCN(C(=O)c2cccc3c2CCC3)CC1;CN(CC12CC3CC(CC(C3)C1)C2)C(=O)c1ccc(OCC(N)=O)cc1;Cc1cc2occ(C(=O)N3CCN(C4CCOCC4)CC3C)c2cc1C;O=C(Nc1cccc(C(=O)N2CCOC3(CCC3)C2)c1)C1CCCCC1;Cc1noc(COc2ccc(NC(=O)CC3CC4CCC(C3)N4)cc2)n1;CN1C(=O)CCC(NC2CC(c3cccc(F)c3)C2)C1c1ccnn1C;NC(=O)C1CCOC1C1CCN(C(=O)Cc2ccc3c(c2)CCC3)CC1;CCOc1ccc(N2C(=O)CC(N3CCCC4CCCCC43)C2=O)cc1;COC1CC(CNC(=O)c2ccnc(N(C)C)c2)N(c2ccncn2)C1
m_c63e89,CNC(=O)C(NC(=O)CCc1ccccc1C)c1ccc(F)c(F)c1;O=C(O)C1CCC1C(=O)NC1CC(=O)N(CCOc2ccccc2)C1;CCOC(=O)C1(NC(=O)CCN2CCOC2=O)CCc2ccccc21;Cc1ccc(CN2CC(C(=O)N3CCOC(C(=O)O)C3)CC2=O)cc1;Cc1cccc(CS(=O)(=O)NCC2CCN(CC(F)F)CC2)c1;Cc1ccccc1OCC(=O)N1CCN(CC(O)C(F)(F)F)CC1;Cc1ccc(C)c(S(=O)(=O)N2CCC(n3cc(C4CC4)nn3)C2)c1;Cc1[nH]c(=O)c(C#N)c(C)c1CCC(=O)Nc1cccc2cccnc12;Cc1nc2ccccc2nc1N1CCCC(NS(=O)(=O)C2CC2)C1;CSC1CCN(C(=O)C(Cc2c[nH]c3ccccc23)NC(N)=O)C1;O=C(NCCN1CCOCC1)Nc1nc(Cc2ccccc2)cs1;Cc1nc(C(=O)N2CC[S+]([O-])CC2)nn1-c1ccccc1C(C)C;Cc1ccc2c(Cn3nnnc3CCc3ccccc3)cc(=O)oc2c1;CC(C)(C)OC(=O)N1CCC2(CC1)C(=O)Nc1ccc(C(=O)O)cc12;CC(=O)Nc1ccc(C=NNC(=O)c2cc3ccccc3nc2C)cc1;Cc1nccc(NCc2cccc(S(=O)(=O)N3CCCCC3)c2)n1;CC(=O)NCc1ccc(C(=O)N2CCCC(n3cc(C)cn3)C2)s1;NS(=O)(=O)c1ccccc1N1CCN(CCc2ccncc2)CC1;CC1(C)C(=O)Nc2ccc(C(=O)Nc3ccc(-c4c[nH]cn4)cc3)cc21;O=C(Nc1ccccc1CN1CCC(O)CC1)c1cc(F)ccc1F;O=C(NCc1ccccc1CN1CCCC1)c1c(O)cc(F)cc1F;CNC(=O)Cn1ccc2ccc(NC(=O)c3ccc4cc[nH]c4c3)cc21;Cc1nc(C2CCN(S(=O)(=O)c3ccc4c(c3)CCC4)CC2)n[nH]1;CC1CN(C(=O)NC(C)c2ccc(OC(F)(F)F)cc2)CC(C)O1;Cc1c(Cl)c(CN2CCC(NC(=O)c3ccccc3)CC2)nn1C
m_c772b8,Cc1ccc(OC(C)CNC(=O)C2CC(O)CN2)cc1;Cc1cccc(C)c1OCCNC(=O)C1CC(O)CN1;CCOCc1ccccc1CNC(=O)C1CC(O)CN1;CCCC1(C)C(=O)NCCN1Cc1noc(C2CC2)n1;CCC1(CNC(=O)NCc2nnnn2C2CC2)CCC1;CNC(=O)C1(COC)CCCN1Cc1ncc(C)cn1;CN(Cc1ccn[nH]1)C(=O)CCC(=O)NC1CCCC1;CCC(C)C(N)C(=O)NC(Cc1ccccc1)C(=O)O;CC(C)(C)C1CCN(C(=O)c2c[nH]c(C(=O)O)c2)CC1;Cc1cnc(N2CCCC(O)(CC(=O)N(C)C)C2)nc1;CC(=O)NCCCCCNCC(O)C(O)C(O)CO;Cc1nc(C(C)C)oc1C(=O)NC1CCOC1C1CC1;COc1ccccc1OCCN1CC(C)C(C(N)=O)C1;CCCCCCCCCc1cc(O)cc(O)c1C(C)=O;Cc1cc(CC(=O)N2CCOC3(CCCCC3)C2)on1;CC(=O)N1CCN(CC(O)COc2ccccc2)CC1;CCc1occc1C(=O)N1CCNC(=O)C1CC(C)C;COc1ccccc1OCCC(=O)N1CCCC(N)C1;COc1cc(C)ccc1OCC(=O)N1CCCNCC1;CC(C)c1cc(C(=O)N2CCC(O)C2(C)C)cc(O)n1;CN1CCC(CC(=O)N2CCCC2c2nnn[nH]2)CC1;Cc1nc(C(=O)OCC2CCCCO2)c2n1CCCC2;COc1cc(CNC(=O)C2NCCOC2C)ccc1C;Cc1c[nH]nc1C(=O)NC1CCC(=O)NC1C(C)(C)C;COc1cc(C)cc(CNC(=O)N2CCOCC2C)c1
m_c886af,O=C(Cc1cc(F)c(F)cc1F)NC(Cc1ccccc1)C(=O)O;NS(=O)(=O)CC1CCN(C(=O)c2ccc(F)c3ccncc23)C1;O=C(NCC1CCS(=O)(=O)C1)c1c[nH]nc1-c1ccc(F)cc1;O=C(NCc1ccncc1)c1ccc(NC(=O)c2ccsc2)cc1;Cc1c(Cl)c(C(=O)NCc2cccc(OCC(=O)O)c2)nn1C;CN(C)S(=O)(=O)c1cccc(NC(=O)Cc2ccc(F)cn2)c1;Cc1nn(-c2ccc(Cl)cc2)cc1C(=O)NCCC(O)C(=O)O;COc1cc(C(=O)Nc2cnn(C(C)(C)C(=O)O)c2)ccc1Cl;Cc1nc(-c2ccc(CCNC(=O)C3CC(O)CN3)s2)cs1;CC1CN(S(=O)(=O)c2cnn(CC(=O)O)c2)CC(C)C1(F)F;Cc1cc(F)cc(C(=O)NC(CC(=O)O)c2ccc(F)cc2F)c1;CNC(=O)c1ccc(S(=O)(=O)Nc2n[nH]c(C)c2C(N)=O)cc1;O=C(c1ccoc1Cl)N(Cc1ccc(F)cc1)C1CCOCC1;O=S(=O)(Cc1cccc(F)c1)N1CCC(Oc2cccnn2)C1;O=C(Cc1ccccc1F)Nc1ccnn1C1CCS(=O)(=O)C1;CC(=O)N1CC(O)CC1c1nc(COc2ccc(Cl)cc2)no1;CS(=O)(=O)CCCSc1n[nH]c(-c2ccc3c(c2)CCC3)n1;CCCOc1ccc(NC(=O)c2cc(C(=O)O)nn2C)cc1Cl;Cn1c(-c2nc(-c3ccccc3OC(F)(F)F)no2)cccc1=O;COc1cccc(C(CC(=O)O)NC(=O)c2c(Cl)cnn2C)c1;CCOC(=O)c1ccc(NS(=O)(=O)CCC(C)(F)F)c(O)c1;O=C(Cc1cccc(F)c1)Nc1ccnn1C1CCS(=O)(=O)C1;Cc1cc(F)ccc1S(=O)(=O)N1CCC(Oc2ccncn2)C1;O=C(c1cc(F)c(Cl)cc1F)N1CCNC(c2cccnc2)C1;COc1cc(Cn2nc3ccccn3c2=O)ccc1SC(F)F
m_c8934f,CCCc1ccc(OCc2ccc(C(=O)Nc3cc(C)on3)o2)cc1;CCN1CCN(C(=O)C(C)Oc2ccc(S(C)(=O)=O)cc2)CC1;CCN(C(=O)N1CCS(=O)(=O)CC1)C(C)c1cccc(OC)c1;CC1(C)CC(=O)NCCN1CCOc1cccc(S(C)(=O)=O)c1;Cn1cc(-c2cn(C(C(=O)NC3CC3)c3ccc(F)cc3)nn2)cn1;CC(C)Oc1ccc(CCNC(=O)C2CCN(C)S2(=O)=O)cc1;CC(c1ccc(S(C)(=O)=O)cc1)N1CCC(NC(=O)CO)CC1;COc1ccc(CNC(Cc2c[nH]c3ccc(O)cc23)C(=O)O)cc1;N#Cc1ccc(N2CCCC(NC(=O)c3nccnc3N)C2)c(F)c1;COc1ccc(S(=O)(=O)N2CCOC3CCN(C)CC32)c(C)c1;CC(C)NS(=O)(=O)c1ccc(C(=O)N2CCC(C)C(O)C2)cc1;Cc1nc(C2CCCCN2C(=O)c2cc3nccnc3cc2F)n[nH]1;COC(=O)c1ccccc1CN(C)C1CCN(S(C)(=O)=O)CC1;COc1ccccc1CC1CCCN1C(=O)c1cccc(C(=O)O)n1;CN1C(=O)CC(Nc2ncnc3ccc(F)cc23)C1c1ccnn1C;Cc1noc(C)c1-c1ccc(CNC(=O)C(C)Oc2ccccc2)o1;COc1ncccc1CN1CCC(c2nc(C(F)(F)F)c[nH]2)CC1;COc1ccc(CN(C)C(=O)CC2CS(=O)(=O)CCN2)cc1C;C=CCc1cc(OC)ccc1OCC(=O)Nc1ccc(C(N)=O)cc1;CC1CC2CCCCC2N1C(=O)c1ccc(S(=O)(=O)N(C)C)o1;CCN(C)C(=O)c1cccc(S(=O)(=O)NC2CCC2COC)c1;O=C(O)c1cc(NC(=O)C(c2ccccc2)N2CCCC2)ccc1O;CC1(C)CN(C(=O)c2ccc(COc3ccccc3C#N)o2)CC1O;CC(C)C(C)C(=O)NC(c1cccc(C(F)(F)F)c1)c1nnc[nH]1;CC(NC(=O)c1ccccc1)C(=O)NC(CC(=O)O)c1ccccc1
m_c89ffd,CS(=O)(=O)N1CCC(NC(=O)Nc2ccncc2)CC1;O=C(NC1CCOc2ccccc21)c1ccc(C(=O)O)nc1;CCCn1nc(-c2nc(-c3ncc(C)cn3)no2)ccc1=O;O=C(c1ccc2n[nH]c(=O)n2c1)N1CCc2cc(F)ccc21;Cn1nc(-c2ccco2)cc1NC(=O)c1ccn(C)c(=O)c1;O=C(O)C1CCC(CNS(=O)(=O)c2cccnc2)CC1;Cn1cc(Cl)cc1C(=O)N1CCCC(CCC(=O)O)C1;CC(O)CNS(=O)(=O)c1ccc(C(=O)NC2CC2)cc1;CN(C)C(=O)c1ccc(OCc2ccc(F)cc2C#N)cc1;O=C(Nc1ncccc1O)c1c[nH]nc1-c1ccccc1F;Cc1nnc2n1CC(Nc1nccc(C(F)(F)F)n1)CC2;CC(NC(=O)C1CCCC(=O)N1)c1cc(Cl)ccc1F;C#CCCN1CC(C(F)(F)F)C(S(=O)(=O)N(C)C)C1;Cc1nc2n(n1)CC(Nc1nccc(C(F)(F)F)n1)CC2;COCC(NC(=O)c1ccc(S(N)(=O)=O)cc1)C1CC1;COc1ccc(CN2CCCC(O)(C(N)=O)C2)cc1Cl;C=C(C)CC(C)C(=O)Nc1ccc(O)c(S(N)(=O)=O)c1;CNC(=O)c1ccsc1NC(=O)NC(C(N)=O)C(C)C;Cc1noc(C)c1C(=O)NCc1ccc(C(F)(F)F)cc1;Cc1cc(C(F)(F)F)nc(N2CC(c3n[nH]c(C)n3)C2)n1;CC(=O)CC(c1ccco1)c1c(O)c2ccccc2oc1=O;Cn1cc(N2CCN(S(=O)(=O)C3(C)CC3)CC2=O)cn1;CS(=O)(=O)Nc1ccccc1C(=O)NCC1CCCO1;CC(NC(=O)C1CCCC(=O)N1)c1ccc(F)cc1Cl;COCC1CN(C(=O)NCCOc2cccc(Cl)c2)C1
m_c933b7,COC(C)CS(=O)(=O)N1CCC(Nc2ccccc2F)CC1;COC1CC(CN(C)S(=O)(=O)c2cccc(C)c2F)N(C)C1;CC(=O)N(C)CC(=O)NCc1ccccc1Oc1ccccc1F;Cc1cccc(OC2CCN(C(=O)c3c(O)cccc3F)CC2)n1;CC(C)Nc1cc(F)ccc1NC(=O)CS(=O)(=O)C(C)(C)C;Cc1nsc(N2CCCN(c3ccc4nc(C)nn4n3)CC2)n1;O=C(NCC(c1ccccc1)c1c[nH]c2ccccc12)c1ccco1;Cc1nsc(N2CCCN(c3ccc4nnc(C)n4n3)CC2)n1;O=C(c1coc(CC2CC2)n1)N1CC(O)CC1c1cccc(F)c1;Cn1cc(-c2cc(CN3CCN4C(=O)C(=O)NCC4C3)on2)cn1;Cc1nc(C2CCCN(c3c(C#N)c(=O)n(C)c(=O)n3C)C2)no1;O=C(c1coc(C2CCC2)n1)N1CC(O)CC1c1cccc(F)c1;O=C(c1c(-n2cccc2)sc2c1CCCC2)N1CCC(O)CC1;Cc1noc(C2CCCN(c3c(C#N)c(=O)n(C)c(=O)n3C)C2)n1;C=C(C)C(=O)OC1C2C(=C)C(=O)OC2CC(C)C2C=CC(=O)C21C;C=C(C)C(=O)OC1C2C(=C)C(=O)OC2CC(C)C2=CCC(=O)C21C;Cc1cc(=O)[nH]cc1C(=O)N1CCC(Oc2ccccc2F)CC1;CCc1c(-c2ccc3[nH]ncc3c2)cnc(N)c1-c1ccc(O)cc1;CCc1ccc(S(=O)(=O)NCC2CCN(C(C)C)CC2)s1;CCOc1ccc(C=Cc2ncc(C(=O)O)c(C(C)C)n2)cc1F;Cc1nc(CC(C)C)c(C(=O)N2CC(CO)c3ccccc32)s1;CN1C(=O)CCc2cc(NC(=O)c3cccc4ccccc34)ccc21;CCN(C)C(=O)c1cccc(OCC(=O)Nc2cccc(F)c2)c1;O=C(COc1ccc(-c2ccccc2)nc1)N1CCc2ccccc21;Cc1ccc(F)c2oc(C(=O)N3CCCC4C(=O)N(C)CC43)cc12
m_c9a4bc,O=C1CCCC(C(=O)Nc2ccn(-c3ccccc3Cl)n2)N1;O=C(CCN1CCCC1=O)Nc1ccc2cc(Cl)cnc2n1;Cc1nc(C)c(C(=O)Nc2cc(-c3c(F)cccc3F)[nH]n2)o1;Nc1c(Cl)cc(C(O)CNC2CCC(O)CC2)cc1Cl;CN1C(=O)CCC1C(=O)Nc1cccc(C(F)C(F)(F)F)c1;CSc1nc2c(c(=O)n1-c1cc(C)cc(C)c1)SC(C)C2;O=C(CCSc1nc(-c2ccccc2)cs1)N1CCCC1;Cc1ncn(Cc2nc(-c3ccc(F)c(F)c3)no2)c(=O)c1C;O=C(NCc1ccc(-c2ccco2)nc1)c1cc2ccccc2o1;O=C(NCc1cncc(-c2ccoc2)c1)c1cc2ccccc2o1;O=C(Nc1cccc2cn[nH]c12)c1cccc(OCC(F)F)n1;CCc1ccc2nc(COCC(F)(F)C(F)F)[nH]c(=O)c2c1;NC(=O)c1cnc(N2CCN(c3cnccn3)CC2)c(Cl)c1;CC(C)Cc1nc(Cn2nnc(-c3ccc(Cl)cc3)n2)no1;Cc1ccc(C(=O)NC2CCN(c3ccccc3Cl)C2=O)o1;COc1nscc1CN(C)c1nc(C)cc(C(F)(F)F)n1;COC1CN(c2nc(C)c(C#N)cc2Cl)CC1c1c[nH]nn1;COCC(=O)Nc1ccccc1NC(=O)c1ccc(Cl)cc1;Cc1cccc(C(=O)OCCNC(=O)c2ccncc2)c1Cl;NC(=O)c1ccc(N2CCC(Oc3cccc(Cl)c3)C2)nn1;Cc1c(F)ccc(Cl)c1C(=O)NC1CCc2ncccc2C1;Cc1cc(NC(=O)C2CCN(c3ccc(Cl)cc3)C2=O)[nH]n1;Cn1cc(S(=O)(=O)NCc2cccnc2-c2ccco2)cn1;CC1C(c2cccc(Cl)c2)OCCN1S(=O)(=O)N(C)C;O=C(Nc1cccc2nccn12)c1oc(C2CC2)nc1C(F)F
m_c9c302,CCC1(N(C)C)CCN(c2nc(N)c3cc(OC)c(OC)cc3n2)CC1;COc1ccccc1C1CCCN1C(=O)C1CC(=O)N(CCN(C)C)C1;CC(Nc1ccnc(N(C)C)n1)c1cc(F)ccc1N1CCC(O)CC1;CCN1C(=O)CC(C(=O)NCCn2cnnc2C)C1c1cnn(C)c1C;O=C1NCCCN1C1CCN(c2cncc(OC3CCCCC3)n2)CC1;COCC1(C(N)=O)CCCN1C(=O)c1cccc(CN2CCCCC2)c1;CN1CCN(c2ccc(CNC(=O)N3CCC4(CCOC4)C3)cn2)CC1;Cc1n[nH]nc1C(=O)N1CCC2(CCCC2NC(=O)CC2CC2C)CC1;CC1CN(C(=O)C2CC2C)CC2(CCN(Cc3coc(C4CC4)n3)C2)O1;CC(=O)NC(CC1CCC1)C(=O)N1CCC(c2nncn2C2CC2)CC1;Cc1n[nH]nc1C(=O)N1CCCC2C(NC(=O)CC3(C)CC3)C(C)(C)C21;CC1CN(C2CCOCC2)CCN1C(=O)c1ccnc(OC2CCC2)c1;CCc1onc(C)c1C(=O)N(C)CC1CCCN(C)C1c1ccnn1C;CCN1CCOC(C(=O)N2CCC(NC(=O)c3ccccc3C)CC2)C1;CN(C)c1cc(N2CC(O)CC2CNC(=O)CC2=CCCCC2)ncn1;CCN1C(=O)CC(C(=O)NCCN2CC=CCC2)C1c1cnn(C)c1C;O=C(Cc1n[nH]c2c1CCCC2)NC1CCCN(C(=O)N2CCCC2)C1;CCN1CCOC(CNc2ccc(C(=O)NC)nn2)C1c1cnn(C)c1;CCCCCCCCC(C)NC(CCOC(=O)CCC(=O)O)C(=O)O;CN(Cc1ccccc1)CC1CCN(C(=O)CN2CCOCC2=O)CC1;CCCCCCCCCCNC(CCOC(=O)CCC(=O)O)C(=O)O;CC1(C2CC2)CN(C(=O)NCc2ccccc2N2CCOCC2)CCO1;Cc1nc2n(c1CN1CCN(C(=O)C3CC(=O)N(C)C3)CC1)CCCC2;Cc1c(NCC2CCCOC2c2cnn(C)c2)cnn1C1CCOCC1;CCc1nnc(C2CCCN(C(=O)Cc3c(C)nn(CC)c3C)C2C)o1
m_c9c422,O=C(NC1(C(=O)O)CCSC1)c1ccc2c(c1)OCCCO2;NC(=O)NCc1ccc(C(=O)NC2(C(=O)O)CCSC2)cc1;Cc1cc(C)c2c(n1)sc1c(=O)n(-c3ccccc3)c(=O)[nH]c12;Cc1nc(C(=O)N(C)Cc2ccc(Cl)c(F)c2)c(=O)[nH]c1C;CC1=NS(=O)(=O)NC(C)=C1CCC(=O)Nc1ccc(O)cc1;CC(C)n1cnc(S(=O)(=O)N(C)c2ccccc2C(=O)O)c1;CC(C)c1nc(S(=O)(=O)N2CC(F)(F)CC2C(=O)O)c[nH]1;O=C(Cn1cnnn1)N1CCC(F)(c2ccccc2Cl)CC1;CCS(=O)(=O)c1ccccc1N1CCC(O)(C(F)(F)F)C1;CS(=O)(=O)N(CC(=O)Nc1cccnc1)c1cccc(F)c1;Cc1cnn(C)c1S(=O)(=O)NCc1ccccc1CC(=O)O;CCOc1ccc(-c2nn3c(-c4cccnc4)nnc3s2)cc1;CCn1nccc1S(=O)(=O)NCCc1ccc(C(=O)O)cc1;CCOc1ccccc1-c1nn2c(-c3ccncc3)nnc2s1;CC(C)n1cnc(S(=O)(=O)Nc2cccc(CC(=O)O)c2)c1;CCn1cc(S(=O)(=O)Nc2cccc(CC(=O)O)c2)nc1C;O=C(O)C1CN(C(=O)C2(c3ccc(Cl)cc3)CCC2)CCO1;O=C(Cc1ccc(Cl)cc1)Nc1cnc(-c2ccccc2)nc1;O=C(NCc1ccc(Cl)c(O)c1)OCCc1ccc(F)cc1;CSCCC(Nc1ncnc2sc3c(c12)CCC3)C(=O)O;CCc1ccc(S(=O)(=O)NCc2cnn(C)c2)cc1C(=O)O;Cc1csc(-c2ccc(NC(=O)N3CCC(F)(F)C3)cc2)n1;NC(=O)C1CCN(C(=O)c2[nH]c3ccc(F)cc3c2Cl)CC1;CCc1nnsc1C(=O)N(CC(=O)O)Cc1ccc(F)cc1;CCn1nc(C)c(NS(=O)(=O)c2ccc(C(=O)O)cc2)c1C
m_cad5a6,CNS(=O)(=O)c1ccc2c(c1)CCN2Cc1cnc(C2CC2)s1;CC1CC(C)CN(Cc2cc(=O)n3cc(Br)ccc3n2)C1;CCc1nc(CN2CCN(C(=O)c3cccc(Cl)c3)CC2)cs1;CCOc1cc(C)c(C)cc1S(=O)(=O)Nc1cccc(C(=O)O)c1;Cn1c(SCc2cc(=O)[nH]c3ccccc23)nc2ccccc2c1=O;O=C(NCC1(OCCO)CCOCC1)c1cc(F)c(Cl)cc1F;Cn1ccc(Cn2cnc3cc(-c4ccccc4)sc3c2=O)cc1=O;CN(C)C(=O)Cn1cc(C(=O)Nc2cc(Cl)cc3c2OCC3)nn1;O=C(Cc1noc2ccccc12)NCc1cccnc1-c1cccs1;CC(C)(C(=O)NC1CCc2nc(N)sc2C1)c1ccc(Cl)cc1;Cn1ncc(C(=O)O)c1C(=O)N1CCOC(c2ccc(Cl)cc2)C1;COc1cccc2c1CCCCN2C(=O)c1ccc(S(C)(=O)=O)o1;COCCc1ccc(S(=O)(=O)Nc2cccc(C)c2C(=O)O)cc1;Cc1ccc(-c2noc(CSc3nncn3-c3ccccc3)n2)cc1;COc1cc(-c2noc(-c3sc(C(C)OC)nc3C)n2)ccc1F;CCOCC(=O)Nc1ccc(Oc2ccc(S(C)(=O)=O)cc2)cc1;CC(=O)N1CC(NC(=O)c2ccncc2Cl)CCC1C(F)(F)F;CCN(c1ccccc1)S(=O)(=O)c1cc(CC(=O)O)ccc1OC;CC(c1ccncc1)N1CCC(NC(=O)c2ccc(Cl)s2)CC1;Cc1cc2c(cc1NC(=O)c1cccc(F)c1)N(C)S(=O)(=O)N2C;O=C(Nc1ccccn1)c1cc(N2CCCC2=O)cc(C(F)(F)F)c1;O=C1NCCN(C(=O)c2ccccn2)C1c1ccccc1C(F)(F)F;O=C1NCCN(C(=O)c2ccncc2)C1c1ccccc1C(F)(F)F;CC(C)S(=O)(=O)NCC1CCCN(c2ncc(Cl)cc2F)C1;O=C(Nc1cccnc1N1CCC(O)CC1)c1ccc(Cl)cc1F
m_cc35ab,Cc1ccc(N2CCC(OCC3CCCCO3)CC2)nc1C#N;COCCN1CCCC(NC(=O)Cn2ccc3ccccc32)C1;CN(C)C1(CNC(=O)c2cccc3c2ccn3C)CCOCC1;O=C(C1CC(O)CN1)N1CCc2c(CN3CCCC3)cccc21;CC(C)CN1CC(C(=O)N2CCC(c3ccccn3)C2)CC1=O;CN1CC(NC(=O)NCc2ccc(C3CCC3)cc2)CCC1=O;Cc1nnc(CC(=O)N(CC(C)C)C(C)c2ccccc2C)o1;COc1ccccc1N1CCCC(NC(=O)NC2CC=CC2)C1;CC(NCCC(c1ccccc1)c1ccccc1)c1ccccc1;O=C(NCCN1CCc2ccccc21)NC1CC12CCOCC2;NC1c2ccccc2CC1NC(=O)N1CC(C2CCOCC2)C1;CC(C(=O)N1CCC(C(N)=O)CC1)N1CCc2ccccc2C1;CC(C)(C#N)c1ccccc1CN1CCC(C(O)C(N)=O)CC1;COc1cc2c(cc1OC)CCN(Cc1c(C)n[nH]c1C)CC2;Cc1ccc(N2CCCC2)c(C(=O)NC2CCC(=O)N(C)C2)c1;COc1c(C(=O)NCCc2c(C)cc(C)cc2C)c(C)nn1C;NC(=O)C1CCCN(Cc2ccccc2NC(=O)C2CCC2)C1;O=C1CN(C(=O)CNC2CCCC2Cc2ccccc2)CCN1;CCOC1CC(CNc2ccc(C#N)cc2)(N2CCOCC2)C1;CCCn1c(CNC2CCCC(C(=O)O)C2)nc2ccccc21;Cc1ccoc1CN1CCC(Oc2ccnc(CN(C)C)c2)C1;O=C1CN(C(=O)NCCC2CC2Cc2ccccc2)CCCN1;CCCC1(CO)CCN(CCn2cnc3ccccc3c2=O)C1;CN(C)C1CCN(C(=O)c2ccc3c(c2)C(C)(C)C(=O)N3)CC1;Cc1n[nH]c(C)c1C(C)CC(=O)NCC(O)Cc1ccccc1
m_cc95e9,Cc1ccc(S(=O)(=O)NCC2CCC(c3ncn[nH]3)O2)cc1F;CCCC1CCc2nc(NS(=O)(=O)c3cnn(C)c3)sc2C1;Cc1cc(C(=O)NC(C)c2ccccc2Cl)ccc1-n1cncn1;Cc1nc(NC2CCN(S(C)(=O)=O)CC2)c2c(C)csc2n1;Cc1ccc(C(=O)N2CCCC(C(=O)O)C2)cc1NS(C)(=O)=O;CNS(=O)(=O)c1cccc(NC(=O)C(C(=O)O)C2CCCC2)c1;CCCN(CCc1ccccn1)S(=O)(=O)c1ccc(F)cc1F;Cc1csc2ncnc(N3CCN(CCS(C)(=O)=O)CC3)c12;CN(C)S(=O)(=O)c1ccc(C(=O)N(CCC(=O)O)C2CC2)cc1;COc1ccc(-c2nsc(NC(=O)c3ccc(C)nc3C)n2)cc1;O=C(Cc1ccccc1Cl)NCCc1coc(-c2ccccc2)n1;CC(C(=O)Nc1nc(-c2ccc3c(c2)CCO3)cs1)n1ccnc1;CCC(C(=O)Nc1ccc(SC(F)F)cc1)c1c(C)noc1C;O=C(O)c1ccc(O)c(NC(Cc2c[nH]c3ccccc23)C(=O)O)c1;COc1ccc(S(=O)(=O)N2CCC3(CCOC3)C2)cc1C(N)=O;Cc1cccc(S(=O)(=O)NCC2CCC(c3ncn[nH]3)O2)c1F;CS(=O)(=O)c1ccc(NC(=O)N2CCCC(CC(=O)O)C2)cc1;O=C(C1CCCN1C(=O)c1cc(F)ccc1F)N1CCSCC1;CC(c1ccccc1Cl)N(C)C(=O)c1cnn(-c2cccnc2)c1;CCOC(=O)c1sc(NC(=O)C2CCCCC2C(=O)O)nc1C;CN(C)S(=O)(=O)C1CN(C(=O)C=C2CCC2)CC1C(F)(F)F;O=C(c1ncoc1C(F)(F)F)N1CCC(c2ccc(O)cc2)CC1;C=CCNS(=O)(=O)c1cccc(C(=O)NCC2OCCCO2)c1;CN(CCc1ccc(Cl)cc1)C(=O)c1cccc(-n2cncn2)c1;CNS(=O)(=O)c1cccc(C(C)NCc2ccc(F)c(F)c2)c1
m_cd50d8,Cc1cnn(C)c1S(=O)(=O)N1CC2(CCCC2)OCC1CN(C)C;COc1ccccc1-c1cc(NC(=O)C(C(C)C)N2CCCC2=O)n[nH]1;COC1CCCC1NC1CCN(S(=O)(=O)c2c(C)n[nH]c2C)CC1;Cc1cccc(CC(=O)N2CC(N3CCOC(c4nc(C)no4)C3)C2)c1;CNC(=O)c1ccc(C2CCCCN2CCCNS(C)(=O)=O)n1C;CCc1nnc(C)cc1C(=O)N1CC(OC)CC1COc1cccnc1;Cc1nnc(C2CN(CC(=O)N3CCc4ccccc4C3)CC(C)O2)o1;Cc1nc(COc2ccc(NC(=O)CC3CC4CCC(C3)N4)cc2)no1;Cn1cc(C(=O)N2CCC(Oc3ccccn3)C2)c(C2CCOCC2)n1;CC(c1ccccc1)N1CCC(NC(=O)c2ccc(CO)c(F)c2)CC1;CN(C)Cc1cc(OC2CCN(C(=O)c3conc3C3CC3)C2)ccn1;COCCN1CCC(NC(=O)c2cnc(Oc3ccccc3)cn2)CC1;COc1ncccc1C(=O)N1CCC(Oc2ccnc(CN(C)C)c2)C1;Cc1c(CC(=O)NC2CC(O)C23CCOCC3)nnn1-c1ccccc1;COC1CC(COc2cccnc2)N(CC(=O)NCc2cccnc2)C1;COc1cccc(C2(c3noc(CN4CCCCC(N)C4=O)n3)CC2)c1;CCOC(=O)c1cnc2ccccc2c1NC1CCN(CC(N)=O)CC1;Cn1cc(Oc2ccccc2C(=O)N2CCN(C3CCOC3)CC2)cn1;COc1ccc(OC)c(C(=O)N2CCCC(c3nnc4n3CCC4)C2)c1;CNC(=O)c1ccc(N2CC(COc3ccccc3)OC(C)(C)C2)nn1;COc1cc(OC)cc(N2CCC(N(C)c3cc(C)nc(C)n3)C2=O)c1;CCN(C)C(=O)c1cccc(C(=O)N2CCC(c3nc(C)no3)CC2)c1;CC(C)c1ccc(-c2noc(CCC(=O)NC3CCC(=O)NC3)n2)cc1;CN1CCC(N2CCC(NC(=O)c3ccnc4c3ncn4C)CC2)C1=O;CN1C(=O)CCC(C(=O)N2CCCc3occc3C2)C1c1nccn1C
m_cd6458,O=C(O)C1Cc2ccccc2CN1C(=O)c1cnn(-c2ccc(Br)cc2)c1;CC(C)OC(=O)C1C(=N)Oc2c(oc(CO)cc2=O)C1c1ccc(Cl)c(Cl)c1;Cc1cccc(-c2ccc3c(c2)c(C(=O)C(=O)O)cn3Cc2ccc(C(C)(C)C)cc2)c1;Fc1ccccc1-c1noc(-c2cncnc2NCc2ccccc2Br)n1;COc1ccc(C(=O)Nc2nc(-c3cccs3)c(NC(=O)c3ccco3)s2)cc1;CC(C)OC(=O)C1=C(N)Oc2c(oc(CO)cc2=O)C1c1ccc(Cl)c(Cl)c1;CC(C)OC(=O)C1C(=N)Oc2c(oc(CO)cc2=O)C1c1ccc(Cl)cc1Cl;CC(C)OC(=O)C1=C(N)Oc2c(oc(CO)cc2=O)C1c1ccc(Cl)cc1Cl;CC(C)OC(=O)C1C(=N)Oc2c(oc(CO)cc2=O)C1c1c(Cl)cccc1Cl;CC(C)OC(=O)C1=C(N)Oc2c(oc(CO)cc2=O)C1c1c(Cl)cccc1Cl;CC(C)OC(=O)C1C(=N)Oc2c(oc(CO)cc2=O)C1c1cccc(Cl)c1Cl;COc1ccc(N=C(O)c2cc(OC)c(OC)c(OC)c2Br)cc1OC;Cc1ccc(NS(=O)(=O)c2cc(Br)c(C#N)cc2F)c(CN(C)C)c1;COCc1cnc2c(c1SCc1ccc(Cl)cc1Cl)c(=O)n(C)c(=O)n2C;CCOC(=O)c1cnc2cc(Cl)ccc2c1Sc1nnc(-c2ccncc2)n1C;O=C(c1ccccc1)C1CCN(C(=O)c2nnn(-c3ccccc3)c2-n2cccc2)CC1;CC(=O)N1CCCc2ccc(S(=O)(=O)N(Cc3ccc(C#N)cc3)CC(C)C)cc21;O=C(Cc1c(F)cccc1Cl)N1C2CCC1CC(n1cc(Br)cn1)C2;Cc1ncc(C[n+]2csc(CCOP(=O)(O)OP(=O)(O)O)c2C)c(=N)[nH]1;CC(C)(O)CNc1ncc(-c2ccnc(Nc3ccnc(Cl)c3)n2)c(CC2CC2)n1;COc1ccc(S(C)(=O)=O)cc1S(=O)(=O)Nc1ccc2c(c1)CN(C)C(=O)N2;NC(=O)c1cn(CC(=O)N2CCCC2c2cccc(Br)c2)c2ccccc12;Cc1onc(-c2ccccc2Cl)c1C(=O)NCc1cccnc1N1CCN(C)CC1;O=C1c2ccc(Nc3ccc(F)cc3F)cc2CCc2ccc(OCC(O)CO)cc21;Cc1ccc(-n2c(SCC(=O)Nc3ccc(Cl)cc3)nc3c(O)ncnc32)cc1
m_ce56d4,O=C1CCCN1c1cccc(-c2csc(-c3cnccn3)n2)c1;O=C1CC(C(=O)N2CCOC(C(=O)O)C2)c2ccc(F)cc2N1;CC1CCCN(S(=O)(=O)c2cc(F)c(F)c(F)c2)C1CN;COC(=CCC=O)C(=COC(=O)c1cc2c(s1)CCC2)OC;COc1ccccc1-c1nnc2sc(Cc3ccccc3)nn12;Cc1ocnc1CNc1ncnc2sc(-c3ccccc3)cc12;O=C1CCCN1c1ccc(-c2csc(-c3cnccn3)n2)cc1;O=C(NCc1cc2ccccc2o1)NCC1CCS(=O)(=O)C1;Cc1cc(S(=O)(=O)N2CCOCC2)c2nc(O)cc(C)c2c1;Fc1ccc(Cc2noc(-c3cccc(-n4cnnn4)c3)n2)cc1;O=C(Cn1cnc2ccccc2c1=O)c1ccc2c(c1)OCCO2;Cc1cc(S(=O)(=O)NC(c2cccnc2)C2CC2)c(C)s1;CS(=O)(=O)c1ccc(C(=O)N2C3CCC2CC(=O)NC3)cc1;C=CCNS(=O)(=O)c1cccc(C(=O)N2C3COCC2C3)c1;O=C(CC1CCC(C(F)(F)F)CC1)NCc1csc(=O)[nH]1;Cc1nnc(C23CCCC2CN(c2ncc(Cl)cc2F)C3)o1;Cc1cc2c(cc1Cl)Nc1cc(-c3ccccc3)nnc1N2C;Cc1cc(C2CN(c3ncnc(N)c3Cl)CCO2)ccc1F;CC1CN(C(=O)c2cnc3ccc(F)cc3c2)CCS1(=O)=O;CCOc1ccccc1C=c1sc2nc3ccccc3n2c1=O;Nc1ccnc(CN2CCOC(c3ccc(F)cc3Cl)C2)n1;CC(=O)Nc1cccc(NC(=O)c2ccccc2C(F)(F)F)c1;COc1cc2c(cc1OC)CN(c1ncc(Cl)cc1F)CC2;Cc1cc(F)cnc1C(=O)Nc1nc(C)c(C(=O)N(C)C)s1;CS(=O)(=O)CC1(CC(=O)N2CC(=O)Nc3ccccc32)CC1
m_ced31c,Cc1noc(C2CC(=O)N(C3CN(c4nc(C)nc(C)c4F)C3)C2)n1;CCc1ncnc(N2CC(N3CC(c4nc(C)no4)CC3=O)C2)c1F;Cc1nc(C2CCCN2C(=O)NC(C2CCCC2)C(F)(F)F)no1;CCC1OCCCC1C(=O)NCc1ccncc1OCC(F)(F)F;Cc1nnc(C2OCCC2CNC2CC(c3ccccc3Cl)C2)[nH]1;COc1ncc(C)cc1NC(=O)NCC1CCN(CC(F)(F)F)C1;O=C(C1CCCN(CC(F)(F)F)C1)N1CCOC(c2ccco2)C1;CC(=O)N1CCCC(C(=O)N(C)Cc2nccn2CC(F)(F)F)C1;CC(=O)N1CC(NC(=O)c2cc(C(C)C)[nH]n2)CCC1C(F)(F)F;CC(NC(=O)NCCc1nnc2n1CCC2)c1csc(C2CC2)n1;CC(NC(=O)C1(c2cccc(F)c2)CCOCC1)c1ncccc1F;Cc1ccc(N2CCCN(CCOc3ccccc3Cl)CC2)nn1;O=C(Cc1ccc2c(c1)OCCO2)N1CCC(CN2CCOC2=O)C1;Cc1csc(N2CCC(C(=O)NCCNc3ncccn3)CC2)n1;COc1ccc(C(NC(=O)N2CCCC(CO)C2)C(F)(F)F)cc1;COc1ccc(NC(=O)N2CCN(C(C)C(F)(F)F)CC2)c(C)n1;CC(C)c1nc(=O)cc(CN2CCN(c3ccccc3Cl)CC2)[nH]1;COc1ccc(C(NC(=O)NC2CCC(O)CC2)C(F)(F)F)cc1;CC(Oc1ccccc1C#N)C(=O)N(CCC(=O)O)CC1CCCO1;NC(=O)CC1(O)CCCN(CCOc2ccccc2C(F)(F)F)C1;Cc1cc(C(=O)N2CCC(Cc3ccc(F)c(F)c3)CC2)cc(O)n1;COc1ccc(-c2ccc(C(=O)N3CCC(CN)C3)c(F)c2)c(F)c1;Cc1n[nH]c(C)c1CC(=O)N1CCN(c2cccc(Cl)c2C)CC1;c1cnc2[nH]cc(Cc3nc(-c4ccnc(N5CCCC5)c4)no3)c2c1;O=C(Nc1cn[nH]c1)C1CCN(c2nc(C3CCCCC3)ns2)C1
m_cfb3df,Cc1cc(CNc2ccc3nnc(-c4ccccn4)n3n2)ccc1S(N)(=O)=O;Cc1cccc(N2CCC(N(C)S(=O)(=O)c3cccc4cnccc34)C2=O)c1;CCOc1nc(C)ccc1C(=O)Nc1cc(C(=O)NCC(F)(F)F)ccc1C;CC(C)C#CC(=O)N1CCC(c2nc(-c3ccc(F)cc3)no2)(C(F)(F)F)C1;O=C(c1ccc2ncn(-c3ccc(Cl)cc3)c2c1)N1CC2CCC(O)CC2C1;COc1cc(OC)cc(C2CCN(C(=O)c3cnc(-c4ccccn4)s3)C2)c1;CC(=O)Nc1ccc(C)c(NC(=O)C2CCCN2c2ncnc3sccc23)c1;COCCS(=O)(=O)c1ccc(C(=O)N2C(C(=O)O)CC3CCCCC32)cc1;CC(C)C#CC(=O)N1CCC(c2nc(-c3cccc(F)c3)no2)(C(F)(F)F)C1;CCn1ncc(C(=O)N2CCC(C(=O)O)(c3ccccc3)CC2)c1C(F)(F)F;O=C(NC1CCCN(Cc2ccc(F)cc2F)C1=O)c1nccc2ccccc12;O=C(Nc1ccc2ccccc2n1)C1CSC(Cc2ccccc2F)C(=O)N1;CCCN(Cc1nc2cc(Cl)ccc2c(=O)[nH]1)C(=O)c1ccn2ccnc2c1;CCN(C1CCN(c2ccccc2)C1=O)S(=O)(=O)c1cccc2cnccc12;Cc1cc(NC(=O)c2cc3ccccc3o2)ccc1-c1cc2ccccc2oc1=O;O=C(Cc1cc2ccccc2c(=O)[nH]1)N1CCCN(c2ccccc2Cl)CC1;Cc1oc(C2CCN(S(=O)(=O)c3ccccc3F)CC2)nc1C(=O)N(C)C;COc1ccc(C(=O)N2CCc3c(ncn3CCc3ccccc3)C2)cc1Cl;O=C(Nc1cnc2c(c1)COCC2)C1CC(=O)N(c2ccc3c(c2)OCCO3)C1;Cn1c(N2CCOC(c3cccc(OC(F)(F)F)c3)C2)nc2ccc(F)cc21;COc1cc2c(cc1OC)n(Cc1ccc([N+](=O)[O-])cc1)c(=O)n1nc(C)nc21;CC1CN(C(=O)Nc2ncc(Cc3ccc(F)c(F)c3)s2)CCC1C(=O)O;CS(=O)(=O)c1ccc(C(=O)Nc2ccc(-c3cn4c(n3)CCCC4)cc2)cc1;CCNS(=O)(=O)C1CCN(C(=O)NCc2ccc(OC(F)(F)F)cc2)C1;COc1ccc2sc(C(=O)N3CC(C(=O)O)C(c4ccccc4)C3)c(C)c2c1
m_d01f54,CC(C)n1cnc(S(=O)(=O)Nc2cc(F)c(F)cc2Cl)c1;COC(=O)C1CN(C(=O)c2ccc(F)cc2C(F)(F)F)CCO1;CS(=O)(=O)CC1(CNC(=O)c2ccc(C(F)(F)F)cc2)CC1;O=C(CC(c1ccccc1)C(F)(F)F)NC1CCS(=O)(=O)C1;Cc1ccsc1-c1cccc(NC(=O)C2CCS(=O)(=O)C2)c1;Cc1noc(C(C)NS(=O)(=O)c2cccc(C(F)(F)F)c2)n1;O=C(O)c1cn(-c2ccc(F)cc2)c2cc(Cl)c(F)cc2c1=O;O=C(c1ccc(Br)o1)N1CCN(c2ccccn2)CC1;COC(=O)C1CC(O)CN1C(=O)c1cc(F)c(Cl)cc1Cl;Cc1cccn2c(=O)nc(SCc3c(F)cccc3Cl)nc12;OC1CCN(c2cc(Oc3ccccc3Br)ncn2)C1;CS(=O)(=O)c1ccc(Cl)c(C(=O)N2Cc3ccccc3C2)c1;Cc1cscc1-c1nc(-c2cccc(NS(C)(=O)=O)c2)no1;CN(C(=O)c1ccc(Br)o1)C1CN(c2ccccn2)C1;NS(=O)(=O)c1cnc(NCCOc2ccc(F)c(F)c2)s1;COC(=O)C1CCN(S(=O)(=O)c2ccc(F)c(Cl)c2)CC1;COc1ccc(-c2nsc(NC(=O)c3ccoc3Cl)n2)cc1;Cc1cccc(CNC(=O)c2ccc(=O)n(C)n2)c1Br;O=C(O)c1ccc2nc(C=Cc3cnn(CC(F)F)c3)sc2c1;CC1(C)C=C(c2cccc[n+]2[O-])c2cc(Cl)c(Cl)cc2OC1;Cn1cc(I)c(C(=O)NCC2CCCO2)n1;O=C(NCc1cccc(Br)c1)c1cn2c(n1)COCC2;Cc1cc2nc(NS(=O)(=O)c3ccc(Cl)cc3)[nH]c2cc1C;Cn1cnc(C(=O)N2CCOc3ccc(Br)cc3C2)c1;OC1CN(c2ccnc(-c3ccc(Br)cc3)n2)CC1O
m_d07b86,CC1CC(CNS(=O)(=O)c2cc(F)ccc2F)CCO1;Cc1cnc(NC(=O)NC2CCCc3cc(F)ccc32)s1;O=C(c1cc(F)cc(F)c1)N1CCOc2cc(O)ccc2C1;O=C(CNC(=O)c1cc(F)cc(F)c1)NCc1ccncc1;O=C(Nc1cccc(Cl)c1)c1ccnn1C1CCOCC1;N#Cc1ccc(NCC(O)COc2ccc(F)c(F)c2)nc1;N#Cc1ccnc(NCC(O)COc2ccc(F)c(F)c2)c1;OCC1CCC(NCc2ccc(OC(F)F)c(Cl)c2)C1;O=C(NCC1CCOC1)Nc1cc(C(F)(F)F)c[nH]c1=O;Cn1ccnc1SCC(=O)Nc1ccc2c(c1)OCCO2;Cc1nc(N(CCCCO)C2CC2)sc1S(N)(=O)=O;O=C(CCOCC(F)(F)F)Nc1ccc2c(c1)OCCO2;CCN(CC)C(=O)C(C#N)=Cc1cc(O)c(O)c([N+](=O)[O-])c1;COc1ccc2c(c1)CC(C(=O)Nc1nc(C)ns1)CO2;COc1cc(C(=O)NC(CO)c2ccccc2)ccc1Cl;O=C(Nc1ccc(OC(F)F)cc1)c1cc2c(nn1)CCC2;O=C(CSc1ccc(F)cc1)N1CC(Cn2ccnc2)C1;NC1CCN(C(=O)c2conc2-c2ccc(Cl)cc2)CC1;Cc1noc(C)c1NC(=O)NC1CCc2c(Cl)cccc21;O=C(O)c1csc(NC(=O)c2ccnn2CC2CCC2)c1;Cn1nc2c(c1NC(=O)CSc1ccc(F)cc1)CCC2;NC1CCCN(C(=O)c2conc2-c2ccc(Cl)cc2)C1;Cc1nc(C)c(C(=O)OCCNC(=O)c2ccncc2)s1;CC1CN(C(=O)c2csc(-c3ccccc3F)n2)CCN1;OC(c1cccs1)(c1cccs1)C1CN2CCC1CC2
m_d1e5ef,COCC1(O)CN(C(=O)C2CN(Cc3ccccc3)CC2c2nccs2)C1;CS(=O)(=O)Nc1ccccc1C(=O)NC1CCN(Cc2ccccc2)CC1;O=C(CC1OCCc2ccccc21)NCc1ccc(OCc2ccccc2)cc1;CC(C)(CC(=O)N1CCN(S(=O)(=O)c2cccnc2)CC1)c1ccccc1;Cn1nnc2c1CC(C(=O)N1CCN(Cc3ccccc3)c3ccccc31)CC2;CCc1nsc(N2CCN(C(=O)NC3CCOc4c(C)cccc43)CC2)n1;O=C(CN1CCC(NS(=O)(=O)c2ccccc2)CC1)NCc1ccccc1;COc1ccc(C)cc1NC(=O)c1nnn(Cc2ccccc2)c1-n1cccc1;Cc1cccc(-c2noc(CN3CCCN(Cc4ccc(C#N)cc4)CC3)n2)c1;CCc1nsc(N2CCCN(C(=O)NC3CCOc4ccccc43)CC2)n1;O=S(=O)(N1CCCCC1)N1CCN(c2ccnc(-c3ccccc3)n2)CC1;Cc1ccc(C)c(S(=O)(=O)NCC(=O)N2CCN(c3ccccc3)CC2)c1;COCCN1C(=O)CC(CNc2nc3cc(F)ccc3o2)C1c1cnn(C)c1;O=C(NCCc1ccccn1)c1cccc(N2CCNC(c3ccccc3)C2)n1;CC12CCC3c4ccc(O)cc4CCC3C1CCC2NC(CC(=O)O)C(=O)O;Cc1ccnc(Oc2ccc(C(=O)N3CCN(C)CC3c3ccccc3)cc2)c1;O=C(NC1CC(Cn2ccnc2)CC1O)c1ccc(F)c(COCC2CC2)c1;O=C(c1nc(-c2ccccc2)oc1C1CC1)N1CCN(Cc2ccccc2)CC1;Cc1ccc(-c2nn(-c3ccccc3)cc2CNC2CC3(C2)CC3C(=O)O)cc1;CC1Cc2c(C(=O)N3CCC(O)(Cc4cccc(F)c4)CC3)n[nH]c2C(C)O1;CC1CCN(C(=O)C2CCN(C(=O)N3CCCC3)CC2)c2ccccc2S1;O=C(NC1CC1c1ccccc1)C1CCOC1c1cnn(Cc2ccccc2)c1;COc1cc2nc(N3CCN(C(=O)C4CCCO4)CC3)[nH]c(=N)c2cc1OC;Clc1cc(CCN2CCN(Cc3cccnc3)CC2)cc2c1OCCCO2;COc1cccc(C(=O)NCCNC(=O)Nc2cnn(CC3CCCO3)c2)c1
m_d1ecad,CCc1nnc2n1CC(NC(=O)CCc1ccc3c(c1)OCO3)CC2;Cc1nccc(NC2COCCC2NC(=O)c2ccc(CO)cc2)n1;Cc1cc(C(=O)N2CCC(Oc3cccnc3N3CCCC3)C2)no1;CNc1nc(C)cc(C(=O)N2CC(O)CC2c2cccc(OC)c2)n1;CN(C)c1cccc(C(=O)NC2(c3cccc(F)c3)CCOCC2)c1;CC(C)c1nc2n(n1)CCCC2NS(=O)(=O)CC1CCOCC1;CCC(C)n1nc(C(=O)N2CCN(S(C)(=O)=O)C(C)C2)cc1C;O=C(c1c[nH]nc1C1CCOCC1)N1CCC(Oc2ccccn2)C1;CN(C)Cc1cccc(C(=O)N2CC(O)CC2c2ccc(F)cc2)c1;CCc1nnc(C23CCCC2CN(C(=O)c2conc2C2CC2)C3)o1;Cc1cc(CNC(=O)CNC2CCCc3c(O)cccc32)ccc1F;Cc1noc(C)c1CNC(=O)C(=O)N1CCN(c2ccccc2)CC1;CNc1ncccc1C(=O)N1CCC(NC(=O)c2ccoc2C)CC1;CN1C(=O)CCC(NC(=O)c2ccoc2C2CC2)C1c1ccnn1C;COC(C(=O)NC1CCN(c2cccc(F)c2)CC1)c1ccccc1;O=C(O)c1ccc(CN2CCCN(Cc3ccc(F)cc3)CC2)cc1;O=C(C1CCCN1Cc1ccc(F)cc1)N1CCCc2occc2C1;COc1cnccc1C(C)NC(=O)NC1CCOC1c1cccnc1;CC(=O)N1CCN(C(=O)CCCc2nc(-c3ccccc3)no2)CC1;COc1ccccc1N1CCC(CNC(=O)Cc2ccc(F)cc2)C1;Cn1cc(C(NC(=O)c2ccc(C(N)=O)cc2)C2(CO)CCC2)cn1;COc1ccccc1N1CCC(CNC(=O)Cc2cccc(F)c2)C1;COCc1ccccc1C(=O)NC1CC(=O)N(C)C1c1ccnn1C;CN1C(=O)CC(CNS(=O)(=O)CC(C)(C)C)C1c1nccn1C;Cn1cc(CCNC(=O)C2COCC(=O)N2Cc2ccccc2)cn1
m_d258c4,CC1CN(CC(=O)N2CCC(C(=O)N3CCCC3)CC2)C(C)CO1;Cc1nc(C)n(CC2CCCN(CC(O)CN3CCOCC3)C2)n1;CCN(CC)C1CCN(C(=O)NCCCc2cccc(Cl)c2)C1;CCC1(C)CN(C(=O)NC(C)C2CCCN(C3CCC3)C2)CCO1;CN(C(=O)c1cc(C#N)c[nH]1)C1CCN(CCc2ccccn2)CC1;CC1CN(CC(O)CN2CCCC(Cn3cncn3)C2)CC(C)O1;CCN(C(=O)CN1CCC2(CCN2)CC1)c1cccc2ccccc12;Cc1cc(NC(=O)CN2CCN(CC(O)C(C)(C)C)CC2)n(C)n1;CC1(C)CN(Cc2noc(C3CCOCC3)n2)CC2(CCOC2)O1;Cc1ccc(CC(=O)Nc2ccccc2NC2CCN(C)CC2)cc1;O=C(NC1CCN(CC2CCCCC2)CC1)NC1(CO)CCCC1;CC(C)(CNC(=O)NCC1CCNCC1)Cc1cccc(Cl)c1;CCn1ccnc1CN1CCN(CC(O)CN2CCOCC2)CC1;CCCN1CCC(N2CCN(C(=O)CC3(O)CCCC3)CC2)CC1;CC1CN(CCCNC(=O)NCC2CCCC3(CC3)C2)CC(C)O1;CCc1n[nH]c(=O)c(CNC(=O)NCCN2CCOCC2)c1CC;CC1CN(CC(O)CN2CCOCC2)CCN1Cc1nccn1C;CCC1(C)CN(C(=O)NCc2ccc(F)c(CN(C)C)c2)CCO1;CC(C)(C)c1nsc(N2CCC(N3CCCC3C(N)=O)CC2)n1;CCn1nc(C)c(NC(=O)N2CCN(CC(C)(C)O)CC2C)c1C;CCC1CN(CC(=O)Nc2c(C)nn(C)c2C)CCN1CCOC;Cc1noc(C)c1C(C)CNC(=O)NCC(C)(O)C1CCCCC1;CC(=O)NCC(=O)NCC1CCC(NC(=O)CC2CCCC2)CC1;CCC(CC)(CNC(=O)N1CCn2c(C(C)C)nnc2C1C)OC;CC(=O)NCC(=O)NCC1CCC(CNC(=O)C2(C)CCC2)CC1
m_d274b6,COc1nc(C)cc(C)c1CNC(=O)NC1CCC2(CC1)CC2(F)F;CC(O)C(CO)n1cnc2c(N(C)C3Cc4ccccc4C3)ncnc21;CC=C1CC(C)C(C)(O)C(=O)OCC2C(O)CN3CCC(OC1=O)C23;CC(C)C1C(=O)OC2CCN3CC=C(COC(=O)C(C)(O)C1(C)O)C23;COc1ccc(CCN2CC(OC)CC2c2nnc3cnccn23)cc1;O=C(c1c[nH]nc1C1CC1)N1CC2CCCC2(c2nnc(C3CC3)o2)C1;CC=C1CC(C)C(C)(O)C(=O)OCC2CC[N+]3([O-])CCC(OC1=O)C23;CCn1cc(C2OCCCC2CNC(=O)c2ccc(C#N)c(C)n2)cn1;CCn1cc(C2CN(Cc3nc(Cc4ccccc4)no3)CCO2)cn1;Cn1cc2c(NCc3cccc(COC4CCOCC4)c3)ncnc2n1;CCn1nccc1C1NC(=O)CCC1NC(=O)c1ccnc(C2CC2)c1;Cc1nc(C(=O)N2CCC(F)(F)C2)nc(N2CCC(N(C)C)C2)c1C;Cc1cc(F)ccc1CNCC1CC(=O)N(C2CC2)C1c1cccnc1;Cn1nnc2c(N3C4CCC3CC(NC(=O)C3CC35CC5)C4)ncnc21;CCOC(=O)CN1CCC(OC)(c2nc(C3CCOCC3)no2)CC1;Cc1nc2c(c(NCc3ccc(C(=O)NCC(N)=O)cc3)n1)CCCC2;COC1CC(c2nc(C3CC3)n[nH]2)N(CCOc2ccccc2C#N)C1;CN1CCOC(CNC(=O)Cc2ccc(C#N)cc2)C1c1ccnn1C;CN1CCOC(CNC(=O)Cc2ccc(C#N)cc2)C1c1cncn1C;CCN1C(=O)CC(C(=O)Nc2cccnc2C2CC2)C1c1nccn1C;O=C1COc2ccc(CN3CCC(c4nnc5n4CCC5)CC3)cc2N1;CCOc1cc(Cl)ccc1CNC(=O)NCC1CCCCN(C)C1;COc1cc(CNC(=O)C2CCCCC2)ccc1OCc1ccccc1;Cc1cc(C(=O)N2CC3CCCC3(c3nnc(C4CC4)o3)C2)c(C)nn1;Cc1nnc(C2CC(O)C(CNC(=O)c3ccc4ccn(C)c4c3)C2)[nH]1
m_d3998e,Cn1cc(Cl)cc1C(=O)N1CCCC(CCC(=O)O)C1;Cn1cc(Cl)cc1C(=O)N1CCCCC1CCC(=O)O;CSc1nc(=O)c2c([nH]1)-c1ccccc1CC21CCCC1;CCc1ccncc1NC(=O)c1ccn(CC(F)(F)F)n1;NC1CCCCC1NS(=O)(=O)c1ccc2c(c1)OCO2;COC(CNC(=O)C1COCCN1)c1ccccc1Cl;Cn1cc(S(=O)(=O)N2CC3CCCC3C2)cc1C(=O)O;CN(C(=O)C1CC(=O)Nc2ccccc21)c1ccccc1F;CN(C)c1cccc(S(=O)(=O)N2CC3C(CF)C3C2)c1;COc1ccc(S(N)(=O)=O)cc1NC(=O)C1CCCC1;CC(=O)N1CCC(C)(C(=O)Nc2cc(F)cc(F)c2O)C1;CS(=O)(=O)c1ccc(OCCNC(=O)NC2CC2)cc1;CCOc1ccc(-c2c(C)c3cc(F)ccc3oc2=O)cc1;COC(=O)c1cc(CNC(=O)N(C)CCC(=O)O)oc1C;COC(=O)c1ccc(C)c(Oc2cc(C)nc3ncnn23)c1;Cc1cc(SCc2cnn(C)n2)nc(-c2ccccn2)n1;COc1ccccc1S(=O)(=O)NC1CCN(C)C(=O)C1;COC(=O)CNC(=O)c1sc(C2CCCOC2)nc1C;CN1CC(c2nc(-c3ccncc3)no2)C(C(F)(F)F)C1;O=C(c1cnc(Cc2ccccc2)s1)N1CC(C2CC2)C1;O=C(O)C1CCC(CNS(=O)(=O)c2cccnc2)CC1;COC1CC(C(N)=O)N(C(=O)Cc2ccc(F)cc2F)C1;NC(=O)C1(O)CCCN(CCOc2cccc(Cl)c2)C1;CCOCc1nc(-c2ccc(Oc3ncccn3)cc2)no1;CC1NC(=O)CCC1Nc1ccc(C(F)(F)F)c(C#N)n1
m_d4c45b,COC1CCCN(C(=O)c2csc(NC(C)=O)n2)CC1;CCOC(=O)c1cc(CNC(=O)C(C)(C)C)ccc1Cl;COCC(NC(=O)c1ccc(Cl)cc1C)C1CCCO1;N#Cc1ccc(C(F)(F)F)nc1NC1CCOC1C1CC1;O=C(c1ccsc1)N1CCCC1c1nc2ccccc2[nH]1;CC(C)(Oc1cccc(Cl)c1)C(=O)NCC1CCOC1;CNCC1CCCN1S(=O)(=O)c1cccc(C(N)=O)c1;C[S+]([O-])c1cccc(NC(=O)COCC2CCCO2)c1;COc1cc2ncnc(Nc3cccc(O)c3)c2cc1OC;FC(F)(F)c1cc(C2CCCCN2)cc(C(F)(F)F)c1;CS(=O)(=O)c1ccc(OCCNC(=O)C2CCC2)cc1;O=C(O)C1c2ccccc2CCN1C(=O)Cc1cncnc1;Cc1c2c(c3n1CCOC3C)C(=O)c1cccc(O)c1C2=O;O=C(c1cc(Cl)ccc1F)N1CCC(C2(O)CC2)CC1;COC(=O)Nc1nc2ccc(C(O)c3ccccc3)cc2[nH]1;O=S(=O)(c1ccc2c(c1)OCCCO2)N1CCCCC1;O=C(Nc1ccc(N2CCCC2=O)cc1)c1ccc(O)nc1;O=C(O)CC(NCC(O)C(O)C(O)C(O)CO)C(=O)O;COCc1cc(C(=O)N2CCOC(C(=O)O)C2)ccc1F;Nc1nnc(SCc2cnc3ccccc3c2)n1C1CC1;CC1OCCC1(C)NC(=O)c1ccc(S(C)(=O)=O)cc1;CC(O)C(NCC(O)C(O)C(O)C(O)C(=O)O)C(=O)O;COc1cc2ncnc(Nc3ccc(O)cc3)c2cc1OC;Cc1cccc(C(=O)NC(C)(CC(=O)O)C(C)C)c1Cl;O=C(O)CC(NC(CO)C(O)C(O)C(O)CO)C(=O)O
m_d56a4e,Cc1cncc(C(=O)N2CCCC(n3cncn3)C2)c1;COc1ncccc1CNC(C(N)=O)c1ccccc1;O=C(Cc1cccnc1)N1CCCC1Cn1ccnn1;Cc1ncn(CCC(=O)Nc2ccccc2)c(=O)c1C;COc1ccc2c(c1)N(Cc1cncnc1)CC(C)O2;Cc1cncc(C(=O)N2CCCC(n3ccnn3)C2)c1;C=CCN(CC=C)C(=O)Cn1ccc(-c2ccco2)n1;O=C1CN(Cc2cnc3cnccn23)CCN1C1CC1;COc1ncccc1NC(=O)NC(C)c1ccccc1;CCCCC=CCc1c(C)c(O)c2ccccc2[n+]1[O-];Cc1nnc2c3ccccc3c(NC(C)CCO)nn12;O=C(c1ccon1)N1CCCN(c2ccccc2)CC1;C#CCn1cc(CN(C)c2cc(OCC)ncn2)cn1;Cc1cc(CNC(=O)c2cccnc2)nc(N(C)C)n1;CC#CCNC(=O)c1c(C)nn(C)c1-n1ccnc1C;NC(N)=NCCCC(NC(=O)C1CCCN1)C(=O)O;Oc1ccc(CCNCCCc2ccccc2)cc1O;O=C(NCC1C2CCC21)c1cc2c(cc1O)CCCC2;O=C(CCc1cc2ccccc2o1)NC1CCCCC1;Nc1nc2ccccc2cc1C(=O)N1CCC(O)CC1;OCC1CCC(NCc2cccc(OC(F)F)c2)C1;COc1cccc(CNC(=O)NCc2cccnc2)c1;O=C(O)C1CC2CCC1N2Cc1ccc2c(c1)CCC2;COc1ccc(CCNCc2ccccc2)cc1OC;Cc1cc(NCc2nc(C)cc(=O)[nH]2)nc(C2CC2)n1
m_d6c1c0,CC(C)c1nnc2n1CC(Nc1nccc(C(F)(F)F)n1)CC2;CCOC1CCN(C(=O)c2ccc(Oc3ccc(C)cn3)cc2)C1;CCOc1cc(C(=O)N2CCC(c3ccc(OC)cc3)C2)ccn1;COc1ccc2ccccc2c1CCNC(=O)C1CCCC(=O)N1;CC(C)(C(=O)O)C1CCCN(C(=O)c2cccc3cnccc23)C1;Cc1cc(F)ccc1NC(=O)c1ccc(CN2CCCC2=O)cc1;Cc1ccc(CC(C)NC(=O)NCC2(CO)CCOCC2)s1;COc1ccc(C(C)(C)C)cc1S(=O)(=O)N1CCN(C)CC1;NC1CCN(C(=O)c2ccccc2OCCOc2ccccc2)C1;CCc1ccc(C2CN(C(=O)c3ccn(C)c(=O)c3)CCO2)cc1;CC(C)(C)c1ccc(CCNC(=O)NCCS(C)(=O)=O)cc1;CNCC1CCN(C(=O)C2CC2c2cccc(C(F)(F)F)c2)C1;COc1ccccc1C1CCCN1C(=O)c1oc(C2CC2)nc1C;Cn1ccc(C(=O)NCC2(c3ccccc3)CCOCC2)cc1=O;O=C(c1cccc2ncccc12)N1CCC(O)C2(CCOCC2)C1;Fc1cccc(CNc2cnn(Cc3nnc4n3CCCC4)c2)c1;CCCN(CCC)c1nc(SC)nc(-c2ccccc2)c1C#N;CN1C(=O)CCC(C(=O)N2CCC(F)(F)C2)C1c1nccn1C;COCC1(O)CCN(C(=O)c2sc(C)nc2CC(C)C)CC1;O=C(c1ccc(-c2csc(C3CC3)n2)cc1)N1CCCCCC1;c1ccc(N2CC3CCN(Cc4csc(C5CC5)n4)C3C2)nc1;Cc1ccc(-c2ocnc2C(=O)N2CC3CCCC(C2)C3O)cc1;COc1ccc(CCS(=O)(=O)NCC2CCN(C)CC2)cc1;Cc1n[nH]c(C)c1C1COCCN1C(=O)c1ccc2[nH]nnc2c1;O=C(C1CN(Cc2ccc(F)c(F)c2)CCO1)N1CCOCC1
m_d74296,O=C(N1CCCC(c2nnc3ccccn23)C1)C1(c2ccc(F)cc2)CCCC1;CC1CC2C3CC(F)C4=CC(=O)C=CC4(C)C3C(O)CC2(C)C1(O)C(=O)CO;O=C(NC1CCN(C(=O)c2ccc(-n3ccnc3)cc2)CC1)c1ccc(F)cc1;CC(=O)Nc1cccc(-c2nc(-c3ccc4c(c3)oc(=O)n4C(C)C)no2)c1C;CCC(Cc1ccccc1)NC(=O)c1nnn(-c2ccc3c(c2)OCCO3)c1C;Cc1nc2c(c(C(F)(F)F)n1)CC(C(=O)Nc1cccc(N(C)C)c1C)CC2;COc1ccccc1-c1noc(C2CCN(C(=O)c3ccc(C)c(C)n3)CC2)n1;CC1CC2C3CCC4=CC(=O)C=CC4(C)C3(F)C(O)CC2(C)C1(O)C(=O)CO;Cc1noc(C)c1COc1ccc(CC(=O)NC2CCOc3ccccc32)cc1;COC(=O)C(NC(=O)CC(C)c1c[nH]c2ccccc12)c1ccc2c(c1)CCO2;CN(C)c1cnc(-c2noc(C3CCN(c4ccc5nncn5n4)CC3)n2)cn1;O=C(Nc1cc(C(=O)N2CCN(C(=O)Cc3ccccc3)CC2)ccn1)C1CC1;O=C(Nc1cnn(CC(F)(F)F)c1)N1CCC(c2c[nH]c3ncccc23)CC1;CC1CN(C(=O)NCc2nc(Cc3ccccc3)no2)CC(c2ccccc2)O1;COc1ccnc(N2CCN(Cc3nc4cc(C(F)(F)F)ccc4o3)CC2)c1;CC1(C)Cc2cccc(S(=O)(=O)NC3(C(=O)NCC4CC4)CCCC3)c2O1;CC(C)C(NC(=O)Cc1ccccc1)C(=O)NCc1cccc(C(F)(F)F)c1;COCc1nc(OC)c2c(C)c(C(=O)NCCC3CCN(C)CC3)sc2n1;CCCn1c(=O)c2[nH]c(-c3cnn(Cc4ccccc4)c3)nc2n(CCC)c1=O;Cc1cc(=O)c(C(=O)N(c2ccccn2)C2CCCC2)nn1-c1ccccc1F;CC(C)=CCOc1ccc(C2COc3c(ccc4c3C=CC(C)(C)O4)C2)c(O)c1;CCOC(=O)CN1CCN(C(=O)C=Cc2cc(OC)c(OC)c(OC)c2)CC1;COc1ccccc1CCNC(=O)C(=O)Nc1cc(C)nn1-c1ccc(C)cc1;O=C(NC1CCN(Cc2cc(Cl)ccc2OCC2CCCO2)CC1)C1CC1;CCn1c(=O)[nH]c2cc(C(=O)N3CCN(Cc4ccccc4)CC3)ccc2c1=O
m_d7ad1b,CC(C)n1c(=O)[nH]c2cc(-c3noc(CN4C(=O)COc5ccc(Cl)cc54)n3)ccc21;CCN(CC)S(=O)(=O)c1ccc(C(=O)N2CCCN(C3CCSCC3)CC2)cc1;Cc1cccc(C)c1N=C(O)Cn1c(=O)cc(C(O)=NCc2ccccc2)c2ccccc21;Cc1ccc2[nH]c(-c3nc(CCN(C)C(=O)c4cncc(Br)c4)no3)cc2c1;O=C(CCn1cnc2ccc(Br)cc2c1=O)Nc1cccc(-n2cnnn2)c1;Cc1ccc(C)c(N=C(O)Cn2c(=O)cc(C(O)=NCc3ccccc3)c3ccccc32)c1;CCCCCCCCC=CCCCCCCCCCCCCC(=O)NC(CO)C(=O)O;Cc1ccc(NC(=O)Cn2c(=O)cc(C(O)=NCc3ccccc3)c3ccccc32)cc1C;CCCCCCOc1cc2c(cc1N(C)c1ncc(C(=O)O)cn1)C(C)(C)CCC2(C)C;O=C(NCc1ccc2c(c1)OCO2)c1ccc(COc2ccc(Br)cc2)cc1;CCN(CC=CC#CC(C)(C)C)Cc1cccc(OCC(C)(C)OCc2ccsc2)c1;O=C(Nc1ccn(Cc2ccncc2)n1)N1CCC(c2ccccc2Br)CC1;O=C(CSc1nc2ccc(N3C(=O)c4ccccc4C3=O)cc2s1)N1CCOCC1;CCCCCCCCC=CCCCCCCCCCC(=O)NC(CCC(=O)O)C(=O)O;NC(=O)C1CCN(C(=O)CCC(=O)N2CCN(C(=O)c3c[nH]c4ccccc34)CC2)CC1;O=c1c2ncccc2n(Cc2c(F)cccc2Cl)c(=O)n1Cc1ccc2c(c1)OCO2;Cc1c(N=C2SCC(=O)N2N=Cc2ccccc2Cl)c(=O)n(-c2ccccc2)n1C;O=S(=O)(c1ccc2c(c1)CCO2)N1CCC2CN(c3ccc(C(F)(F)F)cn3)CC21;O=C(COc1ccc(Cl)cc1)NCC(c1ccco1)N1CCN(c2ccccc2)CC1;Cc1noc(NS(=O)(=O)c2ccc(NC(=O)c3ccc(Br)o3)cc2)c1C;CCc1nc2c(C)cc(C(=O)O)nc2n1Cc1ccc(-c2ccccc2-c2nn[nH]n2)cc1;COc1cc(C(=O)Nc2ccc(Cl)c(-c3nc4ncccc4o3)c2)cc(OC)c1OC;CC(=O)N1CCN(c2oc(-c3ccccc3C)nc2S(=O)(=O)c2ccc(C)cc2)CC1;O=C(C1CCCN(c2ccc3[nH]c(C4(n5cc(Cl)cn5)CC4)nc3n2)C1)N1CCCC1;CCCCCCCCC=CCCCCCCCCCCCC(=O)NC(C(=O)O)C(C)O
m_d7ecc5,COC(=O)C(Cc1ccccc1)NC(=O)c1cc(C(C)C)no1;O=C(CNc1cc(F)ccc1F)NCC1(c2ccccc2)CC1;CNC(=O)C1(C(=O)N2CCC(C(=O)O)(c3ccccc3)C2)CC1;CC1(c2cccc(Cl)c2)CCN(Cc2nccc(N)n2)CC1;CCn1ccnc(-n2nnc3ccccc32)c1=Nc1ccccc1;COC(C)(C)C(=O)Nc1cccc2c1CN(CC(F)(F)F)C2;COCc1ccc(C(=O)N2CC(N)CCC2C(F)(F)F)cc1;COC(=O)c1ccc(N2CCOC(c3ccc(C)o3)C2)nc1C;CN(CC(O)C(F)(F)F)C(=O)c1cc(C2CC2)[nH]c1C1CC1;CCC(CO)NC(=O)NC1(C(F)(F)F)CCc2ccccc21;COC(=O)COc1ccc(NC(=O)C(C)CN)c2ccccc12;O=C(O)CCN(C(=O)c1ccc2[nH]ccc2c1)C1CCOCC1;Cn1cc(CC(=O)N2CCOC(CC(=O)O)C2)c2ccccc21;CC(C)c1cnc(-c2ccc(NC(=O)C3COCCO3)cc2)o1;Cc1ccc(NC2CCNC(=O)CC2)c(OCC(F)(F)F)c1;c1cnc2c(CNc3ncnc4c3ncn4C3CC3)cccc2c1;NCC1CN(C(=O)c2cc(F)ccc2F)CC1c1ccccc1;Cc1ccc2c(CC(=O)N3CCOC(CC(=O)O)C3)c[nH]c2c1;COc1cc(C(=O)N2CCCC(CO)(c3ccccc3)C2)on1;O=C(O)CC1COCCN1C(=O)CCc1ccc2[nH]ccc2c1;CC(Nc1ccc2c(c1)CCCC(=O)N2)c1ccc(F)cc1F;Cc1cccc(OCCN2CC(C(N)=O)C(C(F)(F)F)C2)c1;O=C(NCC1CC(F)CN1c1cccnn1)Nc1cccnc1;CCOC(=O)c1cccnc1N1CCOC(c2ccc(C)o2)C1;CCc1noc(CC)c1CC(=O)NCc1ccc(C(=O)O)cc1
m_d86693,Cc1ccccc1Nc1nc(Cn2ccc(C)c(C#N)c2=O)cs1;Cc1ccnc2nc(C(=O)Nc3ccc4c(c3)C(=O)N(C)C4=O)nn12;CN(CC1CC1)S(=O)(=O)c1cccnc1Oc1ccc(F)cc1;Cc1noc(C)c1CCC(=O)NC1CC1c1ccc(Cl)c(F)c1;CCn1cc(S(=O)(=O)NCCc2c[nH]c3ccc(F)cc23)cn1;CCCNC(=O)C[S+]([O-])Cc1csc(Cc2ccccc2)n1;CCS(=O)(=O)NCCNc1c(C#N)cnc2c(C)cc(F)cc12;CS(=O)(=O)Nc1ccccc1C(=O)NCCc1cccc(F)c1;Fc1cc(CNc2ncnc3nc[nH]c23)ccc1Oc1cccnc1;Cc1c(CNC(=O)N2CCC(S(C)(=O)=O)C2)oc2ccccc12;O=C(NCC1CC(F)CN1Cc1nccs1)c1ncccc1O;CNC(=O)c1cccc(CNS(=O)(=O)c2ccc(F)c(C)c2)c1;CS(=O)(=O)Nc1ccc(C(=O)NCCc2ccccc2F)cc1;CC(=O)Nc1cc(S(=O)(=O)Nc2ccc(C)c(F)c2)ccc1C;CN(C(=O)c1ccc(C(=O)NC2CC2)cc1)C1CCS(=O)(=O)C1;COC(=O)C(NC(=O)c1ccn(C)c(=O)c1)c1cc(F)ccc1F;CCOC(=O)c1sc(=Nc2ccc(OC)cc2)n(CCO)c1C;CNC(=O)c1cccc(CNS(=O)(=O)c2cc(C)ccc2F)c1;COC(CC(=O)N1Cc2nnc(C)n2CC1C(=O)O)C(F)(F)F;CN(C)S(=O)(=O)c1ccc(CN2CCOc3ccccc3C2)o1;Cc1cc(S(=O)(=O)Nc2cc(C(=O)N(C)C)ccc2C)c(C)o1;O=S(=O)(Cc1csc(NC2CCCCC2)n1)c1ccccc1;Cc1nnc(NC(=O)C(C)(C)c2ccc(Cl)cc2F)n1C1CC1;O=C(NCCc1cccs1)N1CCC(C(O)C(F)(F)F)CC1;c1ccc2c(N3CCN(c4nccn5nccc45)CC3)nsc2c1
m_d90c36,CCCc1occc1C(=O)N1CCCC(c2n[nH]c(=O)o2)C1;CC(C)N(CCCNC(=O)C1CCC(=O)N1)S(C)(=O)=O;COCc1cnc(C2=NC(C)(C(C)C)C(=O)N2)c(C(=O)O)c1;Cc1ccc2cccc(OCC(=O)c3ccc(C)c(C)c3)c2n1;Cc1ccc(N2CCN(C(=O)C3CCC(=O)N3C)CC2=O)o1;CC1CCN(C(=O)c2ccc3c(c2)C(=O)c2ccccc2-3)CC1;O=C(O)CN1CCCCC(NC(=O)Cc2cccnc2)C1=O;CCC(=O)Nc1ccc(O)c(C(=O)NC2CCCNC2=O)c1;Cc1nc2ccccc2n1C1CN(c2ccc3nncn3n2)C1;Cc1occc1-c1cc(NC(=O)C2CCCO2)n(CCO)n1;CC(C)c1nnc(C2COCCN2C(=O)Cc2ccoc2)o1;COCc1nc(C)cc(N2CCN(c3nccs3)CC2)n1;CCOc1ccc(N=Cc2c(OC)ccc3ccccc23)cc1;Cc1c(C(=O)Nc2nnc(C3CC3)s2)cnn1C(C)(C)C;Clc1cnn(C2CC3CCC(C2)N3CCn2cccn2)c1;COc1c(C(=O)N2CC3C4CCC(C4)C3C2)[nH]c(=O)[nH]c1=O;CCOc1ccc(NC(=O)Cc2cccc3ccccc23)cc1;Cc1ccc(C)c(NC(=O)C2=Cc3ccc(C)cc3OC=C2)c1;Clc1ccccc1C1(CNCc2ncc[nH]2)CCOCC1;Cc1cc(Cl)ccc1OCCCc1nnc2n1CCCC2;CC(=O)Nc1ccn(C2CCN(Cc3scnc3C)C2)n1;NC(=O)c1ccc(C(=O)N2CCC(CCC(=O)O)CC2)nc1;Cn1cc(CCC(=O)NCCCc2ccc(Cl)cc2)cn1;Cc1nn(C)c(C)c1CCC(=O)NCc1ccc(C(=O)O)o1;CCc1ccc(C(COC)NC(=O)c2ccc(=O)n(C)n2)o1
m_daf5f1,N#Cc1ccc(NCC2CCN(CCC(=O)N3CCOCC3)C2)nc1;CCn1nc(C)c(NC(=O)N2CCN(c3ccccc3O)CC2)c1C;CNC(=O)C1CCCN(C(=O)NCCCc2nc3ccccc3[nH]2)C1;CCc1c[nH]c2ncnc(N3CCC(C(=O)N4CCOCC4)CC3)c12;Cc1noc(C)c1COC1CCN(c2cc(N3CCCC3)ncn2)C1;COCc1n[nH]c(C2CN(c3cc(CO)cc(C)n3)CC2C2CC2)n1;CCCCOc1ccc(NC(=O)N2CCC(n3ccnn3)CC2)cc1;CCc1cc(=O)[nH]c(-c2ccc(NCCNC(=O)C(C)(C)C)nc2)n1;Cc1nc(-c2cccc(C(=O)NCC(C)N3CCOCC3C)c2)n[nH]1;Cc1cccc(C(=O)NCC2CC(c3nnc(N(C)C)[nH]3)CC2O)c1;CC(Cn1cncn1)NC(=O)N1CCOC(CCc2ccccc2)C1;CC(=O)N1CCN(C(=O)NCCCn2c(C)nc3ccccc32)CC1;CCN(Cc1ccccc1)C(=O)CNC(=O)NC(C)Cn1ccnc1;CC(C)(C)OC(=O)N1CCCN(c2cc(-c3ccncc3)[nH]n2)CC1;Cn1nncc1CNC(=O)CC1(O)CCCN(Cc2ccccc2)C1;Cc1nc(C(NC(=O)CCNC(=O)C(C)(C)C)c2ccccc2)n[nH]1;Cc1nc(-c2cccc(C(=O)NCC3(N(C)C)CCOCC3)c2)n[nH]1;Cc1nc2n(n1)CC(NC(=O)Nc1cccc(OCC(C)C)c1)CC2;Cc1nc(-c2cccc(NC(=O)NCCC3CCN(C)CC3)c2)no1;CC(C)(C)C(=O)NCc1nc(-c2ccc(N3CCCCC3)nc2)no1;COCC1(CNC(=O)NC(C)c2ccc(-n3ccnn3)cc2)CCC1;Cc1cc(C)nc(-n2nc(C)c(CC(=O)N3CCOCC3C)c2C)n1;CCc1nc(CN2CCN(C(=O)c3ccc(C)c(OC)c3)CC2)n[nH]1;N#Cc1ccc(N2CCC(NC(=O)N3CCC(CO)CC3)CC2)nc1;CC1(C)CC(NC(=O)Nc2ccnn2Cc2ccccn2)C(C)(C)O1
m_db2018,CN(Cc1ccc(O)cc1)C(=O)Cc1c[nH]c2ncccc12;O=C(c1ccoc1)N1CCC(c2nc3ccccc3[nH]2)CC1;O=C(O)CCN(CC1CCCO1)C(=O)c1cccc(F)c1;Cc1ccc(C)c(-n2ncc(NC(=O)c3ccco3)c2C)c1;CN(CC(=O)O)C(=O)C1(c2ccc(F)cc2)CCOCC1;N#Cc1cccc(N2CCC(C(F)(F)F)C3(CCC3)C2)n1;COc1cccc(C(=O)N(CC(C)C(=O)O)C2CC2)c1F;O=C(COc1ccccc1F)NC1CCC(C(=O)O)CC1;O=C(O)C1CCN(C(=O)CCCOc2cccc(F)c2)C1;O=C(CCCn1cccc1)Nc1ccccc1-n1ccnn1;CCN(CC(=O)O)C1CC(NC(=O)c2cncc(F)c2)C1;C#CCC(C)(C)C(=O)NC(C)COc1ccc(F)cc1F;O=C(Nc1ccncc1)C1CCCN1C(=O)c1ccccc1;CNC(=O)NCc1cn(C(C)c2ccc(F)cc2F)nn1;Cn1nccc1C1CC2CCC(C1)N2S(=O)(=O)C1CC1;COc1ccc(C(=O)N2CCCC(C)C2C(=O)O)c(F)c1;c1ccc2oc(CN3CCN(c4cnccn4)CC3)nc2c1;COc1ccc(CC(=O)N2CCC(C(=O)O)CC2)cc1F;CCS(=O)(=O)CCNC(=O)c1ccc(C)c2c1CCC2;Cn1cc(OC2COCC2NC(=O)C(F)=C2CCC2)cn1;CN(C)c1cc(CNC(=O)c2n[nH]c3ccccc23)ccn1;COC(=O)CCNC(=O)CC1CCC(C(F)(F)F)CC1;N#Cc1cnccc1N1CCCC(c2noc(C3CC3)n2)C1;Cn1cc(N2CCC(NCc3cccc(C#N)c3)C2=O)cn1;O=C(NCc1ccncc1)C1CCN1C(=O)c1ccccc1
m_db2c0e,O=C(CCc1nc(-c2ccsc2)no1)Nc1ncccc1O;CCCS(=O)(=O)N1CCN=C1SCc1ccccc1F;Cc1occc1C(=O)Nc1nc(-c2c[nH]c(C(N)=O)c2)cs1;N#CCCN(CC1CC1)S(=O)(=O)c1cc(F)ccc1Cl;Cc1nc(-c2ccc(NC(=O)c3ccoc3C)cc2Cl)n[nH]1;COc1ccc(OCC(=O)Nc2sc(C)c(C)c2C#N)cc1;Cc1ncsc1C(=O)NCc1ccccc1OC(F)(F)F;O=c1cc(CSCc2cccc(C(F)(F)F)c2)[nH]c(=O)[nH]1;N#Cc1c(NC(=O)Cc2ccc(Cl)cc2)sc2c1CCC2;O=C(O)c1cc(OC2OC(CO)C(O)C(O)C2O)ccc1O;O=C(c1cc2c(F)cccc2[nH]1)N1CCC(O)(C(F)(F)F)C1;COc1cccc(C(=O)Nc2sc3c(c2C(N)=O)CCC3)c1;Cc1c(O)cc2oc(-c3ccc(O)c(O)c3)c(O)c(=O)c2c1O;CC1=CCN(S(=O)(=O)c2cccc(S(N)(=O)=O)c2)CC1;Cc1nc(C(NC(=O)c2ccc[nH]2)c2ccc(Cl)cc2)no1;O=C(CSc1ncccn1)NN=Cc1ccc2c(c1)OCO2;Cc1ccc(C(=O)N2CCn3c(nnc3C(F)(F)F)C2)s1;CCc1cc(C#N)c(NC(=O)COc2cccc(OC)c2)s1;OC(C1CCN(c2nc3ccccc3s2)CC1)C(F)(F)F;COc1ccc(-c2noc(CC(=O)NCC(F)(F)F)n2)cn1;O=S(=O)(Cc1ccccc1C(F)(F)F)Nc1ccncc1;Cc1ccc(C(=O)N2CCCC(S(N)(=O)=O)C2)c(Cl)c1;CC(C)Cc1csc2[nH]c(=S)n(-c3ccccc3)c(=O)c12;CC(C)(CNC(=O)c1ccc2ncsc2c1)c1ccsc1;Fc1ccccc1OCCSc1nnnn1-c1ccccc1
m_dbd1b2,CCn1cnnc1C1CN(C(=O)COc2ccccc2F)CCO1;O=C(NC1CCc2ncnn2C1)c1ccc(Oc2ccccc2)cc1;Cc1csc(C2CCCCN2C(=O)CCCc2nc(C)no2)n1;Cc1ccc(CNC(=O)CN2CCOC(Cn3cccn3)C2)s1;CCC(=O)N1CCCN(C(C)c2nc(-c3cccs3)no2)CC1;CC(Oc1cccc(F)c1)C(=O)N1CCOC(c2nncn2C)C1;O=S(=O)(c1ccccc1)N1CCC(CNCc2cc[nH]n2)CC1;O=C(CCOc1ccc(F)cc1)N1CCC(O)(Cn2ccnn2)C1;O=C(Cn1cn[nH]c1=O)N1Cc2ccccc2C(c2ccccc2)C1;c1ccc(Oc2ccc(-c3noc(C4CC45CCNC5)n3)cn2)cc1;CCc1ccc(S(=O)(=O)NC2(c3nnc[nH]3)CCC2)cc1CC;CCc1ccc(S(=O)(=O)N2CCCC(Cn3cncn3)C2)cc1;CN(C)c1cccc(S(=O)(=O)N2CCC(n3ccnc3)CC2)c1;CN(Cc1ccccn1)C(=O)Nc1ccnc(Oc2ccccc2)c1;Cc1ccc(S(=O)(=O)N2CCCC(Cn3cncn3)C2)c(C)c1;COc1cc(C(=O)N2CCCC(O)(Cn3ccnn3)C2)ccc1F;CN(c1ccccc1)c1ccccc1NC(=O)c1ccc(=O)n(C)n1;CCN(C)S(=O)(=O)NCc1nn(-c2ccccc2)c2c1CCC2;O=C(Nc1ccccc1)c1ccc(NCc2ccccc2CO)nn1;Cc1cccc(CN2CCN(S(=O)(=O)c3cn(C)cn3)CC2)c1;O=C(COc1ccc(-c2ccccc2)cc1)N1CC(n2nccn2)C1;CCOc1c(F)cccc1C(=O)N1CCC(O)(Cn2ccnn2)C1;CCN(C(=O)CC1CCC(C(F)(F)F)CC1)C1CC(=O)NC1=O;Cn1cnc(-c2ccc(C(=O)NC3CCOc4ccccc43)cc2)n1;Cc1noc(C)c1NC(=O)N1CCN(C(C)c2ccsc2)CC1
m_dbd5d0,O=C(O)C1CC2CCCCC2N1C(=O)c1ccc(-n2cncn2)cc1;CC(C)c1nnc(C2CN(C(=O)c3ccc4cc[nH]c4c3)CCO2)o1;O=C(NCC(=O)N1CC2CNCC2C1)c1cnc2ccccc2c1O;Cn1ccnc1C1OCCCC1CNc1ncccc1C(F)(F)F;Cc1ccc(NC(=O)C(C)N2CCN(S(N)(=O)=O)CC2)cc1C;CC(C)Sc1nc(=O)c2c([nH]1)-c1ccccc1CC2C1CCCC1;C=CCOc1ccccc1C(=O)N1CCC(c2cc(O)nc(N)n2)C1;CC(C)(CC(=O)O)CC(=O)NC1CCN(c2ccc(F)cc2F)C1;CN(c1cccnn1)C1CCN(C(=O)c2cccc(C(=O)O)c2)CC1;Cc1noc(C)c1CC(=O)NCC(O)c1ccc(-n2cccn2)cc1;COc1ccc(NC(=O)Cn2c(C)cc(-c3nnc(C)o3)c2C)cc1;O=C1CCc2cc(C(=O)Nc3cnn(CC4CCCO4)c3)ccc2N1;CC(=O)OC1C(O)C2OC3C=C(C)C(O)CC3(CO)C1(C)C21CO1;O=C(O)c1ccc(N2CCC(C(=O)NCc3cccnc3)CC2)nc1;Cc1cc(C)cc(NC(=O)CN2CCCN(S(N)(=O)=O)CC2)c1;O=C(NCC1CCCCC1(F)F)N1CCOc2cc(O)ccc2C1;Cc1ccc(CN2CC(C(=O)CNc3ccc(F)cc3)CC2=O)cc1;COc1cccc(NC(=O)Cc2c(C)nc3c(c2C)c(=O)[nH]n3C)c1;CCOc1ccc(NC(=O)N2CCN(c3cccnc3)C(=O)C2)cc1;Cc1ccc(CCNC(=O)Cn2c(C)nc3onc(C)c3c2=O)cc1;Cc1nccnc1N1CCN(C(=O)Cc2ccc(C(=O)O)cc2)CC1;COc1cc(C2c3c(C(C)(C)C)n[nH]c3OC(=N)C2C#N)ccc1O;COc1ccc(NC(=O)Cc2c(C)nc3c(c2C)c(=O)[nH]n3C)cc1;CC(C)n1cnnc1CC(=O)NCCc1ccc(C(F)(F)F)cc1;O=C(CN1Cc2c(cnn2-c2ccccc2)C1=O)N1CCC(CO)C1
m_dc5eb2,CC1CCC(C)(NC(=O)C(C)NC(=O)c2ccoc2)CC1;CCCC1(COC)CCCN1C(=O)c1ccc(=O)n(C)c1;CCOc1cc(N2CCCC2C(=O)N(CC)CC)ncn1;O=C(NCCn1cccn1)N1CCC(OCC2CC2)CC1;CC1OCCC1NC1CCCN(c2nccn(C)c2=O)C1;Cc1nccc(NC(=O)N2C3CCC2CC(CCF)C3)n1;O=C(N1CCCCC1)N1CCN(c2ncccc2F)CC1;COc1nc(C)nc(N2CCCC(CC(N)=O)CC2)c1C;CCCN(CC(N)=O)c1cncc(OCC2CCCC2)n1;COc1ccc(C(C)(C)C(=O)N2CCC(N)C2)cc1OC;CCOc1ccc(N2CCN(CCOC3CC3)CC2)nn1;CCNC(=O)c1ccc(NCC2CCOC2C(C)C)nn1;COc1nn(C)cc1NC(=O)N1CC2(CCC2)C1C(C)C;CCC1C(=O)NCCN1C(=O)c1cc(C(C)C)nn1CC;CCN1CCCC1CNC(=O)c1ccc(OC)c(OC)c1;CCCOC1CCCN(C(=O)Nc2ccnc(C)n2)CC1;CN1CCN(C2=Nc3ccccc3Nc3ccccc32)CC1;CC(C)N1C2CCC1CN(c1nc(C3CC3)ns1)CC2;CC(C)Cc1cc(C(=O)N(C)CC2CCCO2)cc(O)n1;CC1CN(C(=O)c2ccc(OCCO)cc2)C(C)CN1C;CNC1CCCN(C(=O)CCOc2ccccc2OC)C1;CCNc1cc(CNC(=O)N2CCC(CO)CC2)ccn1;Cn1cc(C2(C)CN(C(=O)C3CCCCN3)CCO2)cn1;CCCOC1CCCN(C(=O)c2ccn(C)c(=O)c2)CC1;CCCC1(C)CCCN(C(=O)c2c[nH]c(C(=O)OC)c2)C1
m_dc7be7,O=C(c1ccc(-n2cncn2)nc1)N1CC2(CCCC2)c2ccccc21;Cc1cc(NC(=O)C2CCCCC2C(F)(F)F)ccc1OCCO;COC1CC(CO)N(C(=O)c2ccc(C(C)(C)C(F)(F)F)cc2)C1;CSCCc1ccccc1NC(=O)C1Cn2c(C)nnc2CN1C;N#Cc1cccnc1N1CCCN(C(=O)c2c[nH]c3ccccc23)CC1;O=C(c1ccc2cc[nH]c2n1)N1CCC(c2c[nH]c3ncccc23)CC1;CSC1(CNC(=O)NC(C)c2ccc(-n3ccnn3)cc2)CCC1;Cc1c(C(=O)N2CCCC2c2ccsc2)nnn1C1CCNCC1;CC(C)CC1COCCN1C(=O)COc1ccc2ccc(=O)oc2c1;CCc1nnc2n1CCN(CC(=O)N1CCCC1c1cccs1)C2;CC(C)(C)CN(CCCO)c1ccc2nnc(-c3ccsc3)n2n1;Cc1n[nH]c(C)c1C1COCCN1Cc1nnnn1CC(F)(F)F;CCOC(CCNc1ccc2nnc(-c3ccsc3)n2n1)C(C)C;N#CC1CCC(CNC(=O)NC2CC(c3ccc(Cl)cc3)C2)CC1;CC1(C)C(CNC(=O)NCc2cccc(-c3cccnc3)c2)C1(F)F;Cc1n[nH]cc1CNC(=O)N1CCN(C(=O)c2cccc(F)c2)CC1;O=C(CCn1cccn1)NCc1ccc(-c2nc3ccccc3[nH]2)cc1;CCCCc1c(C)nc(-c2ccc(Cl)cc2)nc1N1CCOCC1;Cc1ccc2c(Nc3cccc(C)c3C)c(-c3nc(C)no3)cnc2n1;Cc1c(C(=O)N2CCCC2c2cccs2)nnn1C1CCNCC1;CC(C)c1cc(NCC(O)COc2cccc(F)c2)n2ncnc2n1;CSC1CCCCC1NC(=O)NCc1cccc(-n2cncn2)c1;CCOC1CCCN(C(=O)Cc2cc(=O)oc3cc(OC)ccc23)C1;CC(=O)N(C)c1ccc(Nc2cc(C)[nH]c3ccc4ncnc4c23)cc1;Cc1ncnc(N2CCN(C(=O)c3onc4c3CCCC4)CC2)c1F
m_dd5487,N#CCCCOc1cccc(CNCC2CCCn3ccnc32)c1;CCn1cc(CCN2CC(F)CC2C(=O)N2CCOCC2)cn1;Cc1nnc2n1CC(C(=O)N(C)CC1(c3ccccc3)CC1)CC2;O=C(NC1CCSCC1)C1CC(=O)N(C2CCCCCC2)C1;Cc1nnc2n1CC(C(=O)N1CC(C)CC1c1ccccc1)CC2;Cc1ccc(CCC2CCN(C(=O)c3ccc(O)nc3)CC2)cc1;CN(CC1CCCN(C)C1c1cncn1C)c1ccnc(C#N)c1;CN(CC1CCCN(C)C1c1cncn1C)c1ccc(C#N)nc1;Cc1ccccc1C1(C(=O)NCc2ccc(O)nc2)CCCCC1;CNc1ccc(C(=O)N2CCN(C(C)(C)C)c3ccccc32)cn1;Cc1nnc2n1CCN(C(=O)c1ccc(C3CCCCC3)cc1)C2;Cn1cc(Nc2cccc(C(=O)N(C3CCCC3)C3CC3)c2)cn1;O=C(NCc1nnc2n1CCCCC2)C1CCCc2ccccc21;CCCN(C(=O)c1cc(C)cc(O)n1)C1CCc2ccccc2C1;CC(C)Cc1ncc(CNC(=O)N2CCC(CN(C)C)C2)s1;CCc1cc(N2CC3CN(c4ncnc(C)c4C)CC3C2)ncn1;O=C(NC1CCc2[nH]ncc2C1)NC(c1ccccc1)C1CCC1;C=CCC1N(C(=O)c2cccc(-n3cncn3)c2)CCCC1(C)C;Cn1cc(CNc2ccc(C(=O)N3CC4CCCC4C3)cc2)cn1;Cc1cc(NC(=O)c2cccc(CN3CCN(C)CC3)c2)ccn1;Cc1cnc(NCc2ccc(C(=O)N3CCCCC3)cc2)nc1C;O=C(NCCc1ccnn1-c1ccccc1)C1NCC12CCCC2;CC1CN(C)c2ccccc2CN1C(=O)CCc1ccc(O)cc1;CCc1nc2ccccc2n1CC(O)COc1cc(C)ccc1C;Cc1ccc(C)c(CC(=O)N2CCN(c3ccnc(C)n3)CC2)c1
m_de93b1,Cc1ccc(S(C)(=O)=O)cc1S(=O)(=O)N(C)CC1(O)CCC1;CC(CO)C(C)NC(=O)C(C)(C)S(=O)(=O)c1ccc(Cl)cc1;Cn1nc(C2CC2)cc1S(=O)(=O)N1c2ccccc2CC1C(=O)O;CS(=O)(=O)CC1CN(c2ncnc3c2oc2ccccc23)CCO1;CSCCC(O)C(=O)NC1CCOC1c1ccc(Cl)c(F)c1;COc1ccccc1S(=O)(=O)Nc1ccc2c(c1)CN(C)C(=O)N2;COc1cc(S(=O)(=O)N(C)C2CCCCC2)c(OC)cc1Cl;O=C(O)C1CN(C(=O)c2ccc(-c3ccc(F)cc3)cc2F)CCO1;CS(=O)(=O)CC1CCC(NC(=O)c2ccc(F)cc2Cl)CC1;COC1CN(c2ncc(C(F)(F)F)cc2Cl)CC1c1c[nH]nn1;CC(C)S(=O)(=O)C(C)C(=O)N1CCCc2cc(Cl)cc(F)c21;O=C(Cn1cccn1)NCCNc1ncc(C(F)(F)F)cc1Cl;COC1CC(c2ncn[nH]2)N(c2ncc(C(F)(F)F)cc2Cl)C1;CC1=C(C(=O)O)N2C(=O)C(NC(=O)C(N)c3ccccc3)C2SC1;O=C(NC(Cc1ccccc1)c1ccccc1F)C1CCS1(=O)=O;Cc1noc(C(C)NC(=O)Cn2nnc(-c3ccc(Cl)cc3)n2)n1;Cc1ncc2c(n1)CCC(NS(=O)(=O)c1cccc(C(=O)O)c1)C2;CC(CS(C)(=O)=O)N(C)c1nc(C(F)(F)F)nc2ccccc12;CN(C)CC1CCN(S(=O)(=O)c2ccc(S(N)(=O)=O)cc2)C1;O=C(O)c1ccccc1CCNS(=O)(=O)c1ccc2c(c1)CCO2;CCc1n[nH]c(=O)c(-c2nc(-c3cc(F)ccc3F)cs2)c1CC;OC1(Cn2ccnn2)CCN(c2ncc(C(F)(F)F)cc2Cl)C1;O=c1[nH]c(=O)c2cc(S(=O)(=O)N3CC4C5CCC(C5)C43)ccc2[nH]1;Cc1nnc(CNc2cnn(-c3ccccc3Cl)c2C(C)C)s1;CC(Cc1ccco1)NS(=O)(=O)Cc1ccc(C(F)(F)F)cc1
m_ded5eb,CN(C(=O)c1ccc(NCc2ccon2)cc1)C1CCOCC1;CCC(C)C(NC(=O)Cc1cc(-c2ccccc2)on1)C(N)=O;COC(=O)c1cccc(CNC(=O)c2cc(C(C)C)n(C)n2)c1;Cc1ccc(NC(=O)C(N)C2CCOCC2)cc1-c1ncco1;CC1CCCC(OCC(=O)Nc2cccc(-c3nnco3)c2)C1;O=C(COc1nnc(-c2ccccc2)o1)NC1CCCCCC1;Cc1cnc(-c2cccc(NC(=O)C3(CN)CCCOC3)c2)o1;CC(CS(=O)(=O)N1CCCC(N2CCNC2=O)C1)C1CC1;CCOC1CC(c2nc(-c3cccc(C(=O)N(C)C)c3)no2)C1;COc1cccc(C2CN(c3nc(C)cc(OC)n3)CCO2)c1;COc1cccc(-c2cc(NC(=O)C3OCCC3C)n(C)n2)c1;COc1cc2c(cc1OC)CCN(C(=O)c1cnn(C)c1)CC2;CCC(CC)C(=O)Oc1ccc(NC(=O)c2cnn(C)c2)cc1;CC(c1noc(C2CCN(C(=O)c3ccoc3)CC2)n1)C1CC1;CCOc1cc(N2CC(O)CC2c2cccc(OC)c2)ncn1;O=C(O)c1ccccc1OCCN1CCCC(c2ccn[nH]2)C1;COc1cccc(-c2nc(C(=O)N3CCC(CO)C3)c(C)[nH]2)c1;COc1cc(C(=O)N2CCN(c3cccc(C)c3C)CC2)on1;O=C(NCC1CCN(C2CC2)CC1)c1c[nH]c(C(F)(F)F)c1;COc1ccc(CCNC(=O)Cn2cc3c(n2)CCOC3)cc1;COC(=O)C1CCc2nnc(COc3ccc(C)cc3)n2CC1;O=C(NCc1cccc(CO)c1)C1CCCOC1c1ncc[nH]1;COCC1(C(=O)Nc2ccc(OC)c3ncccc23)CCNC1;COc1ccccc1N1CCC(C)N(C(=O)c2ccon2)CC1;Cc1nnc(COc2ccc(NC(=O)C3CCCCC3)cc2)o1
m_e138be,CC(O)CN1CCN(c2cccc(F)c2C#N)CC1C;Cn1cc(C(=O)N2CC(C)(C)OC3(CCCC3)C2)cn1;Cc1nn(C)c(=O)c(C(=O)N2CCCCCCC2)c1C;COCCN(C(=O)Nc1cccnc1)C1CCCC1C;Cc1n[nH]c(C)c1CC(=O)N1CCOCC1C1CCC1;CCc1cc(CNC(=O)C2CC3CCCCC3N2)on1;Cc1cc(C(C)C)nc(N2CCC(CC(=O)O)CC2)n1;CCc1ccc(C(=O)NC(C)(CC(=O)O)C(C)C)cc1;Cc1noc(C2CN(C(=O)CCC3CCCCC3)C2)n1;COC1(CNC(=O)C2CCc3nccn3C2)CCCC1;CC1CC(C(=O)Nc2ccn(C)c(=O)n2)CC(C)(C)C1;CCCCCC=CCCCN(C)CCS(=O)(=O)O;COCCN1CCN(c2cccc(F)c2C#N)CC1C;Cc1ccc(C)c(OC2CCN(CCC(=O)O)CC2)c1;Cc1cc(O)cc(C(=O)NC2CCCCCC2CO)c1;CCn1ccnc1C1CCCCN1C(=O)C1CCOC1;CCCOc1nccnc1N1CC2CCC(O)CC2C1;CC(C)(C)c1cc(N2CCCCC2CC(=O)O)ncn1;COCCN1CCN(Cc2ccc(F)cc2C#N)CC1;CCS(=O)(=O)CC(C)NCC1CCOC1C(C)C;CC(C)C(O)C1(CNC(=O)NCc2cccnc2)CC1;COC1CC(CN(C)C(=O)c2cncc(C)c2)N(C)C1;O=C(O)CCN1CCC(OCCCc2ccccc2)C1;Cc1cncc(C(=O)N2CCN(CC(C)O)CC2C)c1;COc1cccc(C(=O)N2CCCOC(C(C)C)C2)c1
m_e17598,CCCNC(=O)c1cccc(CNC2CCCc3oc(C)nc32)c1;c1cc(OC2CCCCC2)ccc1OCc1nnc2n1CCCC2;COc1ccc(CC(C)N(C)C(=O)c2ccnc(N(C)C)c2)cc1;COCc1ccc(CNc2cccnc2N2CCC(O)CC2)cc1;COc1ccccc1CCC(=O)N1CCCC1Cn1ccnc1C;COc1cc2c(cc1CNCc1ccnc(N(C)C)c1)OC(C)C2;Cc1nnc(C2CCCN(Cc3ccccc3OC3CC3)C2C)o1;OC1CC(Cn2cccn2)CC1NCc1cccc2c1COCC2;Cc1ccc(OC(C)CNC(=O)N(C)C(C)c2ccncc2)cc1;OC1CC(Cn2ccnc2)CC1NCc1cccc2c1COCC2;COC1CC(c2ncc[nH]2)N(C(=O)CCc2cc(C)cc(C)c2)C1;COC1CC(c2ncc[nH]2)N(C(=O)CCc2ccc(C)cc2C)C1;COc1cc(CC(=O)N2CCC(c3cc(C)n[nH]3)CC2)ccc1C;Cn1ccnc1C1OCCC1NCc1cccc2c1OC(C)(C)C2;COc1cccc(CN2CCN(Cc3cccnc3)CC2)c1OC;O=C(NCC1(CN2CCOCC2)CCCCC1)C1CSCN1;COc1ccc(C2(C(=O)NCc3ccnn3C)CCCCC2)cc1;Cc1nc(C(=O)N2CCN(Cc3ccc(C)c(C)c3)CC2)c(C)o1;CCc1nc(C2CCCN(CCc3ccc4c(c3)CCO4)C2)no1;Cc1cc(C)n(Cc2cccc(C(=O)N3CCOCC3(C)C)c2)n1;Cn1cc(C2OCCCC2NC(=O)CCCc2ccccc2)cn1;CCc1nn(C)cc1C(=O)N1CCCC1(CO)Cc1ccccc1;COC1(c2nccn2C)CCN(C(=O)C(C)c2ccccc2)CC1;CC(C)(C)OCc1cccc(CNC(=O)NCc2ccncc2)c1;COc1ccccc1CC(C)CC(=O)NC1CCc2nccn2C1
m_e1bfd4,CCn1nncc1C(=O)N1CCc2ccc(O)cc2C1;CC(O)CNS(=O)(=O)c1ccc(C(C)(C)C)nc1;O=C(NCc1c[nH]nn1)c1cccnc1N1CCCC1;CC(=O)NC1CCN(C(=O)c2ccc3[nH]cnc3c2)C1;O=C(Nc1cc(C2CCCC2)[nH]n1)c1ccc(O)nc1;N#CCc1ccc(C(=O)NC(CC(=O)O)C2CC2)cc1;O=C(c1ccc[nH]1)N1CCOC(c2cccc(O)c2)C1;Cn1cnnc1CN1Cc2ccccc2C(C(=O)O)C1;CC(=O)NC1CCN(C(=O)c2ccc3nc[nH]c3c2)C1;NCC1CCCN1C(=O)c1ccc(-c2ncon2)cc1;CC(=O)OCCCCCC=C(C(=O)O)C(C)C(=O)O;CC(C(=O)N1CCCc2cccc(O)c21)n1cncn1;c1ccc2c3ccn4cc5c(cc4c-3nc2c1)CCCC5;O=C(c1cccnc1)N1CCOC(Cn2cccn2)C1;c1ccc2c(c1)[n-]c1c2cc[n+]2cc3c(cc12)CCCC3;COc1ccc(C2CCN(C(=O)c3cn[nH]n3)C2)cc1;COC1CCN(C(=O)c2cccc(-n3ccnn3)c2)C1;COc1ccc(C2CCN(C(=O)c3c[nH]nn3)C2)cc1;Cc1cc(C)cc(NC(=O)C(=O)Nc2ccn(C)n2)c1;CCc1noc(CNc2cccc3c2CCNC3=O)n1;CC(NC(=O)Nc1nccn(C)c1=O)c1ccccc1;CCc1noc(CNc2ccc3c(c2)CCNC3=O)n1;Cc1cc(NC(=O)C2CCCO2)n(-c2ccccn2)n1;O=C(O)C1CCCN(C(=O)c2ccc3[nH]ccc3c2)C1;COc1cccc(C(=O)NC2CCc3ncnn3C2)c1
m_e1d7ad,Cc1cc(N2CCOC(CCF)C2)nc(C2CCC2)n1;O=C(O)CCC1CCCN(C(=O)CC2=CCCCC2)C1;CCn1nncc1C(=O)N1CCOC2CCN(C)CC21;CC(C)(C)c1ccc(CCCNC(CO)C(=O)O)cc1;CCCCCCCCCCN(C)CCS(=O)(=O)O;O=C1CC2CCC(CN1)N2C(=O)C1CCCCC(=O)N1;COCCN1C(=O)NC2CN(Cc3cc[nH]n3)CCC21;CCCc1occc1C(=O)N1CCC(O)CC(C)(C)C1;Cc1nn(C)c(C)c1CCC(=O)N(CC(=O)O)C1CC1;Cc1ccc2c(c1)c1c3n2CCN(CCC#N)C3CCC1;CCCN(CC(=O)O)C(=O)c1c(C2CCC2)cnn1C;CCCCCCCCCNc1cc(C(=O)O)ccc1O;CC(C)CN1CCN(C(=O)c2cnn(C)n2)C(C)C1=O;Cc1cc(C)cc(OCC(O)CN2CCCC(O)C2)c1;CCc1noc(C)c1NC(=O)CC(C)C1CCNCC1;CCCCCCCCCCCNCCS(=O)(=O)O;COc1cc(C)nc(NC2CC(O)C23CCOCC3)n1;Cn1nncc1C(=O)NC1CCCC1N1CCC(O)C1;CCCOC1CCCN(C(=O)c2n[nH]c(C)c2C)CC1;Cn1cc(CCC(=O)NC2CCC(C(=O)O)CC2)cn1;CCn1nccc1C(=O)NCC1CCOC1C(C)(C)C;COC(C)(C)C(=O)N1CCCC1c1c(C)nn(C)c1C;Cc1cc(C(=O)NCC2CCOC2C(C)(C)C)n(C)n1;CC(C)(C)C1CCN(C(=O)Nc2ccncc2F)CC1;CNC(=O)CN1CCC(NC(=O)c2cn(C)cn2)CC1
m_e1f9f4,CN1CCC(NC(=O)c2cc(F)cc(Cl)c2O)C1=O;NC1CCN(C(=O)CCc2cccc(Cl)c2Cl)C1;NC1CCN(C(=O)CCc2ccc(Cl)cc2Cl)C1;Cc1cnc(CNC(=O)c2cc(F)c(F)cc2Cl)o1;CCc1ccc(S(=O)(=O)N2CCOCC2C#N)s1;NCC1CCN(C(=O)c2cccc(Cl)c2Cl)CC1;Cc1ccc(NC(=O)c2ccc3nncn3c2)cc1Cl;O=C1CCC(C(=O)NCCc2ccc(Cl)s2)CN1;COc1ccc(C2COc3cc(O)ccc3C2=O)c(O)c1;CC(=O)Nc1c(-c2ccc(Cl)cc2)nc2ncccn12;O=c1cc(-c2ccc(O)c(O)c2)oc2cc(O)cc(O)c12;Fc1ccccc1-c1nnc(SCc2cccnc2)[nH]1;C=CCN(CC(=O)O)S(=O)(=O)c1ccc(OC)nc1;Cn1c(=O)[nH]c(=O)c2nc(C=Cc3ccco3)c(O)nc21;O=C(OC1OCC(O)C(O)C1O)c1ccc(O)c(O)c1;CNCC1CCN(C(=O)c2c(Cl)cccc2Cl)C1;O=C(c1ccco1)N1CCn2c(nnc2C(F)(F)F)C1;O=C1CCCC(C(=O)Nc2cc(Cl)cc(Cl)c2)N1;O=C1CCCC(C(=O)Nc2ccc(Cl)c(Cl)c2)N1;[O-]c1cc2c(O)cc(O)cc2[o+]c1-c1ccc(O)c(O)c1;CCNC(=O)C1CCN(Cc2ccc(Cl)s2)CC1;Cn1cc(C(=O)N2CCSc3ccccc32)ccc1=O;[N-]=[N+]=NC1(CO)OC(n2ccc(N)nc2=O)C(F)C1O;O=C1CC(C(=O)Nc2cccc(C(F)(F)F)c2)CCN1;CC1CN(c2cc(C#N)ncn2)CC(c2ccsc2)O1
m_e2993b,O=C(NCCN1CCOCC1)NCc1cccs1;COc1cc(CNC(C)(C)C(=O)O)cc(OC)c1O;CCC(C)(CC(=O)O)NC(=O)CCc1ccsc1;COc1cc(CNCCCC(=O)O)cc(OC)c1O;CCC1COCCN1C(=O)c1csc(CCN)n1;COCC1CCCN1Cc1ccc(C(=O)OC)s1;COC(=O)c1ccc(CNC2CCCCC2O)s1;CC1CCCN(c2ncccc2S(N)(=O)=O)CC1;COC(=O)C1(CNCc2csnn2)CCCCC1;O=C(O)CC1COCCN1C(=O)CCC(F)(F)F;CC(C)(O)C(=O)N1CCC(c2c(F)cccc2F)C1;Cc1n[nH]c(C)c1CNC(=O)c1cc(C(F)F)[nH]n1;Cc1cccc(C(=O)Nc2cccc(CC(=O)O)c2)c1;O=C(O)C(Cc1ccccc1)NCC(O)C(O)CO;O=C(CCc1nccs1)N1CCN(CCO)CC1;O=C(O)c1sccc1CN1CCCCCC1CO;Cc1ncc(C(=O)NCCN2CCOCC2C)s1;CC1(C)CN(C(=O)c2csc(CCN)n2)CCO1;CCc1cnc(N2CCN(CCC(=O)O)CC2)s1;O=CC(NCc1ccccc1)C(O)C(O)C(O)CO;COc1cc(S(=O)(=O)N2CCCC2)c(C)cc1C;CCc1nnsc1C(=O)N1CC(C)OC(C)(C)C1;CCC(C(=O)O)N(C)CC(O)c1ccc(O)c(O)c1;COCCS(=O)(=O)NC(c1ccccc1)C1CC1;Cn1cc(C2OCCC2Nc2cc(C#N)ccn2)cn1
m_e3b936,O=C(c1ccc2[nH]c(=O)[nH]c2c1)N1CCNC(c2ccccc2Cl)C1;O=C(Nc1nc2ccccn2n1)NC1CCN(c2cccc(Cl)c2)C1;C=CCNC(=O)c1ccccc1NS(=O)(=O)c1c[nH]c2ncccc12;CCc1nnc(CNc2ccccc2C(=O)Nc2ccc(Cl)cc2)o1;Cc1cc(-c2cc(C(=O)N3CCC(N)C3)c3c(C)noc3n2)c(C)s1;Cc1nc2cc(NC(=O)CNC(=O)NCc3ccc(F)cc3)ccc2o1;O=C(c1cccc(S(=O)(=O)NC2CC2)c1)N1CCc2ccccc2C1;COc1cc(C(=O)Nc2ccc3c(c2)oc(=O)n3C)cc2c1OCCO2;Cc1nnc(C23CCCC2CN(C(=O)c2ccc(Cl)c(C#N)c2)C3)o1;CCc1ccc(CCOc2ccc(Cc3sc(=O)[nH]c3O)cc2)nc1;CCn1ncc(NC(=O)NCc2cccc(C(=O)O)c2)c1C(F)(F)F;O=C(c1ccc(S(=O)(=O)N2CCCC2)cc1)N1CCc2ccccc21;COc1cccc(C(C(=O)O)N2CCn3c(nnc3C(F)(F)F)C2)c1;NC1(c2noc(-c3csc(-c4ccc5c(c4)OCO5)n3)n2)CCCC1;CNC(=O)c1ccc(CN(C)C(=O)c2cc3cc(Cl)ccc3o2)cc1;Cc1cc(F)cnc1C(=O)N1CCN(c2nsc3ccccc23)CC1;CC(=O)Nc1cc(NC(=O)c2cnn(-c3ccccc3F)c2)ccc1F;FC(F)(F)c1nc(Oc2ccc(-n3cccn3)cc2)c2ccccc2n1;CCc1c(C(=O)NN=Cc2cn[nH]c2-c2ccc(F)cc2)csc1C;Cc1cc2ncc(C(=O)N3CCC(C(=O)O)(C(F)(F)F)C3)c(C)n2n1;COc1cnccc1-c1noc(C2CCN(c3ccccc3Cl)C2)n1;Cc1cc(Cl)cc2c1CN(C(=O)c1cc(-c3cnn(C)c3)no1)CC2;CC(C)NC(=O)CNC(=O)Cn1c(SC(F)F)nc2ccccc21;COc1cccc(Cl)c1C(=O)N1CCOC(CN(C)CC(=O)O)C1;CCc1ccc(CCOc2ccc(CC3SC(=O)N=C3O)cc2)nc1
m_e44302,O=C(c1cccc(Cl)c1)N1CC(S(=O)(=O)NCc2cccnc2)C1;Cc1noc(C2CC(O)CN2S(=O)(=O)c2ccc3[nH]c(=O)[nH]c3c2)n1;O=S(=O)(NCC1CCc2nc(C(F)(F)F)cn2C1)c1cccs1;O=C(O)C1CCCN(C(=O)c2ccc(S(=O)(=O)C(F)(F)F)cc2)C1;CCn1c(SCC(O)=Nc2ccc(F)cc2F)nc2c(O)ncnc21;CC(C)C(=O)Nc1cccc(C(=O)OCc2ccc(Cl)c(Cl)c2)c1;CC1=NN=C(c2cc3c(F)cccc3s2)c2cc3oc(=O)[nH]c3cc2C1;COc1cncc(S(=O)(=O)Nc2ccn(-c3ncccc3Cl)n2)c1;Cc1cnc(C(C)CNC(=O)CN2CCOc3ccc(Cl)cc32)s1;O=C(Nc1ccc(Cl)cc1Cl)C1CCCCN1C(=O)c1cc[nH]c1;Cc1oc(CN(C)C(=O)c2cc(Cl)c3c(c2)OCCO3)cc1C(=O)O;O=C(COc1ccc(Cl)cc1Cl)N1CCN(c2ccccn2)CC1;O=C(CSc1nc2cc(Cl)ccc2o1)NC1CCN(C2CC2)CC1;COCC1(C(=O)O)CCCN1S(=O)(=O)Cc1c(F)cccc1Cl;Cc1cc(C)c(S(=O)(=O)NCC2(O)CCCc3sccc32)cc1C;CC(Oc1ccc(Cl)cc1Cl)C(=O)NC1CCS(=O)(=O)CC1;Cn1nnc2c(C(=O)NCCc3ccc(OC(F)(F)F)cc3)ccnc21;COc1ccc(C(=O)N2CCCCC2c2ncon2)cc1Br;CCn1cc(C(=O)NC(C(=O)O)c2ccccc2Br)c(C)n1;CC1CC(C)CC(c2noc(Cn3cc(Br)ccc3=O)n2)C1;CCc1ccc(Cl)c(CC)c1NC(=O)c1cccc(S(C)(=O)=O)c1;COc1cc(S(=O)(=O)N(C)c2cccc(C)c2)cc(C(=O)O)c1OC;O=C(NC1CCCc2sc(Cl)cc21)N1CCCC(n2cncn2)C1;CCNC(=O)CN(CC)C(=O)c1ccsc1NC(=O)c1cccs1;CC(CC(=O)O)C1CCCN(S(=O)(=O)c2ccc(F)c(F)c2F)C1
m_e4865d,O=C(NCC1CCCCCC1)NC1COCC1O;CC1CN(C(=O)CN2CCOCC2=O)CCCO1;CCOCC1CCCN(C(=O)C2CNCCO2)C1;COC1(C)CC(NC(=O)C2CNCCO2)C1(C)C;O=C(NCc1cc(F)cc(F)c1)C1CC(O)CN1;CC1C(=O)NCCN1C(=O)CC(C)(C)CC(=O)O;Cc1ccnc(N2CC3CCN(C)CC3C2)c1C#N;CC(=O)NC(CCCCNC1CCCC1)C(=O)O;NC(=O)C1(NC(=O)c2ccc3c(c2)CCC=C3)CC1;Cc1ccc(CCNC(=O)c2nccnc2N)cc1;CC(C)C(N)C(=O)N1CCN(C(=O)N(C)C)CC1;N=C(NCCCCC(N)C(=O)O)NC1CCCC1;C=CC(C)(C)CC(=O)Nc1c(C)[nH]c2ccccc12;C=CC(C)(C=Cc1ccc(O)cc1)CCC=C(C)C;COC1CC(CO)N(C(=O)C2CN(C(C)=O)C2)C1;N=C(NCCCC(N)C(=O)O)NC1CCCCC1;NC(=O)CCC(NCc1ccc(CO)o1)C(=O)O;CCCCC=CC(=O)NC(CCC(N)=O)C(=O)O;Cc1ccccc1CN1CCCCC1c1nc[nH]n1;c1cnn(C2(CNc3ccc4nnnn4n3)CC2)c1;CC(C)C(NC(=O)CNC1CCCCC1)C(=O)O;CC(C)=CCCC(C)CNC(CC(N)=O)C(=O)O;COC1CCN(C(=O)c2ccnc3ccccc23)C1;COc1ccc(C)cc1CCNCc1ccncc1;CC1(O)CCN(C(=O)c2ccnc3ccccc23)C1
m_e5050e,O=C(Cc1ccc2c(c1)OCCO2)N1CCC(CN2CCOC2=O)C1;CC(C)n1nnnc1-c1ccc(NC(=O)CN2CCCC2=O)cc1F;Cc1n[nH]c(C)c1CC(=O)N1CCN(c2cccc(Cl)c2C)CC1;CC(C)Oc1ccc(CNC(=O)C2COCCN2)c(C(F)(F)F)c1;Cc1nn(Cc2ccc(Cl)cc2)c(C)c1C(=O)N1CCCNCC1;CC1COC(c2cccc(Cl)c2)CN1Cc1nnc2n1CCCC2;Cc1cn(-c2ccccc2Cl)nc1C(=O)N1CCNC(C(C)C)C1;COC(=O)CCN(C)C(=O)c1ccc(OCc2c(C)noc2C)cc1;Cn1ncc2c(N3CCCC(C(=O)N4CCSCC4)C3)ncnc21;Cc1cc(C(=O)N2CCC(Cc3ccc(F)c(F)c3)CC2)cc(O)n1;O=C(Nc1cn[nH]c1)C1CCN(c2nc(C3CCCCC3)ns2)C1;Cc1n[nH]c(C)c1CC(=O)N1CCCN(c2ccccc2Cl)CC1;Clc1cnc2nc(NC3CCN(CC4CCOC4)CC3)ccc2c1;CCc1ccccc1N1CC(C(=O)N2CCOCC2C(=O)O)CC1=O;CC1(c2cccc(Cl)c2)CCN(C(=O)NCCc2cn[nH]c2)CC1;CCn1cnnc1C1CCCN(C(=O)CCc2cccc(Cl)c2)C1;CC(=O)N1CCCN(CCOc2ccc(OC(F)(F)F)cc2)CC1;CN(C)c1cc(CN2CCCc3ccc(S(N)(=O)=O)cc32)ccn1;Cc1noc(C2CC(=O)N(C3CN(c4nc(C)nc(C)c4F)C3)C2)n1;CC1(c2ccc(Cl)cc2)CCN(C(=O)NCCc2cn[nH]c2)CC1;Cc1cnc(N(C)C2CCCN(C(=O)c3c(F)cccc3F)C2)nc1;CC1CC(NC(=O)N2CCC(Nc3ccc4nccn4n3)C2)CS1;CCOC(=O)c1csc(C2CCN(C(C)c3cnccn3)CC2)n1;CCc1nsc(N2CCCN(Cc3ccc(C(=O)O)cc3)CC2)n1;Cc1csc(N2CCC(C(=O)NCCNc3ncccn3)CC2)n1
m_e58af8,COc1ccc(F)cc1CNC(=O)N1CCCC(C(F)(F)F)C1;Nc1nccnc1C(=O)NC1(c2ccc(F)cc2F)CCOCC1;Cn1cnc(C(=O)N2CCN(C(=O)c3ccc(F)c(F)c3)CC2)c1;C=C1CC(C)(C(=O)Nc2ccc(C)c(N3CCCS3(=O)=O)c2)C1;O=C(O)c1cnc(C2CCN(C(=O)CC3=CCCCC3)CC2)s1;Cc1c(F)cc(C(=O)NCC(F)(F)F)cc1NC(=O)C(C)(C)C;CCc1nc(C(=O)NC2CCC(C(F)(F)F)N(C(C)=O)C2)no1;Cn1ccnc1CNC(=O)NC1CCN(c2ncccc2Cl)C1;Cc1cc(C)n(-c2ccc(NC(=O)N3CCSCC3)cc2F)n1;Cc1ccc(Oc2ccccc2NC(=O)c2ccn(C)c(=O)c2)cc1;O=C(O)C1CCCCN1C(=O)c1cc(N2CCCC2=O)ccc1F;Cn1ncc(N2CCC(c3nncn3C3CC3)CC2)c(Cl)c1=O;CCCC1(CO)CCN(C(=O)c2coc(-c3csc(C)n3)c2)C1;CC1(C)CN(C(=O)c2ccc(N3CCCC3=O)cc2)CC[S+]1[O-];O=C1CCCC(CNC(=O)c2ccn(-c3cc(F)cc(F)c3)n2)N1;CCN(CC(=O)O)C1CC(NC(=O)C2CSc3ccccc32)C1;NC(=O)c1cncc(N2CCC(Oc3ccc(F)cc3F)CC2)n1;CCOc1ccc(S(=O)(=O)N2CCN(C)CC2)c2ccccc12;CCOc1ccc(C(C)(C)C)cc1S(=O)(=O)Nc1ccncc1;CC(C)c1oc2cc(O)ccc2c(=O)c1-c1nc2ccccc2n1C;CC1CN(C(=O)c2ccc3c(c2)CCC(=O)N3C)CC[S+]([O-])C1;O=C(NCc1ccc(C(F)(F)F)cc1)NC1CCc2ccccc21;Cc1cncc(NC2CCN(c3ccccc3OC(F)F)C2=O)n1;Cc1cc2[nH]c(=O)cc(C)c2c(C)c1S(=O)(=O)N1CCCCC1;CCc1ccc(C(=O)Nc2cccc(NC(=O)c3ccco3)c2)cc1
m_e5b5fa,CC1(C)Cc2[nH]ncc2CN(CCOCC(F)F)C1;CCN(Cc1ccc(C(=O)O)cc1)Cc1cnn(C)c1;Cc1ccccc1C(C(=O)O)N(C)Cc1cnn(C)c1;Cn1cncc1CN1CCC(c2nc(C3CC3)no2)C1;Cc1cnn(CC(=O)Nc2ccnn2C2CCCC2)c1;CCn1cc(C(C)NC(=O)c2cc3n(n2)CCC3)cn1;O=C(C1CCC(Nc2ccccn2)C1)N1CCCCC1;Cc1ncc(C(=O)NC(C)c2cn[nH]c2)c(C(C)C)n1;Cc1n[nH]cc1CNCc1cccc2c1OCCCO2;Cc1cnc(C(=O)Nc2cc(C(C)(C)C)nn2C)cn1;COC(=O)c1cc(NCc2cn(C)nc2C)ccc1C;Cc1n[nH]c(C)c1CNC(=O)CCOc1ccccc1;CN(C(=O)C1CCCN(CC2CC2)C1)c1ccccn1;Cc1c(CNC(=O)c2cncnc2C(C)C)cnn1C;CC(C)c1nnc(CNC(=O)Nc2ccccc2)n1C;Cc1nc(C(C)C)oc1CN1CCCC1c1ccc[nH]1;COc1cc(C)nc(CN2CCCC2c2ncn[nH]2)c1;CC(C)c1nn(C)cc1CNc1ccc(C(=O)O)cc1;Cc1cc(NC(=O)C2OC(C)CC2C)cc2[nH]ncc12;CCc1cc(N2CCOC(c3ccco3)C2)nc(C)n1;CCN(C(=O)c1ccc2nnnn2c1)C1CCCCC1;CCc1c(NC(=O)CCc2cccc(O)c2)cnn1C;CCOc1cc(N2CCCC(c3ncc[nH]3)C2)ncn1;Cc1cnc(C(=O)NC2CCC3(CC2)CC3N)cc1C;Cc1cncc(CN2CCC(O)(Cn3ccnn3)C2)c1
m_e6b2c8,Fc1ccc(CN2CCCN(Cc3nnnn3C3CC3)CC2)cc1;CC(c1nnnn1C1CC1)N1CCN(Cc2cccc(F)c2)CC1;CCN(C(=O)COc1ccc2c(c1)NC(=O)CC2)C1CCCCC1;Cc1ccc(CCN(CC2CCCO2)C(=O)C2CCC(=O)N2)cc1;CCC1CCCCC1NC(=O)NC1CCC(S(C)(=O)=O)CC1;O=C1CCCN1Cc1ccc(C(=O)N2CCCCC(CO)C2)cc1;CCOc1ccc(N2CC(C(=O)NC3CCCCC3)CC2=O)cc1;O=C(NCC1(O)CCCCC1)c1cccc(CN2CCCC2=O)c1;COC(=O)c1ccc(CNC2CCN(C3CCCCC3)C2=O)cc1;COc1ccccc1CCNC(=O)C1CC(=O)N(C2CCCC2)C1;CC1CCCCC1CNC(=O)NC1CCCC(S(C)(=O)=O)C1;C=CCOc1ccccc1C(=O)N1CCC(N2CCOCC2)CC1;CCC1(CC)CCC(NC(=O)N2CCC(S(C)(=O)=O)C2)CC1;COc1cccc(CCCNC(=O)N2CC3C4CCC(O4)C3C2)c1;CC1(C(=O)NC2CCN(C(=O)CCc3ccccc3)CC2)COC1;CC1CCC(NC(=O)NC2CCC(S(C)(=O)=O)CC2)CC1C;C#CCNC(=O)CN(Cc1cccc(OC)c1)C1CCC(O)CC1;CC(O)CC1COCCN1C(=O)NC1C2CCc3ccccc3C21;CC(=O)N1CCCC(O)(C(=O)N2CCc3c(C)cc(C)cc3C2)C1;CCc1ccc2occ(C(=O)N3CCCC(O)(CN(C)C)C3)c2c1;CCOC1CC1C(=O)N1CCC(NC(=O)c2ccccc2C)CC1;Cc1ccc(CC(=O)N2CCN(C(=O)C3CCCCO3)CC2)cc1;COc1ccccc1CC1CCCN1C(=O)C1CCN(C)C(=O)C1;COCC1(S(=O)(=O)NCC2CCCN2C2CCCCC2)CC1;CC1(C)C2OCCCC2C1(N)C(=O)NC1c2ccccc2CC1O
m_e6bed4,CC(C)(C)CS(=O)(=O)NC1CC(=O)N(C(C)(C)C)C1;COCc1ccc(CNC(=O)C2CC3OCCC3N2)cc1;O=C(CCc1ccc(=O)[nH]c1)NCC12CCCC1OCC2;CCOc1cc(C)ccc1NC(=O)C1CCN(C)C(=O)C1;CC(C)OCc1ccc(C(=O)N2CCNC(=O)CC2)cc1;Cc1onc(C2CC2)c1C(=O)N1CCOC(C2CCC2)C1;O=C(CCc1ccc(=O)[nH]c1)N1CCC(O)C12CCCC2;Cc1nc(C)c(F)c(N2CCC(c3cc(N)[nH]n3)CC2)n1;COC(=O)C(C)(C)CNC(=O)NC1Cc2ccccc2C1;COc1ccccc1N1CCN(CC2CC2C(=O)O)CC1;Cc1cc(C(=O)NC(CC2CCCCC2)C(=O)O)ccn1;CC1CN(C(=O)C2CNCCO2)CC(c2ccccc2)O1;Cc1cc(C)cc(OCCNC(=O)C2CC(=O)N(C)C2)c1;C=C(C)CC(C)C(=O)NC(CC(=O)OC)c1ccncc1;CC1(C(=O)NCC23CNCC2(C(F)(F)F)C3)CCCC1;O=C(CCc1ccncc1)NC1CC(O)C12CCOCC2;CC1C(N(C)C)CCN1C(=O)Cc1cccc(C(=O)O)c1;O=C(NCc1ccccc1CO)C12CCOCC1CNC2;COc1cc(C)cc(CNC(=O)C2CC(C)CC(=O)N2)c1;CCN(C)C(C(=O)N1CCC(C(=O)O)C1)c1ccccc1;COc1ccc(OCC(=O)N2CCN3CCCC3C2)cc1;CCc1ccnc(C(=O)N2CCOC3(CCCOC3)C2)c1;CCC(C)(C)C(=O)N1CCN(CCS(C)(=O)=O)CC1;COc1ccccc1C=CCN1CCOC(C)C1C(N)=O;COC1CCCC1OC(=O)c1ccc(N2CCCC2)nc1
m_e73d71,CC1(c2ccccc2)CCCN(C(=O)c2ccc(C(N)=O)cc2)C1;NC(=O)c1cccc(C(=O)NC2CCC(c3ccccc3)CC2)c1;CC(C)(C)c1nnc2ccc(N3CCCC3c3cccnc3)nn12;Cc1cccc(COc2cccc(NCc3nnc(C)n3C)c2)c1;CC1(c2ccccc2)CCCN(C(=O)c2cccc(C(N)=O)c2)C1;O=C(Nc1ccccc1)c1ccc(CNC(=O)C2CCCC2)cc1;COc1coc(CN2CCCCC2C(=O)NC(C)(C)C)cc1=O;O=C(c1ccc(N2CCCCCC2)nc1)N1CCc2ccncc21;CN(C)C(=O)c1cccc(C(=O)N2CCCC2c2ccccc2)c1;CC(C)(C)c1ccc(N2CCN(c3ccc(C#N)nc3)CC2)nn1;O=C(C1CCc2ccccc21)N1CCC(Nc2cccnn2)CC1;CCN1CCCC1CNC(=O)c1cc(OC)c(OC)c(OC)c1;Cn1nccc1C1=CC2CCC(C1)N2c1cc(NC2CC2)ncn1;O=C(NC1CC1)C1CCCN(c2ccnc(-c3ccccc3)n2)C1;COc1ccc2[nH]cc(C3CCN(c4cc(C)ncn4)CC3)c2c1;CCc1cccc(NC(=O)c2ccc(CN3CCCC3=O)cc2)c1;CC(C)c1n[nH]c(C2CN(c3cnccc3C#N)CC2C2CC2)n1;CC(C)(C)C1CN(c2cc(N3CCSCC3)ncn2)CCO1;CN1C(=O)CC(C(=O)N2CCC(CF)CC2)C1c1ccnn1C;N=C(N)NCCCCC(NCC(O)C(O)C(O)CO)C(=O)O;COc1ccc(CC(=O)NCCCN2CCOCC2)cc1OC;CC(NC(=O)NC1CCCC(C(F)(F)F)C1)C1CCOCC1;Cc1ncc(C(=O)N2CCC(Cc3ccncc3)C2)c(C2CC2)n1;CN(C)CC1CCCN1c1cc(-c2ccccc2)nc2ncnn12;O=C(CCNC1CCN(c2nccs2)CC1)NC1CCCC1
m_e77f56,OC1CCC(NCc2c[nH]nc2-c2ccc(C(F)(F)F)cc2)C1;FC(F)(F)c1ccn(-c2ccc(CNC3CCOCC3)cc2)n1;NC(=O)C1CCCN(C(=O)c2ccccc2Oc2cccnc2)C1;CC1CN(C(=O)c2cccc(Oc3ccccn3)c2)CC(=O)N1C;CC1CC(=O)NCCN1C(=O)c1ccc(Oc2cccnc2)cc1;COc1ccccc1CC(C)OC(=O)c1cnc2c(c1)ncn2C;OCCN1CCN(c2ccnc3cc(C(F)(F)F)ccc23)CC1;CCOc1ccc(NC(=O)CC2Nc3ccccc3NC2=O)cc1;OC1CCCC1C1COCCN1CCOc1cccc(Cl)c1;COc1ccc(C2CCN(C(=O)c3ccc(C(N)=O)cn3)C2)cc1;OC1CCCC1C1COCCN1CCOc1ccccc1Cl;Cn1cc(S(=O)(=O)N2CC3(CCOC3)C2)c(C2CCCC2)n1;CS(=O)(=O)c1ccc(OCC(=O)NC2CCCCCC2)cc1;O=C1OC(C(=O)Nc2ccnn2C2CCCC2)Cc2ccccc21;CCNC(=O)C1CCCN(c2ccc(C(F)(F)F)c(C#N)c2)C1;O=S(=O)(c1cccnc1N1CCC(CO)C1)N1CCCCC1;CC1CN(c2ccc(S(=O)(=O)NCC3CC3)cn2)CCCO1;CC1(C)CN(C(=O)c2c[nH]c3ncccc23)CCC1C(F)(F)F;COc1cc(OC)c2ncc(C#N)c(N3CC4C(CO)C4C3)c2c1;CNS(=O)(=O)c1cc(C(=O)N2CCN(C)CC2)cc(C)c1C;CC(C)C1(CNC(=O)c2ccc3nc(C(F)(F)F)cn3c2)CC1;O=C(NC1CCCCC1C(=O)O)c1cnc(-c2ccccc2)nc1;OC1CCOCC1C1CCCN1CCOc1ccccc1Cl;COc1ccc(NC(=O)c2ccn3ccnc3c2)cc1OC(C)C;CC1(O)CCN(c2ccc(S(=O)(=O)NCC3CC3)cn2)CC1
m_e7af25,Cn1cnc(S(=O)(=O)N2CCN(C(=O)C3CC3)CC2(C)C)c1;CCc1cc(NCc2nnc3n2CCC(C(F)(F)F)C3)ncn1;Cc1nnc(-c2cccc(C(=O)NC3CC(=O)N(C4CC4)C3)c2)o1;O=C(NCc1ccccc1F)c1ccc(N2CCCCC2=O)cc1;O=C(Nc1ccc(F)cc1)c1ccc(CN2CCCCC2=O)cc1;CC(C)c1nnc(CNC(=O)Cc2cc(F)c(F)cc2F)n1C;O=C(O)C1CCN(C(=O)c2ccc(-c3nc(C4CC4)n[nH]3)cc2)C1;CC(C)CNC(=O)c1cc(F)c(NC(=O)C2CCCO2)c(F)c1;CS(=O)(=O)NCC1CCCCN1C(=O)c1n[nH]c2c1CCC2;CC1CC1C(=O)NCc1ccc(C(=O)Nc2ccc(F)cc2)cc1;COC1CC(CNS(=O)(=O)CC2CC2)N(c2ccncn2)C1;O=C(NCCc1cccc(F)c1)c1ccc(N2CCCC2=O)cc1;Cc1nnc2n1CCN(Cc1ccc(OCC(F)(F)F)cc1)C2;CC(N1CCN(C(=O)c2ccc3[nH]cnc3c2)CC1)C(F)(F)F;COCCOC(=O)Nc1ccc(C)c(NC(=O)OCCOC)c1;Cc1c(C(=O)N2CCC(O)(Cn3ccnn3)C2)oc2ccccc12;Cc1cc(NC(=O)c2ccc(N3CCCC3)nn2)ccc1C(=O)O;Cc1ccc(Nc2cccc(C(=O)N3CCC(C(=O)O)C3)c2)nn1;O=C(NCc1nnc2ccccn12)C1CCCC(C(F)(F)F)C1;COc1ccccc1-c1noc(C2OCCC2Cn2ccnc2)n1;CN1C(=O)CCC(CNS(=O)(=O)C2CC2)C1c1nccn1C;Cc1nnc(-c2cccc(C(=O)OCCCc3cnn(C)c3)c2)o1;COc1ccc(-c2noc(C3CCn4cncc4C3)n2)c(OC)c1;Cc1[nH]nc2ncc(C(=O)N3CCCC(C(F)(F)F)C3C)cc12;Cn1nccc1C1OCCC1NC(=O)Cc1noc2ccccc12
m_e80818,Cn1cc(C2OCCCC2NC(=O)Nc2cccnc2)cn1;Cc1nnccc1C(=O)NC1CC(Cn2cccn2)CC1O;Cc1cc(CC(=O)N(C)C(c2ccc(F)cc2)C2CC2)n[nH]1;Cc1nnccc1C(=O)NCC1(c2cnn(C)c2)CCCO1;Cc1cnc(C(=O)NC2CCCOC2c2cnn(C)c2)cn1;Cn1nc(C(=O)NC(C)(C)c2ccccc2F)cc1C1CC1;CC(C)Oc1ccc(C(=O)N2CCC(c3nn[nH]n3)C2)cc1;Cn1cc(CCC(=O)N2CCCC2c2cccc(F)c2)cn1;Cc1noc(C23CCCC2CN(c2nccc(CO)n2)C3)n1;CC(C)(NCC(=O)NCc1cccnc1)c1cccc(F)c1;COc1ccccc1N1CCC(Nc2ncccc2F)CC1;Cc1ncncc1C(=O)NCC1CCCOC1c1cn[nH]c1;CCn1nncc1C(=O)N1CCN(c2ccccc2O)CC1;OCc1cnc(N2CCCC(c3noc(C4CC4)n3)C2)cn1;Cc1cn(C)nc1NC(=O)NCCc1cccc(C(N)=O)c1;Cn1nc(C(=O)NC2(c3ncc[nH]3)CCOC2)cc1C1CC1;COc1cc(CN2CCC(CO)CC2)ccc1OC(F)F;O=C(CC1CCCOC1)NCc1ccc(-c2nnn[nH]2)cc1;COCCC1(C(=O)Nc2ccc(Cc3nnn[nH]3)cc2)CC1;O=C(NCCNc1cc(-n2cccc2)ncn1)C1CCCO1;Cc1cc(NC(=O)NC2CCN(c3ccccn3)CC2)on1;CCc1nnc(C)cc1C(=O)NC1CCOC1c1ccn[nH]1;COc1cccc(NC(=O)N2CCCC2Cn2cncn2)c1;CCc1cnccc1C(=O)NCC1CCC(c2ncn[nH]2)O1;O=C(NCCn1cccn1)NC1CCOC1c1cccnc1
m_e8359d,O=C(Nc1c(-c2ccccc2)[nH]c2ccccc12)C1CC2CCC1O2;N#Cc1ccccc1-c1ccccc1C(=O)N1CC(C2CCOC2)C1;O=C(NC1CCC(C(=O)N2CCSCC2)CC1)c1ccccc1;CCc1nc(CC(=O)N(C)Cc2cc(C)c(OC)c(C)c2)cs1;CCC(C)(CC(=O)O)NC(=O)CCc1nc(-c2ccccn2)no1;CC(=O)N1CCOCC1C(=O)NCCn1c(=O)[nH]c2ccccc21;CC(c1ccc(F)cc1)N(C)C(=O)CCCNC(=O)c1ccco1;Cc1noc(C)c1C(=O)N(Cc1cccc(F)c1)CC1CCCO1;CN(Cc1ccco1)C(=O)CN1CC(O)CC1c1cccc(F)c1;CC(C)=CCSc1ccccc1C(=O)N1CCCC(C(N)=O)C1;CCOC1CCN(C(=O)NC(C)c2csc3ccccc23)CC1;CCNC(=O)CC1CCCCN1C(=O)c1ccc(F)c2occc12;Cc1nc(CCNC(=O)COc2ccc(C(C)(C)C)cc2)cs1;CSCc1cccc(NC(=O)C2CCCN(C(=O)C3CC3)C2)c1;N#Cc1ccccc1-c1ccccc1C(=O)N1CCC(O)(C2CC2)C1;CSc1ccccc1C(=O)NC1(C(=O)NCC2CC2)CCCC1;CC(C[S+](C)[O-])NC(=O)N1C2C=C(c3ccccc3)CC1CC2;CN(C)CC1(O)CCN(C(=O)c2occc2-c2ccc(F)cc2)C1;O=C(O)C1CCC(C(=O)N2CCc3ccc(F)cc3C2)N1C1CC1;Cn1cc(CCC(=O)N2CCC(C(F)C(=O)O)C2)c2ccccc21;CC1(C(=O)N2CCC(c3noc4cc(F)ccc34)CC2)CCOC1;COc1ccc(CNC(=O)c2cn(C3COCC3O)nn2)c(C)c1;O=C(NCCSc1ccccc1)C1CCCN(C(=O)C2CC2)C1;CC(C)c1nnc(C2CN(C(=O)COc3cccnc3)CCO2)o1;Cc1ccc(C)c(N(C(=O)Cn2c(C)c(C)sc2=O)C(C)C)c1
m_e8d835,Cc1ccc2c(CC(=O)N3CCOCC3C(=O)O)coc2c1C;Cc1nc2ccccc2c(=O)n1CCC(=O)N1CCSCC1;Cc1ccc2c(CC(=O)N3CCOC(C(=O)O)C3)coc2c1C;Cc1cc2occ(CC(=O)N3CCOC(C(=O)O)C3)c2cc1C;O=C(C1CCCN1c1nc2ccccc2s1)N1CCOCC1;Cc1ccnc(N2CCN(S(C)(=O)=O)c3ccccc3C2)c1;O=C(O)C(C1CC1)N1CCN(c2nc3ccccc3s2)CC1;O=C1CCCCC(C(=O)Nc2ccc(-c3nc[nH]n3)cc2F)N1;Cc1cc2occ(CC(=O)N3CCOCC3C(=O)O)c2cc1C;Cc1cc(NCC(O)COc2cccc(F)c2)n2ncnc2n1;CC1(NC(=O)C2CCS(=O)(=O)CC2)CCCCC1C(=O)O;CC(CC(=O)N(C)CCC(=O)O)c1cccc(C(F)(F)F)c1;O=C(O)CCN(C(=O)c1coc2ccccc12)C1CCOCC1;CC(C)N(CCC(=O)O)C(=O)C1CC12CCS(=O)(=O)CC2;CN(Cc1cccs1)c1nc2c(cnn2C(C)(C)C)c(=O)[nH]1;CC(=O)NCCCc1ccc(-c2csc(NC(C)=O)n2)cc1;CNc1cc(N2CCCC2CNC(=O)c2ccsc2)ncn1;COc1ccccc1N1CCC(Nc2ncccc2Cl)CC1;Cc1c(C#N)cccc1NC(=O)c1cnn(-c2ccccn2)c1C;Cc1ccc(-c2oncc2-c2nnnn2-c2ccc(C)cc2)cc1;Cc1ccc2sc(N3CC4(CC(O)CNC4=O)C3)nc2c1C;CC(=O)Nc1cnn(C2CCN(C(=O)c3ccncc3F)C2)c1;COc1cc(C=CC(=O)N2CCC=CC2=O)cc(OC)c1OC;O=C1NNc2nc(CN3Cc4ccccc4C3)nc3cccc1c23;O=C(NCCCc1nc[nH]n1)NC1CCSc2ccccc21
m_e993ec,NCC1CN(C(=O)c2ccc3c(c2)OCCO3)CCO1;NC(=O)Nc1cccc(C(=O)OCC2CCCCO2)c1;CC(C)(CNC1CCCSc2ccccc21)C(N)=O;CCC(N)C(=O)N(C)Cc1cn(C)nc1C(F)(F)F;NCC1CN(C(=O)c2cccc3c2OCCO3)CCO1;O=C(c1cc2cc(F)ccc2[nH]1)N1CCOC(CO)C1;CC1(CNC(=O)CCc2ccc(F)cc2)CCC(=O)N1;COC(=O)C1CCc2nnc(C(=O)N3CCCC3)n2C1;CC(C)Nc1ccc(CC(=O)N2CCSCC2)cc1;N=C(N)NCCCC(N=C(O)c1ccccc1)C(=O)O;CSc1ccc(C(C)NC(=O)NC2CCCC2)cc1;COc1ncc(NC(=O)C2CCNCC2)cc1C(N)=O;CCc1nsc(N2CCCCC2c2n[nH]c(C)n2)n1;Cc1ccc(SCCNC(=O)NC2CCCC2)cc1;O=C(O)C1CCCCN1C(=O)Cn1cc(C2CC2)nn1;O=C1CC(C(=O)Nc2cnn(CC3CCCO3)c2)CN1;CN(C)c1cncc(NC(=O)C2CCC(C(=O)O)N2)c1;O=C(CNC1CC1)N1CCOC(c2ccccc2F)C1;CC(=O)CCCCn1c(=O)c2c(ncn2C)n(C)c1=O;CCOC(=O)C1CCN(C(=O)c2nccnc2N)CC1;Cc1noc2ncnc(N(C)CC3(O)CCOCC3)c12;Cc1nc(NC(CC(C)C)C(=O)O)c2nc(C)oc2n1;Cn1c(=O)c2c(ncn2CC2CCCOC2)n(C)c1=O;CC1CN(C(=O)Nc2cccnn2)CC2(CCOC2)O1;Cc1ncsc1C(=O)NCc1nccn1CC(C)C
m_ea2f71,Cc1c(C2CNCC2c2nc(-c3ccco3)no2)cnn1C;CCn1cc(CC(=O)Nc2cn(C)nc2-c2ccco2)cn1;Cc1nn(C)cc1CC(=O)Nc1cn(C)nc1-c1ccco1;C=CC(CO)NS(=O)(=O)c1cn(C)nc1C1CCCC1;Cc1c(CNC(=O)c2ccc3c(c2)[nH]c(=O)n3C)cnn1C;Cc1c(C2OCCC2NC(=O)c2cc(C#N)c[nH]2)cnn1C;CCn1nccc1C1CCN(S(=O)(=O)C2COC2)CC1;COc1cccc(N2CCN(S(=O)(=O)N(C)C)CC2)c1;Cc1cc(NC2CCOC2c2ccnn2C)n2ncnc2n1;Cc1ccc2oc(N3CCC(c4nc(=O)[nH][nH]4)CC3)nc2c1;Cn1ccc(CN2CCCN(S(C)(=O)=O)CC2)cc1=O;C=C(C)CN(CC)C(=O)c1cc(S(=O)(=O)N(C)C)c[nH]1;COC(=O)C1CCc2nnc(C3Cc4ccccc4O3)n2C1;COCC1CCC1NC(=O)Cc1ccc(OC(F)F)cc1;Fc1ccc(N2CCN(c3ccc4nncn4n3)CC2)nc1;O=C(NC1(Cc2ccc(F)cc2)CC1)c1n[nH]c2c1CCC2;CC(C)C(O)Cn1cnc2c(nnn2-c2ccccc2)c1=O;NC(=O)c1ccc(C(=O)N2CCCC(c3ncc[nH]3)C2)cn1;Cc1n[nH]c(C)c1C1COCCN1C(=O)c1c[nH]c(C#N)c1;CNS(=O)(=O)C1CCN(Cc2cc(OC)cc(C)n2)C1;O=C(c1cc2c(F)cccc2[nH]1)N1CCC(N2CC=CC2)C1;CC(C)c1cncc(NC(=O)c2ccc3c(n2)OCCO3)c1;Cc1cc(N2CCN(C(=O)c3ccc(=O)[nH]c3)CC2)ncn1;O=C(O)C1C2CCC(C2)C1NC(=O)C1C2CCC(F)(F)C21;Cc1ccccc1-n1ncc(C(=O)OCC(N)=O)c1C1CC1
m_ea7270,N#CC1(C(=O)Nc2nc3c(s2)CC(c2ccccc2)CC3)CCC1;Cc1cccc2sc(N(Cc3cccnc3)C(=O)C3CCC3)nc12;Cc1c(CCC(O)=NCc2ccccc2)c(=O)oc2cc(O)ccc12;COc1cc(C(=O)Nc2ccc3ccccc3c2)cc(OC)c1OC;CNS(=O)(=O)N1CCN(C(=O)Cc2c[nH]c3ncccc23)CC1;Cc1c(CC(O)=NCCc2ccccc2)c(=O)oc2cc(O)ccc12;CC1CN(C(=O)CN2CCOc3ccc(Cl)cc32)CC1C(N)=O;CC1=C(C(=O)Nc2ccccc2)C(c2ccccc2)NC(=S)N1C;FC(F)(F)c1cnc(C2CCCN(c3cncc4nncn34)C2)[nH]1;O=C(NC1CCc2ccc(O)cc21)c1c[nH]nc1-c1ccccc1F;CC1CC(CNS(=O)(=O)c2cccc(-n3cnnn3)c2)CCO1;O=c1cc(-c2ccccc2)c2ccc(O)c(CN3CCOCC3)c2o1;Cc1cc(F)cc(S(=O)(=O)N2CCCC(n3cc(C)cn3)C2)c1;Cn1cc(NC(=O)c2cc(S(=O)(=O)N3CCCC3)cn2C)cn1;CN1C(=O)CCc2cc(NC(=O)c3cc4c(F)cccc4[nH]3)ccc21;Cc1cccc(OCc2nc(C#N)c(NCc3ccc(F)cc3)o2)c1;CC(NC(=O)N1CCC2OCC(=O)NC2C1)c1ccc(Cl)cc1;Cn1ccnc1C1CCN(c2cc(C(F)(F)F)nc3ncnn23)C1;O=C(CCc1cccc(F)c1F)N1CCCC(c2n[nH]c(=O)o2)C1;Cc1nc(C(=O)N(CCc2ccccc2)Cc2ccncc2)cs1;NS(=O)(=O)c1ccc(OCCNC2CCc3ncnn3C2)cc1;CCOc1ccc(C(O)=NCCn2cc(Cl)cn2)cc1OCC;COCC(NC(=O)NCc1c(C)noc1C)c1ccc(Cl)cc1;O=C(CNC(=O)NCc1ccco1)NCCc1cc(F)cc(F)c1;Cc1nc(O)cc(N2CCOC(c3ccc(OC(F)F)cc3)C2)n1
m_eaecd7,O=C(COCc1ccccc1Cl)NC1(C(=O)O)CCC1;COc1ccc(Cl)cc1CC(=O)NC1(C(=O)O)CCC1;COc1ccc(Cl)cc1CC(=O)N1CCC(C(=O)O)C1;COc1ccc(Cl)cc1CC(=O)N(CC(=O)O)C1CC1;COc1ccc(Cl)cc1CN(C)C(=O)C1CC1C(=O)O;COc1ccc(CC(=O)NC2(C(=O)O)CCC2)c(Cl)c1;COc1ccc(CC(=O)N2CCC(C(=O)O)C2)c(Cl)c1;COc1cc(C=Cc2nc3cnccc3c(=O)[nH]2)ccc1F;CS(=O)(=O)c1ccc(C(=O)NCC2(C(=O)O)CC2)cc1;CC(C(=O)O)N(C)S(=O)(=O)c1cnn(CC(F)F)c1;O=C(O)C1CCN(S(=O)(=O)c2ccc3c(c2)CCO3)C1;Cc1cc(NC(=O)C2CCS(=O)(=O)C2)ccc1C(=O)O;COc1cc(Cl)ccc1C(=O)N1CCCC(C(=O)O)C1;COC(=O)c1cccc(NC(=O)C2CCS(=O)(=O)C2)c1;CNS(=O)(=O)CC1CCCN1c1ccc(C#N)cc1F;Cn1nccc1C=Cc1cc(C(=O)O)c2ccc(F)cc2n1;O=C(CCCOc1ccccc1Cl)NC1(C(=O)O)CC1;O=C(O)CC1COCCN1C(=O)Cc1ccc(Cl)cc1;COc1ccc(CCNC(=O)C2(C(=O)O)CC2)c(Cl)c1;CSCc1cc(F)ccc1CNC(=O)C1(C(=O)O)CC1;COC1(CC(=O)Nc2ccc(Cl)c(C(=O)O)c2)CCC1;O=C(c1cc(F)c(F)c(O)c1F)N1CCc2[nH]ncc2C1;CS(=O)(=O)N1CCC(c2ncc(C(F)(F)F)[nH]2)CC1;O=C(O)c1cccc(CNC(=O)C2CCS(=O)(=O)C2)c1;Cn1c(C#N)ccc1-c1ccc2c(c1)C(C)(C)OC(=S)N2
m_ebcb8a,NC(=O)CCCC(=O)Nc1ccc(-n2ncc3ccccc32)cc1;COC1(C)C(O)C(=O)C(C)=C(Oc2cc(C)cc(O)c2C)C1O;N#Cc1cccnc1NCc1cccc(C(=O)N2CCOCC2)c1;Cc1cc(-c2ccccc2)nc2cc(C(=O)N3CCOCC3)nn12;Cc1ncc(CNC(=O)N2CCCN(C(=O)C3CC3)CC2)s1;NCC1CN(C(=O)C2(c3cccc(Cl)c3)CCC2)CCCO1;CCc1cnc(CNC(=O)NC23CCCCC2NC(=O)C3)s1;NC1CCCN(C(=O)C2(c3ccc(Cl)cc3)CCOCC2)C1;CC(C)N(CCS(C)(=O)=O)Cc1nc(N)c2ccccc2n1;N#Cc1c[nH]c(C(=O)NC2CCN(C(=O)c3ccccc3)CC2)c1;NCC1CCN(C(=O)C2(c3cccc(Cl)c3)CCOCC2)C1;CC1CN(C(=O)C2(c3cccc(Cl)c3)CCOCC2)CCN1;CCS(=O)(=O)CC(C)N(C)Cc1nc(N)c2ccccc2n1;N#Cc1cc2ccccc2nc1N1CCOC(C(=O)NC2CC2)C1;COC1(CNc2cc(C)nc3c(F)c(F)ccc23)CCOCC1;COC(C(=O)Nc1ccc(-c2nc(C)n[nH]2)cc1)c1ccccc1;CN(C)C1CCCC(Nc2ccc(S(N)(=O)=O)cc2C#N)C1;CCCNC(=O)c1cccc(C(=O)Nc2cccc3cn[nH]c23)c1;O=C1CCc2cc(C(=O)Nc3cnccc3NC3CC3)ccc2N1;Cc1ccccc1C1CN(C(=O)c2ccc3nc[nH]c3n2)CCO1;CC(=O)Nc1ccc(C(=O)NCCc2nc3ccccc3[nH]2)cc1;O=C(NC(CO)Cc1ccccc1)c1cc(-c2ccccn2)n[nH]1;CCc1nnc2n1CCN(C(=O)c1cccc3cc(O)ccc13)C2;COC1(C)C(=O)C(O)C(C)=C(Oc2cc(C)cc(O)c2C)C1O;COc1ccc2cc(C(=O)NC3CN(c4ccccn4)C3)[nH]c2c1
m_ec2936,CC1OC(=O)C2CC3CCCCC3C(C=CC3CCCC(C)N3C)C12;COc1ccc(CCCNC(=O)NC2CC3CCCC(C2)N3C)cc1;CC(=O)N1CCC(CN(C)C(=O)NCc2ccc(C(C)(C)C)cc2)C1;CN1CCN(Cc2ccc(C(=O)N(CC(C)(C)O)C3CC3)cc2)CC1;CC(=O)Nc1ccc(CCNC(=O)NC2CCC(C)(C)CC2C)cc1;CNC(=O)c1cccc(NC(=O)C(C)N2CCCC(C(C)C)CC2)c1;CC(C)C1CCC(C(=O)N2CCC(NC(=O)c3ccc[nH]3)CC2)CC1;CCCCCCCCCCCCCCCCNC(CS)C(=O)O;CCCCCCCCCCCCCCCNC(CCS)C(=O)O;CC1CN(Cc2ccccc2CNC(=O)C2CCC(N)C2)CC(C)O1;CCC(CC)N(CC)C(=O)NCC1CC(=O)N(C)C1c1ccccc1;CC(C)(CNC(=O)NCC1CCC(O)C1)N1CCc2ccccc2C1;CC1(CNCCC(=O)N2CCN(c3ccccc3)CC2)CCOCC1;O=C(CN1CCN(CCO)CC1)NCC1(c2ccccc2)CCCC1;CCCCCCCCCCCCCCNC(CCSC)C(=O)O;COc1ccc(C2(C(=O)NCCN3CCN(C)CC3)CCCC2)cc1;CC(NC(=O)CN1CCCCC1CN1CCOCC1)c1ccccc1;O=C(NCC1CCCN(Cc2ccccc2)C1)NC1(CO)CCCC1;Cn1ncc(CN2CCN(C(=O)NC3CCCCC3)CC2)c1C1CC1;Cc1ccccc1NC(=O)CCN1CCCN(C(=O)C(C)(C)C)CC1;CN(Cc1ccccn1)C1CCCN(C(=O)CC2CCCCO2)CC1;CN1CCC(N(C)CC(NC(=O)C2CCCO2)c2ccccc2)CC1;Cc1cccc(CNC(=O)CN2CCC(CO)(NCC3CC3)CC2)c1;CC(C)(C)OC(=O)NC1CCC(CN(Cc2ccccn2)C2CC2)C1;Cc1cccc(C)c1OC1CCN(C(=O)NC2CCN(C)CC2)CC1
m_ec5045,Cc1c(NC(=O)CCN2CCCC2=O)noc1-c1ccccc1F;CCN(CC)CC(=O)N1N=C(c2cccs2)CC1c1ccco1;Cc1ncc(S(=O)(=O)N2CCCC3(CC=CCC3)C2)cc1C#N;Cc1c(-c2ccccc2)[nH]c(SCCCC(=O)N(C)C)nc1=O;CCCCN1CN(c2ccc(C)cc2)c2ncccc2S1(=O)=O;CN(C(=O)c1ccc(CN)o1)C1CCN(c2ccccc2F)C1=O;CN(C)C(=O)CCNC(=O)c1csc(CCc2ccccc2)n1;O=C(c1ccc(F)c2occc12)N1CCCC(N2CCNC2=O)C1;Cc1cc2cc(NC(=O)c3c(C)noc3-c3ccccc3)ccc2[nH]1;CC(=O)NCCNC(=O)c1cn(-c2ccc3c(c2)OCCO3)nn1;Cc1nc(C2CCCN(C(=O)c3ccn(C)c(=O)c3)C2)sc1C;O=C(Cc1cccc(F)c1)N1CCCN(C(=O)c2ccon2)CC1;O=C(CCCc1cccs1)N1CCCC1c1noc(C2CC2)n1;Cc1cccc(OCCNC(=O)NC(c2nccs2)C2CC2)c1;COCCn1ccc(C(=O)N2CC(C)(C)Sc3ccccc32)n1;CNC(=O)CN1CCC(NC(=O)c2csc3ccccc23)CC1;COC1CC(CO)N(C(=O)c2ccc(-c3cncnc3)cc2F)C1;O=C(NCCCN1CCCC1=O)c1cc(-c2cccc(F)c2)no1;Cc1ccccc1-c1nnc(SCC(=O)N2CCC(C)CC2)o1;Cc1nc(C2CCCN(C(=O)Cn3ccccc3=O)C2)sc1C;Cc1csc(C(NC(=O)NCCc2ccc(O)cc2)C2CC2)n1;COc1ccccc1N1CCN(C(=O)c2sc(C)nc2C)CC1;CN(C(C1CC1)C1CC1)S(=O)(=O)c1cnn(-c2ccccc2)c1;COc1cc2ccccc2cc1C(=O)NCc1cn2ccccc2n1;Cc1ccc2c(CNc3ccn(-c4ccccc4)n3)cc(=O)oc2c1
m_ec755b,CCN(Cc1ccoc1)C(=O)c1cc2c(c(S(N)(=O)=O)c1)CCC2;CCS(=O)(=O)c1ccc(CNC(=O)c2coc(CC3CC3)n2)cc1;CCC1C(=O)NCCN1S(=O)(=O)c1ccc(OC)c2ccccc12;Cc1ccoc1C(=O)N1CCCc2ccc(S(=O)(=O)N(C)C)cc21;Cc1occc1C(=O)N1CCCc2ccc(S(=O)(=O)N(C)C)cc21;COc1ccccc1CC(=O)Nc1cc(S(N)(=O)=O)cc(C)c1C;Cc1ccc(S(=O)(=O)n2ccc(C(=O)N3CCC(CO)C3)c2)cc1;CC(C1CC1)N(Cc1ccccc1)S(=O)(=O)c1c[nH]c(C(=O)O)c1;COc1ccc(NC(=O)c2cccc(C)c2)cc1S(=O)(=O)N(C)C;O=C(O)CCC1CCCN(C(=O)Cc2coc(-c3cccs3)n2)C1;FC(F)(F)c1cccc(C2CN(c3ncnc4[nH]ccc34)CCO2)c1;COc1c(C)cnc(CNC(=O)c2ccc(S(C)(=O)=O)cc2)c1C;CNS(=O)(=O)c1cccc(C(C)NC(=O)c2ccc(C)c(O)c2)c1;CN(CC(=O)NCc1ccccc1Oc1ccccc1)S(C)(=O)=O;O=C(Nc1ccc(-c2nnc[nH]2)cc1)c1ccn(-c2ccccc2F)n1;COc1ccc(CNC(=O)Cc2csc(C(C)C)n2)cc1C(=O)O;CNS(=O)(=O)c1ccc(C(=O)NC2CCCCc3ccccc32)o1;CCC1C(C(=O)O)CCN1S(=O)(=O)c1cccc2ccc(C)nc12;O=C(O)CCN1CCN(S(=O)(=O)c2ccc3ccccc3c2)CC1;O=C(O)C1COCCN1C(=O)CCc1ncc(-c2ccccc2F)o1;O=C(c1ccc(F)c(Cl)c1)N1CCCC(c2n[nH]c(C3CC3)n2)C1;O=C(O)C1Cc2ccccc2CN1C(=O)c1cc(-c2ccccc2)no1;Fc1ccc(Nc2nc3ccccc3nc2Nc2ccc(F)cc2)cc1;CNC(=O)Cn1cc(NC(=O)Cn2cnc3cc(F)c(F)cc32)cn1;COCCn1cc(NS(=O)(=O)c2ccc3c(c2)CCC3)ccc1=O
m_ecbfb5,Cc1oc(CNC(=O)c2ccc3c(c2)CCN3S(C)(=O)=O)cc1C(=O)O;COc1ccccc1-c1oc2ccccc2c(=O)c1OC(=O)c1cccs1;CN(C(=O)c1ccc(C(=O)O)s1)C1CCN(c2ccccc2Cl)C1=O;Cc1oc(CNC(=O)c2cccc(N3CCCS3(=O)=O)c2)cc1C(=O)O;O=S(=O)(O)c1ccc(N=Nc2c(O)ccc3ccccc23)c2ccccc12;O=C(O)CN1CCC(NS(=O)(=O)c2ccc3c(c2)OC(F)(F)O3)CC1;O=C1CC(c2ccccc2)CC2=C1C(c1cc(F)cc(F)c1)n1ncnc1N2;O=C(O)C(Cc1c[nH]c2ccccc12)NS(=O)(=O)c1ccc(Cl)cc1;O=C(O)c1csc(-c2cccc(CNC(=O)C3(O)CCSCC3)c2)n1;COc1ccc(S(=O)(=O)N2CCN(C(=O)c3ccc(=O)[nH]n3)CC2)cc1;CCN1C(=O)CCc2cc(NS(=O)(=O)Cc3cccc(Cl)c3)ccc21;O=C(NC12CCC(CC1)CC2)C1CCOC1c1cncc(Br)c1;Cc1cc(=O)[nH]c(-c2cccc(NC(=O)c3csc(-c4ccco4)n3)c2)n1;O=C1CC(c2ccccc2)CC2=Nc3ncnn3C(c3cc(F)cc(F)c3)C12;O=S(=O)(NC1CCCCCC1)c1ccc(-c2cc(C(F)(F)F)on2)o1;Cn1c(COc2ccccc2)nnc1SCc1cc(O)nc2ccccc12;O=C(COc1ccccc1F)Nc1ccc(S(=O)(=O)N2CCCC2)cc1;O=C1CC(c2ccccc2)Oc2cc(O)c(Cc3cccc(O)c3O)c(O)c21;Cc1ccc(C(=O)N2CCN(S(=O)(=O)c3c(C)noc3C)CC2)c(C)n1;CCOC(=O)c1sc2nc(SC)nc(Nc3ccc(F)cc3)c2c1N;CCOC(=O)C1CCCN(C(=O)c2ccc(Cl)c(N3CCCC3=O)c2)C1;O=C(CN1CCN(S(=O)(=O)Cc2noc3ccccc23)CC1)NC1CC1;Cc1ccc(CN2CCC(NC(=O)c3cc(S(C)(=O)=O)cs3)C2)cc1;CS(=O)(=O)c1cccc(NC(=O)NCc2noc(-c3cccs3)n2)c1;O=C(O)CCN(CC1CCCO1)C(=O)c1cn(-c2ccccc2Cl)nn1
m_ed201b,Cc1cc(NC(=O)N2CCC(F)(F)C2)nn1C1CCCCC1;NC(=O)C(c1ccc(F)cc1)N1CCCC(c2ccccc2)C1;Cc1n[nH]c(C)c1C1COCCN1Cc1cnc2cnccn12;CCCC1(CNC(=O)NC2CCOC3(CCSC3)C2)CC1;O=C(NCCCC1CCCCC1)c1cc2ccccc2c(=O)[nH]1;Cc1cn2nc(NC3CCN(Cc4cnnn4C)C3)ccc2n1;CC(C)c1cc(C(=O)N2CCC(C)(c3ccccc3)CC2)no1;O=C(Cc1noc2ccccc12)N(C1CCCC1)C1CCCC1;CCC1CN(C(=O)Cn2nc(C)oc2=O)CCN1CCOC;COCCN1CCC(NC(=O)c2ccc3ccccc3c2)CC1;Cn1ccc2ccc(C(=O)N3CCOCC3CC3CCC3)cc21;CC(C)C1(CO)CCN(C(=O)c2ccc(C3(C#N)CC3)cc2)C1;CCN(C(=O)c1cncc2ccccc12)C1CCOC(C)(C)C1;CCCOc1cc(CNc2c(C)c(C)nc3ncnn23)ccn1;O=C(CSC1CCCC1)NC1CCN(C2CCOCC2)C1;COCCN1CC(C(=O)NC2CCC(C(=O)O)CC2)CC1=O;CCOCc1ccc(CNC(=O)NCc2ccc(C)cc2)cc1;CCc1nnc(N2CCC(c3nc(C)no3)C2)c(C#N)c1CC;CCc1nnc(C)cc1C(=O)N1CCCC1c1ccc(N)nn1;CCC(C)C(=O)NC1CCN(c2ccccc2OC(F)F)C1;O=C(CSC1CCCC1)N1CCCN(C2CCOC2)CC1;COc1c(C)cnc(CNc2c(C)c(C)nc3ncnn23)c1C;CC(C)n1cc(C2CN(c3nccnc3C#N)CC2CO)cn1;CC(C)CCC(C)NC1=CC(=O)C(Nc2ccccc2)=CC1=O;CCCc1cc(NC2CCc3nc(C)nn3C2)n2ncnc2n1
m_edaa12,COc1ccc(-n2c(CN3CCOCC3C)nc3ccccc32)cc1;COc1ccc(-n2c(CN3CCOC(C)C3)nc3ccccc32)cc1;O=C(c1cccc(Oc2cnccn2)c1)N1CCCC2CCCCC21;CCOC(=O)c1cnc2cc(-c3ccc(C(C)(C)C)cc3)nn2c1C;O=C(C1NCCOc2ccccc21)N1CCC(c2ccncc2)CC1;Cc1ccc(C(C)(C)NC(=O)c2ccc3c(c2)C(C)(C)C(=O)N3)cn1;O=C(c1cc(=O)[nH]c2c1CCCC2)N1CCCC(c2ccccn2)C1;Cc1cnn(C2CC3CCC(C2)N3CC2CCS(=O)(=O)CC2)c1;O=C(Cc1cccc2ccccc12)N1CCC(N2CCNC2=O)CC1;O=C(NCC1(c2ccccc2)CC1)c1c[nH]c(C(=O)N2CCCC2)c1;COCC1CC(OC)CN1Cc1nc2c(=O)n(C)c(=O)n(C)c2[nH]1;CC(C)(C)c1ncc(C(=O)N2CCNCCC23CCOCC3)s1;Cc1cccc(N2CCN(C(=O)c3ccc(C(N)=O)cc3)CC2)c1C;Cc1cc(C)cc(C(=O)N2CCC(NC(=O)c3cccnc3)CC2)c1;CCC(CO)N1CCN(C(=O)c2cc(NC(C)=O)ccc2F)CC1;Cc1ccc2nc3c(c(C(=O)NC4CCCNC4=O)c2c1)CCCC3;Cc1cccc(C(=O)N2CCC(C(=O)Nc3cccnc3)CC2)c1C;Cc1ccccc1C1C(=O)NCCN1C(=O)c1ccc(N(C)C)cc1;CCOC1CC(O)C12CCN(c1c(C#N)cnc3ccccc13)CC2;COCCN1CCC(NC(=O)C(=O)Nc2ccc(C)cc2F)CC1;Cc1ccc(C(=O)N(C)C)cc1NC1CCN(c2ccccc2)C1=O;Cc1cc(NC2CCN(c3ccccc3)C2=O)ccc1C(=O)N(C)C;CCNC(=O)c1cc(NC(=O)N2CCC(C(C)C)CC2)c(C)s1;CN1C(=O)CCC1C(=O)N1CCC(c2cccc3cnccc23)CC1;Cc1c(C(=O)NC2CCCC(C(N)=O)C2)cccc1-c1ccccn1
m_edccdd,Cc1nc(C)c(C(=O)N2CCNC(=O)C2C(C)C)nc1C;CC(C)Oc1ccc(CCNC(=O)C2CCNC2=O)cc1;C=C(C)CC(C)C(=O)NC(CC(=O)OC)c1ccncc1;COc1ccc(CCC(=O)N2CCN(C(C)=O)CC2)cc1;CCC1CC(C(=O)N2CCCc3n[nH]cc3C2)CC(=O)N1;COC1CN(CCn2nc(C)cc2C)CC1c1c[nH]nn1;CN(C)c1ccnc(C(=O)NCC2CCC3(CNC3)O2)c1;Cc1nocc1CNCC1CCCOC1c1ccnn1C;COCc1nc(C)cc(N2CC(=O)NC3CCCCC32)n1;COC(=O)c1ccc(C)c(NCC(=O)N2CCCCC2)c1;Cc1nccc(NC2COCCC2NC(=O)C2CC2C)n1;Cc1cc(CNCC2CCCOC2c2ccnn2C)on1;CCc1oc(C(=O)N2CC(=O)NC3CCCCC32)cc1C;CCC(NC(=O)c1cnc(C2CC2)nc1)(C(N)=O)C(C)C;CC1CC(=O)NC(C(=O)NCc2[nH]nc3c2CCCC3)C1;COCc1cccc(CNC(=O)C2CC3OCCC3N2)c1;Cc1nnc2ccc(NCC3(N(C)C)CCOCC3)nn12;NC(=O)c1cncc(N2CCCC2C2CCCCC2O)n1;CC(=O)Nc1ccc(O)c(C(=O)N2CCCCCCC2)c1;CC(C)(C)c1ncc(C(=O)N2CC(=O)NCC2(C)C)cn1;CCNC(=O)c1ccc(NC2CCCC3OCCC23)nn1;CC1(C)NC(=O)CCC1NC1CC(c2cccc(F)c2)C1;Cc1cc(N2CCC(N3CCN(C)C3=O)CC2)nc(N)n1;Cc1nn(C)c(C)c1C(=O)N1CCCC2C(=O)N(C)CC21;COCCC1CNCCN1c1nc(C)nc2c1cnn2C
m_edd5cd,CCOC1CCCN(S(=O)(=O)c2ccc(C(F)(F)F)nc2)C1;CCN(CC1CCCO1)S(=O)(=O)c1ccc(C(F)(F)F)nc1;CC1CCCN(S(=O)(=O)c2ccc(C(F)(F)F)nc2)C1CO;O=C(O)C1CN(C(=O)c2ccc3ccccc3n2)CC1C(F)(F)F;Cc1c(C(=O)O)oc2ccc(S(=O)(=O)N3CCN(C)CC3)cc12;O=C(C=Cc1ccc(O)cc1)OC1C(O)CC(O)(C(=O)O)CC1O;O=C(C=Cc1ccc(O)cc1)OC1CC(O)(C(=O)O)CC(O)C1O;CCS(=O)(=O)NC1CCN(c2ccc(C(F)(F)F)nn2)CC1;NC(=O)C1CN(C(=O)c2cnc3ccccc3n2)CC1C(F)(F)F;CC(NC(=O)c1cc2c(=O)[nH]cnc2cn1)c1ccc2c(c1)OCO2;O=C(NCc1ccncc1)c1ccc(NC(=O)c2cscn2)cc1;CC1CN(S(=O)(=O)c2ccc(C(F)(F)F)nc2)C(C)(C)CO1;CC(C)CC1COCCN1C(=O)Nc1nnc(C(F)(F)F)s1;CCn1nncc1C(=O)N1CCOC(c2ccc(F)cc2Cl)C1;CCOC(=O)c1cnc(N2CCN(Cc3cscn3)CC2)s1;CCOC(=O)c1csc(C2CCN(Cc3csnn3)CC2)n1;Cn1ccnc1SCc1nc2c(cnn2-c2ccccc2)c(=O)[nH]1;Cc1nc(-c2ccc3c(c2)CCN3C(=O)c2ccc(F)cc2)cs1;O=S(=O)(c1cccs1)N1CCC(c2nnc3n2CCC3)CC1;COc1ccc(-c2noc(-c3cccc4[nH]c(=O)[nH]c34)n2)cc1OC;O=C(O)c1ccc(C(=O)Nc2cccc(-c3nc(C4CC4)n[nH]3)c2)o1;Cc1cc(C)cc(-c2nnc3sc(Cc4ccc(F)cc4)nn23)c1;CC(C)(C)NC(=O)C1CCN(Cc2ccccc2Br)C1;Cn1nnnc1CN1CCN(C(=O)c2ccc(F)cc2Cl)CC1;CN(CC(=O)O)C(=O)C1CCC(=O)N(C)C1c1cccc(Cl)c1
m_eff2fa,CCC(C)NC(=O)c1cccc(CNC(=O)c2ccc3c(c2)NC(=O)C3(C)C)c1;CCN(CC)CCN=C(O)c1c(O)c2ccccc2n(Cc2ccccc2)c1=O;CC(C)(C)c1nnc(NC(=O)CN2CCC(CN3CCCCC3=O)CC2)s1;O=C(Cc1ccccc1)N1CCN(CCC(=O)N2CCOc3ccccc32)CC1;CC1CN(Cc2ccccc2)CC1c1nc2c(cnn2C2CCOCC2)c(=O)[nH]1;Cn1cc(NC(=O)N2CCN(C(=O)Cc3ccccc3)CC2)c(-c2ccco2)n1;CC1c2nnc(C3CCCC3)n2CCN1C(=O)Nc1cnn(-c2ncccn2)c1;CCC(NC(=O)c1nnn(C2CCNCC2)c1C)c1ccccc1OC(F)F;COCCN1C(=O)CC(CNCc2ccc3ncccc3c2)C1c1cnn(C)c1;CCc1ccccc1N1CC(C(=O)Nc2ccc(CC(=O)N(C)C)cc2)CC1=O;Cc1cccc(-c2nn(-c3ccc(F)cc3)cc2C(=O)N2CCC(C)(O)CC2)c1;CCn1cc(C(=O)N2CCC(NC(=O)c3cc(C)oc3C)CC2)c2ccccc21;COCc1c(C(=O)N2CCC(Cc3nccn3C)CC2)cnn1-c1ccccc1;CC1(C)CN(CC(=O)NCc2cccc(C(=O)NC3CC3)c2)c2ccccc2O1;Cc1nc(-c2ccccc2)ncc1C(=O)NC1CCN(C2CCN(C)C2=O)CC1;Cc1ccc(N2CCC(Nc3cccc(C(=O)N4CCOCC4)c3C)C2=O)cc1;Cc1ccc(C2CCN(C(=O)NCC3CCN(S(C)(=O)=O)CC3)C2)c(C)c1;CC(=O)NCC12CC(C(=O)NCc3cc(F)cc(F)c3)(C1)C1(CCNCC1)O2;CNS(=O)(=O)c1cc(C(=O)NC2CCN(C3CCCC3)CC2)cc(C)c1C;CC1(Cn2cc(C(=O)N3CCCC3c3nc(-c4ccccc4)n[nH]3)nn2)COC1;O=C(NCC1(CCO)CCCCC1)c1ccc(S(=O)(=O)C2CCCC2)cc1;CN(C)C(=O)c1cccc(NC(=O)CN2CCOC3(CCc4ccccc43)C2)c1;COc1ccc(C2(C(=O)N3CCc4nn(C)c(=O)cc4C3)CC3(CCC3)C2)cc1;Cc1cc(C(=O)N2CCc3c(ncn3-c3ccc(F)cc3)C2)nn1C(C)C1CC1;CCn1cc(C(=O)N2CCC(c3ccccc3)C(CO)C2)c(-c2cnn(C)c2)n1
m_f0bee0,CC1CN(Cc2cnn(C3(C)CCS(=O)(=O)C3)c2)C(C)(C)CO1;O=C(NCc1cccc(C(=O)NCc2ccco2)c1)NCC1CCC1;CC(=O)N1CCN(CC(=O)N(Cc2ccco2)c2ccccc2)CC1;CC1CC(NC(=O)NCc2cccc(C(=O)NCc3ccco3)c2)C1;CC1CCN(C(=O)NCc2cccc(C(=O)NCc3ccco3)c2)C1;CN(C(=O)NCc1cccc(C(=O)NCc2ccco2)c1)C1CCC1;CN(Cc1ccco1)C(=O)CN1CCNC(=O)CC1c1ccccc1;O=C1CCCCCN1CC(=O)N(Cc1cccnc1)Cc1ccco1;Cc1nc2cncc(N3CCN(C(=O)Nc4cnn(C)c4)CC3)n2n1;CCCCOc1ccc(C=NNC(=O)c2cccnc2)cc1OCC;O=C(c1ccnc(OC2CCC2)c1)N1CCN(Cc2ccco2)CC1;NC(=O)NCc1ccc(C(=O)N(Cc2ccco2)C2CCCC2)cc1;CCc1cncc(C(=O)N2CC(OC)CC2COc2cccnc2)c1;Cc1cc(C)cc(OCCNC(=O)Cn2nc(C3CC3)ccc2=O)c1;COc1cccc(Oc2ccc(C(=O)NC3CCCN(C)C3)nc2)c1;COC(=O)C1(c2ccccc2)CCN(C(=O)c2cc(C)nn2C)CC1;Cc1cc(C)n(Cc2ccc(C(=O)N3CCC(C)(C(=O)O)C3)cc2)n1;CN(c1ncccc1C(F)(F)F)C1CCCN(C(=O)CC2CC2)C1;CCNC(=O)CNC(=O)c1ccoc1CN1c2ccccc2CC1C;CC(C)c1ccc(OCC(=O)N2CCC(Oc3ncccn3)C2)cc1;CC1CN(C(=O)c2c[nH]nc2C2CCOCC2)Cc2ccccc2O1;COCCC1(C(=O)Nc2cccc(Cn3cccnc3=O)c2)CCC1;CC(C(=O)N1CCCC(n2ccnc2)C1)c1ccc2c(c1)OCCO2;Cc1cccc(Oc2ncccc2NC(=O)C2CN(C)CCO2)c1C;CCCC(=O)N1CCCC(C(=O)Nc2cccc3c(=O)[nH]ccc23)C1
m_f10ba9,COC1CN(C(=O)c2c(C)coc2C)CC1c1cn(C)nn1;Cc1cc(C(=O)N2CCCC(O)(Cn3ccnn3)C2)c(C)o1;COC1CN(C(=O)c2oc(C)cc2C)CC1c1cn(C)nn1;Cc1nc(C2CCC(CNC(=O)c3cnn(C)c3C)O2)n[nH]1;COC1CC(c2nncn2C)N(C(=O)c2oc(C)cc2C)C1;CCc1noc(C)c1C(=O)N(CC)C(C)c1ccc(F)cc1;O=C(NCC1CC1)C1CCCN(C(=O)c2cccc(F)c2)C1;CCc1[nH]ncc1C(=O)N(C)CC1OCCC1c1ncn[nH]1;CCN1CC(C(=O)Nc2ccc(C(=O)N(C)C)cn2)CC1=O;Cc1nn(CC(F)(F)F)c(C)c1CC(=O)N1CCNCC1;CCN1CC(C(=O)N2CCCC2c2cccc(F)c2)CC1=O;O=C1CC(C(=O)N2CCC(Cc3ccc(F)cc3)C2)CCN1;CCCc1noc(CN2CCN(c3cnn(C)c3)C(=O)C2)n1;CCC1C(CO)CCN1C(=O)c1cc(=O)[nH]c2ncn(C)c12;Cc1ccc(C(=O)NCC2CC(c3nncn3C)CC2O)o1;CC1CN(C)CCN1C(=O)C1CCN(S(N)(=O)=O)CC1;Cc1nc(C(=O)NC2CCCC2Oc2cnn(C)c2)c(C)o1;Cc1cc(F)cc2c1CN(C(=O)CC1CCCC(=O)N1)CC2;Cc1cc(NC(=O)NCC2CC(=O)N(C)C2)nn1CCC#N;COc1ccccc1Nc1c2c(nc3ccccc13)CCCC2;Cn1ncc2c(N3CCOCC3)nc(N3CCOCC3)nc21;CCC1CC(=Cc2cccnc2)C(=O)C(=Cc2cccnc2)C1;O=C(O)CC1(NC(=O)C2CC2c2cccnc2)CCCOC1;Cc1c(C)n2c3c(cc(NC(=O)c4ccccc4)cc13)CCC2;CSc1ccc(CNC(=O)CC2CC3CCC(C2)N3)cc1
m_f1a045,CC(C)n1ccc(C(=O)NC(Cc2ccncc2)C(=O)O)n1;CC(C)n1cc(C(=O)NC(Cc2ccncc2)C(=O)O)cn1;Cc1ccnc(NC(=O)Cc2ccc(-c3ccccc3)cc2)c1;CC(C)n1cc(NC(=O)NCc2cccc(C(=O)O)c2)cn1;Cc1cc(C)n2nc(C)c(C(=O)N3CCC(C(=O)O)C3)c2n1;Cc1ccc(CCC(=O)Nc2ncn(CC(=O)O)n2)c(C)c1;CCC(C)C(NC(=O)c1cnn(-c2cccnc2)c1)C(=O)O;CC(C)(CC(=O)Nc1ncn(CC(=O)O)n1)c1ccccc1;Cc1cc(C(=O)Nc2nn(C)c3c2CC(C)C(=O)N3)c(C)o1;Cc1nc(O)ccc1C(=O)NC1CCOC1c1cnn(C)c1;N#Cc1cncnc1N1CCC(C2CCC(C(=O)O)O2)CC1;O=C(CCc1ccccc1)NN=Cc1cccc2ccccc12;COCCN1CC(C(=O)Nc2ccc3[nH]ncc3c2)CC1=O;COc1cccc2c1OCC(NC(=O)Nc1cnn(C)c1)C2;COc1ccc(NC(=O)N2CCc3nc[nH]c3C2)cc1OC;CCn1nncc1C(=O)N1CCOC(c2cccc(O)c2)C1;O=C(c1ccc2n[nH]c(=O)n2c1)N1CCOCC1CC1CC1;CN(C)C(=O)C1CCCN1C(=O)c1cccc2[nH]c(=O)[nH]c12;COc1ncccc1-c1noc(C2(C(C)C)CNC(=O)C2)n1;COc1ncccc1C(=O)NC1CC(O)C1n1cc(C)cn1;Cc1nn(C)c(C)c1NC(=O)NCc1cccc(C(=O)O)c1;O=C(NCC12CCCC1OCC2)c1cc2c(F)cccc2[nH]1;Cc1cc(C(=O)NC2CCC(Oc3ncccn3)CC2)no1;Cn1ccnc(NC(=O)NC(CO)Cc2ccccc2)c1=O;COc1ccc(Cc2n[nH]c(N3CCOCC3)nc2=O)cc1
m_f22b14,Cc1nn(C)c(C)c1C1CCCN1C(=O)C1CC1c1cccnc1;Cc1cnn(CC2CCCCN2C(=O)C2CC2c2cccnc2)c1;CC(C)c1nc2n(n1)CC(NCc1nc3ccccc3n1C)CC2;Cc1cc(C)nc(N2CCC(NC(=O)c3ccccc3C)CC2)n1;Cc1ccc(NC(=O)N2C3CCC2CC(n2cccn2)C3)cc1C;Cc1nccc(CNC(=O)NC2CCC(c3ccccc3)CC2)n1;N#CCCCOc1cccc(CNCC2CCCn3ccnc32)c1;Cc1nc(-c2ccc(C)c(NCc3cn(C(C)C)nc3C)c2)n[nH]1;Cc1cc(NC(=O)c2cccc(CN3CCN(C)CC3)c2)ccn1;CN(C)CCN(Cc1cccnc1)C(=O)C1CC1c1cccnc1;C#CC1(O)CCC2C3CCC4=CC(=O)CCC4C3C(=C)CC21CC;Cn1cnc(C2CN(C(=O)Cc3ccc4c(c3)CCC4)CC2N)c1;CN(C)C(=O)c1cccc(CNc2ncnc3c2CCCCC3)c1;CN(CC1CCCN(C)C1c1cncn1C)c1ccc(C#N)nc1;CC1CN(Cc2ccccn2)CCC1NC(=O)Nc1ccccc1;CC1CC1C(=O)N(C)C1CCN(c2ncnc3ccccc23)CC1;CN1CC(NC(=O)C2Cc3ccccc3C2)C(c2cncn2C)C1;Cc1cnc(C)c(N2CC(c3nc(C4CC4)n[nH]3)C(C3CC3)C2)n1;Cc1nn(-c2ccccc2)c(C)c1C=NNC(=O)C1CCCCC1;CCC(=O)N1CCCC1C1CCCN1c1cnc2ccccc2n1;CN(CC1CCCN(C)C1c1cncn1C)c1ccnc(C#N)c1;O=C(CCN1CCCC1Cn1cccn1)N1CCc2ccccc21;CC(NC(=O)N(C)Cc1cnccn1)c1ccc2c(c1)CCCC2;COc1ccc2c(c1)CN(c1cc(N3CCCC(C)C3)ncn1)C2;c1ccc(OC2CCN(c3cc(NCC4CC4)ncn3)CC2)cc1
m_f22bed,CCCCCn1cc(C(=O)c2cccc3ccccc23)c2ccccc21;CCn1nc(C)c(C(=O)N2CCC(C(=O)O)(c3ccccc3)C2)c1C;Cc1c(C(=O)OCC2CC(=O)N(c3ccccc3)C2)cnn1C(C)C;CC(C)CC1C(=O)NCCN1C(=O)Cc1cc2ccccc2c(=O)[nH]1;Cc1ccc(CC(=O)N2CCCC(c3noc(C4CC4)n3)C2)cc1O;COc1ccc2oc(C(C)NC(=O)Cc3c(C)n[nH]c3C)c(C)c2c1;CCN1CCC2OCCN(C(=O)c3ocnc3-c3ccccc3)C2C1;O=C(NC1CCCNC1=O)C1CC(=O)N(c2ccc3c(c2)CCC3)C1;Cc1cc(C)n(Cc2cccc(C(=O)N3CCC(C(=O)O)CC3)c2)n1;O=C(O)CCC1CCCN(C(=O)Cc2ccc(-n3cccn3)cc2)C1;N#CC1(C(=O)N2CCN(C(=O)c3cccc(O)c3)CC2)CCCCC1;O=C(NC1CCC(C(=O)N2CCSCC2)CC1)N1CCOCC1;Cc1n[nH]c(C)c1CCC(=O)N1CCCC1c1ccc2c(c1)OCO2;CC(NCc1noc2c1CCCC2)c1cccc(N2CCOC2=O)c1;CC(C)c1noc(C23CCCC2CN(C(=O)c2cccc(O)c2)C3)n1;COC(=O)C1CCc2nnc(C3OCCC3c3ccccc3)n2CC1;COc1cc(CNC(=O)c2ccc(C)c(N3CCOCC3)c2)ccn1;Cc1noc(C2CC(O)CN2C(=O)Cc2ccc3c(c2)CCCC3)n1;CCn1cc(NC(=O)NC(c2ccc(OC)cc2)C2CC2)ccc1=O;CC(C)C(=O)NC1CCCN(C(=O)c2cc(O)nc3ccccc23)C1;O=C1NCCN1C1CCCN(S(=O)(=O)CC23CCC(CC2)C3)C1;O=C(NC1CC(Cn2ccnc2)CC1O)c1cccc2c1CCOC2;COc1ccccc1C1(CNC(=O)Cc2ccc(F)cc2)CCCC1;NC(=O)NCc1ccc(C(=O)N(Cc2ccco2)C2CCCC2)cc1;CCC(=O)Nc1ccc(O)c(C(=O)N2CCC(n3cccc3)CC2)c1
m_f24d72,COc1ccc(C)cc1S(=O)(=O)NCCc1cccc(C(=O)O)n1;CNC(=O)c1cccc(CNc2nc(C(F)(F)F)nc3[nH]cnc23)c1;N#CCCN(C(=O)Cn1c(-c2ncccn2)noc1=O)c1ccccc1;CC1(C)CCN(C(=O)c2cnc3ccc(F)cc3c2)CCS1(=O)=O;Cn1nccc1C1C(NS(=O)(=O)c2ccco2)CC(=O)N1C1CC1;CCOC(=O)c1ccc(C)c(S(=O)(=O)N2CCn3cnnc3C2)c1;N#Cc1nccc(N2CCC(c3nc(C4CC4)no3)(C(F)(F)F)C2)n1;COC1CN(S(=O)(=O)c2cccc3c2OCC3)CC1c1c[nH]nn1;COC1CN(S(=O)(=O)c2ccc3c(c2)CCO3)CC1c1c[nH]nn1;CCOC(=O)c1cc(S(=O)(=O)N2CCn3cnnc3C2)ccc1C;O=C(Nc1ccc(F)c(-c2nc[nH]n2)c1)c1ccnc(-n2cncn2)c1;O=C(NCc1ccc2c(c1)OCO2)NCc1ccccc1OC(F)F;Cc1cc(CS(=O)(=O)N2CC3(CCCC3)c3cccc(F)c32)no1;O=C(NC1CC1)C(O)C1CCN(c2nnc(C(F)(F)F)s2)CC1;CC1(C)CN(Cc2csc(CS(C)(=O)=O)n2)Cc2ccccc21;COC1CN(S(=O)(=O)c2ccc3c(c2)COC3)CC1c1c[nH]nn1;CCN(CC)c1ccc2cc(-c3nc4ccccc4s3)c(=O)oc2c1;Cc1nc(C2CCCN(Cc3cc(C(=O)O)sc3C)C2)sc1C;Cn1cc(CCC(=O)N2CSCC2C(=O)NCC(F)(F)F)cn1;COc1ccc(F)cc1S(=O)(=O)N1CCN(c2ccccc2)CC1;COC1CN(C(=O)c2csc(Cc3ccc(F)cc3)n2)CC1OC;Cc1nn(CC(F)(F)F)cc1C(=O)Nc1cccc(-c2nnc[nH]2)c1;Clc1cc(Cl)c2c(c1)CCN(Cc1nnc3n1CCCCC3)C2;Cc1nc(-c2ccccc2)oc1C(=O)N1CCCSc2ccccc21;COc1cc(N2CCN(Cc3ccsc3C(=O)O)CC2)ccc1F
m_f2d901,Cc1noc(C2COCCN2Cc2cccc(F)c2F)n1;Cc1cc(C(=O)Nc2cnccc2O)ccc1-n1cncn1;COCC#CCn1cnc2c(nnn2-c2ccccc2)c1=O;CCn1ccnc(Nc2ccc(OCC(F)F)cc2)c1=O;CCCc1cc(N2CC(S(C)(=O)=O)C2)n2ncnc2n1;Cc1cc(NC(=O)Cn2cc(Cl)cn2)n(C(C)(C)C)n1;N#CC(OC1OC(CO)C(O)C(O)C1O)c1ccccc1;Cc1cc(-n2cncn2)ccc1C(=O)Nc1cnccc1O;CNC(=O)NCc1cn(C(C)c2ccc(F)cc2F)nn1;NC(=O)c1ccc(OCc2nnnn2-c2ccccc2)cc1;CC(=O)N(C)CC(=O)Nc1cc(Cl)ccc1NC1CC1;O=C(NCCc1ccc(F)cc1)c1ccc2nccnc2c1;CC1Oc2ccc(Nc3ncnc4[nH]ccc34)cc2NC1=O;COc1ccc(O)c(C(=O)N2CCOCC2CC(=O)O)c1;Cc1cc(C(=O)Nc2c[nH]nc2-c2ccccc2)ccc1F;O=C(O)CCCC(NC(C(=O)O)c1ccccc1)C(=O)O;CC1CCC(CCC(=O)Nc2ccc(C(=O)O)cc2F)O1;Cc1ccc(C)c(CC(=O)NC2CCCS(=O)(=O)C2)c1;Cc1ccc(-c2cc(C(=O)Nc3ccccc3F)[nH]n2)cc1;N#Cc1cc(F)c(NCC(O)CN2CCCC2=O)c(F)c1;CCc1oc2ccccc2c1C(=O)N1CC(O)(C(F)F)C1;CCN(CC)C(=O)C1CSCN1S(=O)(=O)N(C)C;Cc1noc2ncnc(Nc3ccc4c(c3)CC(=O)N4C)c12;COC(C)(C(=O)N1CCCC1C(=O)O)c1ccccc1F;CCC(C(=O)O)c1ccc(N2Cc3ccccc3C2=O)cc1
m_f55e93,COc1cc2c(cc1OC)C(CC(=O)O)N(C(=O)c1cccc(C)n1)CC2;CC(C)NC(=O)CN1CCN(C(=O)NCc2ccc(Cl)cc2F)CC1;O=C(Nc1ccc2c(c1)CN(C(=O)C1CC1)CC2)c1ccc2ccccc2c1;Cc1[nH]c2cc(=O)[nH]n2c(=O)c1CCC(=O)NC(CO)Cc1ccccc1;COc1cc(OC)cc(C(=O)Nc2ccc(N3CCCC3=O)c(OC)c2)c1;COC(=O)c1ccc(NC(=O)c2ccnc(OCC3CCOCC3)c2)cc1;CC(C)CN(Cc1ccc(F)c(Cl)c1)C(=O)C1CCC(C(=O)O)NC1;CCC1(CC)NC(=O)N(CC(=O)NCc2ccnc(-n3ccnc3)c2)C1=O;COc1ccc(C(=O)NCC(c2ccccc2)c2c[nH]c3ccccc23)cc1;Cc1ccccc1N1CCN(CC2=Nc3ccccc3S(=O)(=O)N2)CC1;O=C(O)c1ccc(CNC(=O)C2CCCN(Cc3cccc(F)c3)C2)cc1;COc1ccc(Nc2ccccc2C(=O)N2CCOC(CC(=O)O)C2)cc1;COCc1cccc(NC(=O)C2CCN(C(=O)c3ccc(F)cc3)CC2)c1;Cc1ccc(N2CCC(C(=O)N(C)Cc3cc(C(=O)O)c(C)o3)C2=O)cc1;COc1cccc(C(C(=O)O)N2CCCC(CN(C)S(C)(=O)=O)C2)c1;CCC(Cc1ccc(NS(=O)(=O)N2CCC(OC)CC2)cc1)C(=O)O;O=S(=O)(Cc1ccccc1)N1CCN(Cc2nc3ccccc3[nH]2)CC1;CC(NC(=O)Cn1c(-c2cscn2)nc2ccccc21)C1CCOCC1;O=C(COc1ccccc1C(F)(F)F)NC1CCN(C(=O)C2CC2)CC1;O=C(O)C1CCC(C(=O)N(Cc2ccccc2)Cc2ccc(F)cc2)CN1;COc1cccc(Nc2ccccc2C(=O)N2CCOC(CC(=O)O)C2)c1;COc1ncc(NC(=O)N2CCCN(c3ncccc3F)CC2)cc1C#N;Cc1oc(CN(C)C(=O)CCN2C(=O)CCc3ccccc32)cc1C(=O)O;C=CCNC(=O)c1cccc(-c2noc(CN3CCCCC(O)C3=O)n2)c1;CC(C)(C)c1[nH]ncc1C(=O)N1CCN(c2ncnc3sccc23)CC1
m_f5c42c,CC1(O)CCN(C(=O)NCC2CC(c3ccccc3)C2)C1;CC1CN(C(=O)C2(C)CCNC2)CC(c2ccccc2)O1;CN1CCCC1C(=O)NCC1CCOC1c1ccccc1;Cc1ccccc1C1(CNC(=O)NC2CCOCC2)CC1;COc1ccccc1C1CCN(C(=O)C2(N)CCCC2)C1;NC(=O)CC1CCCN(Cc2cccc3c2CCOC3)C1;O=C(NCC1(O)CCC1)NC(Cc1ccccc1)C1CC1;O=C(NCCN1CCC(O)CC1)C1CC1c1ccccc1;Cc1ccccc1C1(CNC(=O)C2NCCOC2C)CC1;Cc1cnccc1OC1CCN(C(=O)C2CCCC2)CC1;CN(C(=O)NC1CCC(O)CC1)C1CCc2ccccc21;CC1OCCC1NCC1CC(=O)N(C)C1c1ccccc1;CC1CC(O)CN(C(=O)NCC2CC2c2ccccc2)C1;CC(C)C1(O)CN(C(C(=O)NC2CC2)c2ccccc2)C1;C1CCc2c(CNC3C4CCOC4C34CCC4)noc2C1;Cc1ccccc1C1CN(C(=O)C2CCCC2N)CCO1;COc1ccccc1C1CCCN1CC(=O)NCC1CC1;CCOCC1CCN(C(=O)C2(N)Cc3ccccc3C2)C1;COC1CC(CO)N(Cc2ccccc2C(C)(C)C#N)C1;CC1c2ccccc2CCN1C(=O)CNCC1CCCO1;CC12CCC3C(CCC4CC(=O)CCC43C)C1CCC2=O;CC(NC(=O)N1CCOC(Cc2ccccc2)C1)C1CC1;Cc1ccc(CNC(=O)NC2CC23CCOCC3)c(C)c1;NC(=O)CC1(O)CCCN(CCC=Cc2ccccc2)C1;CCOCC1CCN(C(=O)C2Cc3ccccc3CN2)C1
m_f7002e,O=C(NC1CCC(O)CC1)C1CC1c1cccc(Br)c1;O=C(Nc1nnc(-c2cccs2)[nH]1)c1ccc(-n2ccnn2)cc1;Cn1ncc(N2CC3CC4CC(C3)CC2C4)c(Br)c1=O;CS(=O)(=O)c1cccc(OCCN2CCc3sccc3C2)c1;Cc1c(C(=O)N2CCOC(CC(=O)O)C2)sc2ccc(F)cc12;CC1CN(C(=O)c2ccc(-c3ccccc3F)o2)CCS1(=O)=O;CS(=O)(=O)C1CCN(C(=O)c2ccc(-c3ccc(F)cc3)o2)C1;CS(=O)(=O)c1nc(C(=O)N2CCCC2C(=O)O)c2ccccn12;CN(CC1=Nc2ccccc2S(=O)(=O)N1)c1ccc(F)c(F)c1;CCC1C(=O)NCCN1S(=O)(=O)c1ccc(C(F)(F)F)nc1;O=C(NC1CCC(O)CC1)C1CC1c1ccc(Br)cc1;CN1CC(NC(=O)c2cn(-c3cccc(Cl)c3F)nn2)CC1=O;O=C(Nc1cccc(-c2nnc[nH]2)c1)c1csc(-c2ccoc2)n1;O=C1OCCC1Sc1nc(-c2ccccc2)c(-c2ccccc2)o1;CCS(=O)(=O)c1ccc2oc(-c3ccc4ccccc4c3)nc2c1;O=C(NCc1ccc(S(=O)(=O)Nc2nccs2)cc1)C1CC1;O=C(c1cncc(Br)c1)N1CCC(N2CCCC2)CC1;O=C(CCc1cccc(Cl)c1)N1CC(Cn2cc(Cl)cn2)C1;CS(=O)(=O)C1CCCN(C(=O)c2cc3ccccc3s2)CC1;Fc1ccc(-n2ncc3c(SCc4ccccn4)ncnc32)cc1;O=C(Nc1ccc2[nH]nnc2c1)c1cccc(OCC(F)(F)F)n1;NS(=O)(=O)c1cccnc1NCC1(c2ccc(Cl)cc2)CC1;CCOC(=O)c1ccc(NS(=O)(=O)CCC(C)(F)F)c(O)c1;CCOC(=O)c1ccc(S(=O)(=O)Nc2noc(C3CC3)n2)cc1;O=C(NCCc1ccc(Cl)cc1Cl)C1CCCc2[nH]ncc21
m_f7302f,CCn1ncc(C(=O)N2CCCNCC2)c1C(F)(F)F;CN(CCN1CCCC1)C(=O)c1ccoc1C(F)(F)F;CC(C)n1ncc(C(=O)N2CCNCC2)c1C(F)(F)F;CC(C)N1CC(NS(=O)(=O)CC2CCOC2)CC1=O;CN1C(=O)CCC1CNC(=O)c1cc(=O)[nH]c(C2CC2)n1;O=C1CCCC(C(=O)NC2CCCc3cc(F)ccc32)N1;COCC1(C)CCN(C(=O)c2c[nH]c3cccc(F)c23)C1;CC(Nc1ncccc1C#N)c1ccc(-n2cncn2)cc1;c1ccc(-c2n[nH]cc2CNc2cnc3[nH]ncc3c2)cc1;OC(CNc1ccc2ccc(F)cc2n1)C1CCOCC1;Cn1nccc1C(=O)NCC1CCN(CC(F)(F)F)C1;Cc1ccoc1C(=O)N1CCCC(O)(Cn2ccnn2)C1;c1cncc(-c2n[nH]cc2CNc2ccc3[nH]ncc3c2)c1;CC(N)C1CCCCN1C(=O)C1CSc2ccccc21;Cc1c(C#N)cccc1C(=O)N1CCC(c2ccccc2)C1;CN(C)c1cccc(CNC(=O)NCCC(F)(F)F)n1;O=c1c2ccc(F)cc2ncn1CC(O)CC1CCCC1;CC(N)C1CCCN(C(=O)C2CSc3ccccc32)C1;COC1CN(C(=O)c2coc(C)c2)CC1c1cn(C)nn1;CC1(C)COCCN1Cc1coc(-c2cccc(F)c2)n1;CCc1occc1C(=O)N1CCCC(c2nnc(N)o2)C1;CC(CN1CC(c2cc(CO)on2)C1)c1ccc(F)cc1;CC1(C)COCCN1Cc1coc(-c2ccc(F)cc2)n1;Cc1ccc(-c2ccccc2)cc1NCc1ccc(=O)[nH]c1;Cc1ncoc1C(=O)NC1CCCC1Oc1cnn(C)c1
m_f82743,Cn1cc(CC(=O)N2CCCC2(C)Cc2cccc(F)c2)cn1;Fc1ccc(Cn2cc(CN3CCOCC34CCC4)cn2)cc1;Cc1n[nH]c(C)c1C(C)C(=O)NC(c1ccc(F)cc1)C1CC1;Cn1ccnc1CN1CCCN(C(=O)c2cccnc2O)CC1;Cc1cc(CNC2CC(=O)N(C3CC3)C2c2ccnn2C)on1;CC(C)c1[nH]ncc1C(=O)N1CCC(c2nc(C3CC3)no2)C1;CN1CC(NC(=O)COc2cccnc2)C(c2cncn2C)C1;Cc1noc(C23CCCC2CN(C(=O)c2n[nH]c(C)c2C)C3)n1;Cc1noc(C2CC2)c1NC(=O)Nc1ccc(C(C)(C)C)nn1;Cc1cnn(CC(=O)NCc2ccncc2OC2CCNC2)c1;Cc1noc(C23CCCC2CN(C(=O)c2nc(C)[nH]c2C)C3)n1;Cc1nnc(C2CCCN(C(=O)c3n[nH]c4c3CCC4)C2C)o1;CCn1ccnc1C1OCCC1NC(=O)Nc1cncc(C)c1;CCn1nccc1C1OCCC1NC(=O)c1cnc(C)nc1C;CNc1ncccc1C(=O)NC1CC(Cn2ccnc2)CC1O;O=C(C1CCCCO1)N1CCC(Nc2ccc3nccn3n2)C1;COc1cc(CN2CC(C(N)=O)C(c3cnn(C)c3)C2)ccn1;O=C(NCCOc1ccccc1)c1ncn(C2CCCNC2)n1;Cc1ncc(C(=O)NC2CCCC2Oc2cnn(C)c2)c(C)n1;Cc1cncc(NC(=O)NC2CCCOC2c2cnn(C)c2)c1;Cc1ccc(OCC2CCN(C(=O)c3cc(C)nn3C)C2)nn1;Fc1ccccc1-n1ccc(CN2CCCC3(CCOC3)C2)n1;CNc1ccc(C(=O)NC2CC(Cn3ccnc3)CC2O)nc1;COc1cccc(N2CCN(C(=O)C(C)n3cncn3)CC2)c1;Cn1ncnc1CNC(=O)N1CCOC(Cc2ccccc2)C1
m_f858ee,CCOc1nc(C(=O)N2CCCc3c2cccc3C(F)(F)F)co1;CC(C(=O)Nc1sc(-c2ccccc2)cc1C(N)=O)n1cccn1;Cc1nn(CC(=O)NC2CC2)c(=O)c2nc(-c3ccccc3)sc12;COc1ccc(-n2cc(C(=O)Nc3ccccc3SC)nn2)cc1;CCOc1nc2cccc(C(=O)O)c2n1Cc1ccc(C(=O)O)cc1;CCOC(=O)CSc1nnc(-c2cccnc2)n1-c1ccccc1;Cc1nc(C(=O)Nc2ccc3ncn(C4CC4)c(=O)c3c2)c(C)s1;CCc1c(NC(=O)c2ccncc2Cl)cnn1-c1ccccc1C;Cc1cc(=O)n(CC(=O)NCc2cccnc2-c2cccs2)cn1;CNS(=O)(=O)c1ccc(CCC(=O)N2CCCC2C(=O)O)cc1;O=C(C1CN(c2nnc(C3CC3)s2)CCO1)N1CCSCC1;CC1COC(c2cccc(C(F)(F)F)c2)CN1C(=O)c1ccon1;Cc1cc(C(=O)NC(C)c2nc(-c3cccnc3)cs2)cc(O)n1;O=C(Nc1cccc(Cl)c1N1CCCC1)c1cc2ccccc2o1;COc1ccc(S(=O)(=O)N2CCC3(CCOC3)C2)cc1C(N)=O;COC1CC(c2nncn2C)N(S(=O)(=O)c2ccccc2F)C1;Cc1nc(C)c(C(=O)N2CCc3nc4ccccn4c(=O)c3C2)s1;CC(C(=O)c1ccc(F)cc1)n1cnc(-c2ccc(F)cc2)cc1=O;CC1(F)CCN(C(=O)c2nc(S(N)(=O)=O)c3ccccn23)CC1;CCN(C(=O)c1ccc(-n2cncn2)c(C)c1)c1ccccc1Cl;CC(C)c1c(O)cc(-c2ccncc2)n(-c2ccc(Cl)cc2)c1=O;COCc1ccc(CNC(=O)c2ccc(C(F)(F)F)c(=O)[nH]2)cc1;Cn1cc(-c2ncc(C(=O)N3CCOc4ccccc4C3)s2)cn1;Cc1ccc(Cc2nc(C(=O)NC3(c4ncon4)CC3)cs2)cc1;Cc1ccc(S(=O)(=O)NCC2CCC(c3ncn[nH]3)O2)cc1F
m_f866a0,Cn1nc2c(c1NC(=O)C1CCN(S(=O)(=O)c3cccs3)CC1)CCC2;Cc1c(C(=O)NC(C(=O)O)c2ccccc2)nnn1-c1ccc2c(c1)OCCO2;Cc1cc(S(N)(=O)=O)ccc1CNc1ccc2nnc(-c3ccccc3)n2n1;Cc1c(C(=O)NCc2cccc(C(=O)O)c2)nnn1-c1ccc2c(c1)OCCO2;CC(C)(C)C(NS(=O)(=O)Cc1ccc(F)cc1)c1nc(-c2nnc[nH]2)no1;COc1cc(C(=O)N2CC3CC4CC3C2C4OC)cc(Cl)c1OCC(N)=O;O=C(Nc1ccc(N2CCN(c3ccccc3)C2=O)nc1)c1cc(F)cc(F)c1;COc1ccc(N2CC(C(=O)Nc3ccc(-c4noc(=O)[nH]4)cc3)CC2=O)cc1;O=C(O)C1CCN(S(=O)(=O)N(CCC(F)(F)F)Cc2ccccc2)CC1;COCc1nc2n(n1)CCCC2NS(=O)(=O)c1ccc2c(c1)OCCCO2;O=C(O)CCN(C(=O)C1CCN(c2ccc(Cl)cc2)C1=O)C1CCOCC1;COc1ccc(-c2nnc(SCc3c[nH]nn3)n2-c2ccc(OC)cc2)cc1;Cc1cc(C)n(C(CNC(=O)c2ccc(C(F)(F)F)nc2)c2ccsc2)n1;COC1CNCCC1C(=O)NCc1cc(C(F)(F)F)cc(S(C)(=O)=O)c1;NS(=O)(=O)c1cc(C(=O)N2CCCCC2Cc2ccc(F)cc2)ccc1F;O=C(NC1CC(=O)N(C2CC2)C1)NC1CCN(c2ccc(F)c(Cl)c2)C1=O;O=C(O)c1ccc(C(=O)N2CCCN(c3ccc(C(F)(F)F)cn3)CC2)cn1;Cc1c(C(=O)NCc2ccc(C(=O)O)cc2)nnn1-c1ccc2c(c1)OCCO2;Cc1nn(CCNC(=O)c2ccc(C(F)(F)F)nc2)c(C)c1-c1ccsc1;Cc1cc2c(cc1Cl)N(C(=O)Nc1ccc(Oc3cccnc3C)nc1)CC2;Cc1ccc(S(=O)(=O)N2CCN(Cc3csc(C(=O)O)c3)CC2)cc1C;CCOc1ccc(S(=O)(=O)N2CCCC(c3nncn3C)C2)cc1C(=O)O;CC1(C)COC(c2cccc(F)c2)CN1S(=O)(=O)c1cncc(C(=O)O)c1;O=C(Nc1nnc(C2CCOCC2)s1)NC1(c2ccc(F)cc2F)CCC1;CC(=O)NC1CN(C(=O)Cc2cc(Cl)ccc2Cl)CC1c1ccnn1C
m_f8bf38,COc1nc(C)ccc1C(=O)NC1CC(C(=O)O)C1;CSCC(=O)Nc1cccc(NC2CCCC2)c1;Cn1c(NCc2ccc(F)c(F)c2)nnc1C1CC1;O=C(NCCSc1ccccc1)C1CCCNC1;Cc1ccc(F)cc1C(=O)N1CC(C)C(C(N)=O)C1;CC(C)c1ccc(-c2cc(=O)c3ccccc3o2)cc1;CCN1CC(NC(=O)c2ccc(C)c(F)c2)CC1=O;NC1CCC2CN(C(=O)CCc3cccs3)CC12;COc1ccnc(C(=O)NC(CC2CC2)C(=O)O)c1;O=c1nc(CN2CCCC(CC(F)(F)F)C2)[nH][nH]1;COc1ccc(C=C2CCc3ccccc3C2=O)cc1;O=C(Nc1ccc(-c2cc[nH]n2)cc1)c1ccncc1;Cn1ccc(C(=O)N2CCC(C(=O)O)CC2)cc1=O;Fc1cnc(NCC2CCC(c3ncn[nH]3)O2)nc1;Cc1cc(NC(=O)C2CCN(C)C(=O)C2)ccc1F;Cc1cnc(C(=O)Nc2ccc3ccccc3n2)cn1;Cc1cncc(NC(=O)C2C3Cc4ccccc4C32)c1;CCc1cc2c(N(C)CC(=O)NC)ncnc2s1;Cc1nc(C(C)C)sc1C(=O)NCc1ccco1;O=C(O)C1CCN(C(=O)Cn2cc(C3CC3)nn2)C1;O=C(O)C1CCCN1C(=O)Cn1cc(C2CC2)nn1;COc1nc(C)cc(N(C)Cc2scnc2C)n1;Cc1cc(F)cc(C(=O)N2CC(C)C(C(N)=O)C2)c1;CCNC(=O)COC(=O)c1cccc(NC(C)=O)c1;O=C(NCC1CSC1)Nc1ccc(C2CC2)nn1
m_f8d39e,c1ccc(C2CC(NCc3ccnc(OC4CCOC4)c3)C2)cc1;O=C(NCc1ccc(C2CC2)cc1)N1CCC(c2c[nH]cn2)CC1;CCCN(Cc1ncccc1C(=O)O)C1CCc2ccccc2C1;CC(C)Oc1ccc(CNC(C)c2nc3ccccc3n2C)cn1;CC(C)C(C(=O)N1CCN(c2cccnn2)CC1)c1ccccc1;O=C(CCC1CCCC1)Nc1ncccc1OCc1ccccc1;COC(=O)C1(Nc2ccccc2)CCN(Cc2ccccc2)CC1;COc1ccc(C(=O)Nc2ccc(N3CCCCC3C)cc2)cc1;CN(c1ncnc2c1cnn2C)C1CCCN(c2cccnn2)C1;Cc1nc(CC2CC2)oc1C(=O)N1CCCC(c2ccccc2)C1;CC(NC(=O)C1(Cc2ccccc2)CC2CCC1C2)c1nc[nH]n1;Cc1nnccc1NC(=O)N1CCC(CCc2ccccc2)CC1;O=C(NCCCN1CCc2ccccc2C1)NCc1cccnc1;Cc1cc(C)c2c(c1)CCN(C1CCN(c3cnn(C)c3)C1=O)C2;Cc1nccc(CNC(=O)N2CCCC2CCc2ccccc2)n1;Cc1nnccc1NC(=O)N1CCC(C)(C)C(c2ccccc2)C1;CC(O)c1ccc(CNC(=O)N2CCC(c3ccccc3)C2)cc1;CC(C)(NC(=O)C1CCN(c2cnccn2)CC1)c1ccccc1;Cc1cc(NC(=O)c2cccc(CN3CCN(C)CC3)c2)ccn1;CC1(C(=O)N2CCC(c3cc(-c4ccncc4)[nH]n3)CC2)CCC1;Cc1cccc(NC(=O)CCCCC(=O)Nc2cccc(C)c2)c1;CC(=O)Nc1ccc(F)c(C(=O)NCC(C)(O)CCC(C)C)c1;Cc1cc(C)cc(CCNC(=O)NC2c3ccccc3CC2O)c1;CNC(=O)COc1ccccc1CNCC1(c2ccccc2)CC1;Cc1cc(=O)c(C(=O)NC2c3ccccc3CCC2C(C)C)c[nH]1
m_f8ef30,O=C(CCc1nccs1)N1CCN(CCO)CC1;Cc1nc(C)c(C(=O)NCC(=O)NC(C)(C)C)s1;CCc1ncc(C(=O)NCCN2CCOCC2)s1;Cc1ncc(C(=O)NCCN2CCOCC2C)s1;CC(C)(C)N(CC(N)=O)CC(=O)NCC(F)(F)F;Cc1n[nH]c(C)c1CNC(=O)c1cc(C(F)F)[nH]n1;N#CCc1ccc(NCc2cnc(C3CC3)s2)cc1;CCS(=O)(=O)c1ccc(NC2CCCC2O)cc1;COC(O)(CC(C)C)C1Oc2cc(C)[nH]c(=O)c2O1;CCc1nnsc1C(=O)N1CC(C)OC(C)(C)C1;CCc1cnc(N2CCN(CCC(=O)O)CC2)s1;CCC1COCCN1C(=O)c1csc(CCN)n1;CC1(C)CN(C(=O)c2csc(CCN)n2)CCO1;O=C(O)c1sccc1CN1CCCCCC1CO;Cn1cnnc1C1CN(c2ccc(C#N)cc2)CCO1;Cc1cnc(Cn2cnc3c(N(C)C)ncnc32)cn1;C=CCCS(=O)(=O)N1CCCc2c(cnn2C)C1;CC(C)NS(=O)(=O)N1CCCC1c1cccnc1;CCCCc1c(-c2ccccc2F)[nH]c2nccnc12;CNS(=O)(=O)N1CCCC(c2ccncc2)CC1;COc1cc2c(cc1OC)C(c1ccccc1)NCC2;Cc1cccc(N2CCCC(NS(C)(=O)=O)C2)n1;N#Cc1cc(C(=O)NCC2CCc3nccn3C2)c[nH]1;COC(=O)CN1CCN(c2nc(C)c(C)s2)CC1;CN(CC1CCc2nccn2C1)S(=O)(=O)C1CC1
m_fb2bcc,Cc1csc(C2CCN(C(=O)c3cccnc3NC(C)C)CC2)n1;Cc1ccc2ncc(CN3CCCC3C(=O)N3CCSCC3)n2c1;COC(=O)C1CCN(C(=O)NCc2oc3ccccc3c2C)CC1C;O=C1CC2CCC(CN1)N2C(=O)c1cccc(OCC2CCCO2)c1;CCC(CC)(CNC(=O)c1cccc(NC(=O)c2ccco2)c1)OC;CC(NC(=O)NC(C)c1nc(C(C)(C)C)cs1)C(=O)NCCF;CC(NC(=O)NC1CCC(CO)CC1)(c1ccccc1)C(F)(F)F;COC1COCC1NC(=O)N1CCCC2(C=Cc3ccccc3O2)C1;COCc1ccc(CNC2CCC(C(F)(F)F)N(C(C)=O)C2)cc1;CC(C)C(=O)N1CCCN(C(=O)C2(S(C)(=O)=O)CCCC2)CC1;O=C1CCCc2cc(C(=O)NC3CCOC34CCOCC4)ccc2N1;CC(=O)N(O)CCCC1NC(=O)C(CCCN(O)C(C)=O)NC1=O;CN(CC1CC(F)CN1Cc1cnn(C)c1)C(=O)c1cc(C#N)c[nH]1;CCc1noc(C)c1C(=O)NCc1ccc(OCC2CCCO2)cc1;CC(=O)OC(C)(C)C(=O)NCC1(N2CCOCC2)CCSCC1;CCOc1nccnc1N1CCCC(c2nc3c(s2)CCCC3)C1;O=C(O)c1cccc(CCNC(=O)C2CC(=O)N(C3CCCC3)C2)c1;Cc1ccc(Nc2nc(Nc3ccccc3)c3cnn(C)c3n2)cc1C;Cc1cc(N)n(-c2cc(N3CCSC4(CCCCC4)C3)ncn2)n1;Cc1ccc(Nc2nc(Nc3ccccc3)nc3c2cnn3C)c(C)c1;Cc1ccc(Nc2nc(Nc3ccccc3C)c3cnn(C)c3n2)cc1;CNCC1CCN(C(=O)c2ccc(-c3ccc(F)cc3C)c(F)c2)C1;CNCC1CCCN(C(=O)C(C)Oc2ccccc2C(F)(F)F)C1;Cc1cc(N2CC(n3c(C4CC4)nc4ccccc43)C2)n2nccc2n1;Cc1ccccc1OCC(=O)N1CCN(CC(O)c2ccco2)CC1
m_fb6996,CCOC(=O)c1ccc2c(c1)N(CC(=O)NC1CCN(C(C)=O)CC1)CCO2;CCOC(=O)C1=C(NC(=O)Cc2ccccc2)c2ccccc2CC12CCCC2;CCOC(=O)C1C(=NC(=O)Cc2ccccc2)c2ccccc2CC12CCCC2;CN(CC(=O)O)CC1CN(C(=O)C2CC(=O)N(Cc3ccccc3)C2)CCO1;CC(Oc1ccc(NC(=O)c2cn(C)nc2C2CCCCC2)cc1F)C(=O)O;Cc1nc(CN2CCN(C(=O)C3(c4cc(F)cc(F)c4)CCCC3)CC2)n[nH]1;CCc1cccc2c(C(=O)N3CCOC4(CCS(=O)(=NC)CC4)C3)c[nH]c12;CCN(CCNC(=O)c1ccc(C)c(NS(C)(=O)=O)c1)c1ccccc1C;CCOc1cc(C(O)=Nc2ccc(OC)c(OC)c2)cc(OCC)c1OCC;CCCNC(=O)CNC(=O)C1CCN(c2ncnc3sc(C)c(C)c23)CC1;COc1cc2nc(N(C)CCCN=C(O)C3CCCO3)[nH]c(=N)c2cc1OC;Cc1cccc(C(=O)Nc2c(C(=O)N3CCC(C)CC3)[nH]c3ccc(C)cc23)c1;COc1cc2nc(N(C)CCCNC(=O)C3CCCO3)nc(N)c2cc1OC;CC(C)C(C(=O)NCCc1c[nH]c2ccccc12)n1nnc2ccccc2c1=O;COc1cccc(C2N=C(Nc3ccc(C)cc3C)Nc3nc(C)cc(=O)n32)c1;C=CC(C)(C)C12Cc3c(O)nc(Cc4c[nH]cn4)c(=O)n3C1Nc1ccccc12;COc1cc(CCC(=O)NCC(c2ccccc2)c2c[nH]c3ccccc23)on1;CCc1nc(C#N)c(N2CCN(c3cc(Nc4ccc(C)cc4)ncn3)CC2)o1;O=C(NCC1CCCO1)c1cccc(NC(=S)NC(=O)C2CCCCC2)c1;CN1C(=O)CC(C(=O)NCc2ccc(-c3ccncc3)cc2)C1c1nccn1C;CCOC(=O)N1CCC(NC(=O)C2CC(=O)N(c3ccccc3OC)C2)CC1;O=C(NCCC1CN(c2ncnc3[nH]ncc23)c2ccccc21)C1C2CNC1C2;Cc1cn(-c2ccccc2)nc1C(=O)Nc1ccc2c(c1)CN(CC(N)=O)CC2;COCc1cnc(OC)c(CNC2CCN(c3cc(=O)n(C)c(=O)n3C)C2)c1;CC1=CCC(C(=O)O)C(C(=O)Nc2ccc(-c3cn4cccc(C)c4n3)cc2)C1
m_fbf20a,CC1(C(N)=O)CCCCN1CC(=O)NC1CCOCC1;CC(=O)NCC1CN(C(=O)C2(N)CCCCC2)CCO1;CC(C(=O)O)N1CCN(CC(=O)N2CCCCC2)CC1;CCC(C(=O)O)N1CCN(CC(=O)N2CCCC2)CC1;CC1CCC(C(N)=O)CN1C(=O)CNCC1CCCO1;COCC(=O)N1CCC(NC(=O)NC2CCCC2)CC1;c1nc(NC2CC23CCCCC3)c2ncn(C3CC3)c2n1;CCn1nc(C)c(CNC(=O)C2Cc3ccccc32)c1C;CCCC1(COC)CCCN1Cc1nc(COC)no1;CC1CCN(C(=O)Cn2ccc(-c3ccccc3)n2)CC1;CC(=O)N1CCN(C(=O)CN2CCOCC(C)C2)CC1;COCC(O)c1ccc(OCC(O)CNC(C)C)cc1;CCCCCC=CC=CCNC(CCC(=O)O)C(=O)O;COC(=O)C1(NC(=O)C2C(C)(C)C2(C)C)CCOCC1;O=C(C1CCC1)N1CCCC1Cn1cnc2ccccc21;CC(C)N1C(=O)NC2CN(C(=O)CC(C)(C)O)CCC21;CC1CCc2ccccc2N1C(=O)CCc1cnn(C)c1;CC(C(=O)CCCCC(O)C(C)O)C(=O)N1C=CCC1;COC1CN(C(=O)C2(C3CC3)CCOCC2)CC1OC;CCCNC(=O)CCNC(=O)N1CCC2(CCOC2)C1;O=C(O)CC1CCCN(C(=O)CC2CCOCC2)CC1;Cc1nn(C)c(NC(=O)CC2CC2c2ccccc2)c1C;COC(C)c1noc(CNC2CC(C)(C)OC2(C)C)n1;CCc1cccc(CC(=O)NC2CCc3[nH]ncc3C2)c1;Cc1cc(N2CC(C)OC(c3ccccc3)C2)nc(C)n1
m_fd4556,CN(C)c1ccncc1C(=O)NC1CCN(C2CCOCC2)C1=O;CNC(=O)C12CCOCC1CN(C(=O)c1cc3n(n1)CCCC3)C2;Cc1ccc(NC(=O)N2CCN(C(=O)C3CCCO3)CC2)c(C)n1;COc1cccc(C(=O)NC2CCC(=O)NC2C2CCCO2)c1C;CCCn1nccc1C(=O)NCC1CC(c2nncn2C)CC1O;CN1C(=O)COC(C(=O)N2CCC3(CCC3)C2)C1c1cnn(C)c1;CC(=O)NC1(c2nc(C)no2)CCN(Cc2cncn2C(C)C)C1;CC1Cc2c(C(=O)N(CCC#N)C3CCOCC3)n[nH]c2C(C)O1;CC(C)(C)c1nnc(CN2CCCC(c3cc(C(N)=O)[nH]n3)C2)o1;CC(C)c1occc1C(=O)NCC1CC(c2nncn2C)CC1O;Cc1cc(Cn2nnc(C(=O)NCC(C3CC3)N(C)C)c2C)on1;CCC1CCCCCN1C(=O)c1cc(N2CCCC2=O)ccc1F;O=C(O)c1cccc(CNC(=O)N2CCC(OC3CCC3)CC2)c1;CC1Cc2c(C(=O)NCc3nnc(C(C)C)n3C)n[nH]c2C(C)O1;CC(C)(C)n1cc(C(=O)N2CCCC(O)(Cn3ccnn3)C2)cn1;CCC1CCCCN1C(=O)COC(=O)c1ccc(NC(C)=O)cc1;CC(C)(C)n1cc(C#N)cc1NC(=O)NC1CCN(C(N)=O)CC1;CC(C)NC(=O)CCCC(=O)NC1CCCC(S(C)(=O)=O)C1;Cc1cc(NCCc2ccccc2)cc(=O)n1CCc1ccccc1;Cn1ccnc1C1OCCCC1C(=O)N1CC(=O)N(CC2CC2)C1;O=C(NC1CCCCC1)N1CCN(C(=O)c2ccc(O)nc2)CC1;COC1CC(c2nncn2C)N(C(=O)c2cc(C(C)(C)C)n[nH]2)C1;CC(C)(O)c1ccc2c(c1)C(O)CC1C(C)(C(=O)O)CCCC21C;CCCc1ccc(C(=O)NC2CCCCN(CC(=O)O)C2=O)cc1;CCC(C)Cc1nc(-c2cc(CN3CCOCC3)c[nH]c2=O)no1
m_fd693e,CCN(C)C(=O)NCCOc1ccc(C(F)(F)F)cn1;O=C(O)C1CCCCN1C(=O)CC=Cc1ccc(F)cc1;CC1(C(=O)O)CCN(C(=O)C2CC2c2cccc(F)c2)C1;O=C(O)C1CCN(C(=O)Cc2ccc3c(c2)OCO3)CC1;O=C(Cc1ccc2c(c1)OCO2)NC1CCC(C(=O)O)C1;O=C(O)C1CCCCN1C(=O)C1COc2ccccc2O1;O=C(CCOCC(F)(F)F)NC1CCc2nccn2C1;O=C(O)CC1COCCN1C(=O)C1CCC(F)(F)CC1;CC1(NC(=O)C(F)(F)C2(O)CCCCC2)CCOC1=O;COc1ncccc1OCc1nnc(C2CCCOC2)o1;OC1CC(c2cc(F)ccc2F)N(Cc2ncccn2)C1;OC1CN(CCCOCCc2ccc3sccc3c2)C1;O=C(NC1CCCC1)c1ccn(-c2ccc(F)cc2F)n1;c1ccc(-n2nnnc2SCCN2CCOCC2)cc1;COC1CS(=O)(=O)CC1NC(=O)C1CCOC(C)C1;O=C(CC1=CCCCC1)NC(C(=O)O)c1ccccc1F;CC(C)c1ncsc1C(=O)Nc1nnc2n1CCCC2;O=C(NCC(=O)N1CCCC1)c1cc(F)cc2[nH]nnc12;CC=CC(O)C1OC(=O)CC1Nc1ccc(C(=O)O)cc1;CCn1c(NC(=O)c2ccncc2)nc2cc(C#N)ccc21;O=C(NCC1CCN(CC(F)(F)F)CC1)c1ccon1;O=C(Cn1cnnn1)N1CCOC(c2ccc(F)cc2)C1;Cc1csc(C2CCCCN2C(=O)Cn2cncn2)n1;Cn1nccc1C(=O)N1CCN(Cc2cscn2)CC1;NCC(=O)N1CC(NC(=O)c2ccccc2)CC1C(=O)O
m_fe6eaa,O=C(Nc1nnc(Cc2ccccc2)s1)N1CCCC1C(F)F;Cc1cc(O)cc(=O)n1CC(=O)NCc1cccc(OC(F)F)c1;COc1ccc2cc(C(=O)NC(CC(F)F)C(=O)O)c(C)nc2c1;Nc1nc(O)cc(C2CCN(C(=O)c3cc(F)c(F)cc3F)C2)n1;CNC(=O)C1CCC(C(=O)O)N(C(=O)c2cc(C)cc(Cl)c2)C1;O=C(NCc1cc(Cl)cc2c1OCC2)C1CCC(C(=O)O)NC1;N#Cc1ccc(C(F)(F)F)nc1N1CCC(c2nc(=O)[nH][nH]2)CC1;O=C(NC1(C(=O)O)CCC1)C1CC(=O)N(c2cc(F)cc(F)c2)C1;CC(C)N(C)C(=O)c1ccc(Cl)c(NC(=O)C2CC2C(=O)O)c1;Cn1cc(C(=O)Nc2c(F)cccc2Oc2ccccc2)ccc1=O;CC(NC(=O)C1CCCC1)C(=O)Nc1ccc(Cl)c(C(=O)O)c1;CN(C)CCN(CC(=O)O)C(=O)C1=Cc2cc(Cl)ccc2OC1;O=C(O)C1CCN(C(=O)C2CC(=O)N(c3ccc(F)cc3F)C2)C1;CN(C)C(CNC(=O)c1cc(C(=O)O)co1)c1c(F)cccc1F;CNC(=O)C1CCC(C(=O)O)N(C(=O)c2cccc(Cl)c2C)C1;O=c1[nH]c2ccc(S(=O)(=O)N3CC(N4CCC(O)C4)C3)cc2[nH]1;CC(C)=CCc1c(O)cc2occ(-c3ccc(O)cc3)c(=O)c2c1O;CNC(=O)C1CCC(C(=O)O)N(C(=O)c2cc(Cl)ccc2C)C1;CN(CC(=O)N1CCC(C(=O)O)CC1)C(=O)c1cccc(Cl)c1;CC(C)=CCc1c(O)cc(O)c2c(=O)cc(-c3ccc(O)cc3)oc12;Cc1ccccc1-n1ncc2c(=O)n(CC(O)C(F)(F)F)cnc21;NS(=O)(=O)c1ccccc1CN1CCCc2cc(F)c(F)cc21;CC(=O)N1CC(O)CC1C(=O)NCc1cc(Cl)cc2c1OCC2;O=C(NCC1CCCc2ccccc21)Nc1nnc(C(F)F)s1;Cn1nc(C(F)(F)F)c2cc(C(=O)NCCn3cccn3)cnc21
m_fe9649,CN(C)C(CNc1cc(N2CCOCC2)ncn1)c1ccc(F)cc1;CN(C)C(=O)Cn1cccc(C(=O)N2CCCC(C3CCC3)C2)c1=O;COc1ccc(C(=O)N(C)C)cc1NC(=O)N1CCCC1C1CCC1;CN(C)C(CNC(=O)NC1CC1c1ccc(F)cc1)c1cnn(C)c1;CN(C)C(CNC(=O)NC1CC1c1cccc(F)c1)c1cnn(C)c1;COc1cc(CNc2nnc(CC3CCCC3)o2)ccc1OC(C)C;CN(C)CCN1CCN(C(=O)c2ccc(-c3ccc(F)cc3)o2)CC1;Fc1cccc(-c2nc(CN3CCC(CN4CCOCC4)C3)co2)c1;CN(C)Cc1ccc(CNC(=O)N(C)Cc2ccc(O)cc2)cc1F;CCNC(=O)CCCC(=O)Nc1ccc(C(=O)NC2CCCC2)cc1;O=C(NC1CC(O)C12CCOCC2)c1cccc(OC2CCCC2)c1;Cc1c(C(=O)N2CCOC(c3cccc(F)c3)C2)cnn1CC(C)C;COc1ccc(C2(C(=O)N3CC(O)C(CO)C3)CC3(CCC3)C2)cc1;Cn1cncc1CCC(=O)N1Cc2ccccc2CC1c1ccccc1;Cc1cc(C)cc(OCCNC(=O)NC2CCC(=O)NC23CCC3)c1;CCC(CC)n1nc(C)cc1C(=O)NC1CCOc2c(F)cccc21;CCC(CC)n1nc(C)cc1C(=O)NC1CCOc2ccc(F)cc21;Cc1ccc(C(C)NC(=O)N2CCC(c3nncn3C)CC2)cc1F;CC1CC1N1CC(NC(=O)NC2(c3cccc(F)c3)CCC2)CC1=O;O=C(NCCOC1CCCC1)N1CC2CC(C1)c1cccc(=O)n1C2;CCC(C(=O)Nc1ccc(NCc2ccccn2)cc1)c1ccccc1;O=C(c1cccc(Cn2ccnc2)c1)N1CCCC1Cc1ccccc1;O=C(Cc1ccc(-n2cccn2)cc1)NCc1ccc(C2CCC2)cc1;COC(=O)C(C)(CNC(=O)N1CCN2CCC1CC2)c1ccccc1;O=C(Cc1cccc(F)c1)NCCNC(=O)N1CC2CC=CCC2C1
m_fea652,CC1Cc2ccccc2N1Cc1occc1C(=O)N1CCNC(=O)C1;CC(C)N(C)S(=O)(=O)NCc1ccc(CN2CCCC2=O)cc1;Cc1oc(C#N)cc1C(=O)NCC1CC(O)CN1Cc1ccccc1;NC(=O)c1ccccc1OCc1cccc(C(=O)N2CCC(N)C2)c1;O=C(CCCc1c[nH]c2ccccc12)NCC(=O)NCc1ccco1;COc1ccccc1CC(=O)NC1CC(=O)N(C)C1c1cccnc1;Cc1onc(C2CC2)c1C(=O)NC(C)C(=O)N1CCc2ccccc21;COc1ccc(CC(=O)NC2CC(=O)N(C)C2c2cccnc2)cc1;Cc1cc(C)n(CC(=O)N(C2CCCC2)C2CCS(=O)(=O)C2)n1;COc1cc(-c2noc(CN3CCCc4occc4C3)n2)ccc1C;Cc1ccoc1C(=O)NCC1CC(=O)N(C2CC2)C1c1cccnc1;CCC1C(=O)NCCCN1S(=O)(=O)c1ccc(C)c(N(C)C)c1;Cc1cccc(CCNC(=O)N2CCC(CS(N)(=O)=O)CC2)c1;Cc1ccnc(O)c1C(=O)NC1CCCN(Cc2ccccc2)C1=O;CCCOc1c(Cl)cc(CN2CC(C3CCOC3)C2)cc1OC;CC1CC(NC(=O)c2onc3c2CCCC3)C(=O)N1c1ccccc1;CCOc1cccc(NC(=O)C2CC(=O)N(C)C2c2cccnc2)c1;O=C(O)C1CN(C(=O)c2n[nH]c3c2CCCC3)CC1c1ccccc1;Cc1cc(-c2ccc(OCCC(C)C)cc2)nc2cc(C(=O)O)nn12;CCc1ccccc1N1CC(C(=O)Nc2cnccc2OC)CC1=O;O=C(C1CCOC1c1cccnc1)N1CCC(Oc2ccccn2)C1;CC(C)CC(=O)Nc1cccc(S(=O)(=O)N2CCN(C)CC2)c1;COc1ccc(C2OCCC2NCc2ccc(C#N)c(OC)c2)cn1;Cc1ccc(OC2CCCN(S(=O)(=O)C3CCCCC3)C2)nn1;CC1(C)COC(c2ccccc2)CN1Cc1nnc(-c2ccco2)o1
m_feb5c1,O=C(Nc1ccc(-c2ccc(Cl)s2)nc1)N1CCC2CCC(O)C21;CCON=C(OC(=O)c1ccccc1)c1c(OC)ccc(Cl)c1OC;NC(=O)c1ccc2nc(-c3ccc(Oc4ccc(Cl)cc4)cc3)[nH]c2c1;CC(C)Sc1cccc(Cl)c1CNc1nnc(-c2cnn(C)c2)o1;Cc1ccc(C2CCN(C(=O)c3ccc(S(C)(=O)=O)s3)C2)c(C)c1;O=C(O)C12CCCC1CN(c1nnc(Cc3ccc(Cl)cc3)s1)C2;COc1ccc(C(NC(=O)c2cnn3c2CCCC3)C(=O)O)cc1Cl;CC1CN(C(C)C)CC1NC(=O)c1cc2ccc(Br)cc2[nH]1;COc1cccc(Cl)c1C(=O)Nc1ccc(OCCCC(=O)O)cc1;O=C(O)C(c1ccc(Cl)c(Cl)c1)N1CCC(c2ccccc2)CC1;CC(C)C(=O)Nc1nc(CC(=O)N2CCc3c(Cl)cccc32)cs1;Cc1noc2ncc(S(=O)(=O)N3CCOC(c4cnn(C)c4)C3)cc12;C[S+]([O-])c1cccc(C(=O)N2CCN(c3ccc(Cl)cn3)CC2)c1;O=S(=O)(Cc1ccc(F)cc1F)NCc1ccccc1-n1ccnc1;Cc1cc(NC(=O)c2ccccc2C(F)(F)F)n(-c2ccccc2F)n1;CC(c1cc(Cl)cc(Cl)c1)N(C)c1ncc2c(=N)[nH]c(=N)nc-2[nH]1;CC(c1cc(Cl)cc(Cl)c1)N(C)c1ncc2c(N)nc(N)nc2n1;O=C(c1nn(-c2ccc(Cl)cc2)cc1O)N1CCOC2(CCOC2)C1;CC(C)c1ncc(Cl)c(C(=O)N2CC(Cc3ccccc3Cl)C2)n1;O=C(NCc1ccc(Cl)s1)N1CC2CC(C1)c1cccc(=O)n1C2;CC1CN(C2CC2)CC1NC(=O)N1Cc2ccc(Br)cc2C1;Cc1nscc1C(=O)N1CCN(C(=O)Cc2cccc(Cl)c2)CC1;O=C(Cc1csc(N2CCCC2=O)n1)NCCc1ccc(Cl)cc1;CCN(CC)S(=O)(=O)c1ccc(-c2cn3cc(Cl)ccc3n2)cc1;Cc1cc(C)n(-c2ccccc2NS(=O)(=O)c2c(F)cccc2F)n1
m_ff32bb,O=C(Nc1cnn(-c2ncccn2)c1)c1ccc(F)cc1;O=C(Nc1nonc1-c1ccccc1)c1ccc(F)cc1;O=C(O)CC1CCCN(S(=O)(=O)c2ccccc2)C1;CCCn1nc(-c2nc(-c3ccccn3)no2)ccc1=O;O=C(Nc1nonc1-c1ccccc1)c1cccc(F)c1;COc1ccccc1S(=O)(=O)NC(=O)C1CC1(C)C;COc1cc(C(=O)NC2CCOC2C(=O)O)ccc1F;O=C(Nc1ccc(-n2cncn2)nc1)c1ccc(F)cc1;O=C(NCCc1ccc(C(F)(F)F)cc1)c1ccoc1;O=C(O)c1ccc(C(=O)N2CC3(CC3)c3ccccc32)o1;CS(=O)(=O)NCCc1ccn(-c2ccc(F)cc2)n1;CN1CCOC(CNC(=O)c2cc(C(N)=O)cs2)C1;O=C(O)C1(C(=O)NC2COc3cc(F)cc(F)c32)CC1;CC(O)C(NC(Cc1ccc(O)cc1)C(=O)O)C(=O)O;COC(=O)CC(NC(=O)c1ccc(F)cc1F)C1CC1;O=c1[nH]ncc(N2CCC(OCC3CC3)CC2)c1Cl;CC1CCCCN1S(=O)(=O)c1ccccc1C(=O)O;CC(C)n1nccc1NS(=O)(=O)c1cccc(F)c1;Cc1ccc(S(=O)(=O)N2CCCCC2)cc1C(=O)O;Cc1ccc(C(=O)NC2CCOC2)cc1S(C)(=O)=O;CNC(=O)Cc1noc(-c2ccc(OC(F)F)cc2)n1;CC(C)c1ccc(C(=O)N=C(N)N)cc1S(C)(=O)=O;Nc1nc2c([nH]c(=O)n2C2CC(O)C(CO)O2)c(=O)[nH]1;Cc1ccc(-n2c(-c3ccc(O)cc3O)n[nH]c2=O)cc1;N#CCc1ccc(NC(=O)CSc2ccccn2)cc1
m_ff4ed5,CCc1ccc(C(CO)NC(=O)c2ncccc2Br)cc1;CC(C)OCc1cccc(NC(=O)c2ncccc2Br)c1;CC(C)c1ccc(OC(C(=O)O)c2ccccc2)c(Br)c1;Cn1cc(NC(=O)CCCc2ccccc2)cc(Br)c1=O;Cn1cc(NC(=O)C(C)(C)c2ccccc2)cc(Br)c1=O;NCC1CCN(C(=O)c2[nH]nc(-c3ccccc3)c2Br)C1;Cc1cc(=O)c(C(=O)NC(C)(C)c2ccccc2Br)c[nH]1;CC1CNCCN1C(=O)c1[nH]nc(-c2ccccc2)c1Br;N#CC1(C(=O)NC2CCOc3c(Br)cccc32)CCCC1;COc1cc(CNC(=O)NCCCF)cc(Br)c1OC;Cc1ccc(NC(=O)c2c(O)c3sccc3n(C)c2=O)c(Cl)c1;CSc1ccc(NS(=O)(=O)c2cccc(-n3cnnn3)c2)cn1;COC(=O)C(C)Sc1ncnc2c1cnn2-c1ccc(Cl)cc1;CCc1nnc(NC(=O)c2c(-c3ccccc3Cl)noc2C)s1;Cn1c(=O)oc2cc(S(=O)(=O)Nc3ccccc3C(=O)O)ccc21;O=C1CN2CCOC2(c2ccccc2Cl)c2cc(Cl)ccc2N1;Cc1cc(O)c(C=O)c2c1C(=O)Oc1c(C)c(O)c(Cl)c(C)c1O2;CC(C(=O)NC1(c2ccccc2Br)CCC1)n1cncn1;CC(C(=O)N1CCCC1c1cccc(Br)c1)n1cncn1;Cc1csc(C(C)NC(=O)c2ccc(-n3cnnn3)cc2Cl)n1;Cc1c(C(=O)NC2CC(c3ccc(Br)cc3)C2)nnn1C;Cc1cc(-c2csc(Nc3ccc(S(C)(=O)=O)cc3)n2)c(C)o1;COC(=O)c1sc2cccc(F)c2c1CNC(=O)Cc1ccon1;CCn1cc(C(=O)N2CC(Cc3ccccc3Br)C2)nn1;Cc1n[nH]c(CC(=O)N2CC(Cc3ccc(Br)cc3)C2)n1
m_ff5db9,Cc1n[nH]c(C2OCCC2NS(=O)(=O)c2ccc(F)cc2F)n1;O=S(=O)(NCC1CCC(c2ncn[nH]2)O1)c1ccc(F)cc1F;O=S(=O)(NCC1CCC(c2ncn[nH]2)O1)c1cccc(F)c1F;Cc1cc(C(=O)Nc2nc3cc4c(cc3s2)OCCCO4)n(C)n1;O=C(CNC(=O)c1ccc(F)c(F)c1)Nc1cnn(CC(F)F)c1;CNC(C)Cc1noc(-c2cnc(-c3ccc4c(c3)OCO4)s2)n1;Cc1ccc([N+](=O)[O-])c(C)c1NCc1cc(=O)n2c(C)csc2n1;CN(CC(=O)Nc1ccc(Cl)c(C(F)(F)F)c1)c1ncccn1;O=C(NCCc1cc(Br)ccc1F)NC1CCCOC1;O=C(NCCc1csc(-c2ccccc2)n1)c1cccc(F)c1F;CC(C)(C)C(NS(=O)(=O)Cc1ccon1)c1ccc(F)cc1F;O=C(NCCOc1ccc(F)c(F)c1)c1cc2ccccc2c(=O)[nH]1;Cc1ccc(Cl)c(NC(=O)CCCS(=O)(=O)N2CCCC2)c1;O=C(C1CC1)N1CCC(NS(=O)(=O)c2cccc(F)c2F)CC1;O=C(O)CC(NC(=O)c1ccc2c(c1)CCC(=O)N2)c1cccs1;CC1CC(N)CCN1C(=O)COc1ccc(Br)cc1F;COc1ccc(Cc2nnc(NC(=O)NCc3ccco3)s2)cc1;NCC1CCN(C(=O)COc2ccc(Br)cc2F)CC1;O=C(Cc1csc(-c2ccsc2)n1)NC1CCc2nccn2C1;Cc1cc(C(=O)NCC(O)COc2ccc(C(F)(F)F)cc2)no1;COC1CN(S(=O)(=O)c2cccc(F)c2F)CC1c1c[nH]nn1;CCN1C=C(C(=O)OCc2cc(F)cc(F)c2)C(C)=NS1(=O)=O;O=S(=O)(Cc1cc(Cl)ccc1F)NC1CCCn2ncnc21;COc1cccc(CCC(=O)Nc2c(OC(F)F)noc2C)c1F;CCOc1ccc(S(=O)(=O)Nc2cccnc2-n2cccn2)cc1
m_ff7740,CN(Cc1ccc(F)cc1Cl)C(=O)C1CS(=O)(=O)CC(=O)N1;Cc1cnc(CCNS(=O)(=O)Cc2cc(Cl)ccc2F)s1;Cc1nc(C)c(S(=O)(=O)N(C)Cc2ccc(F)cc2Cl)s1;Cc1ccc(NC(=O)c2c(O)c3sccc3n(C)c2=O)c(Cl)c1;O=C(Cc1ccccc1Br)N1CCCC1Cn1ccnn1;Cc1noc(C2CC2)c1NS(=O)(=O)c1c(Cl)ccc(F)c1F;Cc1cc(F)c(Br)cc1S(=O)(=O)N(C)C(C)CC#N;O=C(Cc1ccon1)Nc1cc(C(F)(F)F)ccc1Br;Cc1[nH]ccc1C(=O)N1CCOC(c2cccc(Br)c2)C1;O=C(NCc1ccc(O)nc1)C1Cc2cc(Br)ccc2O1;O=c1c2ccc(Cl)cc2ncn1CC(O)COc1ccc(F)cc1;CCN(CC(F)F)C(=O)c1cnnn1-c1cccc(Cl)c1Cl;Cc1cnc(NC(=O)c2ccc(COc3ccccc3Cl)o2)s1;COC1(c2nnc(-c3ccc(C(F)(F)F)cc3Cl)o2)CCOC1;Cc1cc(S(=O)(=O)N2CCCC(CC(N)=O)C2)c(Cl)cc1F;Cc1cc(Br)cc(C(=O)N2CCC(n3cncn3)CC2)c1;O=c1nc(C2CCN(S(=O)(=O)c3sccc3Cl)CC2)[nH][nH]1;Cc1ccccc1-c1noc(CS(=O)(=O)c2ccc(Cl)cc2)n1;Cc1cnc(CCNS(=O)(=O)Cc2ccc(F)c(Cl)c2)s1;O=C1NCC(O)CC12CN(S(=O)(=O)c1ccc(F)c(Cl)c1)C2;Clc1ccc(C2CN(c3ncnc4[nH]ccc34)CCO2)cc1Cl;NS(=O)(=O)c1cccc(S(=O)(=O)Nc2ccc(F)cc2F)c1;COc1ccc(-c2coc3cc(O)ccc3c2=O)cc1S(=O)(=O)O;Cc1ccc(S(=O)(=O)NC(C)(C)CC(N)=O)c(Br)c1;O=C(Nc1ccc(Cl)c(C(F)(F)F)c1)Nc1ccc(O)cc1F
m_ff926d,CN(Cc1cccc2c1OC(C)(C)C2)Cc1ncnn1C;CCn1nnc(C)c1CN1CCOC(c2ccccc2)C1;Cc1cc(C)cc(CC(C)N2C(=O)NC3(CCC3)C2=O)c1;CCn1c(C2CCCN2C(=O)C(C)N)nc2ccccc21;CCOc1ccc(C2CCCN2CCn2cncn2)cc1;CCC1CN(C)c2ccccc2CN1Cc1nnc(C)o1;N#CCCCOc1cccc(CN2CC(O)C3(CC3)C2)c1;OCC1CCN(c2ccccc2NCc2ccco2)CC1;COc1ccc2c(c1)CCCC2CNC(=O)C(C)(C)C#N;CC(C)CC1C(=O)NCCN1Cc1cnc2ccccn12;CCc1ccccc1CN1CC(OC)CC1c1ncn[nH]1;NC1CCC2(CC1)CC2C(=O)N1CCCC(F)(F)CC1;COc1ccc(C2CCN(CCn3cncn3)CC2)cc1;O=C(C1C2CC3CC(C2)CC1C3)N1CCn2nncc2C1;COC1CC(c2ncc[nH]2)N(Cc2cc(C)cc(C)n2)C1;Cc1cnn(C(C)C(C)NC(C(N)=O)c2ccccc2)c1;CC(=O)N1CC(C)CN(C(=O)C2CCC2)c2ccccc21;COc1ccc(CN(CCN(C)C)c2ncccn2)cc1;O=C1NCCCC1N1Cc2ccccc2OC2(CCC2)C1;CCn1cc(C(=O)NC2(CO)CCCC2)c2ccccc21;COCC(Nc1cccc(-c2nc(C)c(C)o2)c1)C1CC1;CCCC1CN(c2ncnc3c2ncn3C2CC2)CCN1;Cc1nnc(CN(C)C2CCCN(c3ccccc3)C2)o1;CC(C)(C)C(=O)N1CCN(c2cccc3[nH]ncc23)CC1;CC(C)C1OCCC1c1nc(CCc2ccccc2)no1
